episode,catalogue,cls,law,cells,marginal,params,mix_components,cg_tail_index,gig_order,gig_omega
0,10,0,poisson,10,4993.283511157056,[1.5313699596846926],,,,
0,10,0,gamma,10,5160.523195738254,"[3.034106245011941, 1.6588523794631624]",,,,
0,10,0,gammamix,10,5164.629738593572,"[0.5319560432476562, 6.907755278982137, 5.35723080487996, 5.863070617365426, 3.816665074263236]",2.0,,,
0,10,0,lognormal,10,5160.411416383442,"[1.350216664423151, -1.5003857363342963]",,,,
0,10,0,compoundgamma,10,5160.5226798470885,"[3.036052281629778, 9.21024036697585, 7.549442084179096]",,10000.0,,
0,10,0,logskewnormal,10,5160.411416383976,"[1.350214272808521, -1.500384628035351, -4.256199897426764e-07]",,,,
0,10,0,gig,10,5160.523195738264,"[20.782416123719994, -7.729779773957353, -10.081780271767913]",,,20.782416123719994,0.00043954090479791393
0,10,1,poisson,10,176.8633907354985,[1.1941420315428082],,,,
0,10,1,gamma,10,179.29229691099272,"[3.472418086074473, 2.2497838015973946]",,,,
0,10,1,gammamix,10,179.29229691099272,"[3.472418086074473, 2.2497838015973946]",1.0,,,
0,10,1,lognormal,10,179.41377691661458,"[1.2078122137347151, -1.723857962102755]",,,,
0,10,1,compoundgamma,10,179.52095753284718,"[9.210340371976184, 3.4310356688061576, -4.554699642314249]",,31.90863729042586,,
0,10,1,logskewnormal,10,179.41377691661458,"[1.2078122137347151, -1.723857962102755, 0.0]",,,,
0,10,1,gig,10,179.52158123359754,"[-31.820829487581047, -9.587942387817971, 14.933883759112463]",,,-31.820829487581047,6.855032658243641e-05
0,10,2,poisson,10,322.99343005541783,[1.6395909506047879],,,,
0,10,2,gamma,10,423.9790760251881,"[1.0309216242696155, -0.5500582361041652]",,,,
0,10,2,gammamix,10,428.5469479365201,"[-0.5783094249058057, 6.907755278982137, 0.9990781416034374, 5.798280068904241, -1.0841911806719218]",2.0,,,
0,10,2,lognormal,10,425.52150080354016,"[1.390633314669708, -0.6101443570426592]",,,,
0,10,2,compoundgamma,10,426.597032527912,"[9.210340371976184, 1.282489068800971, -6.404500096583118]",,4.605603159973272,,
0,10,2,logskewnormal,10,425.5215008035402,"[1.3906333797997965, -0.6101442645318178, -1.2072255092525795e-07]",,,,
0,10,2,gig,10,426.59772334829466,"[-4.60117387430924, -13.543740934964124, 17.041678304286737]",,,-4.60117387430924,1.3122846462848639e-06
0,10,3,poisson,10,363.20607711007074,[1.4842747694800944],,,,
0,10,3,gamma,10,381.2639088470747,"[2.426575248593891, 1.0069552033006317]",,,,
0,10,3,gammamix,10,381.2639088470747,"[2.426575248593891, 1.0069552033006317]",1.0,,,
0,10,3,lognormal,10,381.175649322245,"[1.3757914191744822, -1.2014273530856716]",,,,
0,10,3,compoundgamma,10,381.2636888223045,"[2.4276127916430155, 9.21024036697585, 8.202250904599005]",,10000.0,,
0,10,3,logskewnormal,10,381.1756493222797,"[1.3757922507461415, -1.2014273172851315, 1.9955677254212227e-07]",,,,
0,10,3,gig,10,381.26399786334946,"[10.93635162505728, 0.9994208954032688, -0.6827219537628821]",,,10.93635162505728,2.7167081146733976
0,20,0,poisson,20,6698.926134918647,[1.5513973277569055],,,,
0,20,0,gamma,20,7306.308337214924,"[1.064991465943326, -0.563538250511317]",,,,
0,20,0,gammamix,20,7314.119541125831,"[-1.9291096476732137, 2.5695029119325614, 1.052835209854671, 1.2262070158203506, -1.5817766468718124]",2.0,,,
0,20,0,lognormal,20,7309.864800443556,"[1.4467123366333212, -0.6513865923904015]",,,,
0,20,0,compoundgamma,20,7312.026762415873,"[9.210340371976184, 1.3681171761882165, -6.272817993855647]",,4.927948094556824,,
0,20,0,logskewnormal,20,7312.567564848978,"[0.9275403547377551, -0.3452732353092466, 2.8884290488285256]",,,,
0,20,0,gig,20,7312.02809173726,"[-4.925354598944422, -12.080883886194497, 15.710946292805863]",,,-4.925354598944422,5.666811828022045e-06
0,20,1,poisson,20,440.3080388447321,[1.2977065847496496],,,,
0,20,1,gamma,20,489.30849663851103,"[2.4590721177808454, 1.140622682951327]",,,,
0,20,1,gammamix,20,489.30849663851103,"[2.4590721177808454, 1.140622682951327]",1.0,,,
0,20,1,lognormal,20,489.84661117105577,"[1.274171563434248, -1.245240182534854]",,,,
0,20,1,compoundgamma,20,490.2525213803144,"[9.210340371976184, 2.495122210139952, -5.400785569224952]",,13.123215007863871,,
0,20,1,logskewnormal,20,489.84661117105577,"[1.274171563434248, -1.245240182534854, 0.0]",,,,
0,20,1,gig,20,490.2534736190252,"[-13.11016630696426, -10.738020541709464, 15.239640210746584]",,,-13.11016630696426,2.1703857641720966e-05
0,20,2,poisson,20,369.56091353677056,[1.3751887447073812],,,,
0,20,2,gamma,20,490.07357923399564,"[1.4902885239390629, 0.08596861277364609]",,,,
0,20,2,gammamix,20,501.40445341135586,"[-1.5136844766277526, 6.770449723016587, 1.006067383561896, 5.622854799438959, -1.0747110260663073]",2.0,,,
0,20,2,lognormal,20,493.518416881929,"[1.2850767496161803, -0.8774632570710067]",,,,
0,20,2,compoundgamma,20,495.89816818047444,"[9.210340371976184, 1.9231514496585247, -5.93112513674354]",,7.842488283774006,,
0,20,2,logskewnormal,20,497.2705107862041,"[0.9030027350093718, -0.6198678155127978, 3.455897544364322]",,,,
0,20,2,gig,20,495.90059824984235,"[-7.840923392369948, -13.343623527986669, 17.315728731629285]",,,-7.840923392369948,1.60301628071203e-06
0,20,3,poisson,20,430.52850110605357,[1.3809986735451802],,,,
0,20,3,gamma,20,456.0249999983365,"[2.591409606534763, 1.2847529926493408]",,,,
0,20,3,gammamix,20,456.0249999983365,"[2.591409606534763, 1.2847529926493408]",1.0,,,
0,20,3,lognormal,20,456.1521883485796,"[1.2693672616331915, -1.302541606962227]",,,,
0,20,3,compoundgamma,20,456.19499139155386,"[9.210340371976184, 2.6027516619526994, -5.30043993456779]",,14.500836708790137,,
0,20,3,logskewnormal,20,456.1521883485783,"[1.269367211488366, -1.3025414799928612, -6.969359756734988e-08]",,,,
0,20,3,gig,20,456.2056710915024,"[-9.019157704703769, 2.3405024191600705, 2.0321700546290877]",,,-9.019157704703769,10.386453605347528
0,40,0,poisson,40,13166.875877318691,[1.5828372306369214],,,,
0,40,0,gamma,40,14995.0569979708,"[1.3197543439065555, -0.28943538177677924]",,,,
0,40,0,gammamix,40,15012.33025427618,"[0.5573866855800754, -0.8278250396900948, 6.907755278982137, 3.5331257932295648, 1.358703912646995, 5.883066272016431, 2.009271548804325, -1.0899706244372853]",3.0,,,
0,40,0,lognormal,40,15000.479402794692,"[1.4697522337917162, -0.7505625948004472]",,,,
0,40,0,compoundgamma,40,15003.72409394017,"[9.210340371976184, 1.5384960307847277, -6.098015109684489]",,5.657580143647923,,
0,40,0,logskewnormal,40,15006.041407877961,"[0.9343450443825002, -0.360710613103285, 5.2654439394778665]",,,,
0,40,0,gig,40,15003.72647687928,"[-5.655904408668022, -11.99617963196684, 15.801278252493505]",,,-5.655904408668022,6.167730400986318e-06
0,40,1,poisson,40,774.7575098386949,[1.2423389145569892],,,,
0,40,1,gamma,40,856.783021249204,"[2.7837303244170526, 1.503902878124932]",,,,
0,40,1,gammamix,40,863.2002698575122,"[-1.0734944303338922, 5.809526230348101, 3.989575963936055, 4.69834505005058, 2.3453012549572927]",2.0,,,
0,40,1,lognormal,40,857.6872266359487,"[1.2474895542844007, -1.4069936400777436]",,,,
0,40,1,compoundgamma,40,858.3893319303882,"[9.210340371976184, 2.8285827261818657, -5.1056836464994895]",,17.921461477418557,,
0,40,1,logskewnormal,40,859.5848223772606,"[0.9856671297166901, -1.0582641656636782, 2.759772972963297]",,,,
0,40,1,gig,40,858.3915352693507,"[-17.896456785011353, -10.583399009060116, 15.379717382565309]",,,-17.896456785011353,2.5333092599054207e-05
0,40,2,poisson,40,640.8170728454884,[1.332719144779589],,,,
0,40,2,gamma,40,832.1293254778636,"[1.5986400047876212, 0.2107798761185349]",,,,
0,40,2,gammamix,40,852.526275741255,"[-2.9444389790556285, 3.395154274560991, 5.23482968660378, 2.1670485765689387, 2.521669662490335]",2.0,,,
0,40,2,lognormal,40,837.8862389598316,"[1.281264020005361, -0.9077766006736914]",,,,
0,40,2,compoundgamma,40,841.8263406153515,"[9.210340371976184, 1.9473149016928883, -5.9124677063484326]",,8.009840178353112,,
0,40,2,logskewnormal,40,845.0439680678182,"[0.8852334977787246, -0.6032171547325671, 5.002249375998922]",,,,
0,40,2,gig,40,841.8305139234894,"[-8.007640535466763, -13.336925881952272, 17.327607816106973]",,,-8.007640535466763,1.6137887511749776e-06
0,40,3,poisson,40,634.5433560903941,[1.3050689211973048],,,,
0,40,3,gamma,40,674.1997416574955,"[2.9465983795481967, 1.6644471486278736]",,,,
0,40,3,gammamix,40,674.1997416574955,"[2.9465983795481967, 1.6644471486278736]",1.0,,,
0,40,3,lognormal,40,674.4534203603694,"[1.255052414129946, -1.4788527809178402]",,,,
0,40,3,compoundgamma,40,674.5741189893363,"[9.210204792700397, 2.9595790151027916, -4.9702213740211025]",,20.2898493106802,,
0,40,3,logskewnormal,40,674.453420360314,"[1.255050103684829, -1.478854380945474, 1.156069057155445e-05]",,,,
0,40,3,gig,40,674.5744322143414,"[-20.25296025398972, -8.308686179316677, 13.239900262020369]",,,-20.25296025398972,0.00024636751355966506
0,100,0,poisson,100,28159.91602484935,[1.3619293878908727],,,,
0,100,0,gamma,100,34233.60966392246,"[1.2955879851557062, -0.3063258805924022]",,,,
0,100,0,gammamix,100,34268.98035502961,"[0.3977334307061856, -1.3821156775995325, 6.426397553676374, 2.3604757656693542, 1.1040593404759742, 5.3357435826623085, 0.7501330225279292, -1.4411183715910902]",3.0,,,
0,100,0,lognormal,100,34247.19406700783,"[1.4589692521399058, -0.7398687641791948]",,,,
0,100,0,compoundgamma,100,34255.03816300371,"[9.193536908496414, 1.5125761037923793, -6.115220269945201]",,5.538407155983023,,
0,100,0,logskewnormal,100,34263.908274904905,"[0.9285914553317401, -0.35103299548679645, 9.911343967652682]",,,,
0,100,0,gig,100,34255.043993595405,"[-5.5368481480518765, -12.017498417383662, 15.788587102897528]",,,-5.5368481480518765,6.0376335606488825e-06
0,100,1,poisson,100,2291.620600956581,[1.2464903303169388],,,,
0,100,1,gamma,100,2677.7028511081025,"[2.4655005797786544, 1.149837523083283]",,,,
0,100,1,gammamix,100,2688.7513377309347,"[-0.5424934675690525, 5.646271499950648, 3.368449298477385, 4.564668013992609, 1.7502560311355606]",2.0,,,
0,100,1,lognormal,100,2679.5765595652597,"[1.2718005140670896, -1.2472253320480315]",,,,
0,100,1,compoundgamma,100,2680.829573052959,"[9.210340371976184, 2.499400451430035, -5.398874766038698]",,13.175192152983643,,
0,100,1,logskewnormal,100,2683.762461375921,"[0.9357204083294048, -0.8429434873238447, 4.734561060455285]",,,,
0,100,1,gig,100,2680.8324044419232,"[-13.161366664868895, -10.744045051955226, 15.24751855979011]",,,-13.161366664868895,2.157349560698043e-05
0,100,2,poisson,100,1462.4382030738113,[1.2671120005614267],,,,
0,100,2,gamma,100,1778.382154990274,"[1.7285236146967065, 0.4133453655908625]",,,,
0,100,2,gammamix,100,1817.9506579221363,"[-2.3633844709126466, 3.7575578019206106, 1.6365032030956947, 2.601478579200161, -0.6357980926616621]",2.0,,,
0,100,2,lognormal,100,1790.4319163536634,"[1.2225624060534153, -0.9521932258776692]",,,,
0,100,2,compoundgamma,100,1798.6091702322321,"[9.210340371976184, 2.011698652727242, -5.910245539305515]",,8.476005705191405,,
0,100,2,logskewnormal,100,1805.6332915017026,"[0.8312720170028088, -0.6200873311019975, 6.463398894120191]",,,,
0,100,2,gig,100,1798.618342942981,"[-8.473066177733745, -13.334145037965571, 17.32697422807709]",,,-8.473066177733745,1.6182826914969432e-06
0,100,3,poisson,100,1493.9956075166926,[1.2453194757827082],,,,
0,100,3,gamma,100,1584.7810010230255,"[2.97337148214182, 1.7161788259246182]",,,,
0,100,3,gammamix,100,1584.7810010230255,"[2.97337148214182, 1.7161788259246182]",1.0,,,
0,100,3,lognormal,100,1585.5682005571232,"[1.2317093569839286, -1.4946620132083095]",,,,
0,100,3,compoundgamma,100,1586.0614417308147,"[9.210340371976184, 2.999901865632999, -4.9535446954775955]",,21.083565938448086,,
0,100,3,logskewnormal,100,1585.5682005571066,"[1.2317089140134632, -1.4946614246900107, 2.3043769819537207e-06]",,,,
0,100,3,gig,100,1586.0629666979796,"[-21.04503409982531, -9.785509609151308, 14.733532208406837]",,,-21.04503409982531,5.626096462823522e-05
0,400,0,poisson,400,150576.31484416453,[1.4736563936186766],,,,
0,400,0,gamma,400,257021.18788370508,"[0.0829854058332737, -1.984071064795564]",,,,
0,400,0,gammamix,400,257373.58563541214,"[0.2052180115503619, -0.21625715570819537, -1.8214503820033014, 6.141439218164869, 3.2613856064031745, 1.984177906164542, -0.35504345489733896, 5.078399938844181, 1.8006548867772203, -0.03137066561192832, -4.5775040590448715]",4.0,,,
0,400,0,lognormal,400,257234.0048685995,"[1.5416642118521278, -0.43176007344007405]",,,,
0,400,0,compoundgamma,400,257304.11415791744,"[9.12325964192947, 1.0098539910530788, -6.398915649590302]",,3.745200161968826,,
0,400,0,logskewnormal,400,257336.40381066897,"[0.8956781988417228, -0.09324824647986116, 22.564100872622426]",,,,
0,400,0,gig,400,257304.14069667738,"[-3.744864417221739, -13.293939563697432, 16.71128319989827]",,,-3.744864417221739,1.6846721822220525e-06
0,400,1,poisson,356,11043.946699079836,[1.3756700013293366],,,,
0,400,1,gamma,356,12874.435254828,"[2.4367051832878386, 1.108722828102358]",,,,
0,400,1,gammamix,356,12894.957890556949,"[0.36977326093029794, 6.907755278982137, 2.6599689252834526, 5.862450117985212, 1.180952105217226]",2.0,,,
0,400,1,lognormal,356,12880.210632419188,"[1.2829644351461904, -1.229847184559443]",,,,
0,400,1,compoundgamma,356,12883.565184277337,"[9.210340371976184, 2.457276130024828, -5.428096294018215]",,12.672972537599069,,
0,400,1,logskewnormal,356,12889.114460226381,"[0.9265113477444884, -0.7952109286762976, 5.273280792303799]",,,,
0,400,1,gig,356,12883.571805907586,"[-12.649646053841883, -10.76651039845331, 15.239945169503669]",,,-12.649646053841883,2.1094242997034714e-05
0,400,2,poisson,400,8378.064008204532,[1.2792222632296129],,,,
0,400,2,gamma,400,11887.915905171187,"[1.5022958986781385, 0.13852247111487107]",,,,
0,400,2,gammamix,400,12028.69907246798,"[-1.8440313036220595, 3.615560526706215, 1.2988713897230872, 2.457754045922301, -0.8543024123162164]",2.0,,,
0,400,2,lognormal,400,11935.297960865493,"[1.2486453671690187, -0.8416254877096006]",,,,
0,400,2,compoundgamma,400,11965.21920983594,"[9.210340371976184, 1.7714349795819655, -6.105674274781869]",,6.879283963509189,,
0,400,2,logskewnormal,400,11988.001231820723,"[0.8045800783160992, -0.4975358299311854, 9.956330721870591]",,,,
0,400,2,gig,400,11965.245507660657,"[-6.877226414624599, -13.47653906617607, 17.273986902428813]",,,-6.877226414624599,1.4035033332721135e-06
0,400,3,poisson,400,7419.714001755278,[1.180401030945447],,,,
0,400,3,gamma,400,7935.727725584984,"[2.991639341337735, 1.7540550253447194]",,,,
0,400,3,gammamix,400,7952.379058098373,"[0.04562803922091252, 5.710300582839321, 2.777035169588998, 4.607478830347425, 1.4280797641384493]",2.0,,,
0,400,3,lognormal,400,7940.7289647153575,"[1.2128695490280959, -1.5042874560983706]",,,,
0,400,3,compoundgamma,400,7944.6087685225975,"[9.210340371976184, 3.023413471072212, -4.949150813041976]",,21.561357631598735,,
0,400,3,logskewnormal,400,7950.7746296894975,"[0.9629295461236873, -1.1110573912796102, 4.021404288213014]",,,,
0,400,3,gig,400,7944.62207052765,"[-21.523182171432396, -9.954532986471094, 14.907011346809751]",,,-21.523182171432396,4.7511774830694925e-05
1,10,0,poisson,10,674.6317685475839,[1.5307881735228828],,,,
1,10,0,gamma,10,854.0589330467126,"[1.5097873317980801, 0.1599890901736424]",,,,
1,10,0,gammamix,10,854.0589330467126,"[1.5097873317980801, 0.1599890901736424]",1.0,,,
1,10,0,lognormal,10,855.3180655991717,"[1.234438316448223, -0.8497736418217267]",,,,
1,10,0,compoundgamma,10,856.2534137981966,"[9.210340371976184, 1.8112467547728917, -6.084340499891212]",,7.118070412737484,,
1,10,0,logskewnormal,10,855.3180655991717,"[1.234438316448223, -0.8497736418217267, 0.0]",,,,
1,10,0,gig,10,856.2543769355245,"[-7.1166787647886185, -12.493754050626096, 16.312646719324363]",,,-7.1166787647886185,3.750002502585304e-06
1,10,1,poisson,10,236.4328938782675,[1.466337068793427],,,,
1,10,1,gamma,10,265.1052537992303,"[1.9968338601575109, 0.6463196584784405]",,,,
1,10,1,gammamix,10,265.1052537992303,"[1.9968338601575109, 0.6463196584784405]",1.0,,,
1,10,1,lognormal,10,265.07062135494687,"[1.2803594545255113, -0.9814821467571551]",,,,
1,10,1,compoundgamma,10,265.10513565055294,"[1.996675358733582, 8.849503859124859, 8.203340716363225]",,6971.929548909708,,
1,10,1,logskewnormal,10,265.0706213565204,"[1.2803592608918843, -0.9814974117065979, -9.821757500012748e-07]",,,,
1,10,1,gig,10,265.13891424773504,"[3.1354525100071253, 1.7958392056087251, 0.8113358848064215]",,,3.1354525100071253,6.02452841900429
1,10,2,poisson,10,114.72772463308772,[1.353008383486424],,,,
1,10,2,gamma,10,121.80702644171936,"[2.72908026617849, 1.400589555726835]",,,,
1,10,2,gammamix,10,121.80702644171936,"[2.72908026617849, 1.400589555726835]",1.0,,,
1,10,2,lognormal,10,122.12284108798643,"[1.2939345759303729, -1.3792073195503]",,,,
1,10,2,compoundgamma,10,122.38684578213895,"[9.210340371976184, 2.7834605811433883, -5.103269059539392]",,17.174898757052013,,
1,10,2,logskewnormal,10,122.12284108809362,"[1.2939340900102245, -1.3792112960324472, -1.413205645266354e-09]",,,,
1,10,2,gig,10,122.38761521384438,"[-17.15455148175014, -10.931269184911717, 15.73021946672259]",,,-17.15455148175014,1.7889990617268683e-05
1,10,3,poisson,10,805.4962673848431,[1.2727721867202313],,,,
1,10,3,gamma,10,808.2924722255954,"[4.458891359881484, 3.316017330765948]",,,,
1,10,3,gammamix,10,808.2924722255954,"[4.458891359881484, 3.316017330765948]",1.0,,,
1,10,3,lognormal,10,808.2845048640966,"[1.1365662774743526, -2.237057206659809]",,,,
1,10,3,compoundgamma,10,808.292161048442,"[4.476642021877748, 8.526318131449965, 5.192527328805572]",,5046.833496095406,,
1,10,3,logskewnormal,10,808.2845048641157,"[1.1365659278229294, -2.237057263470724, -2.9787479816651802e-08]",,,,
1,10,3,gig,10,808.2924722256512,"[86.39140825333763, -6.90843861261663, -10.917599656015707]",,,86.39140825333763,0.0009993168997847646
1,20,0,poisson,20,1689.270956980136,[1.5008215111118104],,,,
1,20,0,gamma,20,2002.557537290434,"[1.5353320878678525, -0.05831073089638368]",,,,
1,20,0,gammamix,20,2010.6197216893027,"[-1.0969908041203182, 3.685387853671157, 4.874395964392142, 2.4249569397911697, 2.650817753166021]",2.0,,,
1,20,0,lognormal,20,2003.4491025168243,"[1.482425185457438, -0.7812002876259901]",,,,
1,20,0,compoundgamma,20,2004.0602603130296,"[9.210340371976184, 1.505916060609613, -6.114026612834283]",,5.5082815984546825,,
1,20,0,logskewnormal,20,2003.4491025168934,"[1.4824254435387538, -0.7811983670472483, 9.428131946393846e-08]",,,,
1,20,0,gig,20,2004.0608831037127,"[-5.505528791458826, -12.518679370767266, 16.307574448410186]",,,-5.505528791458826,3.657687756308428e-06
1,20,1,poisson,20,756.519435916241,[1.488077055429833],,,,
1,20,1,gamma,20,808.8079229072803,"[2.276253271878897, 0.8807600011090122]",,,,
1,20,1,gammamix,20,808.8079229072803,"[2.276253271878897, 0.8807600011090122]",1.0,,,
1,20,1,lognormal,20,808.4488981351976,"[1.3427328127895772, -1.1128299264563994]",,,,
1,20,1,compoundgamma,20,808.8072118188971,"[2.2770575567252, 9.21024036697585, 8.328680029258006]",,10000.0,,
1,20,1,logskewnormal,20,808.448898135191,"[1.3427330250617342, -1.112830602302788, -6.894216241833893e-07]",,,,
1,20,1,gig,20,808.807922907293,"[9.74011711252431, -10.119289671501734, -11.693197185434421]",,,9.74011711252431,4.0294737869227616e-05
1,20,2,poisson,20,252.35566393362762,[1.282277029008532],,,,
1,20,2,gamma,20,261.71981958859203,"[2.8766236576690076, 1.6119195707880594]",,,,
1,20,2,gammamix,20,261.71981958859203,"[2.8766236576690076, 1.6119195707880594]",1.0,,,
1,20,2,lognormal,20,262.02834859831574,"[1.2369691294857885, -1.4500443832364083]",,,,
1,20,2,compoundgamma,20,262.25836586076923,"[9.210340371976184, 2.929219072422324, -5.016403483504647]",,19.71301128257022,,
1,20,2,logskewnormal,20,262.0283485983495,"[1.2369695959835936, -1.4500464721102475, -9.571779310601796e-07]",,,,
1,20,2,gig,20,262.2590198704985,"[-19.68286358940964, -10.678699883590145, 15.564172631491916]",,,-19.68286358940964,2.3030298483205805e-05
1,20,3,poisson,20,1005.2420098215132,[1.2840469086808457],,,,
1,20,3,gamma,20,1013.2224994862681,"[3.3066120314240535, 2.083932682740189]",,,,
1,20,3,gammamix,20,1013.2224994862681,"[3.3066120314240535, 2.083932682740189]",1.0,,,
1,20,3,lognormal,20,1013.4995742173205,"[1.2042026107096795, -1.644360311533324]",,,,
1,20,3,compoundgamma,20,1013.7470203831862,"[9.210340371976184, 3.276853624819604, -4.71018071602415]",,27.492286756175456,,
1,20,3,logskewnormal,20,1013.4995742178697,"[1.2042026386562001, -1.6443686186158557, -4.058036920568119e-06]",,,,
1,20,3,gig,20,1013.74822737666,"[-27.42934354902255, -9.354958640855028, 14.545890193458606]",,,-27.42934354902255,8.653525620734748e-05
1,40,0,poisson,40,4148.408706352042,[1.4490591801636763],,,,
1,40,0,gamma,40,4677.0221328697935,"[1.4011087291090356, -0.17268993467614913]",,,,
1,40,0,gammamix,40,4686.324180312271,"[-0.781267685858072, 3.3830949149773804, 1.732198651932833, 2.1550943165801266, -0.34750251248656205]",2.0,,,
1,40,0,lognormal,40,4680.294667024511,"[1.4469174451370135, -0.7405578286101758]",,,,
1,40,0,compoundgamma,40,4682.439361999205,"[9.210340371976184, 1.4607338680925765, -6.18916103470553]",,5.3091206944485805,,
1,40,0,logskewnormal,40,4684.502208889406,"[0.9236546640635497, -0.3686292039462982, 4.1403230486184155]",,,,
1,40,0,gig,40,4682.4410942162485,"[-5.307522499286096, -12.560837927327265, 16.274786917170296]",,,-5.307522499286096,3.5066902034767355e-06
1,40,1,poisson,40,952.9513280620408,[1.383481419743276],,,,
1,40,1,gamma,40,1051.7079782461742,"[2.2044706466665684, 0.8741453788595394]",,,,
1,40,1,gammamix,40,1051.7079782461742,"[2.2044706466665684, 0.8741453788595394]",1.0,,,
1,40,1,lognormal,40,1051.3595373449218,"[1.2747114180759218, -1.0873446911725204]",,,,
1,40,1,compoundgamma,40,1051.7073298496866,"[2.2052808096361716, 9.21024036697585, 8.33528748270322]",,10000.0,,
1,40,1,logskewnormal,40,1051.3595373448488,"[1.2747122937558253, -1.0873455748442167, -2.929199703490112e-06]",,,,
1,40,1,gig,40,1051.7103026886507,"[8.333577579523178, 1.1813952822189326, -0.34218217090741726]",,,8.333577579523178,3.258918142650709
1,40,2,poisson,40,501.9165132242657,[1.288789708414422],,,,
1,40,2,gamma,40,554.8446707763073,"[2.3016908739075492, 1.0069060220365171]",,,,
1,40,2,gammamix,40,564.0654051169784,"[-2.503698104529608, 3.918634389302867, 3.7550761952686798, 2.7228496618689024, 1.645112953857002]",2.0,,,
1,40,2,lognormal,40,557.0143841146026,"[1.243605386117767, -1.1852677714684083]",,,,
1,40,2,compoundgamma,40,558.5982579540221,"[9.210340371976184, 2.4194254303435834, -5.50289477657947]",,12.23939964130311,,
1,40,2,logskewnormal,40,559.6186372247355,"[0.9446932627864637, -0.8792610897929345, 2.4847130242498077]",,,,
1,40,2,gig,40,558.6010624361322,"[-12.230176140359706, -11.467794467812986, 15.867557886576941]",,,-12.230176140359706,1.0461648955602056e-05
1,40,3,poisson,40,1218.046556388912,[1.2124993992304454],,,,
1,40,3,gamma,40,1261.1383702806731,"[3.2486853904376756, 2.0226858322438734]",,,,
1,40,3,gammamix,40,1261.1383702806731,"[3.2486853904376756, 2.0226858322438734]",1.0,,,
1,40,3,lognormal,40,1261.581596658852,"[1.2066092986854153, -1.6175543324630963]",,,,
1,40,3,compoundgamma,40,1261.9631931469435,"[9.210340371976184, 3.2261246283821574, -4.757534003923849]",,26.181878492173446,,
1,40,3,logskewnormal,40,1261.581596658593,"[1.2066084871507803, -1.6175535260228602, -1.21864725600023e-07]",,,,
1,40,3,gig,40,1261.965049535989,"[-26.056957249527134, -9.397499922298778, 14.538529340872165]",,,-26.056957249527134,8.293114089264144e-05
1,100,0,poisson,100,26878.56482623387,[1.4149015146911053],,,,
1,100,0,gamma,100,35960.20346206021,"[1.0437458995624507, -0.6974333881816182]",,,,
1,100,0,gammamix,100,35987.89108746886,"[-0.43224252528865836, 3.4170771123967736, 1.2098348830391497, 2.1576198845723247, -0.9986687564437933]",2.0,,,
1,100,0,lognormal,100,35972.32689918393,"[1.5554270297901474, -0.5882409212904299]",,,,
1,100,0,compoundgamma,100,35979.49749322038,"[9.210340371976184, 1.1405684242593346, -6.3614051346907985]",,4.128546201412998,,
1,100,0,logskewnormal,100,35986.97225115788,"[0.9324160319415918, -0.19272068965706704, 7.980144606625737]",,,,
1,100,0,gig,100,35979.50168656634,"[-4.127707450960306, -12.679474567357078, 16.221275572340183]",,,-4.127707450960306,3.1143983596244237e-06
1,100,1,poisson,100,4438.127652560206,[1.510422961766556],,,,
1,100,1,gamma,100,4903.631025915297,"[2.331949312400454, 0.9908532553718006]",,,,
1,100,1,gammamix,100,4903.631025915297,"[2.331949312400454, 0.9908532553718006]",1.0,,,
1,100,1,lognormal,100,4903.948639020246,"[1.2912936347357917, -1.163745085577604]",,,,
1,100,1,compoundgamma,100,4903.829303028471,"[3.034952385014486, 3.0032502668391237, 1.30848053937379]",,21.150926486994653,,
1,100,1,logskewnormal,100,4903.948639020211,"[1.2912938158747238, -1.1637449071534713, 1.154304159378391e-07]",,,,
1,100,1,gig,100,4904.175729366289,"[-0.2618544148984389, 2.2822949133217465, 1.3166795192388714]",,,-0.2618544148984389,9.799142808413988
1,100,2,poisson,100,2375.3317552952713,[1.489254738474824],,,,
1,100,2,gamma,100,3189.9657363050337,"[1.304457665048829, -0.14541260939256778]",,,,
1,100,2,gammamix,100,3230.878793488614,"[-1.8450061612841575, 3.671472741027331, 1.5085995356043933, 2.47493627252752, -0.8418722330596524]",2.0,,,
1,100,2,lognormal,100,3203.2082107435303,"[1.3084601328716268, -0.7477328192588889]",,,,
1,100,2,compoundgamma,100,3211.4717259015106,"[9.210340371976184, 1.5749372899976504, -6.22492783840612]",,5.830438691790411,,
1,100,2,logskewnormal,100,3216.6559832794064,"[0.8236818420014418, -0.41006726516162834, 5.566108738219904]",,,,
1,100,2,gig,100,3211.477875049545,"[-5.820874138046009, -12.999416800481626, 16.676215001133684]",,,-5.820874138046009,2.261648014470825e-06
1,100,3,poisson,100,2022.3241526168063,[1.2026376906429666],,,,
1,100,3,gamma,100,2099.7857672159785,"[3.3755085344929237, 2.139783951223951]",,,,
1,100,3,gammamix,100,2099.7857672159785,"[3.3755085344929237, 2.139783951223951]",1.0,,,
1,100,3,lognormal,100,2100.864547478586,"[1.2183531251245954, -1.6848934222581602]",,,,
1,100,3,compoundgamma,100,2101.8064682296276,"[9.210340371976184, 3.3687071814505716, -4.60615864480197]",,30.040958088789374,,
1,100,3,logskewnormal,100,2103.8465212157503,"[1.010639418966802, -1.2929911258809443, 3.1218547656636804]",,,,
1,100,3,gig,100,2101.8114887044967,"[-29.964474239536184, -9.347461472786769, 14.642149649567054]",,,-29.964474239536184,8.718646362245586e-05
1,400,0,poisson,400,192248.78266802023,[1.6394608293851831],,,,
1,400,0,gamma,400,444530.01459152094,"[-0.19758267174307606, -2.494194095432157]",,,,
1,400,0,gammamix,400,444946.19336392253,"[-0.21930537084831192, -1.2109778587380302, -3.3477776888871214, 4.600310489596929, 2.462581280707173, 1.3379938698354426, -0.29770968354314836, 3.453790629726742, 0.7364198430648629, -1.2198198600768528, -5.920524987998575]",4.0,,,
1,400,0,lognormal,400,444783.08500776946,"[1.5763104918637894, -0.34973146649476494]",,,,
1,400,0,compoundgamma,400,444861.6849338139,"[9.210340371976184, 0.8537465798100725, -6.58067683867594]",,3.348428966758403,,
1,400,0,logskewnormal,400,444896.70145720645,"[0.9090060740124382, -0.03461195154567116, 26.840769892761642]",,,,
1,400,0,gig,400,444861.70825425454,"[-3.3484617634129847, -13.2772922174315, 16.600082697720552]",,,-3.3484617634129847,1.7129522442655157e-06
1,400,1,poisson,356,16829.83981392809,[1.45112957202402],,,,
1,400,1,gamma,356,18900.205736047265,"[2.364616448620031, 1.0463209398036977]",,,,
1,400,1,gammamix,356,18919.06498125003,"[0.5192650248632833, 6.907755278982137, 2.4848432941693375, 5.873536704832024, 1.0330046460245612]",2.0,,,
1,400,1,lognormal,356,18905.11458067602,"[1.2698303073732167, -1.1897868712433646]",,,,
1,400,1,compoundgamma,356,18907.561123990596,"[9.210340371976184, 2.3657276501453404, -5.528838419726364]",,11.651786772460989,,
1,400,1,logskewnormal,356,18910.65639139658,"[0.9104247716678078, -0.7712254392000607, 3.6264566172038513]",,,,
1,400,1,gig,356,18907.565312384726,"[-11.640473111280244, -9.504095984934178, 13.877680935139027]",,,-11.640473111280244,7.454586496181501e-05
1,400,2,poisson,400,8329.172900152935,[1.3936468122384296],,,,
1,400,2,gamma,400,10624.707190974157,"[1.5985275875339353, 0.23494075139218862]",,,,
1,400,2,gammamix,400,10747.907591901421,"[-1.9025937374587907, 3.4922519537927053, 1.5087491612997659, 2.31687010699281, -0.6357477766858772]",2.0,,,
1,400,2,lognormal,400,10667.071218105837,"[1.2594988450670686, -0.8793869555292977]",,,,
1,400,2,compoundgamma,400,10693.991782369743,"[9.210340371976184, 1.836058403497308, -6.035300838550232]",,7.271768695722615,,
1,400,2,logskewnormal,400,10716.383446658074,"[0.8223750341050594, -0.5235791363863614, 10.594931164517506]",,,,
1,400,2,gig,400,10694.017238754695,"[-7.269264631378168, -12.830917205321112, 16.698691505362344]",,,-7.269264631378168,2.6767231806703935e-06
1,400,3,poisson,400,6721.348658957033,[1.159447470203469],,,,
1,400,3,gamma,400,7275.1431209482225,"[3.0448533915164115, 1.7946277290639912]",,,,
1,400,3,gammamix,400,7294.886942786396,"[-1.4705913623312477, 4.02128668280697, 2.497314541335282, 2.8378576769296475, 1.001771919002779]",2.0,,,
1,400,3,lognormal,400,7282.6946394086135,"[1.2260246780775863, -1.533719436863008]",,,,
1,400,3,compoundgamma,400,7288.405854884151,"[9.210340371976184, 3.090696253530338, -4.870918248497437]",,22.992384922029885,,
1,400,3,logskewnormal,400,7296.233722713918,"[0.9743608390761389, -1.122164213152595, 4.734948407555454]",,,,
1,400,3,gig,400,7288.42553210886,"[-22.9505389682038, -9.739774712648348, 14.770436016442298]",,,-22.9505389682038,5.8893801375572774e-05
2,10,0,poisson,10,1121145.7024262138,[5.768053102770783],,,,
2,10,0,gamma,10,1454609.69659568,"[-1.415455584837705, -6.3827793324451445]",,,,
2,10,0,gammamix,10,1454609.69659568,"[-1.415455584837705, -6.3827793324451445]",1.0,,,
2,10,0,lognormal,10,1454615.8851291614,"[2.0290599662804354, 0.5806568937426738]",,,,
2,10,0,compoundgamma,10,1454620.1636075177,"[6.954977955435327, -5.1523471291562455, -5.4917840213264055]",,1.0057858087369327,,
2,10,0,logskewnormal,10,1454618.8957991656,"[0.5644805664471478, 0.7635099058700207, 3.503124713509761]",,,,
2,10,0,gig,10,1454620.1670305908,"[-1.0128872903912427, -12.850400604925959, 15.01701189685386]",,,-1.0128872903912427,2.625076275719328e-06
2,10,1,poisson,10,352.3970397830857,[1.3756898078710935],,,,
2,10,1,gamma,10,377.92773505445115,"[2.540055450254187, 1.1754289316849622]",,,,
2,10,1,gammamix,10,377.92773505445115,"[2.540055450254187, 1.1754289316849622]",1.0,,,
2,10,1,lognormal,10,378.1089865094136,"[1.3254767453991465, -1.278796394799671]",,,,
2,10,1,compoundgamma,10,378.2415687533146,"[9.210340371976184, 2.5525120794227525, -5.292839844845636]",,13.839316688289125,,
2,10,1,logskewnormal,10,378.10898650942477,"[1.3254763223762127, -1.278796635990346, -9.3957133078554e-08]",,,,
2,10,1,gig,10,378.2419163118437,"[-13.823818592750287, -10.495557577758518, 15.104997654294012]",,,-13.823818592750287,2.7659050005100887e-05
2,10,2,poisson,10,456.1077405525198,[1.3088068656415164],,,,
2,10,2,gamma,10,566.9664581980536,"[1.334116662365762, -0.22573060644884468]",,,,
2,10,2,gammamix,10,566.9664581980536,"[1.334116662365762, -0.22573060644884468]",1.0,,,
2,10,2,lognormal,10,567.8316071133427,"[1.4210677395777678, -0.7126093040968167]",,,,
2,10,2,compoundgamma,10,568.406593114941,"[9.210340371976184, 1.4104819579677144, -6.261739687315576]",,5.097929958201398,,
2,10,2,logskewnormal,10,567.8316071135895,"[1.4210646367660937, -0.7126080594954216, -1.213984634097001e-06]",,,,
2,10,2,gig,10,568.4070342826279,"[-5.095324207241994, -12.332124190936863, 15.973273601558581]",,,-5.095324207241994,4.407847023793846e-06
2,10,3,poisson,10,91.66402772429873,[1.1537987042354005],,,,
2,10,3,gamma,10,93.78826621553279,"[3.814559973976147, 2.6196911467277944]",,,,
2,10,3,gammamix,10,93.78826621553279,"[3.814559973976147, 2.6196911467277944]",1.0,,,
2,10,3,lognormal,10,93.839385430246,"[1.1841726968180482, -1.893543977107402]",,,,
2,10,3,compoundgamma,10,93.8848351893667,"[9.210340371976184, 3.7683791349740767, -4.245969670308945]",,44.30980855928913,,
2,10,3,logskewnormal,10,93.83938543054836,"[1.184172210683892, -1.8935544239220157, 2.4804839179827973e-07]",,,,
2,10,3,gig,10,93.88523604210042,"[-43.98919187883502, -8.873802134442368, 14.52395526069966]",,,-43.98919187883502,0.0001400092404326994
2,20,0,poisson,20,978321.5678344324,[5.096017818245288],,,,
2,20,0,gamma,20,1457069.0910079668,"[-1.289360228136862, -5.599959357856377]",,,,
2,20,0,gammamix,20,1457069.0910079668,"[-1.289360228136862, -5.599959357856377]",1.0,,,
2,20,0,lognormal,20,1457085.124502356,"[1.7701972642612578, 0.29424002974016156]",,,,
2,20,0,compoundgamma,20,1457093.5059029202,"[8.564224435072639, -0.525299930900354, -6.673259252593062]",,1.5913779652388413,,
2,20,0,logskewnormal,20,1457092.2339578283,"[0.6812980208169648, 0.5050483565912331, 5.777579854893324]",,,,
2,20,0,gig,20,1457093.5076447295,"[-1.5905406102860622, -13.534035962980616, 16.117878039415746]",,,-1.5905406102860622,1.325082332155602e-06
2,20,1,poisson,20,664.1681337217206,[1.39961981571704],,,,
2,20,1,gamma,20,712.3209545962886,"[2.453357470982384, 1.0638636121566063]",,,,
2,20,1,gammamix,20,712.3209545962886,"[2.453357470982384, 1.0638636121566063]",1.0,,,
2,20,1,lognormal,20,712.5168505596812,"[1.347033525311765, -1.2311186506442993]",,,,
2,20,1,compoundgamma,20,712.6296840127357,"[9.210340371976184, 2.4482870620056634, -5.371070160127338]",,12.56851359114526,,
2,20,1,logskewnormal,20,712.5168505596007,"[1.3470369792774144, -1.231121504167965, -1.5590353601036857e-05]",,,,
2,20,1,gig,20,712.6320027347095,"[-10.84957530149575, 1.755949698005365, 2.6985828700910983]",,,-10.84957530149575,5.788942879689098
2,20,2,poisson,20,704.9398638261827,[1.3510656692361467],,,,
2,20,2,gamma,20,864.9842595224363,"[1.4137801825801353, -0.11497364406992963]",,,,
2,20,2,gammamix,20,873.4851135755546,"[-1.0019871900472024, 6.907755278982137, 2.166241392740035, 5.734439550911734, 0.033650248451129426]",2.0,,,
2,20,2,lognormal,20,866.6574757529532,"[1.4015709213497753, -0.7503913019463673]",,,,
2,20,2,compoundgamma,20,867.8557623064436,"[9.210340371976184, 1.4956464226832806, -6.204769426691876]",,5.462220101043039,,
2,20,2,logskewnormal,20,868.7145352526292,"[0.9202941748826414, -0.4362232442557897, 2.8755877941421506]",,,,
2,20,2,gig,20,867.8568138392533,"[-5.460659127433078, -12.305793926711166, 16.004151482983424]",,,-5.460659127433078,4.525448242007752e-06
2,20,3,poisson,20,166.66037788842644,[1.094105238785108],,,,
2,20,3,gamma,20,167.39843227242994,"[4.53195458396166, 3.4017219901715894]",,,,
2,20,3,gammamix,20,167.39843227242994,"[4.53195458396166, 3.4017219901715894]",1.0,,,
2,20,3,lognormal,20,167.47406654387947,"[1.1256914736177583, -2.2347214696023032]",,,,
2,20,3,compoundgamma,20,167.55043943503853,"[9.210340371976184, 4.420464042024694, -3.6573482188902506]",,84.13485447499939,,
2,20,3,logskewnormal,20,167.4740665438789,"[1.125691604156491, -2.234721194232442, -1.3515270255168635e-06]",,,,
2,20,3,gig,20,167.55173919067573,"[-83.47846008808169, -8.889311799930004, 15.127526001439726]",,,-83.47846008808169,0.00013785449681815535
2,40,0,poisson,40,903683.107586999,[4.735339057847784],,,,
2,40,0,gamma,40,1459281.303227546,"[-1.063732310541925, -4.776239938587068]",,,,
2,40,0,gammamix,40,1459330.7628793207,"[-2.0631358234643917, 1.6861700981552663, -1.0970794058963191, 0.08554087634242291, -6.872849912479472]",2.0,,,
2,40,0,lognormal,40,1459315.9468521236,"[1.7577343308023652, 0.049175568852920404]",,,,
2,40,0,compoundgamma,40,1459329.4353418371,"[9.090060525256115, 0.09590873269310347, -6.846325588655019]",,2.100658605263035,,
2,40,0,logskewnormal,40,1459329.5687686738,"[0.8474580291941175, 0.3061230611254338, 9.093228128228013]",,,,
2,40,0,gig,40,1459329.4376618406,"[-2.106670870774695, -13.385959190949379, 16.326148042488335]",,,-2.106670870774695,1.5365680137965914e-06
2,40,1,poisson,40,1125.6770285268055,[1.3753507931066375],,,,
2,40,1,gamma,40,1280.2957812498212,"[2.201289494342994, 0.8317131262355906]",,,,
2,40,1,gammamix,40,1280.2957812498212,"[2.201289494342994, 0.8317131262355906]",1.0,,,
2,40,1,lognormal,40,1280.882700936871,"[1.3122319005977356, -1.099986022570212]",,,,
2,40,1,compoundgamma,40,1281.1711003934379,"[9.210340371976184, 2.1570267709888187, -5.685114580439491]",,9.645394669282691,,
2,40,1,logskewnormal,40,1280.882700937182,"[1.3122332436634065, -1.0999858216627234, 3.5671342159028206e-07]",,,,
2,40,1,gig,40,1281.1855975247247,"[-7.679520809200088, 1.6588708998697106, 2.441804612603311]",,,-7.679520809200088,5.253375907086996
2,40,2,poisson,40,938.6791240224441,[1.3171213256832581],,,,
2,40,2,gamma,40,1200.480992632416,"[1.3275979603918573, -0.10133192973695442]",,,,
2,40,2,gammamix,40,1212.599172632391,"[-1.1166847828235644, 4.062741845179435, 2.1404781793852536, 2.982871499207477, 0.05941330717175059]",2.0,,,
2,40,2,lognormal,40,1203.7579949757578,"[1.2904101366271197, -0.70412828205613]",,,,
2,40,2,compoundgamma,40,1205.9535489494397,"[9.210340371976184, 1.3879962796619172, -6.411051087500662]",,5.006813470509387,,
2,40,2,logskewnormal,40,1207.9605730463898,"[0.7584795690234618, -0.3472271764595707, 4.033713278522797]",,,,
2,40,2,gig,40,1205.9552330438892,"[-5.005488537611546, -12.409270985546122, 15.90136907924638]",,,-5.005488537611546,4.080581784204067e-06
2,40,3,poisson,40,541.4143134100202,[1.1400813230038862],,,,
2,40,3,gamma,40,573.457648489678,"[3.3630421172193277, 2.1666356523127797]",,,,
2,40,3,gammamix,40,581.2043375739663,"[-1.2782616803753981, 6.907755278982137, 3.5531098897470486, 5.826741187987448, 2.0678906367532006]",2.0,,,
2,40,3,lognormal,40,574.3111976796773,"[1.1780609470266024, -1.6949149236290544]",,,,
2,40,3,compoundgamma,40,575.0468982538977,"[9.210340371976184, 3.4146868885750083, -4.601933058819013]",,31.40742702405049,,
2,40,3,logskewnormal,40,576.9304945250911,"[0.9815970929316005, -1.3482707267718947, 3.1431386405169763]",,,,
2,40,3,gig,40,575.0509954801821,"[-31.331798855015354, -10.067858002849263, 15.366911483385453]",,,-31.331798855015354,4.242138316815654e-05
2,100,0,poisson,100,681734.6325758811,[3.5310457160631046],,,,
2,100,0,gamma,100,1479204.8938593315,"[-0.7662892856676405, -3.727454919117976]",,,,
2,100,0,gammamix,100,1479321.197124267,"[-2.643257291128402, 1.6381505294448917, -1.0925146140757795, 0.08590854842040388, -6.503157113143705]",2.0,,,
2,100,0,lognormal,100,1479298.3287156248,"[1.578525473247564, -0.2481821406312585]",,,,
2,100,0,compoundgamma,100,1479325.6450490004,"[9.210340371976184, 0.7873265776704066, -6.632488621912095]",,3.1975136840799383,,
2,100,0,logskewnormal,100,1479330.844371512,"[0.8905254092864713, 0.023252748792391097, 13.36543540544485]",,,,
2,100,0,gig,100,1479325.651386308,"[-3.2010454727406694, -13.228635520936507, 16.500783033975065]",,,-3.2010454727406694,1.7983598175577746e-06
2,100,1,poisson,100,10730.54177006968,[1.3086060731664226],,,,
2,100,1,gamma,100,12295.017945896121,"[2.1667171247127333, 0.8012659284102407]",,,,
2,100,1,gammamix,100,12306.21114683715,"[-0.7333876323619998, 3.9920009747809546, 3.765118803233544, 2.88726902970969, 2.0164139446414824]",2.0,,,
2,100,1,lognormal,100,12297.067024248538,"[1.3060180048127727, -1.0870814908173743]",,,,
2,100,1,compoundgamma,100,12298.28343023365,"[9.210340371976184, 2.140550529633369, -5.706759381062007]",,9.504118109421198,,
2,100,1,logskewnormal,100,12300.005700822736,"[0.9099125009207493, -0.6712981745808247, 3.3196254247414387]",,,,
2,100,1,gig,100,12298.285459603296,"[-9.496401457979472, -9.241003874016629, 13.43681833002141]",,,-9.496401457979472,9.698018545216449e-05
2,100,2,poisson,100,2680.1029108809344,[1.4079925271549603],,,,
2,100,2,gamma,100,3708.936904834716,"[1.2219380399325153, -0.22417354819050728]",,,,
2,100,2,gammamix,100,3747.620743174277,"[-1.3006310087468744, 4.078504036497041, 1.501768049457479, 2.9777411889546554, -0.6675287856767484]",2.0,,,
2,100,2,lognormal,100,3721.0043974298164,"[1.2903570253911332, -0.6851254635025378]",,,,
2,100,2,compoundgamma,100,3728.7758465093934,"[9.210340371976184, 1.3961715040400733, -6.40474644576515]",,5.039704331570552,,
2,100,2,logskewnormal,100,3735.828754796003,"[0.7490816483996315, -0.32014292579592585, 7.049732700513237]",,,,
2,100,2,gig,100,3728.781306523835,"[-5.038603516751339, -12.799806039119828, 16.29825773972883]",,,-5.038603516751339,2.7613081058498546e-06
2,100,3,poisson,100,2032.9264968044429,[1.182063988608673],,,,
2,100,3,gamma,100,2245.0724602960768,"[2.614526019637483, 1.339367365302252]",,,,
2,100,3,gammamix,100,2258.717895013474,"[-0.43964795542041857, 6.195884913595194, 2.2367871992424515, 5.082359191898255, 0.7602649573091322]",2.0,,,
2,100,3,lognormal,100,2249.586701534517,"[1.2377038200993506, -1.3247573340052414]",,,,
2,100,3,compoundgamma,100,2253.1560562985087,"[9.210340371976184, 2.6823899252206664, -5.256464905891312]",,15.619992264545923,,
2,100,3,logskewnormal,100,2257.966001226877,"[0.9371842165919688, -0.9287850222901668, 4.543983913766087]",,,,
2,100,3,gig,100,2253.164545524633,"[-15.603697959427908, -12.388864475720014, 17.034762868317866]",,,-15.603697959427908,4.1647076548554806e-06
2,400,0,poisson,400,807068.4523752375,[2.3695026469294653],,,,
2,400,0,gamma,400,1941639.2537088918,"[-0.27844645200414553, -2.605769530093908]",,,,
2,400,0,gammamix,400,1942092.5013731623,"[0.3995948614621534, -0.8261635812595827, -4.218355965980622, 6.907755278982137, 2.353970320792913, 0.9819203725601807, 1.2669653467749058, 5.821939628927269, 0.7786691528801435, -1.6845242542718033, -5.565017764318417]",4.0,,,
2,400,0,lognormal,400,1941930.3003844,"[1.5384040057932176, -0.39134610578189155]",,,,
2,400,0,compoundgamma,400,1942008.1318941275,"[9.210340371976184, 0.9563920874670898, -6.533988964993413]",,3.6022906788295543,,
2,400,0,logskewnormal,400,1942043.7431641694,"[0.9010447949143944, -0.07864705698431092, 24.07885956730566]",,,,
2,400,0,gig,400,1942008.1569690132,"[-3.6016743052482005, -13.191333986605498, 16.56059326260659]",,,-3.6016743052482005,1.8667082233960325e-06
2,400,1,poisson,356,22207.722992197752,[1.3757906286753376],,,,
2,400,1,gamma,356,25519.784828756376,"[2.263771128915715, 0.9311630948627871]",,,,
2,400,1,gammamix,356,25543.615725607753,"[-0.6959630718803987, 4.0070381470941525, 3.133414829746508, 2.902682561274717, 1.4653500610336443]",2.0,,,
2,400,1,lognormal,356,25526.267977609765,"[1.2791433506646444, -1.141906658525151]",,,,
2,400,1,compoundgamma,356,25529.880508612376,"[9.210340371976184, 2.271581968100397, -5.608969235802218]",,10.694725435726985,,
2,400,1,logskewnormal,356,25534.803697391602,"[0.9024896850349335, -0.7239096327326269, 4.019835248234922]",,,,
2,400,1,gig,356,25529.88633397948,"[-10.685356300157132, -10.197142851106408, 14.490699624060476]",,,-10.685356300157132,3.727667167985228e-05
2,400,2,poisson,400,7526.892961646303,[1.3445590735475534],,,,
2,400,2,gamma,400,9526.0106098408,"[1.6303472627791562, 0.2599094921328689]",,,,
2,400,2,gammamix,400,9646.616545098239,"[-1.639886672607667, 3.7079171765733734, 1.6694049125766082, 2.548538556031266, -0.39577774660273707]",2.0,,,
2,400,2,lognormal,400,9564.569359986303,"[1.2691658793305527, -0.8825842646220791]",,,,
2,400,2,compoundgamma,400,9590.18811063368,"[9.210340371976184, 1.823304538151833, -6.038123807473935]",,7.192287327010611,,
2,400,2,logskewnormal,400,9617.591737879107,"[0.8270247412402283, -0.5165970639859492, 12.218308796422669]",,,,
2,400,2,gig,400,9590.213715453854,"[-7.189752779959811, -12.617730519786058, 16.482671511461533]",,,-7.189752779959811,3.31275456502435e-06
2,400,3,poisson,400,7520.7910681077165,[1.2401350958877266],,,,
2,400,3,gamma,400,8565.598216270646,"[2.876911084044865, 1.6136273626245763]",,,,
2,400,3,gammamix,400,8597.085754734473,"[-1.9972467197723107, 3.836106386574788, 2.217718297577863, 2.6377615077833054, 0.5998605626751101]",2.0,,,
2,400,3,lognormal,400,8576.702067244685,"[1.233995087605371, -1.4566210791603211]",,,,
2,400,3,compoundgamma,400,8584.995769334339,"[9.210340371976184, 2.9455825858704956, -5.005130387765804]",,20.021740956559416,,
2,400,3,logskewnormal,400,8593.393094995652,"[0.9678983081256849, -1.060288329596847, 4.075380317736086]",,,,
2,400,3,gig,400,8585.019882746508,"[-19.991582607383908, -12.269521404619626, 17.166284424156927]",,,-19.991582607383908,4.692611044005635e-06
3,10,0,poisson,10,1640.189242731334,[1.8582884577348686],,,,
3,10,0,gamma,10,1892.3534479986727,"[1.2043091773036558, -0.6882950429275373]",,,,
3,10,0,gammamix,10,1898.2339644125389,"[-0.7718592808980287, 4.9627674451046255, 1.9349581087467267, 3.5506211026701813, -0.5505132247691494]",2.0,,,
3,10,0,lognormal,10,1893.3736240446706,"[1.7350899217534617, -0.6488073686668374]",,,,
3,10,0,compoundgamma,10,1894.1701019031862,"[9.210340371976184, 1.2808749693405148, -6.062025416859597]",,4.599788052201815,,
3,10,0,logskewnormal,10,1893.3736240516428,"[1.7350870685105917, -0.6487810373466462, 3.1011147632777753e-07]",,,,
3,10,0,gig,10,1894.1707370837069,"[-4.5989339029332275, -12.680939487870004, 16.522145115694887]",,,-4.5989339029332275,3.1098393536879413e-06
3,10,1,poisson,10,394.17961986592144,[1.385317321472064],,,,
3,10,1,gamma,10,437.6010954160314,"[2.196007154166827, 0.7159259268218737]",,,,
3,10,1,gammamix,10,437.6010954160314,"[2.196007154166827, 0.7159259268218737]",1.0,,,
3,10,1,lognormal,10,437.3348600938725,"[1.4258969645110051, -1.0714654068860627]",,,,
3,10,1,compoundgamma,10,437.60061845802454,"[2.1966988320789285, 9.21024036697585, 8.493634414374307]",,10000.0,,
3,10,1,logskewnormal,10,437.3348600938725,"[1.4258969645110051, -1.0714654068860627, 0.0]",,,,
3,10,1,gig,10,437.6010954160415,"[8.989040455400158, -10.348762572352742, -11.757834302651023]",,,8.989040455400158,3.2032403044494075e-05
3,10,2,poisson,10,90.4817779533932,[1.2725354757632326],,,,
3,10,2,gamma,10,117.78361764437273,"[1.6611796674391623, 0.3554959978300772]",,,,
3,10,2,gammamix,10,117.78361764437273,"[1.6611796674391623, 0.3554959978300772]",1.0,,,
3,10,2,lognormal,10,118.94277945951359,"[1.2049300326078467, -0.9028709927514056]",,,,
3,10,2,compoundgamma,10,119.84497155256959,"[9.210340371976184, 1.8942242105299516, -6.039301746544825]",,7.647389429029789,,
3,10,2,logskewnormal,10,118.94277945951357,"[1.2049300326078467, -0.9028709927514056, 0.0]",,,,
3,10,2,gig,10,119.84601229184469,"[-7.645353916304202, -12.83966968149894, 16.70352471835401]",,,-7.645353916304202,2.6533974526434384e-06
3,10,3,poisson,10,131.45383976703457,[1.3008097019840608],,,,
3,10,3,gamma,10,134.96548103048173,"[3.309399838743112, 2.038436755186862]",,,,
3,10,3,gammamix,10,134.96548103048173,"[3.309399838743112, 2.038436755186862]",1.0,,,
3,10,3,lognormal,10,134.97893933996156,"[1.2526001001170395, -1.6549158950686964]",,,,
3,10,3,compoundgamma,10,134.97752611097053,"[6.859930121099765, 3.3358158228175103, -2.2530876951589747]",,29.10129955607618,,
3,10,3,logskewnormal,10,134.97893934033073,"[1.2526035026229865, -1.654933240003766, -1.1493544748607612e-05]",,,,
3,10,3,gig,10,134.98815927166768,"[-5.421566395874699, 3.273253948872546, 1.4528696353469188]",,,-5.421566395874699,26.39709454210741
3,20,0,poisson,20,2670.619154628211,[1.6416672644469514],,,,
3,20,0,gamma,20,3031.035327946221,"[1.4144578495952902, -0.2773403026711651]",,,,
3,20,0,gammamix,20,3037.329949926417,"[-0.8215218602313434, 3.7305759807791046, 1.4732408541839765, 2.371921469699739, -0.7242924648481174]",2.0,,,
3,20,0,lognormal,20,3033.2183498310983,"[1.5658319651000154, -0.7714460449658369]",,,,
3,20,0,compoundgamma,20,3034.7413186321373,"[9.210340371976184, 1.5736039871366125, -5.969980832381422]",,5.824002545682049,,
3,20,0,logskewnormal,20,3035.6490326991943,"[1.0984628878085756, -0.45918476408250974, 2.953782077418344]",,,,
3,20,0,gig,20,3034.7426266447533,"[-5.822414384470069, -12.640341026824672, 16.57352954152721]",,,-5.822414384470069,3.238691956437476e-06
3,20,1,poisson,20,543.7825067702721,[1.3739907199245338],,,,
3,20,1,gamma,20,622.1881811997833,"[1.8983417293139782, 0.528086849510942]",,,,
3,20,1,gammamix,20,622.1881811997833,"[1.8983417293139782, 0.528086849510942]",1.0,,,
3,20,1,lognormal,20,622.3550089438601,"[1.295349996166483, -0.9459170666854205]",,,,
3,20,1,compoundgamma,20,622.3392654368891,"[4.201142239582235, 1.945957438933699, -0.8806038482560565]",,8.000331036975988,,
3,20,1,logskewnormal,20,622.355008943872,"[1.295350407506033, -0.9459169853871988, 1.2744827675960828e-07]",,,,
3,20,1,gig,20,622.4430748490073,"[-1.6392960507468812, 1.8084305956645825, 1.5434416496112835]",,,-1.6392960507468812,6.1008651907115965
3,20,2,poisson,20,221.4138638730381,[1.2740270592488094],,,,
3,20,2,gamma,20,252.9440835142671,"[2.189093828186128, 0.8934356379036251]",,,,
3,20,2,gammamix,20,252.9440835142671,"[2.189093828186128, 0.8934356379036251]",1.0,,,
3,20,2,lognormal,20,254.39189287959258,"[1.2373284720693882, -1.1358193186232595]",,,,
3,20,2,compoundgamma,20,255.47812485074826,"[9.210340371976184, 2.3308439737757394, -5.594778501305397]",,11.286619507642309,,
3,20,2,logskewnormal,20,255.7910730311828,"[0.9473385150683638, -0.8773665683599514, 1.9005020239702104]",,,,
3,20,2,gig,20,255.47991738343276,"[-11.275117858850663, -12.621212428264812, 16.92884256243702]",,,-11.275117858850663,3.301239914928591e-06
3,20,3,poisson,20,215.20976950838175,[1.1585923135654987],,,,
3,20,3,gamma,20,220.31836225024674,"[3.691094551858572, 2.5061596105293313]",,,,
3,20,3,gammamix,20,220.31836225024674,"[3.691094551858572, 2.5061596105293313]",1.0,,,
3,20,3,lognormal,20,220.45492231497104,"[1.172177909579725, -1.8466312028510452]",,,,
3,20,3,compoundgamma,20,220.57318561135978,"[9.210340371976184, 3.7012893369957194, -4.324587889248076]",,41.49948820000449,,
3,20,3,logskewnormal,20,220.45492231496291,"[1.1721778446326736, -1.8466298428594723, 1.2716708605836119e-08]",,,,
3,20,3,gig,20,220.57410654125093,"[-41.35164617529581, -8.45284579033185, 14.02808844875676]",,,-41.35164617529581,0.00021329256495127263
3,40,0,poisson,40,20338.305606156493,[1.8886789131415056],,,,
3,40,0,gamma,40,27779.877231821203,"[0.7479054537570536, -1.1446757758842743]",,,,
3,40,0,gammamix,40,27796.237498188224,"[-0.5017835767805581, 3.688259556414097, 0.7522142201775505, 2.3656074792153863, -1.6804297021557877]",2.0,,,
3,40,0,lognormal,40,27788.32663698642,"[1.6366532344016482, -0.5072571402393222]",,,,
3,40,0,compoundgamma,40,27793.162727286108,"[9.210340371976184, 1.054375715221422, -6.355057157411182]",,3.8701827830614395,,
3,40,0,logskewnormal,40,27796.840826041327,"[1.0070553088289498, -0.16189136430457568, 6.855661567285816]",,,,
3,40,0,gig,40,27793.165098018235,"[-3.8697038280733276, -12.843560444685686, 16.391800566476725]",,,-3.8697038280733276,2.6430937691093053e-06
3,40,1,poisson,40,879.2250579076442,[1.3672619289505616],,,,
3,40,1,gamma,40,972.1421203112504,"[2.1729185075014175, 0.797824611359241]",,,,
3,40,1,gammamix,40,972.1421203112504,"[2.1729185075014175, 0.797824611359241]",1.0,,,
3,40,1,lognormal,40,972.5781613366116,"[1.3183772264665257, -1.0885543113522969]",,,,
3,40,1,compoundgamma,40,972.7266240596167,"[9.210340371976184, 2.1478536151790784, -5.685055762505805]",,9.566451748366806,,
3,40,1,logskewnormal,40,972.5781613366098,"[1.3183771780682263, -1.0885540888052152, -2.4603163568897193e-08]",,,,
3,40,1,gig,40,972.7587593042197,"[-6.244007864925578, 1.8651490732665001, 2.1406440931191386]",,,-6.244007864925578,6.4568983651802405
3,40,2,poisson,40,641.8185411631447,[1.378654006585926],,,,
3,40,2,gamma,40,850.5359089274616,"[1.465865450247386, 0.09059090293750557]",,,,
3,40,2,gammamix,40,866.910207556902,"[-1.826057332175931, 3.8468586558718547, 1.3619914722991668, 2.6961110991720894, -0.833781678277518]",2.0,,,
3,40,2,lognormal,40,855.7152632747898,"[1.2551216835567187, -0.8291119933365989]",,,,
3,40,2,compoundgamma,40,859.0978209005979,"[9.210340371976184, 1.7561163637458304, -6.113882250845225]",,6.78990777854621,,
3,40,2,logskewnormal,40,861.3843726524237,"[0.82441220610072, -0.5218702451522061, 4.149561688436626]",,,,
3,40,2,gig,40,859.1008344892679,"[-6.7881007521343415, -13.813649555355568, 17.602926676358848]",,,-6.7881007521343415,1.0018627353487725e-06
3,40,3,poisson,40,538.1612498745604,[1.1152379550052594],,,,
3,40,3,gamma,40,572.185434478226,"[3.250960736813113, 2.0513292325898598]",,,,
3,40,3,gammamix,40,572.185434478226,"[3.250960736813113, 2.0513292325898598]",1.0,,,
3,40,3,lognormal,40,572.2080263652942,"[1.1807861137903413, -1.635384813449959]",,,,
3,40,3,compoundgamma,40,572.1974405259083,"[4.453725685278507, 3.645409407725476, 0.3915714680891987]",,39.298449323331404,,
3,40,3,logskewnormal,40,572.2080263652965,"[1.1807860274258317, -1.6353848222068639, -1.3428786602817813e-08]",,,,
3,40,3,gig,40,572.2266650827601,"[-1.8042375679943843, 3.2523651871876913, 1.2492781036350742]",,,-1.8042375679943843,25.85141109264236
3,100,0,poisson,100,31741.855785555428,[1.586443775367761],,,,
3,100,0,gamma,100,45203.24882067359,"[0.902345815446522, -0.876482186331699]",,,,
3,100,0,gammamix,100,45245.88160315194,"[0.4196672362201691, -0.1314034309060581, 6.907755278982137, 3.038949937633641, 0.9300495563391274, 5.803208779038918, 1.5469924257057952, -1.5378969784162377]",3.0,,,
3,100,0,lognormal,100,45221.298486557374,"[1.5619595131486181, -0.5654003452278207]",,,,
3,100,0,compoundgamma,100,45231.57159887061,"[9.210340371976184, 1.1538547262704912, -6.3445598440422595]",,4.1703903727031655,,
3,100,0,logskewnormal,100,45242.34581309105,"[0.958287718866452, -0.19912605330388655, 12.299929743633035]",,,,
3,100,0,gig,100,45231.57719405327,"[-4.16971820109829, -12.84395490508322, 16.402649922500803]",,,-4.16971820109829,2.6420513788947697e-06
3,100,1,poisson,100,2483.1600947434004,[1.2526103860369686],,,,
3,100,1,gamma,100,2871.4318060044393,"[2.346976612067944, 0.9802216177148858]",,,,
3,100,1,gammamix,100,2878.41671338231,"[0.5796657462535634, 6.907755278982137, 2.8235977941679935, 5.893767966735334, 1.3033962923975615]",2.0,,,
3,100,1,lognormal,100,2872.611936877469,"[1.3184930554455352, -1.17641932887483]",,,,
3,100,1,compoundgamma,100,2873.117991464499,"[9.210340371976184, 2.3308769818952126, -5.51247543270219]",,11.286959055211875,,
3,100,1,logskewnormal,100,2872.611936877472,"[1.3184929804022283, -1.1764193919475967, -1.846458718038181e-08]",,,,
3,100,1,gig,100,2873.128872869959,"[-9.80534159526272, 1.619590613436607, 2.6961957126410776]",,,-9.80534159526272,5.051022072669171
3,100,2,poisson,100,1340.0510110220937,[1.295035449366379],,,,
3,100,2,gamma,100,1664.14999503559,"[1.7205445440259999, 0.3908647129509649]",,,,
3,100,2,gammamix,100,1702.7687343203932,"[-1.304538731739318, 6.907755278982137, 1.2812706658948485, 5.790186716713111, -0.5888171806731999]",2.0,,,
3,100,2,lognormal,100,1675.5908322246746,"[1.23759324622421, -0.945341414443951]",,,,
3,100,2,compoundgamma,100,1683.3287283782836,"[9.210340371976184, 1.992550906141838, -5.912104388281914]",,8.334218824101946,,
3,100,2,logskewnormal,100,1690.5336373239818,"[0.8499054721611579, -0.621194188416025, 6.56783574424416]",,,,
3,100,2,gig,100,1683.3373574139237,"[-8.33131223148435, -13.715952993610365, 17.706922775320685]",,,-8.33131223148435,1.1046820592187342e-06
3,100,3,poisson,100,1369.3745972756305,[1.1381114066843803],,,,
3,100,3,gamma,100,1427.4054940318576,"[3.586844466695049, 2.3715339826960635]",,,,
3,100,3,gammamix,100,1438.870391190435,"[-1.0039270351816123, 6.907755278982137, 6.907755278982137, 5.817229176296463, 5.426851301049071]",2.0,,,
3,100,3,lognormal,100,1428.0251773689624,"[1.2013181426672026, -1.798487178568287]",,,,
3,100,3,compoundgamma,100,1428.5506954958073,"[9.210340371976184, 3.6086487444198263, -4.386921479069824]",,37.916135962487346,,
3,100,3,logskewnormal,100,1431.0477079244024,"[1.0105012216252156, -1.4011595072142862, 4.14945207889221]",,,,
3,100,3,gig,100,1428.554467455757,"[-37.787827641992465, -9.03527924500224, 14.54837281246983]",,,-37.787827641992465,0.00011913190361143957
3,400,0,poisson,400,202918.63358656244,[1.6745539131057627],,,,
3,400,0,gamma,400,433852.9038395465,"[-0.06674218163159033, -2.2538015636745077]",,,,
3,400,0,gammamix,400,434234.3682191885,"[0.2844344373169808, -0.16192950979448506, -2.0086323130897465, 6.180811540069677, 3.197605872668665, 1.5266051083585839, -0.5076238282681333, 5.088931457066425, 1.759504527356353, -0.6429701014335653, -5.117345533144865]",4.0,,,
3,400,0,lognormal,400,434087.2322990596,"[1.5655759733111003, -0.38862049696539724]",,,,
3,400,0,compoundgamma,400,434160.8756429919,"[9.210340371976184, 0.9190457356074766, -6.538114702089812]",,3.506897005609023,,
3,400,0,logskewnormal,400,434198.7188396618,"[0.9194800354536555, -0.07061356827220852, 25.12404930749187]",,,,
3,400,0,gig,400,434160.9003284378,"[-3.5065682438092876, -12.948996619304149, 16.314216891302507]",,,-3.5065682438092876,2.378604422651923e-06
3,400,1,poisson,356,15419.933851389867,[1.3826286315481358],,,,
3,400,1,gamma,356,17673.149172235295,"[2.405906536054796, 1.1082428928589032]",,,,
3,400,1,gammamix,356,17693.76811806074,"[0.21263254058925318, 5.78731537040563, 2.512709429368012, 4.734294420891296, 1.0577306624163068]",2.0,,,
3,400,1,lognormal,356,17679.53004453425,"[1.2515223773186266, -1.2142421940310095]",,,,
3,400,1,compoundgamma,356,17683.37199906286,"[9.210340371976184, 2.425845623924908, -5.489312620488985]",,12.31179089701872,,
3,400,1,logskewnormal,356,17688.827545932985,"[0.8990423116951146, -0.7935507762986059, 4.499072897359676]",,,,
3,400,1,gig,356,17683.379232334733,"[-12.299381900688317, -10.786183984029073, 15.199260377509889]",,,-12.299381900688317,2.068329922556636e-05
3,400,2,poisson,400,5980.306468274444,[1.2292886461266177],,,,
3,400,2,gamma,400,7633.506146890449,"[1.7036177128306789, 0.3598910794576937]",,,,
3,400,2,gammamix,400,7741.879801341231,"[-1.8153381906236827, 3.538832137197264, 1.6035274954239311, 2.376524400656344, -0.45458175863352035]",2.0,,,
3,400,2,lognormal,400,7669.809967814164,"[1.2501763478913421, -0.9176360755104931]",,,,
3,400,2,compoundgamma,400,7693.556952551258,"[9.210340371976184, 1.9009716028995665, -5.984820181233133]",,7.69239363351083,,
3,400,2,logskewnormal,400,7715.302266374846,"[0.8259158350454463, -0.5579151365871216, 9.94475124428832]",,,,
3,400,2,gig,400,7693.581300372175,"[-7.689393326729515, -12.791565199753226, 16.70977215568226]",,,-7.689393326729515,2.7841576226789483e-06
3,400,3,poisson,400,19596.18677580422,[1.1611965975618732],,,,
3,400,3,gamma,400,20062.16363564306,"[3.2340296656408856, 2.0106196474626414]",,,,
3,400,3,gammamix,400,20081.352060357804,"[-0.21414407235352317, 6.166958758526935, 3.124844144511156, 5.0717511723335384, 1.76900717155334]",2.0,,,
3,400,3,lognormal,400,20067.69031891432,"[1.2033037190913194, -1.631627472101229]",,,,
3,400,3,compoundgamma,400,20071.914381072238,"[9.210340371976184, 3.2903803111480103, -4.698170027838891]",,27.853074237667393,,
3,400,3,logskewnormal,400,20079.945527015465,"[0.9816054446060645, -1.2428822491911697, 4.147223794645323]",,,,
3,400,3,gig,400,20071.93308841945,"[-27.790141820413726, -9.806822112848856, 15.009789304791179]",,,-27.790141820413726,5.507458982644505e-05
4,10,0,poisson,10,21117.82126255352,[2.660597724506842],,,,
4,10,0,gamma,10,22646.296166618726,"[1.0884314529199133, -0.7327841095059328]",,,,
4,10,0,gammamix,10,22646.296166618726,"[1.0884314529199133, -0.7327841095059328]",1.0,,,
4,10,0,lognormal,10,22647.31645499388,"[1.6432787656048538, -0.5956997218030154]",,,,
4,10,0,compoundgamma,10,22647.954028666984,"[9.175372050795358, 1.1421488133618818, -6.238248348206259]",,4.133494430770501,,
4,10,0,logskewnormal,10,22647.31645499394,"[1.643277214392864, -0.5956991021825092, -6.821849159442515e-07]",,,,
4,10,0,gig,10,22647.95444972622,"[-4.12364674384535, -11.156459258916156, 14.784231523480466]",,,-4.12364674384535,1.4282732627136808e-05
4,10,1,poisson,10,909.4906896767222,[1.6772082573914537],,,,
4,10,1,gamma,10,931.4792521444487,"[2.539204220168026, 0.9749434056592529]",,,,
4,10,1,gammamix,10,931.4792521444487,"[2.539204220168026, 0.9749434056592529]",1.0,,,
4,10,1,lognormal,10,931.3233406113782,"[1.5264872372238178, -1.2652795453824326]",,,,
4,10,1,compoundgamma,10,931.478911245456,"[2.541244911221743, 9.21024036697585, 8.233279112669688]",,10000.0,,
4,10,1,logskewnormal,10,931.3233406120083,"[1.5264844492840985, -1.2652873607841975, 2.846137265950159e-06]",,,,
4,10,1,gig,10,931.4792521444693,"[12.669579793609023, -10.273046683877743, -11.94113620604654]",,,12.669579793609023,3.4551946044610924e-05
4,10,2,poisson,10,425.8608797948155,[1.7157325710837235],,,,
4,10,2,gamma,10,563.0579472299252,"[0.9595637826327088, -0.7801587523096223]",,,,
4,10,2,gammamix,10,567.4687678262516,"[-0.30879258141731547, 6.907755278982137, 1.188136285830353, 5.763450352620408, -1.0190140863976982]",2.0,,,
4,10,2,lognormal,10,564.2499725544568,"[1.5338166128103223, -0.534108626840609]",,,,
4,10,2,compoundgamma,10,565.1176696048263,"[9.210340371976184, 1.0292163924390287, -6.480599423021476]",,3.798871758092011,,
4,10,2,logskewnormal,10,564.2499725593235,"[1.5338294539679957, -0.5340926457478211, -2.0808525785732588e-06]",,,,
4,10,2,gig,10,565.1182006272645,"[-3.79875631124297, -13.208985931220505, 16.63177801894575]",,,-3.79875631124297,1.8340463144207994e-06
4,10,3,poisson,10,132.02404062456174,[1.106729216349686],,,,
4,10,3,gamma,10,132.02362979389727,"[13.815510557964274, 12.708770989729807]",,,,
4,10,3,gammamix,10,132.02362979389727,"[13.815510557964274, 12.708770989729807]",1.0,,,
4,10,3,lognormal,10,132.02404038003843,"[1.1067277200068464, -10.624076317746043]",,,,
4,10,3,compoundgamma,10,131.9457796657705,"[9.210340371976184, 9.21024036697585, 1.108585664377854]",,10000.0,,
4,10,3,logskewnormal,10,132.0240403814306,"[1.1067292217202782, -10.624076318139037, 2.9144016834255405e-11]",,,,
4,10,3,gig,10,132.01994201327034,"[0.5466574132330705, 11.512925455903394, 1.1068226276175597]",,,0.5466574132330705,99999.99909331658
4,20,0,poisson,20,21212.69449056484,[2.0415739217600337],,,,
4,20,0,gamma,20,26677.66471892276,"[1.1913071615433735, -0.6440836653802708]",,,,
4,20,0,gammamix,20,26682.446229968064,"[0.4284516852532967, 4.958156996432588, 1.4312787656694068, 3.736343431998183, -0.6661041705625179]",2.0,,,
4,20,0,lognormal,20,26679.51033760506,"[1.6754434005755878, -0.6385026460394533]",,,,
4,20,0,compoundgamma,20,26680.705797970444,"[9.210340371976184, 1.2239549212536238, -6.1708403023951535]",,4.400610319518502,,
4,20,0,logskewnormal,20,26679.510337605225,"[1.6754415502219597, -0.638502753150022, -7.796445038525965e-07]",,,,
4,20,0,gig,20,26680.706626599036,"[-4.399539916660518, -11.156150835618417, 14.888483798569577]",,,-4.399539916660518,1.4287138434026206e-05
4,20,1,poisson,20,1251.201108913821,[1.5929863075420954],,,,
4,20,1,gamma,20,1298.4032401844138,"[2.5007378207792885, 0.9901968180357223]",,,,
4,20,1,gammamix,20,1298.4032401844138,"[2.5007378207792885, 0.9901968180357223]",1.0,,,
4,20,1,lognormal,20,1298.2654073792169,"[1.4702495039296004, -1.2467996998104036]",,,,
4,20,1,compoundgamma,20,1298.4029756633852,"[2.5020075340114865, 9.21024036697585, 8.218780591875657]",,10000.0,,
4,20,1,logskewnormal,20,1298.2654073792166,"[1.4702495037664176, -1.2467997353952887, 1.5032531369724183e-08]",,,,
4,20,1,gig,20,1298.4032401845698,"[12.191541884040305, -10.271860754840974, -11.95521017046055]",,,12.191541884040305,3.459294650771661e-05
4,20,2,poisson,20,604.8607849059775,[1.5087138645130171],,,,
4,20,2,gamma,20,803.0614125799179,"[1.1641972848977298, -0.42178899182815305]",,,,
4,20,2,gammamix,20,814.5977231566643,"[-0.7159094299140567, 6.907755278982137, 1.3064375017911254, 5.776420779178043, -0.8280293101127177]",2.0,,,
4,20,2,lognormal,20,805.7207186115014,"[1.4199235593001363, -0.6608235414710212]",,,,
4,20,2,compoundgamma,20,807.6672370172806,"[9.210340371976184, 1.3629071274494398, -6.305845858641745]",,4.907536512381794,,
4,20,2,logskewnormal,20,809.6327342309665,"[0.9009272444819357, -0.3558815832342035, 4.389309587194698]",,,,
4,20,2,gig,20,807.6686974732265,"[-4.906735786515702, -13.12536397653871, 16.7227762200944]",,,-4.906735786515702,1.9940077963277617e-06
4,20,3,poisson,20,349.9671871873378,[1.1889671637080659],,,,
4,20,3,gamma,20,371.0417802505844,"[2.992606498812773, 1.7217893807875804]",,,,
4,20,3,gammamix,20,377.12476322517125,"[-1.4649680223706867, 6.88532833374285, 6.907755278982137, 5.757029395864681, 5.194391114043163]",2.0,,,
4,20,3,lognormal,20,371.50418429436394,"[1.2453979458262512, -1.5017362106181793]",,,,
4,20,3,compoundgamma,20,371.90562152655156,"[9.210340371976184, 3.008239711065503, -4.932128217215036]",,21.251719652650618,,
4,20,3,logskewnormal,20,371.50418429436394,"[1.2453979458262512, -1.5017362106181793, 0.0]",,,,
4,20,3,gig,20,371.9072061225348,"[-21.21700507274523, -10.040708982412049, 15.01034728817014]",,,-21.21700507274523,4.358885836242107e-05
4,40,0,poisson,40,19765.096915069706,[1.6130423037458423],,,,
4,40,0,gamma,40,28824.813464487524,"[1.4213731415703776, -0.22555150878033192]",,,,
4,40,0,gammamix,40,28836.194307817124,"[-0.47411249063929223, 3.843201556433643, 1.4747562922780828, 2.5679560166403066, -0.5779628846326776]",2.0,,,
4,40,0,lognormal,40,28829.34506094724,"[1.5212481005080751, -0.7834906341204668]",,,,
4,40,0,compoundgamma,40,28832.392180822026,"[9.210340371976184, 1.6006419308738031, -5.990581715227723]",,5.956212949556712,,
4,40,0,logskewnormal,40,28836.022675916116,"[1.0182151573191591, -0.410069118990261, 5.88055119128237]",,,,
4,40,0,gig,40,28832.39484708653,"[-5.954823888087649, -11.984324055840295, 15.896903438964953]",,,-5.954823888087649,6.241287568014874e-06
4,40,1,poisson,40,1699.8256421520496,[1.5228623937717778],,,,
4,40,1,gamma,40,1804.6611522383525,"[2.245937956832678, 0.7989160635747306]",,,,
4,40,1,gammamix,40,1804.6611522383525,"[2.245937956832678, 0.7989160635747306]",1.0,,,
4,40,1,lognormal,40,1804.8917539707804,"[1.393353304050274, -1.1162740315204338]",,,,
4,40,1,compoundgamma,40,1804.8528700187903,"[3.3733852984498283, 2.5950764506239032, 0.6694250033019973]",,14.3976115780203,,
4,40,1,logskewnormal,40,1804.8917539740594,"[1.3933490701814042, -1.1162752219125809, -1.106332861145816e-06]",,,,
4,40,1,gig,40,1804.991869354875,"[-1.513118250297917, 2.173677748603322, 1.5558637379875577]",,,-1.513118250297917,8.790554111870383
4,40,2,poisson,40,1308.957889173995,[1.540445040947149],,,,
4,40,2,gamma,40,1667.6192715357333,"[1.2615092373805503, -0.2203264206403807]",,,,
4,40,2,gammamix,40,1684.812116384997,"[-1.942657988833017, 3.274472878101821, 3.182560306161165, 2.067909067379054, 0.7055711317176633]",2.0,,,
4,40,2,lognormal,40,1672.2367238546062,"[1.3336340059508764, -0.7025885003253048]",,,,
4,40,2,compoundgamma,40,1675.3672282505638,"[9.210340371976184, 1.4424815153866604, -6.319181373453754]",,5.231182544715571,,
4,40,2,logskewnormal,40,1678.0500647818099,"[0.8267510679299367, -0.37332224107430956, 4.637593235310425]",,,,
4,40,2,gig,40,1675.3695649505205,"[-5.230716613401673, -13.134531833378512, 16.718667090385868]",,,-5.230716613401673,1.975810560595302e-06
4,40,3,poisson,40,752.3028732369551,[1.1758538740619344],,,,
4,40,3,gamma,40,813.4383416810526,"[2.852036557357604, 1.5855376394225509]",,,,
4,40,3,gammamix,40,820.6898974257056,"[-1.577777671209465, 4.885050412038598, 6.907755278982137, 3.745776946256148, 5.1876328263812415]",2.0,,,
4,40,3,lognormal,40,814.1830663940161,"[1.2374051566305908, -1.4377746123122574]",,,,
4,40,3,compoundgamma,40,814.7828018184991,"[9.210340371976184, 2.888406129854311, -5.056675856834368]",,18.964653445716465,,
4,40,3,logskewnormal,40,815.8161848256589,"[0.9925505602105518, -1.1042471766013215, 2.5033906974855094]",,,,
4,40,3,gig,40,814.7848537190193,"[-18.93631919380576, -10.10376204761048, 14.948991700054437]",,,-18.93631919380576,4.092530231804477e-05
4,100,0,poisson,100,33645.82733017728,[1.647358820375135],,,,
4,100,0,gamma,100,46878.79815886642,"[1.1482628531570707, -0.5227020370303672]",,,,
4,100,0,gammamix,100,46912.439693361855,"[0.5637741810466227, -1.734483184150503, 5.2201246760004505, 2.2285317097918305, 3.0800537501683367, 4.129135368302882, 0.5729925986724547, 0.11260910481251689]",3.0,,,
4,100,0,lognormal,100,46892.02173709769,"[1.5039303293498811, -0.6536308288456902]",,,,
4,100,0,compoundgamma,100,46900.02313785778,"[9.076298064614512, 1.3130096938539215, -6.130278483210718]",,4.717344963043219,,
4,100,0,logskewnormal,100,46908.21031062208,"[0.9141363444242944, -0.2525952204520382, 9.329785362005891]",,,,
4,100,0,gig,100,46900.02898480882,"[-4.716168232421208, -12.181522838998246, 15.820359551228398]",,,-4.716168232421208,5.124268171206511e-06
4,100,1,poisson,100,3145.295134540275,[1.4363617001304487],,,,
4,100,1,gamma,100,3325.469607148329,"[2.5380210175385325, 1.1304650736756725]",,,,
4,100,1,gammamix,100,3325.469607148329,"[2.5380210175385325, 1.1304650736756725]",1.0,,,
4,100,1,lognormal,100,3326.0145532794977,"[1.3672666564562044, -1.263753425194957]",,,,
4,100,1,compoundgamma,100,3326.01429559879,"[3.9781707859503856, 2.774571548588564, 0.20394321712588906]",,17.031756695181947,,
4,100,1,logskewnormal,100,3326.0145532801616,"[1.3672678339684896, -1.2637578142384494, -6.402551042960364e-06]",,,,
4,100,1,gig,100,3326.164198178927,"[-4.09442254025171, 2.4409639615836545, 1.7036650687154773]",,,-4.09442254025171,11.484105645532361
4,100,2,poisson,100,2476.960468934975,[1.3529439254680784],,,,
4,100,2,gamma,100,3178.2957888355445,"[1.449160056546728, 0.017338470962004797]",,,,
4,100,2,gammamix,100,3227.5765521524213,"[-2.083145937759703, 3.851136352444869, 3.077935291618015, 2.6539884708936587, 0.6429446300176699]",2.0,,,
4,100,2,lognormal,100,3190.3001307904005,"[1.309345340992805, -0.8064183185617133]",,,,
4,100,2,compoundgamma,100,3198.669961713495,"[9.210340371976184, 1.6887253724319882, -6.121796889576699]",,6.4125772861988315,,
4,100,2,logskewnormal,100,3207.177606653801,"[0.8590563770553925, -0.4739868941372944, 7.178436847820374]",,,,
4,100,2,gig,100,3198.677537476645,"[-6.410952341652915, -13.038220310774795, 16.819592214727585]",,,-6.410952341652915,2.175569016680409e-06
4,100,3,poisson,100,1430.586488609301,[1.1965361297718506],,,,
4,100,3,gamma,100,1539.1992255557814,"[2.7828412981404864, 1.5257293800446208]",,,,
4,100,3,gammamix,100,1547.8607327963184,"[-1.2898934779812348, 4.639040610691255, 4.080333481098497, 3.5155350996417143, 2.440279636000586]",2.0,,,
4,100,3,lognormal,100,1540.9058861055073,"[1.2259953021004528, -1.3976720911430425]",,,,
4,100,3,compoundgamma,100,1542.1993197483673,"[9.210340371976184, 2.799845261567032, -5.153971047410192]",,17.442102349089993,,
4,100,3,logskewnormal,100,1544.5913894263826,"[0.9504068850293446, -1.0108867626767346, 3.462199341380164]",,,,
4,100,3,gig,100,1542.203151822245,"[-17.417500057126507, -10.15522375004003, 14.903240849022614]",,,-17.417500057126507,3.8872490210911e-05
4,400,0,poisson,400,155557.88695586633,[1.6683015859527006],,,,
4,400,0,gamma,400,210499.99698045515,"[0.9981746435842205, -0.7251747570437471]",,,,
4,400,0,gammamix,400,210650.05215533465,"[-0.18800607731526153, -1.50221593542872, 4.1444729064582875, 2.3448552502248523, 1.01687958462546, 2.9796140024389843, 0.589897024834608, -1.742191794211723]",3.0,,,
4,400,0,lognormal,400,210565.57829058895,"[1.5281668917089555, -0.6036006054186568]",,,,
4,400,0,compoundgamma,400,210602.12070664528,"[9.210340371976184, 1.2213391328132606, -6.319636294186375]",,4.391726666298647,,
4,400,0,logskewnormal,400,210640.88974991307,"[0.9219697565901479, -0.2084106133817614, 18.01945586908915]",,,,
4,400,0,gig,400,210602.14165137897,"[-4.390382844225841, -12.807300516858149, 16.39076060919738]",,,-4.390382844225841,2.740690897826005e-06
4,400,1,poisson,356,12387.21324521305,[1.3825339152990257],,,,
4,400,1,gamma,356,13632.812592244167,"[2.3871121264938284, 1.0434624544174638]",,,,
4,400,1,gammamix,356,13647.851900434505,"[0.6386078943779945, 6.403940614415589, 2.5572906245606166, 5.354598524400991, 1.089386218214517]",2.0,,,
4,400,1,lognormal,356,13636.613570581929,"[1.296979397957943, -1.198606162520121]",,,,
4,400,1,compoundgamma,356,13638.13242084859,"[9.210340371976184, 2.3820360597332226, -5.485431507020396]",,11.826924702855935,,
4,400,1,logskewnormal,356,13639.146143255966,"[0.9757992227669117, -0.8337852015774296, 2.386795288471601]",,,,
4,400,1,gig,356,13638.169085050096,"[-10.217913293287964, 1.684022352628976, 2.655867544359536]",,,-10.217913293287964,5.387181593069667
4,400,2,poisson,400,7734.940820804688,[1.2735417767374433],,,,
4,400,2,gamma,400,9894.726540582873,"[1.6066560962451228, 0.21963971396781418]",,,,
4,400,2,gammamix,400,10009.22535631173,"[-1.93696597553519, 3.356585764922533, 1.9484300686599163, 2.1636666131905447, -0.2556760774759073]",2.0,,,
4,400,2,lognormal,400,9932.853953082216,"[1.2837160583524494, -0.8700080578979907]",,,,
4,400,2,compoundgamma,400,9957.800766581595,"[9.210340371976184, 1.796947892917966, -6.047411065396123]",,7.031211441212999,,
4,400,2,logskewnormal,400,9981.285965385428,"[0.8345785316849792, -0.50296163718599, 10.764199734455358]",,,,
4,400,2,gig,400,9957.82449759431,"[-7.028740409934418, -14.208144983482292, 18.063799706661516]",,,-7.028740409934418,6.752755659833601e-07
4,400,3,poisson,400,7718.56782972299,[1.2196519018134033],,,,
4,400,3,gamma,400,8207.913720139974,"[2.853499075489861, 1.6063656540528402]",,,,
4,400,3,gammamix,400,8237.703762470399,"[-1.0934801203808266, 4.716619204705793, 2.7194159560408195, 3.5739358209695817, 1.2114908440533354]",2.0,,,
4,400,3,lognormal,400,8215.534230991425,"[1.2183710117451447, -1.4469052603817234]",,,,
4,400,3,compoundgamma,400,8221.271913807708,"[9.210340371976184, 2.9266629579634875, -5.038056618621867]",,19.66523976460685,,
4,400,3,logskewnormal,400,8231.51421992619,"[0.9582229959691877, -1.0704964635664462, 5.613214062299091]",,,,
4,400,3,gig,400,8221.28971618291,"[-19.63571447972781, -10.103252158623174, 14.967097773688481]",,,-19.63571447972781,4.094617499992201e-05
5,10,0,poisson,10,9756.823253071776,[1.6703416869166454],,,,
5,10,0,gamma,10,13036.366566586981,"[0.3803950689143533, -1.4980711308871864]",,,,
5,10,0,gammamix,10,13043.471720285223,"[-0.2427631327795826, 6.907755278982137, 0.33731664127396704, 5.788124423872603, -2.0559104569918585]",2.0,,,
5,10,0,lognormal,10,13038.978886491199,"[1.499160714551799, -0.34254231362732446]",,,,
5,10,0,compoundgamma,10,13040.740378302191,"[9.044010875924219, 0.7841306019411453, -6.548173173789217]",,3.190501694723321,,
5,10,0,logskewnormal,10,13040.768487168792,"[0.8739355219441877, -0.12590262323653603, 2.472528396214293]",,,,
5,10,0,gig,10,13040.741231672213,"[-3.179137802975683, -11.762137663779175, 14.947442858224612]",,,-3.179137802975683,7.794145649932223e-06
5,10,1,poisson,10,405.6296330500336,[1.4823182319263182],,,,
5,10,1,gamma,10,428.1137218665399,"[2.507678033901889, 1.0813796381083944]",,,,
5,10,1,gammamix,10,428.1137218665399,"[2.507678033901889, 1.0813796381083944]",1.0,,,
5,10,1,lognormal,10,427.9885955104652,"[1.3872781470536972, -1.2564105746767633]",,,,
5,10,1,compoundgamma,10,428.11342230468813,"[2.508817351337088, 9.21024036697585, 8.127721259018864]",,10000.0,,
5,10,1,logskewnormal,10,427.9885955104709,"[1.3872784738569712, -1.2564105643792065, 7.422911464818108e-08]",,,,
5,10,1,gig,10,428.1137218665559,"[12.276413834350958, -9.936851402936812, -11.711380708637108]",,,12.276413834350958,4.835932921667503e-05
5,10,2,poisson,10,179.70575421381614,[1.3482669655306514],,,,
5,10,2,gamma,10,189.61520666001024,"[2.3195480495940775, 1.026021891476383]",,,,
5,10,2,gammamix,10,189.61520666001024,"[2.3195480495940775, 1.026021891476383]",1.0,,,
5,10,2,lognormal,10,189.36175819264392,"[1.2491241394309776, -1.1621953765729733]",,,,
5,10,2,compoundgamma,10,189.61471478485385,"[2.3203869907112207, 9.21024036697585, 8.18338759639473]",,10000.0,,
5,10,2,logskewnormal,10,189.36175819320002,"[1.249124980746908, -1.1622057203046365, -3.3566062572835514e-06]",,,,
5,10,2,gig,10,189.61520666000808,"[10.171075548047778, -10.839798410842514, -12.558967420759679]",,,10.171075548047778,1.9603578912062184e-05
5,10,3,poisson,10,188.03228606088322,[1.2561747766497044],,,,
5,10,3,gamma,10,188.03213662840426,"[13.815510557964274, 12.55934001686683]",,,,
5,10,3,gammamix,10,188.03213662840426,"[13.815510557964274, 12.55934001686683]",1.0,,,
5,10,3,lognormal,10,188.0322836208984,"[1.2561766318238867, -8.965530243833548]",,,,
5,10,3,compoundgamma,10,188.00292868770322,"[9.209729918038121, 9.21024036697585, 1.2558399109345106]",,10000.0,,
5,10,3,logskewnormal,10,188.03228362277432,"[1.2561747397499599, -8.96563379544115, -1.5659651306728527e-06]",,,,
5,10,3,gig,10,188.0307929377741,"[-8.668573009873242, 11.51292542870042, 1.256214017205889]",,,-8.668573009873242,99999.99637301925
5,20,0,poisson,20,10112.57402379694,[1.6450168404003662],,,,
5,20,0,gamma,20,13452.184805844108,"[0.797951756446054, -0.8892183073315879]",,,,
5,20,0,gammamix,20,13452.184805844108,"[0.797951756446054, -0.8892183073315879]",1.0,,,
5,20,0,lognormal,20,13457.219930271625,"[1.445244526508613, -0.5849455053108432]",,,,
5,20,0,compoundgamma,20,13460.164184338944,"[9.210340371976184, 1.3375471340647802, -6.2997493995795395]",,4.809687382994792,,
5,20,0,logskewnormal,20,13460.649390744364,"[0.934362096698501, -0.3241415412236844, 3.089026201903484]",,,,
5,20,0,gig,20,13460.16573584306,"[-4.80916477733624, -12.805872772935938, 16.409444644124836]",,,-4.80916477733624,2.7446066973123116e-06
5,20,1,poisson,20,434.03642511116254,[1.3871868199029105],,,,
5,20,1,gamma,20,471.23420499601247,"[2.386909434955917, 1.0773613411353402]",,,,
5,20,1,gammamix,20,471.23420499601247,"[2.386909434955917, 1.0773613411353402]",1.0,,,
5,20,1,lognormal,20,471.31036776430045,"[1.2635453973103576, -1.1947265040190875]",,,,
5,20,1,compoundgamma,20,471.29424959201634,"[3.6158458403239906, 2.727089119571341, 0.42108753396031745]",,16.288319715681986,,
5,20,1,logskewnormal,20,471.31036776456045,"[1.2635449470513287, -1.194730310082652, -2.364736380044723e-06]",,,,
5,20,1,gig,20,471.350326553118,"[-1.577183064444605, 2.3404672422052877, 1.408340935846278]",,,-1.577183064444605,10.386088247964816
5,20,2,poisson,20,414.90291510317195,[1.2957255275147341],,,,
5,20,2,gamma,20,427.6002075663858,"[2.724073082248395, 1.4637157110578498]",,,,
5,20,2,gammamix,20,427.6002075663858,"[2.724073082248395, 1.4637157110578498]",1.0,,,
5,20,2,lognormal,20,427.46193549287943,"[1.2301771564859878, -1.3720884979576278]",,,,
5,20,2,compoundgamma,20,427.5997979447037,"[2.7255773561247323, 9.21024036697585, 7.745025829045078]",,10000.0,,
5,20,2,logskewnormal,20,427.4619354928798,"[1.2301771033572704, -1.372088503040118, -1.0749268950118457e-08]",,,,
5,20,2,gig,20,427.6002075663763,"[15.242282065545862, -10.621900758961791, -12.778763867514233]",,,15.242282065545862,2.437626222182017e-05
5,20,3,poisson,20,281.0548693619483,[1.0962187159746484],,,,
5,20,3,gamma,20,291.1408297458817,"[4.448603483080331, 3.2694210612654517]",,,,
5,20,3,gammamix,20,291.1408297458817,"[4.448603483080331, 3.2694210612654517]",1.0,,,
5,20,3,lognormal,20,291.1148650406649,"[1.172621762650343, -2.218749121694108]",,,,
5,20,3,compoundgamma,20,291.139920356469,"[4.46522850966946, 8.52579475255008, 5.239728425385289]",,5044.193304281828,,
5,20,3,logskewnormal,20,291.1148650415557,"[1.1726224685663387, -2.218737429480503, 3.468138153535935e-07]",,,,
5,20,3,gig,20,291.1408297458954,"[85.50750801559717, -6.907662981047533, -10.870231815530337]",,,85.50750801559717,0.0010000923021941893
5,40,0,poisson,40,28974.906510119137,[1.9040814537152218],,,,
5,40,0,gamma,40,36455.319292239605,"[0.7016824668765256, -1.066554936893475]",,,,
5,40,0,gammamix,40,36475.32198442322,"[-1.0887355354778052, 3.2401653221981506, 0.7529885861538276, 1.9812253090296037, -1.787461111979775]",2.0,,,
5,40,0,lognormal,40,36463.34254803409,"[1.5001251638710436, -0.47263774300112266]",,,,
5,40,0,compoundgamma,40,36468.45269317533,"[9.210340371976184, 0.9933400817735162, -6.54192763962452]",,3.7002384441889293,,
5,40,0,logskewnormal,40,36472.29501420069,"[0.8874238860253044, -0.15970271485969476, 6.650297698589398]",,,,
5,40,0,gig,40,36468.45516433174,"[-3.697268719616654, -12.938070254957974, 16.2987549159412]",,,-3.697268719616654,2.404736425118063e-06
5,40,1,poisson,40,976.3466392724935,[1.237438385037085],,,,
5,40,1,gamma,40,1092.1710847476818,"[2.4296023189451033, 1.14312016796028]",,,,
5,40,1,gammamix,40,1092.1710847476818,"[2.4296023189451033, 1.14312016796028]",1.0,,,
5,40,1,lognormal,40,1092.683698284041,"[1.2414028624135516, -1.2237983484294541]",,,,
5,40,1,compoundgamma,40,1092.9413703230007,"[9.210340371976184, 2.4384495877237438, -5.487422391737547]",,12.455266581780363,,
5,40,1,logskewnormal,40,1092.6836982839031,"[1.241396801409393, -1.2237986048839649, 2.9648864274118756e-05]",,,,
5,40,1,gig,40,1092.9418654031049,"[-12.442041824692115, -8.793276964266564, 13.208187042464003]",,,-12.442041824692115,0.0001517498731003451
5,40,2,poisson,40,601.9231581909514,[1.249657054413501],,,,
5,40,2,gamma,40,615.0514842830867,"[3.3084271218847343, 2.0742789824496146]",,,,
5,40,2,gammamix,40,615.0514842830867,"[3.3084271218847343, 2.0742789824496146]",1.0,,,
5,40,2,lognormal,40,615.1294827406533,"[1.2168402056707097, -1.6637895972486312]",,,,
5,40,2,compoundgamma,40,615.1661088292414,"[6.9459824313316645, 3.3697732968387477, -2.3407164311044095]",,30.071935610967657,,
5,40,2,logskewnormal,40,615.1294827414213,"[1.2168396245483666, -1.6637823186934682, 2.4457153787284854e-07]",,,,
5,40,2,gig,40,615.1680664623357,"[-26.872748086701364, 2.4076430669047046, 2.8188228921878995]",,,-26.872748086701364,11.107750044599689
5,40,3,poisson,40,595.5632861386315,[1.1316452887132256],,,,
5,40,3,gamma,40,610.975452405525,"[4.600743150134179, 3.4069100804219694]",,,,
5,40,3,gammamix,40,610.975452405525,"[4.600743150134179, 3.4069100804219694]",1.0,,,
5,40,3,lognormal,40,610.9339180330214,"[1.188507484940325, -2.2932206779193787]",,,,
5,40,3,compoundgamma,40,610.9739859849262,"[4.61867777987646, 8.593962800239561, 5.169111325776672]",,5399.966364449634,,
5,40,3,logskewnormal,40,610.9339180330215,"[1.1885074989635773, -2.293220678476403, 1.1294206443943194e-09]",,,,
5,40,3,gig,40,610.9754524055418,"[99.55824522087919, -6.90876424078681, -11.008821221427358]",,,99.55824522087919,0.0009989915470261443
5,100,0,poisson,100,37344.067718094535,[1.5721738048032625],,,,
5,100,0,gamma,100,55308.85832874801,"[0.7361573545642581, -1.008003640874108]",,,,
5,100,0,gammamix,100,55366.51653489168,"[-0.747192741445758, -1.8036626854852962, 3.9848710161694405, 2.5450629344412157, 1.0712449830527124, 2.8054886583512397, 0.8050338935403092, -1.967996455680356]",3.0,,,
5,100,0,lognormal,100,55331.31807179615,"[1.485765734459128, -0.5155735484050344]",,,,
5,100,0,compoundgamma,100,55344.65699579578,"[9.210340371976184, 1.1116345257900528, -6.456380956799336]",,4.039322187106076,,
5,100,0,logskewnormal,100,55356.265108984095,"[0.9043936306319403, -0.19475011441299914, 12.975803051182824]",,,,
5,100,0,gig,100,55344.66369625835,"[-4.038898230953312, -13.145378207129454, 16.592353497348423]",,,-4.038898230953312,1.954495982693454e-06
5,100,1,poisson,100,5365.981054375214,[1.3923074319619253],,,,
5,100,1,gamma,100,6133.119493382919,"[2.3759028498366632, 1.071865481106085]",,,,
5,100,1,gammamix,100,6140.843863212346,"[-0.3399443430720026, 4.361857220214324, 3.290293267987724, 3.3176537688950725, 1.7036808394984553]",2.0,,,
5,100,1,lognormal,100,6134.774708628302,"[1.2558708414029809, -1.1927685217163855]",,,,
5,100,1,compoundgamma,100,6135.772977192168,"[9.210340371976184, 2.364736135668988, -5.544124486755349]",,11.641230605837903,,
5,100,1,logskewnormal,100,6137.053022732792,"[0.9098483366758144, -0.7943867522282793, 2.9283060668866976]",,,,
5,100,1,gig,100,6135.774992603372,"[-11.629774637780802, -10.275220596755677, 14.633505021780076]",,,-11.629774637780802,3.4476914709488885e-05
5,100,2,poisson,100,1400.7121323744584,[1.2943909483763048],,,,
5,100,2,gamma,100,1616.37223347602,"[1.9889426587518915, 0.6989307547873367]",,,,
5,100,2,gammamix,100,1641.6067585981693,"[-2.751235999871738, 3.2772985526315503, 4.661215320610961, 2.091876756562554, 2.3845540876266353]",2.0,,,
5,100,2,lognormal,100,1623.3523979039435,"[1.2204585456295842, -1.0451847355895292]",,,,
5,100,2,compoundgamma,100,1628.2566145751996,"[9.210340371976184, 2.151903526734813, -5.779519443484916]",,9.60121546777306,,
5,100,2,logskewnormal,100,1632.9730360283604,"[0.8500232666990449, -0.6946431515717937, 4.961068651310627]",,,,
5,100,2,gig,100,1628.2632485919958,"[-9.596134765605896, -29.792606983847904, 33.91597469006028]",,,-9.596134765605896,1.1514237557169877e-13
5,100,3,poisson,100,1586.0450998670583,[1.1651098375876596],,,,
5,100,3,gamma,100,1650.4569724547327,"[3.8850582832964315, 2.690361240944642]",,,,
5,100,3,gammamix,100,1650.4569724547327,"[3.8850582832964315, 2.690361240944642]",1.0,,,
5,100,3,lognormal,100,1650.9523560025752,"[1.1841572537559188, -1.954624032641246]",,,,
5,100,3,compoundgamma,100,1651.35540572559,"[9.210340371976184, 3.935957551666827, -4.08069676713248]",,52.211163821535735,,
5,100,3,logskewnormal,100,1650.952356002492,"[1.1841556214853637, -1.9546263033933848, 1.4096634004283923e-05]",,,,
5,100,3,gig,100,1651.3589429651336,"[-51.97201437495629, -7.842418631416603, 13.660523170990592]",,,-51.97201437495629,0.00039271805085609816
5,400,0,poisson,400,217451.12684919097,[1.735481965139421],,,,
5,400,0,gamma,400,455587.5892924319,"[-0.08673510635351885, -2.2913127139049436]",,,,
5,400,0,gammamix,400,455957.868083704,"[0.4988930188844952, -0.48687758913415835, -3.122441005522087, 6.3052379114569925, 2.5172376563566328, 1.0266128046541239, -0.4136220398916854, 5.2308918748554145, 0.9700271150250707, -1.522771319574979, -5.971040273211897]",4.0,,,
5,400,0,lognormal,400,455819.49537547695,"[1.5697103240932686, -0.37044760339484994]",,,,
5,400,0,compoundgamma,400,455890.6000666483,"[9.177391950474266, 0.8585275057005428, -6.549993217227351]",,3.359683513747725,,
5,400,0,logskewnormal,400,455925.4686616114,"[0.8955299338984305, -0.040433058366429464, 24.261025769064727]",,,,
5,400,0,gig,400,455890.62340063136,"[-3.359356052119388, -13.319100177705073, 16.639490051207993]",,,-3.359356052119388,1.642813597772974e-06
5,400,1,poisson,356,22905.550517961216,[1.3548497369165176],,,,
5,400,1,gamma,356,26647.91121381829,"[2.3634709285234976, 1.069856069654837]",,,,
5,400,1,gammamix,356,26671.25298126407,"[0.2118736401559328, 5.673287534099721, 2.4232705882438075, 4.624451696653574, 0.9719360476326044]",2.0,,,
5,400,1,lognormal,356,26654.56747136527,"[1.245444543925589, -1.1937953897019702]",,,,
5,400,1,compoundgamma,356,26658.49712544045,"[9.210340371976184, 2.3836832798305427, -5.535707214535153]",,11.844773727418776,,
5,400,1,logskewnormal,356,26664.10241855454,"[0.8861947695265205, -0.7734198294180082, 4.4392433308277175]",,,,
5,400,1,gig,356,26658.504162578225,"[-11.830971910680118, -10.125354188736253, 14.491871872269565]",,,-11.830971910680118,4.0051109228692165e-05
5,400,2,poisson,400,9019.358615633722,[1.407139376862444],,,,
5,400,2,gamma,400,12233.23342086808,"[1.5355054757297362, 0.17336583346778464]",,,,
5,400,2,gammamix,400,12374.768654585569,"[-2.0434403280264544, 3.52720625413247, 1.6422580659867907, 2.361906754236298, -0.5986979057322701]",2.0,,,
5,400,2,lognormal,400,12280.143794878011,"[1.2505395514079376, -0.857197657554943]",,,,
5,400,2,compoundgamma,400,12309.957741539401,"[9.210340371976184, 1.7998042388308688, -6.078106408172782]",,7.048463294263529,,
5,400,2,logskewnormal,400,12335.013475387612,"[0.8067230607996688, -0.504771888861653, 11.400203880564659]",,,,
5,400,2,gig,400,12309.98507005037,"[-7.0465562106945105, -29.87787668605164, 33.702921906289475]",,,-7.0465562106945105,1.0573116664337424e-13
5,400,3,poisson,400,7732.715708575639,[1.2018090066700327],,,,
5,400,3,gamma,400,8641.167355314323,"[3.0718267214738773, 1.8393035543149607]",,,,
5,400,3,gammamix,400,8660.66682710652,"[-1.5150640501782928, 4.192234716427702, 2.7773230245973703, 3.0315041602526867, 1.278775355219115]",2.0,,,
5,400,3,lognormal,400,8647.081607011882,"[1.2092685802702101, -1.5523181942160897]",,,,
5,400,3,compoundgamma,400,8651.597857776524,"[9.210340371976184, 3.132684978777098, -4.8464061409151835]",,23.935478216431385,,
5,400,3,logskewnormal,400,8659.535875187612,"[0.9684698787485144, -1.160213784489598, 5.140584449432062]",,,,
5,400,3,gig,400,8651.614948826971,"[-23.88979006107262, -9.680159370169331, 14.735243719698692]",,,-23.88979006107262,6.251154050612179e-05
6,10,0,poisson,10,315.90827327211605,[1.167946982069174],,,,
6,10,0,gamma,10,408.9595595243759,"[1.627090398667275, 0.09241190073748197]",,,,
6,10,0,gammamix,10,413.78810002531645,"[0.005496341802454174, 6.907755278982137, 1.9407742386948992, 5.848186289017275, 0.09871558523405814]",2.0,,,
6,10,0,lognormal,10,409.7488197733789,"[1.430544560590727, -0.8542578379990529]",,,,
6,10,0,compoundgamma,10,410.3632890037587,"[9.210340371976184, 1.715158746840255, -5.979899010329708]",,6.557557687060699,,
6,10,0,logskewnormal,10,409.74881978771543,"[1.430530850736937, -0.8542255828992632, -5.916332459201054e-08]",,,,
6,10,0,gig,10,410.36398990606915,"[-6.555281601621787, -12.518951264875199, 16.442111600069953]",,,-6.555281601621787,3.656693387746434e-06
6,10,1,poisson,10,871.7534843790731,[1.5431485883981764],,,,
6,10,1,gamma,10,920.9242656131489,"[2.801122140001361, 1.4252927421838162]",,,,
6,10,1,gammamix,10,920.9242656131489,"[2.801122140001361, 1.4252927421838162]",1.0,,,
6,10,1,lognormal,10,921.0613451872564,"[1.3434077763901022, -1.4003116069897825]",,,,
6,10,1,compoundgamma,10,921.1631403779444,"[9.210340371976184, 2.782466525556153, -5.055331238473871]",,17.158827997507114,,
6,10,1,logskewnormal,10,921.0613451872638,"[1.3434081097183106, -1.400311832038244, 6.556386170919714e-08]",,,,
6,10,1,gig,10,921.1634801683994,"[-17.133024483386272, -9.737448532229177, 14.584001619133522]",,,-17.133024483386272,5.9030958447342815e-05
6,10,2,poisson,10,29.2117360883571,[1.1192315758708453],,,,
6,10,2,gamma,10,29.44106765575293,"[4.239690734946466, 3.129545542581407]",,,,
6,10,2,gammamix,10,29.44106765575293,"[4.239690734946466, 3.129545542581407]",1.0,,,
6,10,2,lognormal,10,29.444871347976704,"[1.1028009676852275, -2.110365108666304]",,,,
6,10,2,compoundgamma,10,29.447028522380258,"[7.388734710467824, 4.253587613121901, -2.0249175019933743]",,71.35737514621167,,
6,10,2,logskewnormal,10,29.444871347976704,"[1.1028009676852275, -2.110365108666304, 0.0]",,,,
6,10,2,gig,10,29.447202725757535,"[-68.34942242357599, -6.5972465162006415, 12.610524637709617]",,,-68.34942242357599,0.0013641189505697164
6,10,3,poisson,10,605.457174720287,[1.151553735849884],,,,
6,10,3,gamma,10,605.4552856702358,"[13.815510557964274, 12.663959202150966]",,,,
6,10,3,gammamix,10,605.4552856702358,"[13.815510557964274, 12.663959202150966]",1.0,,,
6,10,3,lognormal,10,605.4571734560153,"[1.1515537358517771, -10.563289667853555]",,,,
6,10,3,compoundgamma,10,605.1681931004003,"[9.210340371976184, 9.21024036697585, 1.1510367170137137]",,10000.0,,
6,10,3,logskewnormal,10,605.4571734560919,"[1.151553731056713, -10.56331902600182, -2.490049695494205e-08]",,,,
6,10,3,gig,10,605.4385706248431,"[-6.98034224574578, 11.512925464278114, 1.1515949150180156]",,,-6.98034224574578,99999.99993078856
6,20,0,poisson,20,992.5177356559296,[1.2951286754849627],,,,
6,20,0,gamma,20,1194.054879891467,"[1.8435856694954613, 0.34701468739813146]",,,,
6,20,0,gammamix,20,1194.054879891467,"[1.8435856694954613, 0.34701468739813146]",1.0,,,
6,20,0,lognormal,20,1195.0438363226012,"[1.4141869812806451, -0.9415320295098217]",,,,
6,20,0,compoundgamma,20,1195.701316742515,"[9.210340371976184, 1.8552672234578287, -5.865633142878947]",,7.3934064905595545,,
6,20,0,logskewnormal,20,1195.0438363227263,"[1.4141864170581173, -0.9415292363276525, 9.312898344514779e-07]",,,,
6,20,0,gig,20,1195.70211421617,"[-7.389486676675603, -12.464229157300226, 16.50146488620483]",,,-7.389486676675603,3.862371606609223e-06
6,20,1,poisson,20,1350.1568962257902,[1.5611624672592643],,,,
6,20,1,gamma,20,1412.0738345832435,"[2.6446619080637213, 1.2159360322977282]",,,,
6,20,1,gammamix,20,1412.0738345832435,"[2.6446619080637213, 1.2159360322977282]",1.0,,,
6,20,1,lognormal,20,1412.1756078147364,"[1.3921574324200208, -1.3167020675703367]",,,,
6,20,1,compoundgamma,20,1412.207168734268,"[9.210340371976184, 2.6024069649401764, -5.17956851896455]",,14.496183812675822,,
6,20,1,logskewnormal,20,1412.1756078149208,"[1.3921574333187865, -1.3167078346332903, -5.693675664297272e-08]",,,,
6,20,1,gig,20,1412.2343232976148,"[-6.341376076467529, 2.498384933563535, 1.8760761180346768]",,,-6.341376076467529,12.162834303694618
6,20,2,poisson,20,228.36363124552173,[1.3145504562610493],,,,
6,20,2,gamma,20,269.245909562474,"[1.9997112676305637, 0.730456770365967]",,,,
6,20,2,gammamix,20,269.245909562474,"[1.9997112676305637, 0.730456770365967]",1.0,,,
6,20,2,lognormal,20,270.95292122552814,"[1.1994163301427028, -1.0640412828630157]",,,,
6,20,2,compoundgamma,20,272.16480791929024,"[9.210340371976184, 2.2173577083914, -5.739054355991205]",,10.183034525941121,,
6,20,2,logskewnormal,20,272.40863445787187,"[0.8990799929418071, -0.8253506366385254, 1.8835139886403596]",,,,
6,20,2,gig,20,272.1665131717491,"[-10.178041747121553, -12.218155994200757, 16.382033104724744]",,,-10.178041747121553,4.939946809150975e-06
6,20,3,poisson,20,745.4355091899655,[1.148730149479243],,,,
6,20,3,gamma,20,745.0397914909562,"[4.826735377689017, 3.6681711290162293]",,,,
6,20,3,gammamix,20,745.0397914909562,"[4.826735377689017, 3.6681711290162293]",1.0,,,
6,20,3,lognormal,20,745.4355083899944,"[1.148730145898579, -10.563289668497687]",,,,
6,20,3,compoundgamma,20,745.2688663443678,"[9.208924538531459, 9.21024036697585, 1.149606779641039]",,10000.0,,
6,20,3,logskewnormal,20,745.435508390045,"[1.1487301458751258, -10.563319026645186, -8.309861540574534e-08]",,,,
6,20,3,gig,20,745.4238017536845,"[-7.113560219476468, 11.51292545584484, 1.1487493243769404]",,,-7.113560219476468,99999.9990874612
6,40,0,poisson,40,7213.650576299522,[1.4820992164873035],,,,
6,40,0,gamma,40,8864.513332731214,"[1.59992022866504, 0.017369758247377014]",,,,
6,40,0,gammamix,40,8871.333964526846,"[-2.906611717296725, 2.314724147294791, 2.4968555848046092, 0.8510676096065245, -0.18679513368999984]",2.0,,,
6,40,0,lognormal,40,8868.37314841289,"[1.4771287596444642, -0.8673012488800957]",,,,
6,40,0,compoundgamma,40,8870.61822435484,"[9.210340371976184, 1.7529844367205, -5.896429783774031]",,6.7718025767852,,
6,40,0,logskewnormal,40,8871.930910172488,"[1.0101176519419535, -0.4909589710460304, 3.525745650440611]",,,,
6,40,0,gig,40,8870.620224129747,"[-6.769668880859655, -12.484594205449785, 16.49126522045903]",,,-6.769668880859655,3.784509744144096e-06
6,40,1,poisson,40,1769.8401326513456,[1.4932664806720584],,,,
6,40,1,gamma,40,1917.4876538764659,"[2.338366660046711, 0.9263699965567301]",,,,
6,40,1,gammamix,40,1917.4876538764659,"[2.338366660046711, 0.9263699965567301]",1.0,,,
6,40,1,lognormal,40,1918.106276661148,"[1.3616513776030037, -1.1666621390431446]",,,,
6,40,1,compoundgamma,40,1918.481555250798,"[9.210340371976184, 2.297619089039468, -5.5027267652851055]",,10.950463062571105,,
6,40,1,logskewnormal,40,1918.1062766615776,"[1.3616498696584038, -1.166662404474308, -3.7467137885706264e-07]",,,,
6,40,1,gig,40,1918.482331082381,"[-10.94030689819444, -9.365190200665207, 13.764922346437286]",,,-10.94030689819444,8.565437961307293e-05
6,40,2,poisson,40,580.1573831360377,[1.2846699622846112],,,,
6,40,2,gamma,40,697.2189243989417,"[1.71152435241658, 0.4058098273381766]",,,,
6,40,2,gammamix,40,714.5919222436355,"[-2.5098989641499463, 3.89451298485802, 3.7011974035062463, 2.7458162055154087, 1.3215505074906833]",2.0,,,
6,40,2,lognormal,40,701.5481969592824,"[1.2115332356693695, -0.9313428312991664]",,,,
6,40,2,compoundgamma,40,704.6117476847423,"[9.210340371976184, 1.9519285667068285, -5.976955958405742]",,8.042255953000083,,
6,40,2,logskewnormal,40,707.1552645571451,"[0.8187772101894221, -0.6173245767602248, 4.154738361570954]",,,,
6,40,2,gig,40,704.6151908307909,"[-8.039560713600112, -12.586457540953482, 16.51258939928457]",,,-8.039560713600112,3.417991223672116e-06
6,40,3,poisson,40,851.602947761889,[1.1381575191047841],,,,
6,40,3,gamma,40,870.9307214317192,"[3.6941036895829655, 2.5185419532973974]",,,,
6,40,3,gammamix,40,870.9307214317192,"[3.6941036895829655, 2.5185419532973974]",1.0,,,
6,40,3,lognormal,40,871.0852510045411,"[1.162668567414608, -1.8457505333937911]",,,,
6,40,3,compoundgamma,40,871.1994244148544,"[9.210340371976184, 3.6918999345953765, -4.343740871350889]",,41.1210018691549,,
6,40,3,logskewnormal,40,871.0852510045478,"[1.1626684367506566, -1.8457505290345446, -1.646252994284964e-08]",,,,
6,40,3,gig,40,871.2002293359118,"[-40.96410933376702, -8.626936721840572, 14.182758641101875]",,,-40.96410933376702,0.0001792127837924149
6,100,0,poisson,100,38165.58441235798,[1.5412252990393518],,,,
6,100,0,gamma,100,49049.10222283934,"[1.1400282705795826, -0.5551085171827351]",,,,
6,100,0,gammamix,100,49088.281083731184,"[0.8888151524228498, -1.1871221497957638, 6.657497536201331, 2.4541775432285045, 2.4523722534824257, 5.55495945046741, 0.8740881884448107, -0.4495938656979954]",3.0,,,
6,100,0,lognormal,100,49063.77903429349,"[1.5259593637176536, -0.6636116760768896]",,,,
6,100,0,compoundgamma,100,49072.95443719338,"[9.210340371976184, 1.360106996350083, -6.201620476811591]",,4.8966102025607565,,
6,100,0,logskewnormal,100,49081.68637691023,"[0.9526598087661752, -0.27333875360590726, 9.382544559106472]",,,,
6,100,0,gig,100,49072.96046841848,"[-4.8935915088280035, -11.94299385349259, 15.644159335114685]",,,-4.8935915088280035,6.504646088887232e-06
6,100,1,poisson,100,2971.311932332518,[1.4487708703115116],,,,
6,100,1,gamma,100,3240.973459277947,"[2.3974074059581825, 1.032991239920653]",,,,
6,100,1,gammamix,100,3248.4267989555105,"[0.2524032081304295, 6.907755278982137, 2.872807052180891, 5.863539102433096, 1.3246670491887316]",2.0,,,
6,100,1,lognormal,100,3242.4219626627664,"[1.3170971251061117, -1.2016224775545288]",,,,
6,100,1,compoundgamma,100,3243.2725593533664,"[9.210340371976184, 2.382936380908821, -5.465600535228858]",,11.836676801784373,,
6,100,1,logskewnormal,100,3244.506680229732,"[0.9716532797743866, -0.8022473801733738, 3.038427163515903]",,,,
6,100,1,gig,100,3243.274311968386,"[-11.824791696927846, -10.171731270348051, 14.608519329237298]",,,-11.824791696927846,3.823606910837119e-05
6,100,2,poisson,100,1922.5483686643106,[1.3171475368961252],,,,
6,100,2,gamma,100,2342.1110764244127,"[1.7504024858684368, 0.4112798082235054]",,,,
6,100,2,gammamix,100,2375.135968625401,"[-2.178872727969417, 3.7670840574508078, 3.170365464734493, 2.601630065298355, 0.9422772426731271]",2.0,,,
6,100,2,lognormal,100,2350.3442780748333,"[1.249739455347302, -0.9326993158070286]",,,,
6,100,2,compoundgamma,100,2356.11075497143,"[9.210340371976184, 1.9243691934681162, -5.9637383076440535]",,7.850825756946643,,
6,100,2,logskewnormal,100,2361.9791954167804,"[0.8403380334521486, -0.5880885935332946, 5.7423068187447095]",,,,
6,100,2,gig,100,2356.1172131401095,"[-7.847729034363099, -12.581839508453085, 16.52112433314237]",,,-7.847729034363099,3.4338121208210608e-06
6,100,3,poisson,100,1559.743498542518,[1.1126493932213288],,,,
6,100,3,gamma,100,1672.6604091977688,"[3.1896125245325955, 1.974342747635644]",,,,
6,100,3,gammamix,100,1672.6604091977688,"[3.1896125245325955, 1.974342747635644]",1.0,,,
6,100,3,lognormal,100,1673.6076048420132,"[1.1941479152009764, -1.6015961114287023]",,,,
6,100,3,compoundgamma,100,1674.3286531673757,"[9.210340371976184, 3.2154097873098584, -4.78102737527378]",,25.913499055400486,,
6,100,3,logskewnormal,100,1675.1631771907544,"[0.9935298799957112, -1.2784940646802467, 2.0738428071841057]",,,,
6,100,3,gig,100,1674.3317739827125,"[-25.856219177006576, -8.930552530855724, 14.05070773593611]",,,-25.856219177006576,0.00013228491283748137
6,400,0,poisson,400,132518.03035634704,[1.5143055698752912],,,,
6,400,0,gamma,400,201732.2481696941,"[0.3786405664179004, -1.54614789710175]",,,,
6,400,0,gammamix,400,202000.41928822407,"[-0.23360453953157878, -1.940011105959009, 3.870528939177838, 1.9957289907909996, -0.06896345599998514, 2.674089585073423, 0.1792722603969824, -3.6342744207710456]",3.0,,,
6,400,0,lognormal,400,201897.69141728693,"[1.5447776552363237, -0.49505893639195564]",,,,
6,400,0,compoundgamma,400,201956.67697594556,"[9.210340371976184, 1.090986729077816, -6.415291652785566]",,3.9772103236797993,,
6,400,0,logskewnormal,400,201994.9310329516,"[0.9180561075797589, -0.13954830544497634, 24.59651148785289]",,,,
6,400,0,gig,400,201956.7017981902,"[-3.975668575371402, -12.79105484019364, 16.278794887320313]",,,-3.975668575371402,2.785578906789193e-06
6,400,1,poisson,356,17357.625681324134,[1.4375173463394282],,,,
6,400,1,gamma,356,19882.65503608962,"[2.370777655437458, 1.0335439268328541]",,,,
6,400,1,gammamix,356,19904.21956333334,"[-0.025452323120140008, 4.735551345146299, 2.7909977916514217, 3.6694027878671607, 1.2421199015499629]",2.0,,,
6,400,1,lognormal,356,19888.678417573617,"[1.2891682157739335, -1.1924556423942914]",,,,
6,400,1,compoundgamma,356,19892.168726577074,"[9.210340371976184, 2.36972560060807, -5.505669240571813]",,11.694457328866436,,
6,400,1,logskewnormal,356,19897.616296082208,"[0.9161292912167239, -0.7487925986745291, 4.815034349562532]",,,,
6,400,1,gig,356,19892.175236595984,"[-11.689285891396258, -10.202709878727088, 14.6000391977437]",,,-11.689285891396258,3.706972798410141e-05
6,400,2,poisson,400,6218.375069290229,[1.298658809341061],,,,
6,400,2,gamma,400,7712.236372890728,"[1.6817437113838876, 0.3577514611371263]",,,,
6,400,2,gammamix,400,7825.538682876297,"[-2.0085954450225296, 3.4673787541136663, 1.9344564404496376, 2.3220146655153813, -0.20293570461942206]",2.0,,,
6,400,2,lognormal,400,7748.48457677518,"[1.228138920019959, -0.9045290240448057]",,,,
6,400,2,compoundgamma,400,7772.6876335799325,"[9.210340371976184, 1.8709028500569274, -6.034851693416301]",,7.4941570032853955,,
6,400,2,logskewnormal,400,7795.709322890139,"[0.7945252646197993, -0.5390541928842397, 10.715050754310058]",,,,
6,400,2,gig,400,7772.712304875601,"[-7.491309209794322, -12.615836899817037, 16.484023995304803]",,,-7.491309209794322,3.319033606403937e-06
6,400,3,poisson,400,5480.395467996041,[1.1304669682425377],,,,
6,400,3,gamma,400,5868.790785400184,"[3.227694785755878, 1.999808714184224]",,,,
6,400,3,gammamix,400,5890.769591334378,"[-0.8274837249116401, 5.605977596490652, 3.72171362511569, 4.508784739449798, 2.2572749266433574]",2.0,,,
6,400,3,lognormal,400,5872.612232914407,"[1.2077507766726103, -1.6185156799723797]",,,,
6,400,3,compoundgamma,400,5875.642803327128,"[9.210340371976184, 3.245449328111049, -4.737780257786518]",,26.673243178819064,,
6,400,3,logskewnormal,400,5884.685992487802,"[0.9700382055967696, -1.189490204003305, 6.150375941050362]",,,,
6,400,3,gig,400,5875.656887175548,"[-26.612526141671637, -9.216481072468216, 14.379818093682227]",,,-26.612526141671637,9.938781150759435e-05
7,10,0,poisson,10,915.5949526004077,[1.6087732397609094],,,,
7,10,0,gamma,10,989.5063891370221,"[1.7965511609911171, -0.06281609270899613]",,,,
7,10,0,gammamix,10,989.5063891370221,"[1.7965511609911171, -0.06281609270899613]",1.0,,,
7,10,0,lognormal,10,990.2586463246147,"[1.7728198187048505, -0.938706499391929]",,,,
7,10,0,compoundgamma,10,990.8486618598347,"[9.210340371976184, 1.8930202485783918, -5.47238343646437]",,7.639391040923668,,
7,10,0,logskewnormal,10,990.2586463260429,"[1.7728207447464737, -0.9386921944750665, -3.0318998547935625e-06]",,,,
7,10,0,gig,10,990.8494298082036,"[-7.636341988853026, -11.800619099009584, 16.231255088667105]",,,-7.636341988853026,7.499913288594453e-06
7,10,1,poisson,10,85.73660763096461,[1.1880188763836943],,,,
7,10,1,gamma,10,91.85105958379265,"[2.9038152498758762, 1.6208403323019056]",,,,
7,10,1,gammamix,10,91.85105958379265,"[2.9038152498758762, 1.6208403323019056]",1.0,,,
7,10,1,lognormal,10,91.99330351720782,"[1.2548710254248394, -1.440971609404422]",,,,
7,10,1,compoundgamma,10,92.11006999752951,"[9.210340371976184, 2.8551577577000056, -5.072253798637347]",,18.37717837512348,,
7,10,1,logskewnormal,10,91.9933035172093,"[1.2548711026680748, -1.4409721222893506, -6.296581509155521e-08]",,,,
7,10,1,gig,10,92.11047892713431,"[-18.3480847804251, -10.114125879127133, 14.94367965080078]",,,-18.3480847804251,4.050334967986348e-05
7,10,2,poisson,10,197.3150456971114,[1.3922764327974382],,,,
7,10,2,gamma,10,239.16370161560036,"[1.7028078700042404, 0.3278303160704508]",,,,
7,10,2,gammamix,10,244.34254191024962,"[-1.2410339840342797, 6.907755278982137, 1.935365020241509, 5.786751292488049, -0.025933244167118716]",2.0,,,
7,10,2,lognormal,10,240.08447142529997,"[1.2808785286348225, -0.9134714791939615]",,,,
7,10,2,compoundgamma,10,240.78238190209146,"[9.210340371976184, 1.8917698995774237, -5.963237655930661]",,7.631094672727315,,
7,10,2,logskewnormal,10,240.08447142529997,"[1.2808785286348225, -0.9134714791939615, 0.0]",,,,
7,10,2,gig,10,240.78320455032264,"[-7.628537014166094, -12.598056170357399, 16.53790323364384]",,,-7.628537014166094,3.3785762319717615e-06
7,10,3,poisson,10,86.84027996427292,[1.2340708354832155],,,,
7,10,3,gamma,10,88.01441852928573,"[3.6364808746016277, 2.3903864193225095]",,,,
7,10,3,gammamix,10,88.01441852928573,"[3.6364808746016277, 2.3903864193225095]",1.0,,,
7,10,3,lognormal,10,88.01941477862434,"[1.2333921634504814, -1.823536101944092]",,,,
7,10,3,compoundgamma,10,88.02025932380928,"[6.553296399491716, 3.7167315330804316, -1.5898699961260805]",,42.12974297277411,,
7,10,3,logskewnormal,10,88.0194147793748,"[1.2333935107893867, -1.823554035700675, 4.0777720624666235e-06]",,,,
7,10,3,gig,10,88.02080465110043,"[-22.437828949740197, 3.4533421037879415, 1.8871557552918026]",,,-22.437828949740197,31.605846009654474
7,20,0,poisson,20,4324.220554596006,[1.8780143258062958],,,,
7,20,0,gamma,20,6055.909162704567,"[0.9258770034673544, -1.0223626856437356]",,,,
7,20,0,gammamix,20,6065.380977667888,"[-1.231841380355238, 3.197997188698324, 1.3730246667945607, 1.709092197211329, -1.3802820962715816]",2.0,,,
7,20,0,lognormal,20,6059.0265173922235,"[1.7351940585111498, -0.554471336048363]",,,,
7,20,0,compoundgamma,20,6061.072567236632,"[8.989867453006697, 1.1168864634260223, -5.984156944162366]",,4.055326507748289,,
7,20,0,logskewnormal,20,6062.032617889732,"[1.1500761087771647, -0.2393607673540492, 3.2427675411556756]",,,,
7,20,0,gig,20,6061.0740143161565,"[-4.05690698778515, -12.31379508427276, 16.012986059805396]",,,-4.05690698778515,4.489383888273582e-06
7,20,1,poisson,20,153.08049080801095,[1.1837700970084166],,,,
7,20,1,gamma,20,166.27844697537574,"[2.755221655901104, 1.5107240096980292]",,,,
7,20,1,gammamix,20,166.27844697537574,"[2.755221655901104, 1.5107240096980292]",1.0,,,
7,20,1,lognormal,20,166.43281803517587,"[1.212408082977599, -1.374847184748092]",,,,
7,20,1,compoundgamma,20,166.5297282290332,"[9.210340371976184, 2.7373928248699078, -5.2283671988551745]",,16.446660403566504,,
7,20,1,logskewnormal,20,166.43281803517587,"[1.212408082977599, -1.374847184748092, 0.0]",,,,
7,20,1,gig,20,166.53000290178656,"[-16.422935251044773, -9.590045908521073, 14.26362876870047]",,,-16.422935251044773,6.840628110570147e-05
7,20,2,poisson,20,229.6144848780343,[1.2962767546813345],,,,
7,20,2,gamma,20,270.99206977785036,"[2.155222574743184, 0.8981658705566596]",,,,
7,20,2,gammamix,20,280.8629786299418,"[-2.0626906603794435, 6.907755278982137, 1.8910077313807987, 5.7774126512700885, -0.06415519201642947]",2.0,,,
7,20,2,lognormal,20,272.8006222062595,"[1.197248970928783, -1.1488719440959216]",,,,
7,20,2,compoundgamma,20,274.16512796679126,"[9.210340371976184, 2.408800285286265, -5.559296708860877]",,12.120611577494921,,
7,20,2,logskewnormal,20,275.03126058174433,"[0.913236069573557, -0.9028522559791622, 2.4456245131486183]",,,,
7,20,2,gig,20,274.1675144185593,"[-12.114313886833273, -12.400185704709825, 16.743796373093705]",,,-12.114313886833273,4.117823937227809e-06
7,20,3,poisson,20,214.5468470051115,[1.2645460505611732],,,,
7,20,3,gamma,20,225.08146077811477,"[3.0269021124342284, 1.799438740790294]",,,,
7,20,3,gammamix,20,225.08146077811477,"[3.0269021124342284, 1.799438740790294]",1.0,,,
7,20,3,lognormal,20,225.2193386996697,"[1.2028943796574836, -1.5215116703035219]",,,,
7,20,3,compoundgamma,20,225.3145114071328,"[9.210340371976184, 3.055541325839087, -4.928312843126356]",,22.232676212795806,,
7,20,3,logskewnormal,20,225.2193386996709,"[1.2028945057099718, -1.5215113095795119, 1.9266797434781983e-08]",,,,
7,20,3,gig,20,225.3148903784642,"[-22.190373256432096, -9.13551307659355, 14.10869311809382]",,,-22.190373256432096,0.0001077698011388824
7,40,0,poisson,40,5625.801486355949,[1.5918158517100724],,,,
7,40,0,gamma,40,8054.6521466245595,"[1.0326167291900943, -0.6999259274670633]",,,,
7,40,0,gammamix,40,8070.495895759339,"[-1.527171063444139, 2.8193835889169736, 1.2312320954666442, 1.4408756024904286, -1.3594936108003182]",2.0,,,
7,40,0,lognormal,40,8061.138902685963,"[1.5430081458519955, -0.6218999289751086]",,,,
7,40,0,compoundgamma,40,8065.197198674301,"[9.210340371976184, 1.2870617790396328, -6.248603385841577]",,4.622128291985016,,
7,40,0,logskewnormal,40,8068.46909981128,"[0.9719413271640718, -0.2685452921365508, 5.813448150679392]",,,,
7,40,0,gig,40,8065.1997149986455,"[-4.621312434811934, -13.361431425772803, 17.01606953371189]",,,-4.621312434811934,1.574722603795365e-06
7,40,1,poisson,40,313.5754612863266,[1.179802443398123],,,,
7,40,1,gamma,40,346.58556698495624,"[2.7755335078683254, 1.561418984117212]",,,,
7,40,1,gammamix,40,346.58556698495624,"[2.7755335078683254, 1.561418984117212]",1.0,,,
7,40,1,lognormal,40,346.3963488914024,"[1.1824779940540833, -1.3825771613091773]",,,,
7,40,1,compoundgamma,40,346.58515641477095,"[2.7770663254492005, 9.21024036697585, 7.6472891101256835]",,10000.0,,
7,40,1,logskewnormal,40,346.39634889140166,"[1.182477980091754, -1.382576985567313, 6.870175045332533e-08]",,,,
7,40,1,gig,40,346.58556698492833,"[16.04718632696787, -9.662727794928495, -11.9172939571408]",,,16.04718632696787,6.3610767926505e-05
7,40,2,poisson,40,553.0280397949924,[1.3161967065723228],,,,
7,40,2,gamma,40,774.1970191317976,"[1.4803247792892473, 0.1917714737494062]",,,,
7,40,2,gammamix,40,798.4394784757148,"[-2.0082901862866547, 6.907755278982137, 1.1962284956414748, 5.828433465478986, -0.9859370576847254]",2.0,,,
7,40,2,lognormal,40,780.3299965096793,"[1.170052584450671, -0.8605896969765027]",,,,
7,40,2,compoundgamma,40,784.3323142168236,"[9.210340371976184, 1.8661648103372332, -6.097050623979237]",,7.463460208201147,,
7,40,2,logskewnormal,40,786.655862833815,"[0.7765469894698095, -0.5827882309439519, 3.9969064028145564]",,,,
7,40,2,gig,40,784.3360889508633,"[-7.461694037519696, -12.911216721721653, 16.717359038862686]",,,-7.461694037519696,2.470186950513399e-06
7,40,3,poisson,40,598.8110858127754,[1.150834026653092],,,,
7,40,3,gamma,40,635.7630594012874,"[3.0429215931343148, 1.8229559604122971]",,,,
7,40,3,gammamix,40,635.7630594012874,"[3.0429215931343148, 1.8229559604122971]",1.0,,,
7,40,3,lognormal,40,635.7923492996376,"[1.1966314019883872, -1.5247303194455972]",,,,
7,40,3,compoundgamma,40,635.7764918609296,"[4.213612435747782, 3.4257550008755735, 0.4326183779291227]",,31.745849233827958,,
7,40,3,logskewnormal,40,635.7923492996376,"[1.1966314019883872, -1.5247303194455972, 0.0]",,,,
7,40,3,gig,40,635.804276239267,"[2.164266220269131, 3.018503126937735, 1.0934526904828954]",,,2.164266220269131,20.460641766900558
7,100,0,poisson,100,24700.355326945526,[1.6559996634251062],,,,
7,100,0,gamma,100,32458.414414596515,"[0.8691391811926795, -0.8869444842345059]",,,,
7,100,0,gammamix,100,32509.862978595036,"[-0.2934130982951556, -1.3572812950318425, 4.30666181884253, 3.630099599360039, 1.277760842455152, 3.1519785401266214, 1.975746382177281, -1.5880904855768763]",3.0,,,
7,100,0,lognormal,100,32477.279800849337,"[1.5316526436181295, -0.5548261642614041]",,,,
7,100,0,compoundgamma,100,32488.862144400246,"[9.210340371976184, 1.1629507156393297, -6.367035378809969]",,4.1993597627236845,,
7,100,0,logskewnormal,100,32498.760711187635,"[0.9231224972936959, -0.19091072812588306, 11.43869589438768]",,,,
7,100,0,gig,100,32488.86838020951,"[-4.194489493990823, -12.890739606833215, 16.425951738940093]",,,-4.194489493990823,2.521290695433317e-06
7,100,1,poisson,100,1047.3968207341645,[1.2046896268778904],,,,
7,100,1,gamma,100,1175.19702824768,"[2.6236914285260355, 1.3859339330229494]",,,,
7,100,1,gammamix,100,1175.19702824768,"[2.6236914285260355, 1.3859339330229494]",1.0,,,
7,100,1,lognormal,100,1175.5813346111242,"[1.2011852095112276, -1.3132791020579186]",,,,
7,100,1,compoundgamma,100,1175.6247778153775,"[3.9267011851590006, 2.9405194097066234, 0.25116301311637335]",,19.92567393849991,,
7,100,1,logskewnormal,100,1175.5813346244688,"[1.2011872568827273, -1.3132943790911633, -8.571947551104037e-07]",,,,
7,100,1,gig,100,1175.6205416424477,"[-7.852997652699945, 2.437408017075811, 1.823325340192178]",,,-7.852997652699945,11.443341323921926
7,100,2,poisson,100,1470.8282837729078,[1.3251886543826903],,,,
7,100,2,gamma,100,1903.0438988774665,"[1.5937971871275574, 0.26712808598894333]",,,,
7,100,2,gammamix,100,1942.719594498205,"[-2.403154987843938, 3.5316373760943516, 2.4793277255128308, 2.3813128107058663, 0.10592151030366762]",2.0,,,
7,100,2,lognormal,100,1914.8415470300174,"[1.221297987722551, -0.8840915298910922]",,,,
7,100,2,compoundgamma,100,1922.7199889899982,"[9.210340371976184, 1.8629640063684734, -6.049258332988437]",,7.442805013364242,,
7,100,2,logskewnormal,100,1929.6673285462357,"[0.8041562057559722, -0.5549432305491204, 6.649263298697666]",,,,
7,100,2,gig,100,1922.7278224228892,"[-7.440500841658925, -13.669994397044087, 17.523848806234817]",,,-7.440500841658925,1.156636426740125e-06
7,100,3,poisson,100,1237.7949566177847,[1.120209280044458],,,,
7,100,3,gamma,100,1290.9216547802835,"[3.497482718227678, 2.304373543904697]",,,,
7,100,3,gammamix,100,1290.9216547802835,"[3.497482718227678, 2.304373543904697]",1.0,,,
7,100,3,lognormal,100,1291.5773854290019,"[1.1779406107467578, -1.7509487513090138]",,,,
7,100,3,compoundgamma,100,1292.1259260138008,"[9.210340371976184, 3.5103629646346373, -4.506992261840511]",,34.46041052579998,,
7,100,3,logskewnormal,100,1293.3726956670912,"[0.9977576105468683, -1.405208049372709, 2.4593157511090484]",,,,
7,100,3,gig,100,1292.1292805913972,"[-34.357016527689765, -9.660980005876269, 15.054379354315602]",,,-34.357016527689765,6.3722043344943e-05
7,400,0,poisson,400,637664.5418108591,[2.3749467236431085],,,,
7,400,0,gamma,400,1801384.7094393582,"[-0.3526042995223042, -2.777933292720474]",,,,
7,400,0,gammamix,400,1801845.5593149092,"[0.32681155089336245, -0.7685339703640321, -3.817439411422273, 5.668277142237177, 2.5912182832059165, 1.0241688236270172, -0.21237691787211763, 4.580912322040281, 1.0042114513465996, -1.6425226588871573, -6.80511450864079]",4.0,,,
7,400,0,lognormal,400,1801682.60188525,"[1.5665286332437867, -0.35705057760334774]",,,,
7,400,0,compoundgamma,400,1801762.8541540063,"[9.132501012695652, 0.8799564385697624, -6.491136974332256]",,3.410794686465265,,
7,400,0,logskewnormal,400,1801797.4040200461,"[0.8981998012294259, -0.038337877048141705, 28.276400337442713]",,,,
7,400,0,gig,400,1801762.880383113,"[-3.4156332526029063, -13.004279805372095, 16.340187641277744]",,,-3.4156332526029063,2.2506763084682215e-06
7,400,1,poisson,356,12402.154586073326,[1.399322383478438],,,,
7,400,1,gamma,356,14166.826837628169,"[2.4728467828723257, 1.168090894888453]",,,,
7,400,1,gammamix,356,14182.279983588163,"[0.42741272972498445, 5.975516464487232, 2.4540322365655087, 4.902928486696994, 1.028813268441078]",2.0,,,
7,400,1,lognormal,356,14172.51564106515,"[1.2613096348607196, -1.2469449473652559]",,,,
7,400,1,compoundgamma,356,14175.72635124562,"[9.210340371976184, 2.491221815090491, -5.417189710893887]",,13.076021776017106,,
7,400,1,logskewnormal,356,14178.823568445345,"[0.9341737716138201, -0.8495144175749775, 3.198071613415269]",,,,
7,400,1,gig,356,14175.732254210028,"[-13.061712920113267, -10.54638590681741, 15.031496587323788]",,,-13.061712920113267,2.6288317819949313e-05
7,400,2,poisson,400,7191.086347282736,[1.3202871168396015],,,,
7,400,2,gamma,400,9126.123346006183,"[1.690773844207259, 0.3585739435770493]",,,,
7,400,2,gammamix,400,9247.358938851889,"[-2.2571485882059052, 3.4462978438091247, 2.456293507480052, 2.2821642803747784, 0.2055518119359244]",2.0,,,
7,400,2,lognormal,400,9163.501042022112,"[1.2371629120570373, -0.9146566446965051]",,,,
7,400,2,compoundgamma,400,9188.215998576954,"[9.210340371976184, 1.8995054699113887, -5.999282410930036]",,7.6825888837247325,,
7,400,2,logskewnormal,400,9211.438721325918,"[0.8161552847607445, -0.5609071228817043, 10.403224399213668]",,,,
7,400,2,gig,400,9188.241608032524,"[-7.679684743729253, -13.65130929862346, 17.555067105752823]",,,-7.679684743729253,1.178451465592692e-06
7,400,3,poisson,400,6380.620637503258,[1.1621298599289356],,,,
7,400,3,gamma,400,6897.355520448109,"[2.8721907263116337, 1.6273813118054468]",,,,
7,400,3,gammamix,400,6934.025228796265,"[0.2909138664436116, -4.052468527342799, 6.2540701156248675, 3.1134862828135055, 6.907755278982137, 5.18146781974113, 1.782774277215142, 4.5314112331926895]",3.0,,,
7,400,3,lognormal,400,6907.467177281686,"[1.2162032434844787, -1.4507038369716674]",,,,
7,400,3,compoundgamma,400,6915.064098589979,"[9.210340371976184, 2.9310077333936286, -5.036378105282909]",,19.746512467706395,,
7,400,3,logskewnormal,400,6924.612224863352,"[0.9470966071620321, -1.048945621156166, 5.557235364850038]",,,,
7,400,3,gig,400,6915.085861506218,"[-19.716985264193866, -10.60322254922248, 15.46875134180789]",,,-19.716985264193866,2.4835845899037562e-05
8,10,0,poisson,10,3947.3161638343995,[1.1387359821395473],,,,
8,10,0,gamma,10,4923.860927222751,"[1.321347976084947, -0.23080728569789577]",,,,
8,10,0,gammamix,10,4932.024973699979,"[-0.7174411978824664, 6.907755278982137, 1.3963673017105231, 5.79619082493277, -0.6512465499698875]",2.0,,,
8,10,0,lognormal,10,4925.2235531555725,"[1.4079927681649418, -0.7560394272354783]",,,,
8,10,0,compoundgamma,10,4926.271474487142,"[9.210340371976184, 1.6107673290762046, -6.0985359500349885]",,6.0066515035406445,,
8,10,0,logskewnormal,10,4925.223553155678,"[1.4079947189044857, -0.7560392365902232, 7.307950514523037e-07]",,,,
8,10,0,gig,10,4926.272442131095,"[-6.005491794625846, -10.482854951987797, 14.287548940760496]",,,-6.005491794625846,2.8012633531687975e-05
8,10,1,poisson,10,88.2659851844769,[1.2024449201478828],,,,
8,10,1,gamma,10,88.26594606414437,"[13.815510557964274, 12.613065931322446]",,,,
8,10,1,gammamix,10,88.26594606414437,"[13.815510557964274, 12.613065931322446]",1.0,,,
8,10,1,lognormal,10,88.26598503209556,"[1.2024449158595498, -9.682030402370254]",,,,
8,10,1,compoundgamma,10,88.25811425346389,"[9.210340371976184, 9.21024036697585, 1.2022734766777263]",,10000.0,,
8,10,1,logskewnormal,10,88.26598503209897,"[1.2024448989971508, -9.68204333284472, 1.819641508984596e-08]",,,,
8,10,1,gig,10,88.26559366959555,"[-6.407071200163144, 11.5129254045264, 1.2025001267468993]",,,-6.407071200163144,99999.99395561726
8,10,2,poisson,10,78.96638942850282,[1.1261443920583112],,,,
8,10,2,gamma,10,83.63539654998559,"[3.0597649626529413, 1.953935621451073]",,,,
8,10,2,gammamix,10,83.63539654998559,"[3.0597649626529413, 1.953935621451073]",1.0,,,
8,10,2,lognormal,10,83.68601145941986,"[1.083437221475871, -1.5305366021697568]",,,,
8,10,2,compoundgamma,10,83.7167048074245,"[9.210340371976184, 3.061650035589521, -5.040572719208928]",,22.362777439746697,,
8,10,2,logskewnormal,10,83.68601145941986,"[1.083437221475871, -1.5305366021697568, 0.0]",,,,
8,10,2,gig,10,83.71682395295086,"[-22.308493801631467, -8.707862954799005, 13.568245643145916]",,,-22.308493801631467,0.00016528109048697995
8,10,3,poisson,10,274.1071511387217,[1.2825846918955894],,,,
8,10,3,gamma,10,274.2642760357696,"[5.294682117904868, 4.038024164983078]",,,,
8,10,3,gammamix,10,274.2642760357696,"[5.294682117904868, 4.038024164983078]",1.0,,,
8,10,3,lognormal,10,274.2466212009744,"[1.2556050269703807, -2.6902354543079623]",,,,
8,10,3,compoundgamma,10,274.2635395402678,"[5.321035953323239, 9.21024036697585, 5.14594795727915]",,10000.0,,
8,10,3,logskewnormal,10,274.2466212009766,"[1.2556051200089582, -2.690235448509159, 5.037890343189557e-09]",,,,
8,10,3,gig,10,274.2642760358344,"[199.27844802855844, -6.906845394459101, -11.638037633499485]",,,199.27844802855844,0.001000910298593535
8,20,0,poisson,20,5023.484910965308,[1.1647260267236788],,,,
8,20,0,gamma,20,6290.638978090602,"[1.620148502387158, 0.09130447057977341]",,,,
8,20,0,gammamix,20,6298.335589186801,"[-0.03841325631456316, 6.907755278982137, 1.6960760667078, 5.791435485396643, -0.11248696139557594]",2.0,,,
8,20,0,lognormal,20,6292.659476920125,"[1.4239753947145337, -0.8832449786152112]",,,,
8,20,0,compoundgamma,20,6294.119267320608,"[9.210340371976184, 1.8272612730681563, -5.882549926210718]",,7.216837102938344,,
8,20,0,logskewnormal,20,6296.040535500182,"[0.9936032003864881, -0.5676333141846681, 4.348312842859683]",,,,
8,20,0,gig,20,6294.1208992352385,"[-7.214218094768426, -10.63513380696604, 14.655627743444107]",,,-7.214218094768426,2.4055814897297765e-05
8,20,1,poisson,20,2662.0861753999343,[1.4243044589416536],,,,
8,20,1,gamma,20,2758.4756532192305,"[2.5363232926174937, 1.240961275237202]",,,,
8,20,1,gammamix,20,2758.4756532192305,"[2.5363232926174937, 1.240961275237202]",1.0,,,
8,20,1,lognormal,20,2758.9053097181873,"[1.2547337290473217, -1.2956826268287227]",,,,
8,20,1,compoundgamma,20,2759.1966727948766,"[9.210340371976184, 2.6273583447952067, -5.292354246050678]",,14.8371685510174,,
8,20,1,logskewnormal,20,2758.9053097187007,"[1.254733840533115, -1.2956896592179596, 5.069807568300513e-07]",,,,
8,20,1,gig,20,2759.1973184528006,"[-14.828401444574627, -9.80185674838475, 14.412336860538938]",,,-14.828401444574627,5.534873529046607e-05
8,20,2,poisson,20,270.1158678776333,[1.2285244229083192],,,,
8,20,2,gamma,20,309.8447917422617,"[2.095020740051421, 0.8403800195997587]",,,,
8,20,2,gammamix,20,309.8447917422617,"[2.095020740051421, 0.8403800195997587]",1.0,,,
8,20,2,lognormal,20,310.46336397246046,"[1.1926012319630142, -1.0632019953507124]",,,,
8,20,2,compoundgamma,20,310.87227073628605,"[9.210340371976184, 2.1230326056542514, -5.834654844218802]",,9.356440890568216,,
8,20,2,logskewnormal,20,310.4633639724662,"[1.1926010731803582, -1.0632013733357355, 3.7734198770156914e-07]",,,,
8,20,2,gig,20,310.8728797106524,"[-9.349986952015929, -11.419594537156645, 15.487653078831526]",,,-9.349986952015929,1.0978249759805386e-05
8,20,3,poisson,20,427.37205618006885,[1.2971989264117307],,,,
8,20,3,gamma,20,431.1131830988752,"[3.944221245320088, 2.6711897165517593]",,,,
8,20,3,gammamix,20,431.1131830988752,"[3.944221245320088, 2.6711897165517593]",1.0,,,
8,20,3,lognormal,20,431.05550228308675,"[1.2633091789273292, -1.9768956502546597]",,,,
8,20,3,compoundgamma,20,431.1125834450791,"[3.954457280064774, 9.21024036697585, 6.528851486662348]",,10000.0,,
8,20,3,logskewnormal,20,431.0555022830866,"[1.2633091627765425, -1.976895407409186, 2.4330581991753825e-09]",,,,
8,20,3,gig,20,431.1131830989159,"[51.636134205926595, -7.110502350801871, -10.47483969905634]",,,51.636134205926595,0.0008164847273077526
8,40,0,poisson,40,222286.6367793401,[2.3526844567598135],,,,
8,40,0,gamma,40,295589.2284784898,"[1.0425350778896778, -0.6721334637362142]",,,,
8,40,0,gammamix,40,295602.796136368,"[-0.2439445238135125, 4.497948374729776, 1.1483477031505038, 3.311675098737082, -0.9734578961289257]",2.0,,,
8,40,0,lognormal,40,295594.5068651492,"[1.5278035084866253, -0.5987952878677303]",,,,
8,40,0,compoundgamma,40,295597.94382304256,"[8.96001945032937, 1.1978422910133677, -6.0891037587516665]",,4.312960799807467,,
8,40,0,logskewnormal,40,295601.90431897924,"[0.9417851853943535, -0.24537179822981386, 6.809605203873902]",,,,
8,40,0,gig,40,295597.9467606898,"[-4.316888291842729, -11.186854570171324, 14.750466028040918]",,,-4.316888291842729,1.3855135910984415e-05
8,40,1,poisson,40,3165.910969013139,[1.4131424988924883],,,,
8,40,1,gamma,40,3306.362622376605,"[2.6063439700858204, 1.2940400886112449]",,,,
8,40,1,gammamix,40,3306.362622376605,"[2.6063439700858204, 1.2940400886112449]",1.0,,,
8,40,1,lognormal,40,3306.8071682558243,"[1.2738337347402433, -1.3142686834527664]",,,,
8,40,1,compoundgamma,40,3307.0344077935642,"[9.210340371976184, 2.6302065935894343, -5.271377441767247]",,14.876636430145933,,
8,40,1,logskewnormal,40,3306.807168255316,"[1.2738328360834037, -1.3142652185404191, -2.2291748697653306e-07]",,,,
8,40,1,gig,40,3307.0348810951987,"[-14.857624414333584, -9.808153028664943, 14.438889895715455]",,,-14.857624414333584,5.500133893997485e-05
8,40,2,poisson,40,535.5274224812622,[1.2142966876675718],,,,
8,40,2,gamma,40,585.5220565648644,"[2.3732304199244902, 1.11409299525365]",,,,
8,40,2,gammamix,40,585.5220565648644,"[2.3732304199244902, 1.11409299525365]",1.0,,,
8,40,2,lognormal,40,586.6615246877504,"[1.2126457610468435, -1.2025984854992233]",,,,
8,40,2,compoundgamma,40,587.4763912198755,"[9.210340371976184, 2.4209893629592987, -5.531585240489034]",,12.256991057292266,,
8,40,2,logskewnormal,40,586.6615246877504,"[1.2126457671074293, -1.2025985203850915, 0.0]",,,,
8,40,2,gig,40,587.477929473156,"[-12.246006174298277, -11.501055876473298, 15.871981283176448]",,,-12.246006174298277,1.0119403116035348e-05
8,40,3,poisson,40,859.5659868413113,[1.2973247965552788],,,,
8,40,3,gamma,40,879.0770585165869,"[3.328512845459363, 2.0672541291502577]",,,,
8,40,3,gammamix,40,879.0770585165869,"[3.328512845459363, 2.0672541291502577]",1.0,,,
8,40,3,lognormal,40,879.213240661728,"[1.2434067805732494, -1.6735762622491914]",,,,
8,40,3,compoundgamma,40,879.2715307967883,"[6.8413464749667785, 3.393355588692408, -2.186963004156216]",,30.765666210276734,,
8,40,3,logskewnormal,40,879.2132406617787,"[1.2434063980791388, -1.673576271302807, -5.724530562438759e-08]",,,,
8,40,3,gig,40,879.2735433065966,"[-29.874770865626594, -8.050425353240946, 13.367578005026887]",,,-29.874770865626594,0.0003189662203070097
8,100,0,poisson,100,315731.8291298294,[2.394864786991245],,,,
8,100,0,gamma,100,530450.4883192133,"[-0.516990435213076, -3.082714975422738]",,,,
8,100,0,gammamix,100,530583.102604148,"[-0.2017958081405964, -2.695973665461669, 4.810030732563707, 1.8414272474184024, -0.7380860897381963, 3.6548737779594473, -0.03488757735480826, -6.205053799225382]",3.0,,,
8,100,0,lognormal,100,530530.8699860766,"[1.529548269657073, -0.3000245609173328]",,,,
8,100,0,compoundgamma,100,530556.6236881311,"[8.829715190327061, 0.8852567673212289, -6.220504590480789]",,3.423606614576991,,
8,100,0,logskewnormal,100,530561.7292350645,"[0.8713170771279526, -0.020589746322331078, 11.118571657086825]",,,,
8,100,0,gig,100,530556.6336937759,"[-3.4231137260901887, -12.265830042019644, 15.567960467820646]",,,-3.4231137260901887,4.709965183414475e-06
8,100,1,poisson,100,7133.342777424027,[1.4714389516505206],,,,
8,100,1,gamma,100,7713.728662395776,"[2.490223792778749, 1.228621845316543]",,,,
8,100,1,gammamix,100,7713.728662395776,"[2.490223792778749, 1.228621845316543]",1.0,,,
8,100,1,lognormal,100,7715.037417251626,"[1.2190091048951104, -1.2588240726118185]",,,,
8,100,1,compoundgamma,100,7715.753503256993,"[9.210340371976184, 2.523626130926396, -5.4282428571058565]",,13.47374619188958,,
8,100,1,logskewnormal,100,7715.037417251365,"[1.2190089739360803, -1.2588260747783437, -1.3517703906213133e-07]",,,,
8,100,1,gig,100,7715.754876949586,"[-13.458657166488923, -9.854201316039333, 14.328236786642158]",,,-13.458657166488923,5.2526050258058394e-05
8,100,2,poisson,100,2554.7936300016445,[1.4156839619267239],,,,
8,100,2,gamma,100,3113.7662764140787,"[1.7029576760426133, 0.3743190099371664]",,,,
8,100,2,gammamix,100,3126.8579235780585,"[-1.2994852005305548, 3.1904513862739083, 2.006439557129897, 2.0744227631955283, 0.1396746335629553]",2.0,,,
8,100,2,lognormal,100,3119.1897385816465,"[1.2358308856566336, -0.886768410486502]",,,,
8,100,2,compoundgamma,100,3122.4076042863,"[9.210340371976184, 1.7788388498175103, -6.111307248861014]",,6.922974960704773,,
8,100,2,logskewnormal,100,3124.6575768301464,"[0.7904653345521655, -0.5208956713793637, 3.6371464702769636]",,,,
8,100,2,gig,100,3122.410635317889,"[-6.926895545113831, -12.690991810050033, 16.483712520676935]",,,-6.926895545113831,3.0787348447722967e-06
8,100,3,poisson,100,2004.6421683909282,[1.0998079247394041],,,,
8,100,3,gamma,100,2134.3717969288227,"[3.3178125957272475, 2.0819356008449144]",,,,
8,100,3,gammamix,100,2134.3717969288227,"[3.3178125957272475, 2.0819356008449144]",1.0,,,
8,100,3,lognormal,100,2135.169723487635,"[1.2176702987042556, -1.6614372450311516]",,,,
8,100,3,compoundgamma,100,2135.801357669803,"[9.210340371976184, 3.331709520051341, -4.642942588324389]",,28.986143706179057,,
8,100,3,logskewnormal,100,2135.169723487635,"[1.2176702987042556, -1.6614372450311516, 0.0]",,,,
8,100,3,gig,100,2135.8044136112085,"[-28.897443698913374, -9.366041292301354, 14.623417737225886]",,,-28.897443698913374,8.558151090035946e-05
8,400,0,poisson,400,397841.7303837737,[2.0141004062699746],,,,
8,400,0,gamma,400,686457.0052486946,"[0.12015350538834252, -1.9331720870420743]",,,,
8,400,0,gammamix,400,686776.9672549522,"[-0.5983174579882322, 0.21353222250690418, -1.4668117835854149, 6.524883010557166, 5.4772340939337685, 1.853350882621649, -0.35423938155454565, 5.442211960826031, 4.146705183928262, -0.0009461756204581569, -4.177554309175538]",4.0,,,
8,400,0,lognormal,400,686663.9211716154,"[1.5494648706804264, -0.44201751465927686]",,,,
8,400,0,compoundgamma,400,686723.4656509608,"[9.210340371976184, 0.9663609391048517, -6.514647186088758]",,3.628362264498398,,
8,400,0,logskewnormal,400,686759.755067184,"[0.9014945749452429, -0.09659543313905439, 18.868429735583955]",,,,
8,400,0,gig,400,686723.4879748148,"[-3.630976804649304, -13.12277694066207, 16.51228971854126]",,,-3.630976804649304,1.999173044495512e-06
8,400,1,poisson,356,13651.513258601024,[1.3981774320723646],,,,
8,400,1,gamma,356,14976.32054900795,"[2.4592942586467452, 1.1601138976269743]",,,,
8,400,1,gammamix,356,14996.30067882766,"[-0.22503003731417992, 5.026457559693915, 3.034305225524234, 3.967157563488741, 1.501888744816802]",2.0,,,
8,400,1,lognormal,356,14981.094815467844,"[1.255626705633636, -1.2377800553297844]",,,,
8,400,1,compoundgamma,356,14983.852694504942,"[9.210340371976184, 2.470406326923185, -5.442373465488834]",,12.827251606184568,,
8,400,1,logskewnormal,356,14988.777831682333,"[0.9085942649676508, -0.8129753790642226, 4.808542886451313]",,,,
8,400,1,gig,356,14983.85828621975,"[-12.813948188507082, -10.25798540497092, 14.717970204414234]",,,-12.813948188507082,3.507628120809358e-05
8,400,2,poisson,400,9522.82476974375,[1.4129227634092338],,,,
8,400,2,gamma,400,12606.244412551296,"[1.592213127168433, 0.2234917169222807]",,,,
8,400,2,gammamix,400,12720.39557016753,"[-1.5330318460471015, 3.6237894453122905, 1.4323704005003253, 2.4667479222145285, -0.5801278654130545]",2.0,,,
8,400,2,lognormal,400,12646.368872770534,"[1.2637456800267728, -0.870235758784192]",,,,
8,400,2,compoundgamma,400,12672.087133830184,"[9.210340371976184, 1.8051240293173987, -6.059909209087347]",,7.080725589995762,,
8,400,2,logskewnormal,400,12697.02405327656,"[0.8180664019886489, -0.5080734497626835, 11.856871195663341]",,,,
8,400,2,gig,400,12672.11148732694,"[-7.07827832843596, -12.672027386067759, 16.515190545822655]",,,-7.07827832843596,3.1376784266619333e-06
8,400,3,poisson,400,21226.513053699582,[1.1514589185191233],,,,
8,400,3,gamma,400,22466.606753573054,"[3.2003445048228465, 1.9784353155343544]",,,,
8,400,3,gammamix,400,22488.229572801894,"[-2.175493425584833, 4.000601523900441, 2.8634938707170017, 2.8324884883914123, 1.2884619275421785]",2.0,,,
8,400,3,lognormal,400,22473.42533613798,"[1.2006226334795869, -1.6133526396858295]",,,,
8,400,3,compoundgamma,400,22478.631541080216,"[9.210340371976184, 3.2460051856596954, -4.744917841800951]",,26.687517811801957,,
8,400,3,logskewnormal,400,22486.078141335413,"[0.9673324094674414, -1.198089595524539, 3.6805293239232166]",,,,
8,400,3,gig,400,22478.653554269225,"[-26.6292645908053, -9.45809299921502, 14.614385340998343]",,,-26.6292645908053,7.805530069502656e-05
9,10,0,poisson,10,14965.865436924994,[2.144704408514991],,,,
9,10,0,gamma,10,17335.517794568863,"[0.8999442279349699, -0.9268854793841168]",,,,
9,10,0,gammamix,10,17339.57088540238,"[-0.7916405421936972, 3.0981163708957817, 2.3255017794469666, 1.85319182838389, -0.17393385374155892]",2.0,,,
9,10,0,lognormal,10,17336.389215448835,"[1.6096946761080113, -0.46946033678488847]",,,,
9,10,0,compoundgamma,10,17337.049599506026,"[9.210340371976184, 0.8047328980062137, -6.588847747176084]",,3.2360991525054046,,
9,10,0,logskewnormal,10,17336.389215449588,"[1.6096974851705945, -0.46946810969672204, 1.4015785510997566e-06]",,,,
9,10,0,gig,10,17337.050010568553,"[-3.235639462384646, -10.924344722796532, 14.23876896519667]",,,-3.235639462384646,1.8014299067419254e-05
9,10,1,poisson,10,69.39278439288614,[1.142783506981247],,,,
9,10,1,gamma,10,69.51714283189574,"[5.292190086664811, 4.1553021726311865]",,,,
9,10,1,gammamix,10,69.51714283189574,"[5.292190086664811, 4.1553021726311865]",1.0,,,
9,10,1,lognormal,10,69.51673057661354,"[1.134521412947562, -2.6538671362855792]",,,,
9,10,1,compoundgamma,10,69.51711301747936,"[5.333072517365864, 8.538791407256046, 4.342614789739008]",,5110.165728048012,,
9,10,1,logskewnormal,10,69.516730577144,"[1.134519744729101, -2.6538453431711355, -7.251113025255105e-06]",,,,
9,10,1,gig,10,69.51714283190358,"[198.7782735745349, -6.9074852824309705, -11.755934498028623]",,,198.7782735745349,0.001000270033003516
9,10,2,poisson,10,137.3305979226939,[1.3652409519220583],,,,
9,10,2,gamma,10,152.93549344061952,"[1.8413242194370163, 0.4832465900096102]",,,,
9,10,2,gammamix,10,152.93549344061952,"[1.8413242194370163, 0.4832465900096102]",1.0,,,
9,10,2,lognormal,10,153.18899954726794,"[1.2783361155654058, -0.9198732310708612]",,,,
9,10,2,compoundgamma,10,153.28943646751875,"[9.210340371976184, 1.7918743968972235, -6.056571205297997]",,7.000689605641637,,
9,10,2,logskewnormal,10,153.18899954727075,"[1.2783363992490402, -0.9198730729972515, 9.021494224020161e-08]",,,,
9,10,2,gig,10,153.2894843617696,"[-6.996661053905667, -11.394779254438166, 15.24103043688437]",,,-6.996661053905667,1.1254086459356153e-05
9,10,3,poisson,10,13955.973300392445,[1.172062301817192],,,,
9,10,3,gamma,10,13975.742636169487,"[3.3536026803023167, 2.0510969190654698]",,,,
9,10,3,gammamix,10,13975.742636169487,"[3.3536026803023167, 2.0510969190654698]",1.0,,,
9,10,3,lognormal,10,13976.075507477,"[1.2835524411292267, -1.6993643098244655]",,,,
9,10,3,compoundgamma,10,13976.377085317588,"[9.210340371976184, 3.43714036229704, -4.474900261273147]",,32.0979021615362,,
9,10,3,logskewnormal,10,13976.075507479256,"[1.2835480852802106, -1.6993647266674365, -6.353138697550483e-07]",,,,
9,10,3,gig,10,13976.378885771956,"[-32.0110988293499, -8.236620732264628, 13.662411935909525]",,,-32.0110988293499,0.00026477749338994885
9,20,0,poisson,20,16860.596412224222,[2.0236534765481284],,,,
9,20,0,gamma,20,20426.43960639193,"[0.9761132248253988, -0.6831399064522204]",,,,
9,20,0,gammamix,20,20436.873752672676,"[-1.3742008641096501, 3.205977767042324, 2.7497263493657216, 1.9975343797841871, 0.22034941880692785]",2.0,,,
9,20,0,lognormal,20,20428.860237030894,"[1.4581611814114483, -0.5465474026399727]",,,,
9,20,0,compoundgamma,20,20430.695798954715,"[9.210340371976184, 1.0713985096017964, -6.519799875562617]",,3.919459538522147,,
9,20,0,logskewnormal,20,20432.865682351243,"[0.8556662977698282, -0.22245291988394347, 4.928522873550341]",,,,
9,20,0,gig,20,20430.69698368972,"[-3.9184611370191726, -11.617568693883008, 15.000995219417684]",,,-3.9184611370191726,9.00645789651032e-06
9,20,1,poisson,20,197.0154478858753,[1.1867445003657586],,,,
9,20,1,gamma,20,211.92183966352363,"[3.2049593599646315, 2.063884544363536]",,,,
9,20,1,gammamix,20,211.92183966352363,"[3.2049593599646315, 2.063884544363536]",1.0,,,
9,20,1,lognormal,20,211.96440670236996,"[1.1215040180325164, -1.6278299762496216]",,,,
9,20,1,compoundgamma,20,211.98329088252834,"[9.210340371976184, 3.3040633364076832, -4.765592975463225]",,28.223030821319824,,
9,20,1,logskewnormal,20,211.96440670239352,"[1.1215034478595485, -1.6278290228281649, 7.184355984956002e-07]",,,,
9,20,1,gig,20,211.9833138580629,"[-28.15586658988378, -8.456304918975473, 13.591729635518918]",,,-28.15586658988378,0.00021255603314393218
9,20,2,poisson,20,311.43263826573104,[1.2077602656876125],,,,
9,20,2,gamma,20,350.06710724094506,"[1.892030039302046, 0.5743669993788492]",,,,
9,20,2,gammamix,20,350.06710724094506,"[1.892030039302046, 0.5743669993788492]",1.0,,,
9,20,2,lognormal,20,350.97491825445104,"[1.242900302233641, -0.9646242686535018]",,,,
9,20,2,compoundgamma,20,351.5598106451134,"[9.210340371976184, 1.9297445014029562, -5.963594940110929]",,7.887750206233106,,
9,20,2,logskewnormal,20,350.97491825444837,"[1.2429012134603858, -0.9646243650527664, -2.3157642248870618e-06]",,,,
9,20,2,gig,20,351.56043056354093,"[-7.883545874316316, -11.849331740489223, 15.788612765053935]",,,-7.883545874316316,7.1433283091264256e-06
9,20,3,poisson,20,14005.293390511162,[1.1720552013576309],,,,
9,20,3,gamma,20,14023.473944873665,"[3.4535568367981213, 2.209574624880775]",,,,
9,20,3,gammamix,20,14023.473944873665,"[3.4535568367981213, 2.209574624880775]",1.0,,,
9,20,3,lognormal,20,14023.835398629384,"[1.2289179354394397, -1.7639465201928466]",,,,
9,20,3,compoundgamma,20,14024.163003872769,"[9.210340371976184, 3.598493998963511, -4.36855712878775]",,37.54315894695916,,
9,20,3,logskewnormal,20,14023.835398629384,"[1.2289179354394397, -1.7639465201928466, 0.0]",,,,
9,20,3,gig,20,14024.165162115785,"[-37.443262026587966, -8.008257749407862, 13.540446610696318]",,,-37.443262026587966,0.00033270386783697275
9,40,0,poisson,40,21340.28784171479,[1.4157954922008182],,,,
9,40,0,gamma,40,34198.824991818125,"[0.858641709121109, -0.8375984190444097]",,,,
9,40,0,gammamix,40,34218.16869551907,"[-0.9472557634203322, 3.471687143570437, 1.1983085047792126, 2.2887881652008577, -1.202223192850143]",2.0,,,
9,40,0,lognormal,40,34205.23262151569,"[1.468462645562763, -0.5213809957540859]",,,,
9,40,0,compoundgamma,40,34209.43506569805,"[9.198292947710492, 1.045704342327845, -6.518942975024467]",,3.845401955054853,,
9,40,0,logskewnormal,40,34214.335609637455,"[0.8518869263403354, -0.17969173939642535, 7.78825954332398]",,,,
9,40,0,gig,40,34209.43746288756,"[-3.8448071541979147, -11.64314651742517, 15.015452843143736]",,,-3.8448071541979147,8.779013472220134e-06
9,40,1,poisson,40,500.1108920748493,[1.2664416047282094],,,,
9,40,1,gamma,40,537.9663262202178,"[2.667182190540203, 1.4251334453322215]",,,,
9,40,1,gammamix,40,537.9663262202178,"[2.667182190540203, 1.4251334453322215]",1.0,,,
9,40,1,lognormal,40,537.9171148614756,"[1.207542132958984, -1.3335735528572932]",,,,
9,40,1,compoundgamma,40,537.9662603146071,"[2.6680808593425542, 9.21024036697585, 7.784207345877414]",,10000.0,,
9,40,1,logskewnormal,40,537.9171148614753,"[1.2075421806469124, -1.333573677513568, -2.033685939698851e-07]",,,,
9,40,1,gig,40,537.9841574968849,"[8.416102071116994, 2.4137322298061017, 0.5321070193034132]",,,8.416102071116994,11.175593288748297
9,40,2,poisson,40,612.0969330367873,[1.2698840092754793],,,,
9,40,2,gamma,40,743.1609629963716,"[1.5147948387156909, 0.1481830346109963]",,,,
9,40,2,gammamix,40,752.9031095116021,"[-2.200145303305357, 2.7877498837161654, 5.036146806327035, 1.6056415284430272, 2.6962838085415317]",2.0,,,
9,40,2,lognormal,40,745.8844364329887,"[1.254914452957401, -0.7946014814237095]",,,,
9,40,2,compoundgamma,40,747.5249367842837,"[9.210340371976184, 1.589300357367991, -6.2639260532665295]",,5.900319256431934,,
9,40,2,logskewnormal,40,747.9065531483326,"[0.8192887607218069, -0.4912436530633116, 2.21868071621532]",,,,
9,40,2,gig,40,747.5261782924988,"[-5.902285210600244, -12.575038855069655, 16.214891972367404]",,,-5.902285210600244,3.457243872140397e-06
9,40,3,poisson,40,14264.35186169438,[1.1726020577870404],,,,
9,40,3,gamma,40,14283.537532057024,"[3.7780026934391646, 2.558367495993018]",,,,
9,40,3,gammamix,40,14290.396789056365,"[-2.707544263043707, 6.907755278982137, 5.201691442265933, 5.736177588285067, 3.5540250778374585]",2.0,,,
9,40,3,lognormal,40,14284.091243164698,"[1.2085829270273492, -1.913830782091027]",,,,
9,40,3,compoundgamma,40,14284.589997921054,"[9.210340371976184, 3.8805413785030196, -4.110513458674558]",,49.450437998034324,,
9,40,3,logskewnormal,40,14285.504590873856,"[1.0787542172548885, -1.6719537720911681, 1.9784237854653317]",,,,
9,40,3,gig,40,14284.594308323129,"[-49.265570367943184, -8.113666008378592, 13.902898999917461]",,,-49.265570367943184,0.00029941918544815823
9,100,0,poisson,100,35921.96842459514,[1.4418881122938927],,,,
9,100,0,gamma,100,54821.376890490545,"[0.9460059973997099, -0.7542043809680119]",,,,
9,100,0,gammamix,100,54860.65954271254,"[-0.6027408480908112, 3.6293876383591233, 1.039326548093113, 2.434514687384213, -1.2005812099033129]",2.0,,,
9,100,0,lognormal,100,54837.441046215376,"[1.4926497928825262, -0.569191392229646]",,,,
9,100,0,compoundgamma,100,54847.7445168235,"[9.210340371976184, 1.1578821023805348, -6.41122435430086]",,4.183184473183918,,
9,100,0,logskewnormal,100,54860.37644302106,"[0.8920996051010897, -0.2042003656049475, 12.856451674652028]",,,,
9,100,0,gig,100,54847.750595416226,"[-4.182572208674956, -12.10748476813977, 15.599530974979746]",,,-4.182572208674956,5.5180569131077846e-06
9,100,1,poisson,100,1988.1617318002288,[1.2395375580482204],,,,
9,100,1,gamma,100,2380.6509523897375,"[2.4453682274572155, 1.1909819677942846]",,,,
9,100,1,gammamix,100,2380.6509523897375,"[2.4453682274572155, 1.1909819677942846]",1.0,,,
9,100,1,lognormal,100,2381.602032175354,"[1.210182109356796, -1.2359849358609198]",,,,
9,100,1,compoundgamma,100,2381.902514073836,"[9.210340371976184, 2.477336653731406, -5.481073630558762]",,12.90950301040726,,
9,100,1,logskewnormal,100,2381.6020321753554,"[1.2101821592443138, -1.2359848307099262, 1.1565130014716163e-08]",,,,
9,100,1,gig,100,2381.903460890692,"[-12.329734263313558, 1.2300403106785702, 3.1664573064069925]",,,-12.329734263313558,3.421367451153528
9,100,2,poisson,100,1521.122007623814,[1.2902904594701936],,,,
9,100,2,gamma,100,1832.7830745505248,"[1.6943300744084029, 0.3532450054576564]",,,,
9,100,2,gammamix,100,1859.0581206680563,"[-2.3053412183179867, 3.1407168694018552, 3.841842698172405, 1.9602315100130117, 1.5620615613519324]",2.0,,,
9,100,2,lognormal,100,1840.1661600976927,"[1.2473842265065638, -0.8941193082157552]",,,,
9,100,2,compoundgamma,100,1845.1095711877294,"[9.210340371976184, 1.8255050989704769, -6.056824220394282]",,7.205928835860276,,
9,100,2,logskewnormal,100,1848.964777719722,"[0.8183670321229937, -0.5436590266701441, 4.376627348574274]",,,,
9,100,2,gig,100,1845.1144812793962,"[-7.202949586102995, -12.471811804040593, 16.317987993784342]",,,-7.202949586102995,3.833195363502888e-06
9,100,3,poisson,100,14949.790854372706,[1.1708703750556932],,,,
9,100,3,gamma,100,15055.178395881892,"[3.391603962070949, 2.175800884117285]",,,,
9,100,3,gammamix,100,15055.178395881892,"[3.391603962070949, 2.175800884117285]",1.0,,,
9,100,3,lognormal,100,15055.949715541321,"[1.199042455743339, -1.698781287897177]",,,,
9,100,3,compoundgamma,100,15056.558047464843,"[9.143804834553938, 3.4039344358651458, -4.524015563964722]",,31.08222410066829,,
9,100,3,logskewnormal,100,15055.949715540752,"[1.1990419800666283, -1.6987766514428935, -5.4546524396245976e-08]",,,,
9,100,3,gig,100,15056.561251570582,"[-31.074336937387873, -7.911895637357642, 13.224539855058415]",,,-31.074336937387873,0.0003663594372977935
9,400,0,poisson,400,109032.11135093842,[1.4934137859528833],,,,
9,400,0,gamma,400,150500.58357406658,"[0.9469814784540956, -0.8050414248514712]",,,,
9,400,0,gammamix,400,150673.4500283463,"[-0.27290717140973, -0.0744855977929133, -0.9227524167413783, 6.4843970350578, 4.387356505978095, 2.416396255892649, 1.2303693002241824, 5.414460870120102, 3.0364096627893513, 0.5988391200715676, -1.5205716046365314]",4.0,,,
9,400,0,lognormal,400,150562.80845193472,"[1.5452433750753423, -0.5647432400285876]",,,,
9,400,0,compoundgamma,400,150600.518102913,"[9.209267257610193, 1.1288254171769248, -6.381839396268731]",,4.092022529790889,,
9,400,0,logskewnormal,400,150647.8888621012,"[0.926476994378107, -0.17945576366735116, 23.847566640560977]",,,,
9,400,0,gig,400,150600.53947497712,"[-4.091663823005481, -12.534621192911004, 16.05501860524047]",,,-4.091663823005481,3.5998398740896e-06
9,400,1,poisson,356,13715.912787456387,[1.37757839529418],,,,
9,400,1,gamma,356,15721.552165614541,"[2.4452633443964302, 1.147052680004189]",,,,
9,400,1,gammamix,356,15744.755510468542,"[0.27421253246042576, 6.907755278982137, 2.5103699836006936, 5.860226861534609, 1.0660745405104475]",2.0,,,
9,400,1,lognormal,356,15726.69726637988,"[1.2533264050451267, -1.2310425360492592]",,,,
9,400,1,compoundgamma,356,15729.59532226084,"[9.210340371976184, 2.454641573242719, -5.4604886040583756]",,12.642259903486432,,
9,400,1,logskewnormal,356,15733.87188741109,"[0.9073130112489607, -0.812669640689147, 3.9679714918724844]",,,,
9,400,1,gig,356,15729.60087767586,"[-12.628709368420653, -9.926996368527364, 14.3688309633459]",,,-12.628709368420653,4.8838268173800084e-05
9,400,2,poisson,400,9070.156511120995,[1.3998305713520387],,,,
9,400,2,gamma,400,12348.029884006668,"[1.5060612664007467, 0.11437347816736448]",,,,
9,400,2,gammamix,400,12479.036657323173,"[-1.9190828190796863, 3.4052102749474877, 1.6250416665049474, 2.222414199692815, -0.6053730524662411]",2.0,,,
9,400,2,lognormal,400,12392.640236894951,"[1.276935533239321, -0.8350679954840596]",,,,
9,400,2,compoundgamma,400,12420.95429971315,"[9.210340371976184, 1.7413965906222868, -6.105207335111157]",,6.7053058378910535,,
9,400,2,logskewnormal,400,12445.075854978688,"[0.8218318639575548, -0.48021625609828, 10.781920896349765]",,,,
9,400,2,gig,400,12420.97918304243,"[-6.7032398879608825, -13.14114694885623, 16.93905091320336]",,,-6.7032398879608825,1.9627834808982504e-06
9,400,3,poisson,400,19915.390585321897,[1.163800782883478],,,,
9,400,3,gamma,400,20430.93905495388,"[3.1380644020576924, 1.9078425202691411]",,,,
9,400,3,gammamix,400,20455.489830847553,"[-2.140201565832222, 4.011791474129748, 2.2154419475699174, 2.828064591604555, 0.6645268991990027]",2.0,,,
9,400,3,lognormal,400,20438.293229851297,"[1.2084866441267745, -1.5772682763968444]",,,,
9,400,3,compoundgamma,400,20444.380364973586,"[9.210340371976184, 3.1794597315151147, -4.801386388416773]",,25.03376535782845,,
9,400,3,logskewnormal,400,20452.274677392837,"[0.9736219173704539, -1.1790412722084538, 4.336525856366328]",,,,
9,400,3,gig,400,20444.40371147132,"[-24.98513220106693, -9.545016904591428, 14.645088987773713]",,,-24.98513220106693,7.155695123199262e-05
10,10,0,poisson,10,4550.150297923106,[2.069616901251318],,,,
10,10,0,gamma,10,5639.966292809476,"[0.12635420352777293, -2.7078467144814637]",,,,
10,10,0,gammamix,10,5639.966292809476,"[0.12635420352777293, -2.7078467144814637]",1.0,,,
10,10,0,lognormal,10,5641.321812526569,"[2.3320476773884016, -0.05728957140917962]",,,,
10,10,0,compoundgamma,10,5642.0350102778675,"[9.210340371976184, -0.5276967710575474, -6.761649225192051]",,1.589962224114035,,
10,10,0,logskewnormal,10,5641.321812537438,"[2.332027430814638, -0.057311771648694436, -1.5254959424156255e-05]",,,,
10,10,0,gig,10,5642.058322784096,"[-1.406228992196728, -0.951731022984936, 4.01193758157863]",,,-1.406228992196728,0.386072144942744
10,10,1,poisson,10,55.232938689052524,[1.0197825711637007],,,,
10,10,1,gamma,10,57.099697921751186,"[3.4731976048453017, 2.3338689315293824]",,,,
10,10,1,gammamix,10,57.099697921751186,"[3.4731976048453017, 2.3338689315293824]",1.0,,,
10,10,1,lognormal,10,57.20657554741431,"[1.1247473363218918, -1.7339062351010002]",,,,
10,10,1,compoundgamma,10,57.307920159754374,"[9.210340371976184, 3.471177891507839, -4.598090747434746]",,33.174618343238855,,
10,10,1,logskewnormal,10,57.20657554741431,"[1.1247473363218918, -1.7339062351010002, 0.0]",,,,
10,10,1,gig,10,57.308552231209845,"[-33.08565522546054, -8.899264717003742, 14.20188882263325]",,,-33.08565522546054,0.00013648924781829808
10,10,2,poisson,10,380.9904743599981,[1.2169649626195889],,,,
10,10,2,gamma,10,525.3436006941571,"[0.9503950023321646, -0.5753183959075898]",,,,
10,10,2,gammamix,10,525.3436006941571,"[0.9503950023321646, -0.5753183959075898]",1.0,,,
10,10,2,lognormal,10,526.9577288439036,"[1.3242581113290852, -0.583697353837275]",,,,
10,10,2,compoundgamma,10,528.0259510320941,"[9.210340371976184, 1.2686768991756179, -6.477019079939302]",,4.556144310827358,,
10,10,2,logskewnormal,10,526.9577288842477,"[1.3242183161944676, -0.5836543157227733, -4.408793933650067e-06]",,,,
10,10,2,gig,10,528.0265531240896,"[-4.555615490660595, -12.641637014355188, 16.067935153080846]",,,-4.555615490660595,3.234497370699251e-06
10,10,3,poisson,10,54.600824319075805,[1.1407237740182365],,,,
10,10,3,gamma,10,54.60077694989741,"[13.815510557964274, 12.674788824183048]",,,,
10,10,3,gammamix,10,54.60077694989741,"[13.815510557964274, 12.674788824183048]",1.0,,,
10,10,3,lognormal,10,54.60081754733038,"[1.14072522658587, -7.880535527238362]",,,,
10,10,3,compoundgamma,10,54.59126030728394,"[9.210340371976184, 9.210213027888754, 1.1401949860561296]",,9999.726640204854,,
10,10,3,logskewnormal,10,54.600817553495204,"[1.140722953809228, -7.880946676947268, 8.059098622598056e-06]",,,,
10,10,3,gig,10,54.60035029043502,"[0.25423380923159067, 11.51292539085694, 1.1406961112145648]",,,0.25423380923159067,99999.99258867152
10,20,0,poisson,20,4686.462983099638,[1.602140946049035],,,,
10,20,0,gamma,20,6587.987557779668,"[0.09676680299124467, -2.2477903387452423]",,,,
10,20,0,gammamix,20,6598.675263013368,"[-1.242778446900184, 2.141220699416429, 0.5650503901411026, 0.634715248481178, -2.869427678130218]",2.0,,,
10,20,0,lognormal,20,6592.950060137126,"[1.8247765023103855, -0.15012099643020546]",,,,
10,20,0,compoundgamma,20,6595.949117142212,"[9.210340371976184, 0.11979344257824578, -6.885290085241547]",,2.127263982787894,,
10,20,0,logskewnormal,20,6597.1196404098555,"[0.9190912137297998, 0.18103886567305674, 4.937476763484835]",,,,
10,20,0,gig,20,6595.949930166683,"[-2.1276489509097885, -14.845709557937617, 17.864027067741027]",,,-2.1276489509097885,3.569359232619563e-07
10,20,1,poisson,20,191.7971269949946,[1.0552252021292814],,,,
10,20,1,gamma,20,211.52959380904872,"[3.330689525722934, 2.14586265491578]",,,,
10,20,1,gammamix,20,216.16247110015317,"[-1.543006294467787, 6.907755278982137, 6.907755278982137, 5.863726987856992, 5.337942037470521]",2.0,,,
10,20,1,lognormal,20,211.7832397162772,"[1.1663788576529102, -1.675415759747329]",,,,
10,20,1,compoundgamma,20,212.00736862662617,"[9.210340371976184, 3.369112809658059, -4.658082425268354]",,30.052740310001738,,
10,20,1,logskewnormal,20,211.78323971622774,"[1.1663796164478353, -1.6754171679658187, -2.0593081985979106e-06]",,,,
10,20,1,gig,20,212.00863396276955,"[-29.98001465577552, -9.30602548336913, 14.548916413468804]",,,-29.98001465577552,9.087501260813115e-05
10,20,2,poisson,20,552.6426569366821,[1.2491626045701902],,,,
10,20,2,gamma,20,726.8867460763231,"[1.2951279911920637, -0.17072847583069642]",,,,
10,20,2,gammamix,20,737.6750658886388,"[-2.1949163232661695, 3.5702235721677913, 2.769377590008275, 2.3575732106645826, 0.1870859142871132]",2.0,,,
10,20,2,lognormal,20,729.7000037224716,"[1.32382634303453, -0.7488796084371652]",,,,
10,20,2,compoundgamma,20,731.6065477417192,"[9.210340371976184, 1.6018655787821299, -6.184873660965144]",,5.962281321183595,,
10,20,2,logskewnormal,20,732.4771070645909,"[0.8847601907187408, -0.48501899981088925, 2.9227380420516798]",,,,
10,20,2,gig,20,731.608057779938,"[-5.96111105088858, -12.955004016783043, 16.67336016677367]",,,-5.96111105088858,2.364358035140794e-06
10,20,3,poisson,20,70.02483181619715,[1.0700248318161971],,,,
10,20,3,gamma,20,72.89629735739697,"[3.955901250782086, 2.853230134289559]",,,,
10,20,3,gammamix,20,72.89629735739697,"[3.955901250782086, 2.853230134289559]",1.0,,,
10,20,3,lognormal,20,73.03030306794253,"[1.0931113965635095, -1.95541934975107]",,,,
10,20,3,compoundgamma,20,73.16458308605775,"[9.210340371976184, 3.8776845751568567, -4.2291661982854665]",,49.31222214639424,,
10,20,3,logskewnormal,20,73.0303030679425,"[1.0931114011765608, -1.9554193231156007, 1.4578506048685544e-08]",,,,
10,20,3,gig,20,73.16586385249606,"[-49.094576195953046, -8.482914302643955, 14.152718211100622]",,,-49.094576195953046,0.00020697463619942034
10,40,0,poisson,40,6924.951799440531,[1.5237446528089948],,,,
10,40,0,gamma,40,9098.542607744715,"[0.3672586124696943, -1.6411449405341585]",,,,
10,40,0,gammamix,40,9120.763759001322,"[-1.481137210361181, 2.397642708096009, 0.3603645783266012, 0.975925099695289, -2.736324452735225]",2.0,,,
10,40,0,lognormal,40,9110.12018079033,"[1.6223579112996127, -0.3587981285810383]",,,,
10,40,0,compoundgamma,40,9116.645951820252,"[9.210340371976184, 0.7743746346034306, -6.601085904720494]",,3.1692351383281974,,
10,40,0,logskewnormal,40,9120.206842510604,"[0.9156653783415453, -0.02950519609726947, 7.501166069242643]",,,,
10,40,0,gig,40,9116.648346697759,"[-3.168448664186122, -14.711173662006102, 18.0132616577181]",,,-3.168448664186122,4.083367391046196e-07
10,40,1,poisson,40,637.09092428758,[1.1321491234780297],,,,
10,40,1,gamma,40,722.0654578213515,"[2.68964098459768, 1.4081855553548877]",,,,
10,40,1,gammamix,40,728.2880775874718,"[-0.42783207338519313, 6.907755278982137, 4.227979602778777, 5.874950876520794, 2.674607781364435]",2.0,,,
10,40,1,lognormal,40,722.7143044559357,"[1.247034471430934, -1.3417180649299592]",,,,
10,40,1,compoundgamma,40,723.2166438759521,"[9.210340371976184, 2.669548250177662, -5.2594842005717055]",,15.433447412502924,,
10,40,1,logskewnormal,40,722.7143044559357,"[1.247034447045561, -1.341718068534448, -5.085910528004437e-09]",,,,
10,40,1,gig,40,723.2180262066308,"[-15.413731514530713, -10.255759049699279, 14.898392618771114]",,,-15.413731514530713,3.5154460466780844e-05
10,40,2,poisson,40,1052.4357297455301,[1.1041706156335276],,,,
10,40,2,gamma,40,1391.7453935348738,"[1.5512376017335545, 0.15156618347537962]",,,,
10,40,2,gammamix,40,1409.1465402091453,"[-2.078858065106092, 3.7656484661839476, 1.8991068224792402, 2.579978747748065, -0.42054824358242254]",2.0,,,
10,40,2,lognormal,40,1396.6927659432624,"[1.2899871599521635, -0.8676553403241067]",,,,
10,40,2,compoundgamma,40,1400.0666406957348,"[9.210340371976184, 1.8364069706407433, -6.005156371244989]",,7.273955209272423,,
10,40,2,logskewnormal,40,1402.9361378156586,"[0.8796440418523563, -0.5650151596105434, 4.592772940273694]",,,,
10,40,2,gig,40,1400.0699803306413,"[-7.2718648427738835, -12.87054024665872, 16.768518518415135]",,,-7.2718648427738835,2.572736996251914e-06
10,40,3,poisson,40,404.8314205066978,[1.1368598446608174],,,,
10,40,3,gamma,40,422.74733578836776,"[3.259953679073237, 2.0962197403831047]",,,,
10,40,3,gammamix,40,422.74733578836776,"[3.259953679073237, 2.0962197403831047]",1.0,,,
10,40,3,lognormal,40,423.1435959721349,"[1.1443173898643855, -1.6309266281331116]",,,,
10,40,3,compoundgamma,40,423.470452323097,"[9.210340371976184, 3.266702146224459, -4.780199407369483]",,27.22471131527046,,
10,40,3,logskewnormal,40,423.1435959722602,"[1.1443176772155244, -1.6309244687997846, 9.029265092806184e-07]",,,,
10,40,3,gig,40,423.4720342589043,"[-27.16185566744709, -9.176332682982785, 14.297220902733406]",,,-27.16185566744709,0.00010345925616729107
10,100,0,poisson,100,252840.07986014977,[2.3754689608921167],,,,
10,100,0,gamma,100,321697.3437142806,"[0.5187965698822984, -1.4364686635261854]",,,,
10,100,0,gammamix,100,321748.76356437715,"[0.7312406485783199, -0.016838856208343467, 6.907755278982137, 2.6775598741250355, 0.635479164062252, 5.839282143681187, 1.1646541262847052, -2.1791329938656645]",3.0,,,
10,100,0,lognormal,100,321719.74670743634,"[1.6286818995610932, -0.3855562296859186]",,,,
10,100,0,compoundgamma,100,321732.52672767837,"[9.210340371976184, 0.7571118075587181, -6.607606958304147]",,3.1321093770814827,,
10,100,0,logskewnormal,100,321743.4627039126,"[0.9161469661170656, -0.02584402800697569, 13.159391949061712]",,,,
10,100,0,gig,100,321732.531800782,"[-3.1305652241333766, -14.707930188882978, 18.003250398304257]",,,-3.1305652241333766,4.09663318542485e-07
10,100,1,poisson,100,2186.996491440053,[1.2218499179793114],,,,
10,100,1,gamma,100,2534.318537198985,"[2.544042755984667, 1.263496927498517]",,,,
10,100,1,gammamix,100,2551.6982844241543,"[-0.6783750497685797, 6.907755278982137, 3.7255699011729804, 5.858113368397013, 2.1138177552875734]",2.0,,,
10,100,1,lognormal,100,2536.5011247252373,"[1.240158488078096, -1.2804567032404939]",,,,
10,100,1,compoundgamma,100,2538.157814175538,"[9.210340371976184, 2.5584676026810973, -5.373780852227593]",,13.916009684227575,,
10,100,1,logskewnormal,100,2542.771270554336,"[0.9100951066433813, -0.859387060469832, 5.63493393646316]",,,,
10,100,1,gig,100,2538.1619519791757,"[-13.900719708156311, -10.315382101562825, 14.843901443872651]",,,-13.900719708156311,3.311970612371479e-05
10,100,2,poisson,100,1583.2171995203737,[1.1277612330148785],,,,
10,100,2,gamma,100,2017.7929724665178,"[1.8412733237671783, 0.5403769663416822]",,,,
10,100,2,gammamix,100,2049.621012643439,"[-2.3719681852272387, 3.620426098211447, 2.0210909119106866, 2.4613227418877597, -0.17591230429641272]",2.0,,,
10,100,2,lognormal,100,2027.5093869021582,"[1.2197564753511698, -0.996851752399878]",,,,
10,100,2,compoundgamma,100,2033.9874721364936,"[9.210340371976184, 2.0859636900809537, -5.842387728715912]",,9.052347711414482,,
10,100,2,logskewnormal,100,2039.403188722319,"[0.8446616783980745, -0.6663105376815314, 5.274897596597727]",,,,
10,100,2,gig,100,2033.9952700471174,"[-9.04841959091307, -12.780378828179963, 16.84097687496496]",,,-9.04841959091307,2.8154770933872666e-06
10,100,3,poisson,100,850.1337000757217,[1.094933969857702],,,,
10,100,3,gamma,100,894.2539301816653,"[3.414670209227416, 2.2519346284328545]",,,,
10,100,3,gammamix,100,894.2539301816653,"[3.414670209227416, 2.2519346284328545]",1.0,,,
10,100,3,lognormal,100,894.9793669756691,"[1.1459262837968385, -1.7053929471462888]",,,,
10,100,3,compoundgamma,100,895.5681271591866,"[9.210340371976184, 3.410852019517551, -4.637345457945205]",,31.291041826667325,,
10,100,3,logskewnormal,100,896.3231216900069,"[0.9680634227563969, -1.384675618296055, 1.926227303929999]",,,,
10,100,3,gig,100,895.5712817780395,"[-31.208378924108242, -9.17693077853296, 14.440334674719091]",,,-31.208378924108242,0.00010339739614749842
10,400,0,poisson,400,382221.24507415306,[1.9422926986831637],,,,
10,400,0,gamma,400,665239.7526284148,"[0.04162084804873671, -2.0769097044279143]",,,,
10,400,0,gammamix,400,665583.1954739059,"[0.4156031954258008, -0.03157445807122694, -1.1071201709090337, 6.83623508025887, 3.4494016890302066, 1.785411206727579, -0.22516128500770824, 5.752625267380365, 2.1038693713281016, -0.22885225624108074, -4.084178021221113]",4.0,,,
10,400,0,lognormal,400,665437.1853003037,"[1.5677813642935945, -0.3659340975022832]",,,,
10,400,0,compoundgamma,400,665504.9512356948,"[9.210340371976184, 0.8178510363839387, -6.619092841231071]",,3.265625854872665,,
10,400,0,logskewnormal,400,665548.9103347951,"[0.8997997665899811, -0.0424160232946199, 21.713215586339896]",,,,
10,400,0,gig,400,665504.9752962291,"[-3.2654972698052513, -14.707469568173677, 17.991847721250654]",,,-3.2654972698052513,4.0985206141694794e-07
10,400,1,poisson,356,17037.611214697645,[1.3038469711750333],,,,
10,400,1,gamma,356,19159.62041706237,"[2.441826196248325, 1.1363005622657987]",,,,
10,400,1,gammamix,356,19192.662058368333,"[-0.4758459325257524, 5.279663125984736, 3.2377954839221443, 4.2128260096053385, 1.6463621759665983]",2.0,,,
10,400,1,lognormal,356,19165.79863879369,"[1.2608398373789875, -1.2292337089324383]",,,,
10,400,1,compoundgamma,356,19169.848636607945,"[9.210340371976184, 2.451575392614198, -5.455597537107495]",,12.606617302948194,,
10,400,1,logskewnormal,356,19180.11854656285,"[0.8998022143505465, -0.7846688290510611, 7.828922454554243]",,,,
10,400,1,gig,356,19169.85737695672,"[-12.593670466030447, -10.387857135169162, 14.834628620987212]",,,-12.593670466030447,3.0804273267134315e-05
10,400,2,poisson,400,6574.026067066061,[1.228964407462596],,,,
10,400,2,gamma,400,8619.724638508771,"[1.6998926743070222, 0.38026152498419785]",,,,
10,400,2,gammamix,400,8732.953063272342,"[-2.037121107193846, 3.408819665815592, 1.500167206006124, 2.252501805368663, -0.6006891385260724]",2.0,,,
10,400,2,lognormal,400,8659.880787802427,"[1.2258575299612997, -0.9288379981220343]",,,,
10,400,2,compoundgamma,400,8685.279105079087,"[9.210340371976184, 1.9395555354733534, -5.973061503842524]",,7.955658739925391,,
10,400,2,logskewnormal,400,8706.217665721237,"[0.8088250802574812, -0.5730923825336475, 9.80952683280933]",,,,
10,400,2,gig,400,8685.305168584211,"[-7.952523055275668, -12.850241148561286, 16.780203736606115]",,,-7.952523055275668,2.6254948942140465e-06
10,400,3,poisson,400,9597.776167557862,[1.207879059293001],,,,
10,400,3,gamma,400,10559.228285185287,"[3.1323376837659023, 1.903918090909642]",,,,
10,400,3,gammamix,400,10571.832079089818,"[-2.0655706446145916, 3.710248752374464, 2.336466111621547, 2.516050363902008, 0.8913492962416508]",2.0,,,
10,400,3,lognormal,400,10564.277117679823,"[1.2062659603502799, -1.585914415154468]",,,,
10,400,3,compoundgamma,400,10567.745952389365,"[9.210340371976184, 3.205006516809701, -4.778841995808509]",,25.655660692181478,,
10,400,3,logskewnormal,400,10570.73765917519,"[0.9887170069518344, -1.2322724740525564, 2.773464967234326]",,,,
10,400,3,gig,400,10567.758505177371,"[-25.60161795588909, -9.634096390054388, 14.756544411063453]",,,-25.60161795588909,6.545835689848225e-05
11,10,0,poisson,10,19773.724257197107,[2.3897753905817476],,,,
11,10,0,gamma,10,20759.656360918063,"[0.6023446289335946, -1.4265337024277729]",,,,
11,10,0,gammamix,10,20767.990559773407,"[-0.4054564945328669, 4.610714408999454, 3.2023866818379134, 3.5003639924742758, 0.539662703353227]",2.0,,,
11,10,0,lognormal,10,20760.143603128643,"[1.730742688541182, -0.26130750980502887]",,,,
11,10,0,compoundgamma,10,20760.50232873417,"[9.210340371976184, 0.12138062427543607, -6.976303949806792]",,2.1290545761719026,,
11,10,0,logskewnormal,10,20760.143603136043,"[1.7307618809466914, -0.2612958855229976, 1.1791934631200774e-05]",,,,
11,10,0,gig,10,20760.59340395659,"[-1.2864247476012678, 0.12523493314104406, 2.532343271282889]",,,-1.2864247476012678,1.133414698465884
11,10,1,poisson,10,171.67354590452965,[1.2477251744654108],,,,
11,10,1,gamma,10,183.209756041989,"[2.6703395608609357, 1.362550799874827]",,,,
11,10,1,gammamix,10,183.209756041989,"[2.6703395608609357, 1.362550799874827]",1.0,,,
11,10,1,lognormal,10,183.18187329016024,"[1.2748488764681847, -1.3325788294256824]",,,,
11,10,1,compoundgamma,10,183.20968176845645,"[2.6717473057561296, 9.21024036697585, 7.846287367319309]",,10000.0,,
11,10,1,logskewnormal,10,183.18187329016186,"[1.2748487108412943, -1.332578805015295, -3.4860954744902084e-08]",,,,
11,10,1,gig,10,183.21071154031597,"[11.904932823844659, 2.0527538205921774, 0.0917378742987497]",,,11.904932823844659,7.789321993434198
11,10,2,poisson,10,140.1777817942438,[1.3495705281651966],,,,
11,10,2,gamma,10,142.58998267483497,"[3.305814156642504, 1.965649702147929]",,,,
11,10,2,gammamix,10,142.58998267483497,"[3.305814156642504, 1.965649702147929]",1.0,,,
11,10,2,lognormal,10,142.66177373147144,"[1.3217243871304925, -1.6351124702536735]",,,,
11,10,2,compoundgamma,10,142.72184425841687,"[9.210340371976184, 3.24009327689272, -4.628760508442081]",,26.53610356465823,,
11,10,2,logskewnormal,10,142.6617737314752,"[1.3217246058612309, -1.6351124889698234, 3.4019627761090304e-08]",,,,
11,10,2,gig,10,142.7221411201453,"[-26.47153912569265, -8.795666757205279, 14.067865317839575]",,,-26.47153912569265,0.0001513876553103063
11,10,3,poisson,10,99.32225955575095,[1.2706328598249346],,,,
11,10,3,gamma,10,103.20774281232462,"[3.2148166190570304, 1.9938836584708686]",,,,
11,10,3,gammamix,10,103.20774281232462,"[3.2148166190570304, 1.9938836584708686]",1.0,,,
11,10,3,lognormal,10,103.25901043207428,"[1.1996692028214184, -1.605809404195252]",,,,
11,10,3,compoundgamma,10,103.29253714498304,"[9.210340371976184, 3.2062651105045474, -4.784937851299713]",,25.686711687465493,,
11,10,3,logskewnormal,10,103.25901043207428,"[1.1996692028214184, -1.605809404195252, 0.0]",,,,
11,10,3,gig,10,103.29270789572402,"[-25.626748724135457, -8.706242445360028, 13.822357792944288]",,,-25.626748724135457,0.00016554914718974617
11,20,0,poisson,20,18154.764308422942,[1.9917384632592017],,,,
11,20,0,gamma,20,21891.284114500035,"[0.8822521085318005, -0.8987010330435348]",,,,
11,20,0,gammamix,20,21901.227429992425,"[-0.5965736063774452, 4.187497289743071, 1.4607317586261528, 3.015141302618282, -0.9081023024081598]",2.0,,,
11,20,0,lognormal,20,21893.435537326248,"[1.559368539665524, -0.48138894791905357]",,,,
11,20,0,compoundgamma,20,21895.03831796248,"[9.210340371976184, 0.8812483316145759, -6.576646923920868]",,3.4139111880130697,,
11,20,0,logskewnormal,20,21897.119192409948,"[0.9021894336980053, -0.14703965765243454, 5.012306972369843]",,,,
11,20,0,gig,20,21895.039267569413,"[-3.4135067129906003, -11.591379179524951, 14.918020324516144]",,,-3.4135067129906003,9.245448519113721e-06
11,20,1,poisson,20,1010.4942287760933,[1.3727385572763162],,,,
11,20,1,gamma,20,1087.950810338447,"[2.5499573740324726, 1.2076973357123626]",,,,
11,20,1,gammamix,20,1092.5757617625159,"[-0.10582285181398432, 6.907755278982137, 4.3394166184233525, 5.858846314992083, 2.751121284176621]",2.0,,,
11,20,1,lognormal,20,1088.0317668723026,"[1.3033531150388067, -1.2716115753707455]",,,,
11,20,1,compoundgamma,20,1088.0410520103446,"[6.845109222896175, 2.527629832626828, -2.973516731240743]",,13.523787459036768,,
11,20,1,logskewnormal,20,1088.0317668723026,"[1.3033531150388067, -1.2716115753707455, 0.0]",,,,
11,20,1,gig,20,1088.0842222002477,"[-3.9917943145555648, 2.4674125054961658, 1.6239994651846712]",,,-3.9917943145555648,11.791895877679687
11,20,2,poisson,20,285.9529140607877,[1.3534646650936806],,,,
11,20,2,gamma,20,294.85267680153424,"[2.812271235735827, 1.441874820750449]",,,,
11,20,2,gammamix,20,294.85267680153424,"[2.812271235735827, 1.441874820750449]",1.0,,,
11,20,2,lognormal,20,295.3134000173668,"[1.340558333638045, -1.3995280046280056]",,,,
11,20,2,compoundgamma,20,295.7003443976338,"[9.210340371976184, 2.789695716011073, -5.048901807277368]",,17.276066501782502,,
11,20,2,logskewnormal,20,295.3134000174609,"[1.3405576936446988, -1.3995310274838233, 1.3057597206182043e-06]",,,,
11,20,2,gig,20,295.70149161366766,"[-17.25306873824193, -10.416969050074897, 15.27013909382916]",,,-17.25306873824193,2.9920429498193038e-05
11,20,3,poisson,20,187.03422477639597,[1.2541225880114075],,,,
11,20,3,gamma,20,189.51512635659952,"[3.9807737243411885, 2.7502486257180214]",,,,
11,20,3,gammamix,20,189.51512635659952,"[3.9807737243411885, 2.7502486257180214]",1.0,,,
11,20,3,lognormal,20,189.5662604622101,"[1.2206005628373073, -1.9893745236329459]",,,,
11,20,3,compoundgamma,20,189.6068573694013,"[9.210340371976184, 3.985560921373229, -3.9952479658650986]",,54.815467259213214,,
11,20,3,logskewnormal,20,189.5662604621262,"[1.2206007255299767, -1.9893764829342198, 3.5708341803545338e-06]",,,,
11,20,3,gig,20,189.6072723168861,"[-54.53968948152811, -8.316803024641725, 14.21990313205015]",,,-54.53968948152811,0.00024437588038278655
11,40,0,poisson,40,138069.21927788202,[2.8938756879398935],,,,
11,40,0,gamma,40,261393.49603207706,"[-0.8190380635855532, -4.108069161632697]",,,,
11,40,0,gammamix,40,261428.4632682162,"[-0.13793634962526946, 4.855157604830741, -0.7898376655687329, 3.685659754693537, -4.777713423040088]",2.0,,,
11,40,0,lognormal,40,261420.01466443727,"[1.8204857762892148, 0.06420361848961698]",,,,
11,40,0,compoundgamma,40,261430.07540931512,"[9.210340371976184, -0.2699557631929103, -7.130600889522932]",,1.763413264555218,,
11,40,0,logskewnormal,40,261433.3179826048,"[0.8607546632359576, 0.33922110304177805, 10.853979851992518]",,,,
11,40,0,gig,40,261430.07701800275,"[-1.763187986210764, -13.134095396960083, 15.906795813809627]",,,-1.763187986210764,1.976673064480225e-06
11,40,1,poisson,40,1744.2773900074276,[1.425329770789424],,,,
11,40,1,gamma,40,1867.6003218082128,"[2.6512875824322495, 1.265279849354182]",,,,
11,40,1,gammamix,40,1867.6003218082128,"[2.6512875824322495, 1.265279849354182]",1.0,,,
11,40,1,lognormal,40,1867.9015632189723,"[1.3497876079565079, -1.3302121011058394]",,,,
11,40,1,compoundgamma,40,1868.0141746401528,"[6.931982604678961, 2.661583816132328, -2.885934584392505]",,15.318949732386166,,
11,40,1,logskewnormal,40,1867.9015632190844,"[1.3497881901779916, -1.3302142261359016, -3.1213487924526833e-06]",,,,
11,40,1,gig,40,1868.0264789967673,"[-11.357206485223891, 2.2253272472972476, 2.3567961011165965]",,,-11.357206485223891,9.25651147668006
11,40,2,poisson,40,476.8581225866122,[1.294356865794205],,,,
11,40,2,gamma,40,527.8359994480368,"[2.2067597785843907, 0.8877815011161468]",,,,
11,40,2,gammamix,40,534.1673849164479,"[-2.69699349145441, 3.2247493752614678, 3.510210965331638, 1.9953512978550263, 1.3175417884221237]",2.0,,,
11,40,2,lognormal,40,529.7815690464258,"[1.263064012735979, -1.128838039071829]",,,,
11,40,2,compoundgamma,40,531.123419300168,"[9.210340371976184, 2.286336001188772, -5.610163529645008]",,10.838822125329184,,
11,40,2,logskewnormal,40,531.4828197816906,"[0.9614485855520094, -0.8402845401850314, 1.937412448118651]",,,,
11,40,2,gig,40,531.1254136475156,"[-10.83097738001906, -11.98553338254087, 16.2780533991551]",,,-10.83097738001906,6.233744374324982e-06
11,40,3,poisson,40,1141.9541027438265,[1.2198179216061262],,,,
11,40,3,gamma,40,1186.4730418085478,"[3.5647557620373473, 2.327314435195789]",,,,
11,40,3,gammamix,40,1186.4730418085478,"[3.5647557620373473, 2.327314435195789]",1.0,,,
11,40,3,lognormal,40,1186.4622345396756,"[1.2222499390734096, -1.7735106596599601]",,,,
11,40,3,compoundgamma,40,1186.4730105690762,"[3.5682976229636902, 8.878210265008953, 6.547322514091672]",,7174.939788273266,,
11,40,3,logskewnormal,40,1186.4622345396745,"[1.2222497655270275, -1.7735106103192362, 8.897768292409191e-07]",,,,
11,40,3,gig,40,1186.4883685406799,"[14.815927013621131, 3.4362658975733034, 0.7683403598168073]",,,14.815927013621131,31.070720029753566
11,100,0,poisson,100,130662.65727085885,[1.8476057038101836],,,,
11,100,0,gamma,100,341233.6981475094,"[-0.6727483013281711, -3.5855196095749164]",,,,
11,100,0,gammamix,100,341369.3433654731,"[-0.11703731502118075, -0.07564254968311457, -2.85625446897929, 6.907755278982137, 3.5717588179991306, 1.115084882994665, 2.696372540963374, 5.827001153141168, 2.1445398182283038, -1.3326069465253665, -3.7262136251738225]",4.0,,,
11,100,0,lognormal,100,341304.3817887081,"[1.6725604784036343, -0.08821931035947572]",,,,
11,100,0,compoundgamma,100,341330.8806669522,"[9.210340371976184, 0.3021871161129485, -6.907995110184527]",,2.35281433638846,,
11,100,0,logskewnormal,100,341339.72179147706,"[0.8851619841126266, 0.1788822113852421, 17.0739232594329]",,,,
11,100,0,gig,100,341330.8860205423,"[-2.3527288840188287, -13.979547125728498, 16.974949617489766]",,,-2.3527288840188287,8.487109858495264e-07
11,100,1,poisson,100,8480.337741201753,[1.2517541262045941],,,,
11,100,1,gamma,100,8972.166446878104,"[2.6039243246330424, 1.2338162143942213]",,,,
11,100,1,gammamix,100,8972.166446878104,"[2.6039243246330424, 1.2338162143942213]",1.0,,,
11,100,1,lognormal,100,8972.984253580973,"[1.3320664967752809, -1.3068249192023071]",,,,
11,100,1,compoundgamma,100,8973.313826937041,"[9.162425530564017, 2.6011882343876014, -5.192814886922594]",,14.4797456200186,,
11,100,1,logskewnormal,100,8972.984253581075,"[1.3320660729377245, -1.3068248840173873, -9.153615112315326e-08]",,,,
11,100,1,gig,100,8973.33706178476,"[-11.136752203184786, 2.144999489975351, 2.384859935274811]",,,-11.136752203184786,8.54203688064362
11,100,2,poisson,100,980.2147918250373,[1.252762968495368],,,,
11,100,2,gamma,100,1069.9831268489384,"[2.381276163452153, 1.1265373848805864]",,,,
11,100,2,gammamix,100,1084.3591986777506,"[-3.4795107527440017, 3.1821900298675616, 6.907755278982137, 1.979038603322105, 4.607343943089385]",2.0,,,
11,100,2,lognormal,100,1074.1067101522044,"[1.208414709218606, -1.21522091443766]",,,,
11,100,2,compoundgamma,100,1077.0076677286334,"[9.210340371976184, 2.474388711861109, -5.484604874137288]",,12.874446185956804,,
11,100,2,logskewnormal,100,1078.4913902391754,"[0.9093444439723367, -0.8859685461219977, 2.6894214925429973]",,,,
11,100,2,gig,100,1077.012634730133,"[-12.863523271019162, -11.372141857244152, 15.790094592771128]",,,-12.863523271019162,1.1511755155430548e-05
11,100,3,poisson,100,2069.9089163118447,[1.1449922188506476],,,,
11,100,3,gamma,100,2193.0750748897426,"[3.33542124164354, 2.10274906130629]",,,,
11,100,3,gammamix,100,2193.0750748897426,"[3.33542124164354, 2.10274906130629]",1.0,,,
11,100,3,lognormal,100,2193.872874590454,"[1.2142754364991188, -1.6669536191333947]",,,,
11,100,3,compoundgamma,100,2194.487541357475,"[9.210340371976184, 3.331264245991938, -4.647470712164179]",,28.973684976344416,,
11,100,3,logskewnormal,100,2195.3860900965683,"[1.0157919632888377, -1.3103673828875622, 2.208962480047442]",,,,
11,100,3,gig,100,2194.490713962609,"[-28.89849087466303, -9.216643019444884, 14.4699636266445]",,,-28.89849087466303,9.937171725524597e-05
11,400,0,poisson,400,184684.5749391737,[1.6737976794147054],,,,
11,400,0,gamma,400,415279.27804687707,"[-0.07027725618906076, -2.217323223724626]",,,,
11,400,0,gammamix,400,415683.2714973367,"[0.3757135014525601, -0.6941864540605889, -4.209633411507498, 6.378822785413667, 2.578764776019364, 1.025578564323811, 2.707729517351148, 5.298776172097776, 1.0460705500025513, -1.5469157334543806, -3.7176426457478793]",4.0,,,
11,400,0,lognormal,400,415528.46693653817,"[1.5234552105789567, -0.42450953365703953]",,,,
11,400,0,compoundgamma,400,415601.82022170565,"[9.210048578819581, 1.0093000346124519, -6.504521892330561]",,3.7436798617872094,,
11,400,0,logskewnormal,400,415637.306831826,"[0.8897548817064661, -0.09886405625479988, 22.907488691697495]",,,,
11,400,0,gig,400,415601.8456179185,"[-3.7433184775868242, -13.29459832822096, 16.693110647532293]",,,-3.7433184775868242,1.683562745423553e-06
11,400,1,poisson,356,17175.528717295245,[1.2995853677294178],,,,
11,400,1,gamma,356,18970.464698665735,"[2.4428272606379995, 1.1381317584074186]",,,,
11,400,1,gammamix,356,18987.74720548788,"[-0.4307981618117074, 4.220783574673293, 3.344931337649854, 3.150967283039616, 1.7678439522960945]",2.0,,,
11,400,1,lognormal,356,18974.347778095696,"[1.2600452216017737, -1.2266442489023173]",,,,
11,400,1,compoundgamma,356,18976.10814370175,"[9.210340371976184, 2.4384583997073404, -5.468965192753447]",,12.455367525846334,,
11,400,1,logskewnormal,356,18978.273429784724,"[0.9208397064608438, -0.8192143367066176, 3.1900394406775585]",,,,
11,400,1,gig,356,18976.127288927153,"[-11.299537733358608, 1.5599556532546197, 2.82198911037545]",,,-11.299537733358608,4.758610211583146
11,400,2,poisson,400,5853.139549428187,[1.214991351677803],,,,
11,400,2,gamma,400,7272.132654706886,"[1.8064759924794564, 0.48611038732442713]",,,,
11,400,2,gammamix,400,7365.938173534528,"[-1.8784264617466229, 3.430591020380426, 1.6714133016836583, 2.2683772519419354, -0.339990373999102]",2.0,,,
11,400,2,lognormal,400,7304.427035560942,"[1.2365182757437312, -0.962616456821457]",,,,
11,400,2,compoundgamma,400,7325.70223462498,"[9.210340371976184, 1.9867308783460877, -5.918396808893289]",,8.291657441040872,,
11,400,2,logskewnormal,400,7346.092923826258,"[0.8268068734142681, -0.5972712704165207, 9.647927967159848]",,,,
11,400,2,gig,400,7325.725984060133,"[-8.287965290791247, -12.622543683589745, 16.60711798152029]",,,-8.287965290791247,3.2968480457112227e-06
11,400,3,poisson,400,7698.092292206129,[1.1573190340303299],,,,
11,400,3,gamma,400,8112.124210361839,"[3.4197557080856575, 2.200684694154358]",,,,
11,400,3,gammamix,400,8124.949252024972,"[0.25741788120140674, 6.465881581983417, 3.395821265293235, 5.39073552607078, 2.082509757034089]",2.0,,,
11,400,3,lognormal,400,8116.510842291548,"[1.2023538722010987, -1.714534013660849]",,,,
11,400,3,compoundgamma,400,8120.071306869353,"[9.210340371976184, 3.4425206146698706, -4.549678129544369]",,32.26566762901443,,
11,400,3,logskewnormal,400,8127.838812950926,"[0.9858781087520523, -1.2842355550551112, 5.280208740958493]",,,,
11,400,3,gig,400,8120.090311068824,"[-32.17768275559691, -10.937129529974982, 16.288116647401804]",,,-32.17768275559691,1.7785455703581248e-05
12,10,0,poisson,10,2691.661799932518,[1.5170306953385553],,,,
12,10,0,gamma,10,3600.1429885532493,"[1.2307892870610626, -0.46392394167702755]",,,,
12,10,0,gammamix,10,3600.1429885532493,"[1.2307892870610626, -0.46392394167702755]",1.0,,,
12,10,0,lognormal,10,3600.6578863797877,"[1.541095978618765, -0.6156474462208129]",,,,
12,10,0,compoundgamma,10,3601.01208124037,"[9.210340371976184, 1.0971599237817193, -6.415098337816051]",,3.995646067855247,,
12,10,0,logskewnormal,10,3600.6578863801406,"[1.541092541108287, -0.6156501940671331, -1.4818757920057266e-06]",,,,
12,10,0,gig,10,3601.0134854558373,"[-3.7968325313955504, -0.02811709236649104, 3.4866251318472847]",,,-3.7968325313955504,0.9722745142119944
12,10,1,poisson,10,36.14720210669233,[1.1075809586508703],,,,
12,10,1,gamma,10,37.447249764582864,"[3.3375583078050157, 2.206147816443333]",,,,
12,10,1,gammamix,10,37.447249764582864,"[3.3375583078050157, 2.206147816443333]",1.0,,,
12,10,1,lognormal,10,37.6245957303642,"[1.1143549413124314, -1.6259802625560746]",,,,
12,10,1,compoundgamma,10,37.80034904992427,"[9.210340371976184, 3.1937790550563054, -4.881020257152108]",,25.38038840095133,,
12,10,1,logskewnormal,10,37.624595730364206,"[1.1143549413124314, -1.6259802625560746, 0.0]",,,,
12,10,1,gig,10,37.801176756502684,"[-25.32907100100276, -11.020707852961525, 16.041065312550295]",,,-25.32907100100276,1.635940080680164e-05
12,10,2,poisson,10,536.4180041973852,[1.8750701536662076],,,,
12,10,2,gamma,10,652.1266349027533,"[0.9381611972274616, -0.9030065872144372]",,,,
12,10,2,gammamix,10,657.3962483567171,"[-0.8470746155695726, 4.178815326178987, 3.2693505382690553, 2.9006920136951337, 0.7233725123175647]",2.0,,,
12,10,2,lognormal,10,652.8191363852479,"[1.6326555936329086, -0.4755509209603668]",,,,
12,10,2,compoundgamma,10,653.274231218123,"[9.210340371976184, 0.7893659789345338, -6.577302027797198]",,3.201999869276172,,
12,10,2,logskewnormal,10,652.8191364232367,"[1.6326258564350307, -0.47549404686373675, 9.965836892725696e-08]",,,,
12,10,2,gig,10,653.2748519523668,"[-3.131826776859272, -0.7415633091450659, 4.053619748891405]",,,-3.131826776859272,0.4763686216877823
12,10,3,poisson,10,71.71526704046421,[1.0691564773774969],,,,
12,10,3,gamma,10,71.71487568318844,"[13.514966716824784, 12.445820338517118]",,,,
12,10,3,gammamix,10,71.71487568318844,"[13.514966716824784, 12.445820338517118]",1.0,,,
12,10,3,lognormal,10,71.71526682462392,"[1.069156468898748, -10.509193467343206]",,,,
12,10,3,compoundgamma,10,71.66140724479348,"[9.210340371976184, 9.21024036697585, 1.0677047514008662]",,10000.0,,
12,10,3,logskewnormal,10,71.71526682462508,"[1.0691564731561325, -10.509197102993916, 2.7862787364717125e-08]",,,,
12,10,3,gig,10,71.71237907384057,"[8.444926226565245, 11.512925444942008, 1.0689956993922693]",,,8.444926226565245,99999.99799717797
12,20,0,poisson,20,31199.41519636024,[2.4671031315884626],,,,
12,20,0,gamma,20,66536.73375046768,"[-0.8691194252454064, -4.258029693931694]",,,,
12,20,0,gammamix,20,66564.1293073232,"[-0.5776631885478657, -1.657112091544823, 4.71072317952881, 2.199462692278161, -0.2463119913643101, 3.5766456071828654, 0.06952166839383653, -5.688123582040114]",3.0,,,
12,20,0,lognormal,20,66548.37445110422,"[1.8310631794611465, 0.1839619223825604]",,,,
12,20,0,compoundgamma,20,66554.28100726202,"[9.210340371976184, -0.6022901371733899, -7.29919699146713]",,1.5475562202509567,,
12,20,0,logskewnormal,20,66555.24223098623,"[0.7861520157612926, 0.42364797963308154, 7.08506225268137]",,,,
12,20,0,gig,20,66554.28185785159,"[-1.5473226518621825, -13.969581615123301, 16.573681861584735]",,,-1.5473226518621825,8.572111078613141e-07
12,20,1,poisson,20,177.59350374092327,[1.2157879753838678],,,,
12,20,1,gamma,20,187.78591695622896,"[3.1431678699608936, 1.9391768973577017]",,,,
12,20,1,gammamix,20,187.78591695622896,"[3.1431678699608936, 1.9391768973577017]",1.0,,,
12,20,1,lognormal,20,188.09504586118751,"[1.1815735102273748, -1.5704303987537842]",,,,
12,20,1,compoundgamma,20,188.3572534312339,"[9.210340371976184, 3.136851753235795, -4.8707334353365574]",,24.031244561083092,,
12,20,1,logskewnormal,20,188.0950458611687,"[1.1815735922278574, -1.5704290041626383, 3.2194735865042585e-08]",,,,
12,20,1,gig,20,188.35840048682917,"[-23.983672464264746, -10.09211895440949, 15.122801541157814]",,,-23.983672464264746,4.1404584174535024e-05
12,20,2,poisson,20,718.1049234953551,[1.6755455536174555],,,,
12,20,2,gamma,20,905.9370523806193,"[1.0146777484247753, -0.6076018940444275]",,,,
12,20,2,gammamix,20,914.3375452139873,"[-0.7561238366773562, 6.907751865403397, 1.7419575664983715, 5.811547671387448, -0.49820425274494584]",2.0,,,
12,20,2,lognormal,20,907.789692645415,"[1.4291476269197232, -0.540246154071155]",,,,
12,20,2,compoundgamma,20,909.0427811999677,"[9.210340371976184, 0.9964836753211154, -6.611255760898911]",,3.708740252452495,,
12,20,2,logskewnormal,20,909.8585142784455,"[0.8146996559593508, -0.20849815043975511, 3.091108601683758]",,,,
12,20,2,gig,20,909.0435446327577,"[-3.7080836383137705, -12.974272589168784, 16.26625318921044]",,,-3.7080836383137705,2.319236342543431e-06
12,20,3,poisson,20,175.3956033665541,[1.117557374910559],,,,
12,20,3,gamma,20,178.06403447660676,"[4.131828137876308, 2.990691908692241]",,,,
12,20,3,gammamix,20,178.06403447660676,"[4.131828137876308, 2.990691908692241]",1.0,,,
12,20,3,lognormal,20,178.18466058605094,"[1.1328638265801017, -2.0679238921991434]",,,,
12,20,3,compoundgamma,20,178.29916151301708,"[9.210340371976184, 4.149783268830371, -3.9199913720101622]",,64.42025366276043,,
12,20,3,logskewnormal,20,178.18466058605156,"[1.1328637765391072, -2.0679238843747445, -5.048682468109808e-09]",,,,
12,20,3,gig,20,178.30054570151177,"[-64.04433193232423, -8.304793928346594, 14.28234281421304]",,,-64.04433193232423,0.00024732830636370627
12,40,0,poisson,40,33198.24599055475,[2.3125986869585144],,,,
12,40,0,gamma,40,70635.91570975065,"[-0.5732034677313049, -3.5326224199545444]",,,,
12,40,0,gammamix,40,70674.65814962756,"[0.0388581751740229, -1.1745657199656385, 4.4925890489591636, 1.7988648588613947, -0.47388419110857294, 3.308740406841631, -0.2454349639603982, -5.174361449649557]",3.0,,,
12,40,0,lognormal,40,70657.99910511976,"[1.8532286407927083, -0.005574972787973506]",,,,
12,40,0,compoundgamma,40,70666.80426597237,"[9.210340371976184, -0.11994342269287132, -7.008665372595727]",,1.8869706177066436,,
12,40,0,logskewnormal,40,70669.20504107326,"[0.890498332647814, 0.30267000439230135, 8.705366977880521]",,,,
12,40,0,gig,40,70666.8058099955,"[-1.8869634146601129, -13.832937950940941, 16.727703332881223]",,,-1.8869634146601129,9.82723585709102e-07
12,40,1,poisson,40,301.16409071770767,[1.2114916367399633],,,,
12,40,1,gamma,40,321.992030419212,"[2.810033900131496, 1.5985434577675972]",,,,
12,40,1,gammamix,40,321.992030419212,"[2.810033900131496, 1.5985434577675972]",1.0,,,
12,40,1,lognormal,40,322.5795406487326,"[1.1813194083511267, -1.4033804898620028]",,,,
12,40,1,compoundgamma,40,323.0503946886013,"[9.210340371976184, 2.7993805588248395, -5.199037465748864]",,17.4344634340908,,
12,40,1,logskewnormal,40,322.5795406487326,"[1.1813194024712554, -1.403380470281044, 0.0]",,,,
12,40,1,gig,40,323.051866449135,"[-17.409671473709757, -10.213280140348992, 14.916219571738468]",,,-17.409671473709757,3.667995489195475e-05
12,40,2,poisson,40,1047.9546163808204,[1.5055256229526388],,,,
12,40,2,gamma,40,1343.9278373422717,"[1.1604824750727547, -0.3623939817279494]",,,,
12,40,2,gammamix,40,1363.9047640874708,"[-1.546663826829832, 3.845657297714781, 2.89114850574538, 2.684487889902725, 0.477363432851154]",2.0,,,
12,40,2,lognormal,40,1348.3416072994196,"[1.3566124132751207, -0.6369516697847852]",,,,
12,40,2,compoundgamma,40,1351.4088711512295,"[9.210340371976184, 1.269702456432738, -6.450218349400673]",,4.559793211191001,,
12,40,2,logskewnormal,40,1354.0220947444282,"[0.8006887245036352, -0.29259772953142443, 4.458113318636837]",,,,
12,40,2,gig,40,1351.4109626091476,"[-4.558908628195904, -13.063198969702203, 16.516203939403734]",,,-4.558908628195904,2.1218993093941345e-06
12,40,3,poisson,40,359.44403967693034,[1.0868432084264146],,,,
12,40,3,gamma,40,370.0576070800888,"[4.008671329517999, 2.8537196877839084]",,,,
12,40,3,gammamix,40,370.0576070800888,"[4.008671329517999, 2.8537196877839084]",1.0,,,
12,40,3,lognormal,40,370.26160411033567,"[1.1456905087745188, -2.0053274754001533]",,,,
12,40,3,compoundgamma,40,370.44804076793696,"[9.210340371976184, 4.019519510038505, -4.03629239097301]",,56.674348433445886,,
12,40,3,logskewnormal,40,370.261604110634,"[1.1456913086262188, -2.0053274292782737, 8.591062464130727e-08]",,,,
12,40,3,gig,40,370.4500651344274,"[-56.393588149902435, -8.307055351045022, 14.1691898846028]",,,-56.393588149902435,0.0002467696244637895
12,100,0,poisson,100,88619.12405051415,[2.1849060576348998],,,,
12,100,0,gamma,100,142000.3651394226,"[-0.22767292261042021, -2.684280065007153]",,,,
12,100,0,gammamix,100,142083.4254895191,"[-0.18446142977862967, -1.1189793510746129, 4.111141947349806, 2.0279822892380386, -0.313017628512429, 2.910231560592692, 0.17554829474297523, -4.234350569440827]",3.0,,,
12,100,0,lognormal,100,142052.17226609265,"[1.7108401268599318, -0.21178345665471773]",,,,
12,100,0,compoundgamma,100,142071.0344572064,"[9.210340371976184, 0.44295256036680286, -6.768447520111739]",,2.5572984549219067,,
12,100,0,logskewnormal,100,142080.42297319943,"[0.9181123599231353, 0.11355142973531734, 13.870638050651886]",,,,
12,100,0,gig,100,142071.0393688238,"[-2.557215405267939, -13.720266265862422, 16.85536018463952]",,,-2.557215405267939,1.0999275259148812e-06
12,100,1,poisson,100,1849.6488303709646,[1.2820016512228944],,,,
12,100,1,gamma,100,2077.928065106881,"[2.432398269085456, 1.128881967081948]",,,,
12,100,1,gammamix,100,2077.928065106881,"[2.432398269085456, 1.128881967081948]",1.0,,,
12,100,1,lognormal,100,2079.575610006353,"[1.258776810879227, -1.2202258867846332]",,,,
12,100,1,compoundgamma,100,2080.597070319997,"[9.210340371976184, 2.4237897778557373, -5.484095326208403]",,12.28855948445421,,
12,100,1,logskewnormal,100,2081.558961922078,"[0.938508642207624, -0.8467092754211557, 2.5215031644663197]",,,,
12,100,1,gig,100,2080.599118445331,"[-12.275833167378407, -10.467911578685442, 14.886175125081733]",,,-12.275833167378407,2.843438008167576e-05
12,100,2,poisson,100,1881.651957178501,[1.3640967409401126],,,,
12,100,2,gamma,100,2289.9899052698584,"[1.5909644839841337, 0.1897694559721695]",,,,
12,100,2,gammamix,100,2325.163931033381,"[-2.1178246709842656, 3.4282515801539106, 2.382475824692594, 2.222372755243721, 0.04665124470785267]",2.0,,,
12,100,2,lognormal,100,2300.672799595768,"[1.295116125544067, -0.8648928815368137]",,,,
12,100,2,compoundgamma,100,2307.9541621729254,"[9.210340371976184, 1.7913789695400917, -6.042246540949816]",,6.997717436157174,,
12,100,2,logskewnormal,100,2314.6489399437014,"[0.8465437093680587, -0.504569513893125, 6.409732010512037]",,,,
12,100,2,gig,100,2307.9612238122186,"[-6.995448404453311, -13.630489687182072, 17.491336723381075]",,,-6.995448404453311,1.2032435524997573e-06
12,100,3,poisson,100,1567.4166512089155,[1.1074235248584001],,,,
12,100,3,gamma,100,1665.3427777504537,"[3.2867768877648675, 2.069128476842946]",,,,
12,100,3,gammamix,100,1676.6006377141396,"[-0.90151083792897, 6.907755278982137, 3.3665420334400493, 5.831060099849465, 1.9180406512777297]",2.0,,,
12,100,3,lognormal,100,1666.970114371056,"[1.1979710885637427, -1.654276241362963]",,,,
12,100,3,compoundgamma,100,1668.3531734017704,"[9.210340371976184, 3.329829104981314, -4.66537895770179]",,28.933567587756972,,
12,100,3,logskewnormal,100,1672.581740232842,"[0.9789651103391516, -1.264270919585725, 4.7749476394331465]",,,,
12,100,3,gig,100,1668.3602305066993,"[-28.867318432719827, -9.580825033165667, 14.816551785227867]",,,-28.867318432719827,6.903996396274735e-05
12,400,0,poisson,400,393381.7145083424,[2.0390430916754947],,,,
12,400,0,gamma,400,591913.8510164977,"[0.06872764894149963, -2.0430911556999503]",,,,
12,400,0,gammamix,400,592234.5023851646,"[-0.4920086268346304, 0.02212316022820149, -1.2258969524579435, 5.8894585817097305, 5.784677616644629, 1.9360948076054532, -0.21646768257269447, 4.812825522174841, 4.440088521334183, 0.050462105465225435, -3.938966117304757]",4.0,,,
12,400,0,lognormal,400,592104.5427534679,"[1.5777120219559597, -0.3660434133470229]",,,,
12,400,0,compoundgamma,400,592170.0968348299,"[9.210340371976184, 0.8062515957596038, -6.61847606035034]",,3.2394976912880677,,
12,400,0,logskewnormal,400,592211.538826077,"[0.8951909858566239, -0.032462167404370634, 24.07276754173277]",,,,
12,400,0,gig,400,592170.1190591865,"[-3.2392460931006637, -13.56602857060782, 16.85090046947568]",,,-3.2392460931006637,1.2833604475333475e-06
12,400,1,poisson,356,14811.653928332882,[1.450476092710854],,,,
12,400,1,gamma,356,16788.79320046527,"[2.4401355353228618, 1.120482697453634]",,,,
12,400,1,gammamix,356,16812.72112646012,"[0.24820972086012616, 6.907755278982137, 2.6473586111940643, 5.851456343535002, 1.1653028120486437]",2.0,,,
12,400,1,lognormal,356,16794.272010251312,"[1.2749899047996667, -1.2296085346173788]",,,,
12,400,1,compoundgamma,356,16797.469538834644,"[9.210340371976184, 2.4523365504317214, -5.44060720827108]",,12.615455133508553,,
12,400,1,logskewnormal,356,16803.137070540637,"[0.9205101232096664, -0.7959415855681737, 4.863739828428104]",,,,
12,400,1,gig,356,16797.476008777652,"[-12.60216501177208, -10.450238850385027, 14.911973358850863]",,,-12.60216501177208,2.894135981766502e-05
12,400,2,poisson,400,8721.557723838188,[1.3035380128715481],,,,
12,400,2,gamma,400,12087.070617829133,"[1.6282733720268894, 0.2720859285316449]",,,,
12,400,2,gammamix,400,12209.144072671068,"[-1.8645620171627244, 3.4897753386866874, 1.3747509256605335, 2.315972431825975, -0.7256849485686373]",2.0,,,
12,400,2,lognormal,400,12131.28525142793,"[1.2549822423313814, -0.9001196803865681]",,,,
12,400,2,compoundgamma,400,12159.01696691533,"[9.210340371976184, 1.8840138016845491, -5.995719219771792]",,7.579862192208491,,
12,400,2,logskewnormal,400,12182.90192696223,"[0.8266673225464748, -0.5438455314603482, 11.013391038268493]",,,,
12,400,2,gig,400,12159.044139024641,"[-7.577159547963102, -13.586485247167339, 17.49382751112996]",,,-7.577159547963102,1.2573738637416197e-06
12,400,3,poisson,400,6519.354578830162,[1.1773298492772866],,,,
12,400,3,gamma,400,6933.8936119832615,"[3.048563080776202, 1.815729020977648]",,,,
12,400,3,gammamix,400,6960.70059132168,"[-0.22456403639997913, 6.907755278982137, 2.923546473370604, 5.824392490373424, 1.5412388541399094]",2.0,,,
12,400,3,lognormal,400,6941.826910855225,"[1.2088027105842216, -1.5340092660718148]",,,,
12,400,3,compoundgamma,400,6948.260411027484,"[9.210340371976184, 3.0915986288556994, -4.887126422206741]",,23.01223926421637,,
12,400,3,logskewnormal,400,6961.015438796039,"[0.9624669739358835, -1.135761414032995, 7.80471044434907]",,,,
12,400,3,gig,400,6948.283784608251,"[-23.015607268296062, -10.370595670193946, 15.387068382970947]",,,-23.015607268296062,3.134061586345357e-05
13,10,0,poisson,10,8680.549826585884,[2.296184832997743],,,,
13,10,0,gamma,10,11417.42578452951,"[0.13583557500589186, -2.1394709587542797]",,,,
13,10,0,gammamix,10,11426.694392404755,"[-0.3266821059731013, 6.907755278982137, 0.47931574617002737, 5.662570151290947, -2.444279664386686]",2.0,,,
13,10,0,lognormal,10,11419.329164098206,"[1.779698011507703, -0.11871535506688691]",,,,
13,10,0,compoundgamma,10,11420.770291401268,"[9.111401671447151, 0.0040959403486154, -6.904966662233067]",,2.004104340176768,,
13,10,0,logskewnormal,10,11419.329164099172,"[1.779696199026546, -0.1187056534393037, -1.2842694095261712e-06]",,,,
13,10,0,gig,10,11420.77078453333,"[-2.001791369381092, -12.796958057593436, 15.695323531503368]",,,-2.001791369381092,2.7691834694459207e-06
13,10,1,poisson,10,200.44880240348928,[1.275720498491732],,,,
13,10,1,gamma,10,222.57687024343255,"[2.4497995191190904, 1.1999556153235231]",,,,
13,10,1,gammamix,10,222.57687024343255,"[2.4497995191190904, 1.1999556153235231]",1.0,,,
13,10,1,lognormal,10,222.65966855824578,"[1.2065925176823091, -1.2269295101269888]",,,,
13,10,1,compoundgamma,10,222.69991009143018,"[9.210340371976184, 2.4315851684736414, -5.52794603813019]",,12.376902100381255,,
13,10,1,logskewnormal,10,222.6596685590623,"[1.2065900345873843, -1.2269376620263208, 1.0989321810540114e-07]",,,,
13,10,1,gig,10,222.70840672863278,"[-7.588311458429905, 2.192386180113869, 1.9498332895676171]",,,-7.588311458429905,8.956559600697771
13,10,2,poisson,10,588.8718167266113,[1.3856396966120572],,,,
13,10,2,gamma,10,650.6470830242491,"[2.5240450156592242, 1.146032332502686]",,,,
13,10,2,gammamix,10,650.6470830242491,"[2.5240450156592242, 1.146032332502686]",1.0,,,
13,10,2,lognormal,10,651.2412198822544,"[1.3364389459728754, -1.3131550950127988]",,,,
13,10,2,compoundgamma,10,651.7299020598844,"[9.210340371976184, 2.7026416998059295, -5.1383343522047955]",,15.919091474714886,,
13,10,2,logskewnormal,10,651.241219882273,"[1.3364402835609814, -1.3131574471804532, -2.4401354146325816e-06]",,,,
13,10,2,gig,10,651.7311971730887,"[-15.904768332784176, -10.699546052510115, 15.46372694081922]",,,-15.904768332784176,2.2555174454437817e-05
13,10,3,poisson,10,482.6908399778662,[1.2687588195867852],,,,
13,10,3,gamma,10,483.412562728892,"[5.556546186952586, 4.328718802012728]",,,,
13,10,3,gammamix,10,483.412562728892,"[5.556546186952586, 4.328718802012728]",1.0,,,
13,10,3,lognormal,10,483.4006702398453,"[1.2260288340686358, -2.7861873918385105]",,,,
13,10,3,compoundgamma,10,483.41120621185803,"[5.623350094474087, 8.462607023558917, 4.067267815019647]",,4735.384574937901,,
13,10,3,logskewnormal,10,483.40067023986387,"[1.2260290231359914, -2.7861906007845074, 1.5161635860892246e-06]",,,,
13,10,3,gig,10,483.4125627291746,"[258.9212406174094, -6.906384431523697, -11.928229266098674]",,,258.9212406174094,0.0010013717874993193
13,20,0,poisson,20,8193.56895208625,[1.681207927509665],,,,
13,20,0,gamma,20,13416.3056238347,"[0.40576494921885004, -1.793104316865824]",,,,
13,20,0,gammamix,20,13427.835074183507,"[-0.41487285330023216, -0.5713099353547564, 4.269202669545479, 4.143873665276468, 1.9971267863797584, 3.122074318284809, 2.3078910017677816, -1.1224590002712127]",3.0,,,
13,20,0,lognormal,20,13418.895650282971,"[1.8303840071307418, -0.22449798062751056]",,,,
13,20,0,compoundgamma,20,13420.530422870344,"[9.168122127872183, 0.1458523614676346, -6.817483776295544]",,2.1570253539150945,,
13,20,0,logskewnormal,20,13421.888633751234,"[0.9189855401410226, 0.15195517739203152, 4.8200076684819315]",,,,
13,20,0,gig,20,13420.531181882334,"[-2.1469609668821024, -2.1197581072959286, 5.160204932941553]",,,-2.1469609668821024,0.12006066679858476
13,20,1,poisson,20,432.5380139745341,[1.3408494987978992],,,,
13,20,1,gamma,20,476.44631145759274,"[2.570564751300984, 1.2602271938838476]",,,,
13,20,1,gammamix,20,476.44631145759274,"[2.570564751300984, 1.2602271938838476]",1.0,,,
13,20,1,lognormal,20,476.6774249394338,"[1.2709398690244935, -1.2914322946701777]",,,,
13,20,1,compoundgamma,20,476.8181009594287,"[9.210340371976184, 2.5726651750928204, -5.329416130120472]",,14.10069359636389,,
13,20,1,logskewnormal,20,476.67742493944485,"[1.2709401851480238, -1.2914323059564774, 6.933219748020013e-08]",,,,
13,20,1,gig,20,476.8184776517402,"[-14.083649768483403, -9.310820404392352, 13.883589424261382]",,,-14.083649768483403,9.0440317097861e-05
13,20,2,poisson,20,625.8388840507831,[1.3307816511896318],,,,
13,20,2,gamma,20,693.4253407931051,"[2.7098606094981332, 1.4311859246480063]",,,,
13,20,2,gammamix,20,693.4253407931051,"[2.7098606094981332, 1.4311859246480063]",1.0,,,
13,20,2,lognormal,20,694.4659926817676,"[1.2443814049027215, -1.41276465902081]",,,,
13,20,2,compoundgamma,20,695.284531539752,"[9.210340371976184, 2.9212025114617153, -5.017822457200132]",,19.5635969814716,,
13,20,2,logskewnormal,20,695.7942371479267,"[1.0387380005963014, -1.1963388117776612, 1.8249689136854232]",,,,
13,20,2,gig,20,695.2870212441053,"[-19.542010581553114, -10.634603509595276, 15.519096806462086]",,,-19.542010581553114,2.4068575015718984e-05
13,20,3,poisson,20,510.55543220000976,[1.0724294839267996],,,,
13,20,3,gamma,20,548.9673173438067,"[4.477725042309858, 3.328511696555362]",,,,
13,20,3,gammamix,20,548.9673173438067,"[4.477725042309858, 3.328511696555362]",1.0,,,
13,20,3,lognormal,20,548.9667695860954,"[1.1430131467217564, -2.2434506129984624]",,,,
13,20,3,compoundgamma,20,548.9672355622587,"[4.495677735172334, 8.52627972270035, 5.179795165564708]",,5046.639695661894,,
13,20,3,logskewnormal,20,548.9667695861663,"[1.1430127865600859, -2.243447299598954, 1.0206778272669716e-06]",,,,
13,20,3,gig,20,548.9706124518857,"[18.59952667180525, 4.456170428812992, 0.9300806217190798]",,,18.59952667180525,86.15693241094188
13,40,0,poisson,40,19494.955863339557,[1.579482666409237],,,,
13,40,0,gamma,40,28109.019771950057,"[0.3208864437730519, -1.8635726991293964]",,,,
13,40,0,gammamix,40,28134.4426680013,"[-0.48095603611888404, -0.468323543329084, 4.860402711450523, 4.073251363159133, 0.7154462894972371, 3.710194131014369, 2.2800671569685314, -2.3250160537477766]",3.0,,,
13,40,0,lognormal,40,28117.280577191996,"[1.7796910877351582, -0.2483188261464461]",,,,
13,40,0,compoundgamma,40,28122.07321693079,"[9.209960016344509, 0.3374410289637828, -6.776479441979852]",,2.401356966482834,,
13,40,0,logskewnormal,40,28127.1426255771,"[0.9386189305652266, 0.11539682102036697, 10.50949405971324]",,,,
13,40,0,gig,40,28122.074820026188,"[-2.401110857701923, -13.155157968160866, 16.281605393001428]",,,-2.401110857701923,1.9354746427312648e-06
13,40,1,poisson,40,5149.410608846331,[1.6286669037780894],,,,
13,40,1,gamma,40,5388.843857484487,"[2.5055750585898044, 1.1492664753950135]",,,,
13,40,1,gammamix,40,5388.843857484487,"[2.5055750585898044, 1.1492664753950135]",1.0,,,
13,40,1,lognormal,40,5389.156978800109,"[1.3139024047940766, -1.2558238083732673]",,,,
13,40,1,compoundgamma,40,5389.2742727467885,"[9.210340371976184, 2.491331028231022, -5.364918856267865]",,13.077340708301444,,
13,40,1,logskewnormal,40,5389.156978801403,"[1.3139029380875484, -1.255817300050268, -2.018601228853114e-06]",,,,
13,40,1,gig,40,5389.311004482443,"[-7.52343359620904, 2.284424786673094, 1.9959840372039404]",,,-7.52343359620904,9.820035983557911
13,40,2,poisson,40,854.1461400800564,[1.2961671775589654],,,,
13,40,2,gamma,40,1012.2634440496215,"[1.8220763079472302, 0.539611296375355]",,,,
13,40,2,gammamix,40,1030.5169262108811,"[-2.8610588950449043, 4.304222288897701, 1.6908636871753753, 3.1400686730116467, -0.7268847145866035]",2.0,,,
13,40,2,lognormal,40,1017.25646284863,"[1.200418330455954, -1.0120278268853689]",,,,
13,40,2,compoundgamma,40,1020.4946933174557,"[9.210340371976184, 2.1701068342672696, -5.781184491088017]",,9.759219775582249,,
13,40,2,logskewnormal,40,1021.5431147181963,"[0.8686557999737253, -0.7440854533803442, 2.8060832922675054]",,,,
13,40,2,gig,40,1020.4984816709779,"[-9.755474608353135, -12.172937750751647, 16.294797608005606]",,,-9.755474608353135,5.168449846081846e-06
13,40,3,poisson,40,665.8505093359444,[1.0829203623083368],,,,
13,40,3,gamma,40,714.0839533520143,"[3.7695086820927726, 2.613288062452679]",,,,
13,40,3,gammamix,40,714.0839533520143,"[3.7695086820927726, 2.613288062452679]",1.0,,,
13,40,3,lognormal,40,714.1091860870715,"[1.1450726488362533, -1.8856546547284379]",,,,
13,40,3,compoundgamma,40,714.1133523871499,"[8.235251811301666, 3.7852261476034537, -3.2930723010918177]",,45.04563024625054,,
13,40,3,logskewnormal,40,714.1091860870825,"[1.1450724918091344, -1.8856546742150941, -1.9010139890020595e-08]",,,,
13,40,3,gig,40,714.1207607743756,"[-17.49764555283892, 3.6796576971817876, 1.5689561180247595]",,,-17.49764555283892,39.63282532259276
13,100,0,poisson,100,27842.614757702573,[1.5692622113617376],,,,
13,100,0,gamma,100,39708.33487404361,"[0.41151973526360985, -1.560978835899898]",,,,
13,100,0,gammamix,100,39773.25693071256,"[-0.5038389939522965, -1.1738337678009543, 4.494333451981784, 2.3075760123365057, 0.5815614862197163, 3.3337957232101147, 0.5241485050222454, -2.536411521995222]",3.0,,,
13,100,0,lognormal,100,39734.38410110417,"[1.6056425450698675, -0.35710531200295864]",,,,
13,100,0,compoundgamma,100,39748.95058548242,"[9.210340371976184, 0.723369217562528, -6.6576748019753635]",,3.0613667167846796,,
13,100,0,logskewnormal,100,39762.78629332484,"[0.9104752115544569, -0.023938966411871106, 15.602357841672259]",,,,
13,100,0,gig,100,39748.95621910882,"[-3.061174975194633, -12.891712436317995, 16.13740163435493]",,,-3.061174975194633,2.5188391021895415e-06
13,100,1,poisson,100,7423.6922495613135,[1.4770397281558485],,,,
13,100,1,gamma,100,7913.615576037117,"[2.539561958226209, 1.227592611731453]",,,,
13,100,1,gammamix,100,7913.615576037117,"[2.539561958226209, 1.227592611731453]",1.0,,,
13,100,1,lognormal,100,7914.91177368724,"[1.2709855805664003, -1.2715571884269836]",,,,
13,100,1,compoundgamma,100,7915.668312719268,"[9.208092748626834, 2.5243542498153797, -5.373890833499071]",,13.482831869433598,,
13,100,1,logskewnormal,100,7914.911773687079,"[1.2709902274920741, -1.27155886909401, -2.1519862417710713e-05]",,,,
13,100,1,gig,100,7915.670024225382,"[-13.46647443104393, -10.810287027652192, 15.336324636484758]",,,-13.46647443104393,2.01907288315189e-05
13,100,2,poisson,100,1947.6103636636767,[1.1591705102699963],,,,
13,100,2,gamma,100,2524.9317483828254,"[1.6897592407427902, 0.34779440797550015]",,,,
13,100,2,gammamix,100,2558.1144198739075,"[-2.2784220868427507, 3.7308783893509347, 2.389074988218998, 2.5562934197823375, 0.12095244722401502]",2.0,,,
13,100,2,lognormal,100,2534.241296867917,"[1.2476920587186746, -0.9156251146985317]",,,,
13,100,2,compoundgamma,100,2540.311677372138,"[9.210340371976184, 1.910170107364509, -5.978024193164225]",,7.754237646380069,,
13,100,2,logskewnormal,100,2543.924846385248,"[0.8459312113540683, -0.5914128753717911, 4.0136182178377755]",,,,
13,100,2,gig,100,2540.317750652927,"[-7.751298815554788, -12.282186640008621, 16.207202820273217]",,,-7.751298815554788,4.63355280325469e-06
13,100,3,poisson,100,3282.0220472054175,[1.2333633423780872],,,,
13,100,3,gamma,100,3989.512197906882,"[2.6374889389121994, 1.3960896726099443]",,,,
13,100,3,gammamix,100,4002.083139944006,"[-2.139954715429134, 3.814095894868262, 1.9849568818938346, 2.650036767018065, 0.27156673217046806]",2.0,,,
13,100,3,lognormal,100,3993.628765512828,"[1.204661234766891, -1.343923827539981]",,,,
13,100,3,compoundgamma,100,3996.730727749527,"[9.210340371976184, 2.734499205421614, -5.23899202235623]",,16.402028251984675,,
13,100,3,logskewnormal,100,3999.79888458022,"[0.9226171976619654, -0.9813709844764537, 3.8231298727036322]",,,,
13,100,3,gig,100,3996.738041122892,"[-16.383874831116984, -10.66460770361586, 15.327915474271132]",,,-16.383874831116984,2.335714316233706e-05
13,400,0,poisson,400,618424.4382993641,[2.294793474154071],,,,
13,400,0,gamma,400,1682128.8819089287,"[-0.28426411496412934, -2.6423718299450014]",,,,
13,400,0,gammamix,400,1682572.160833139,"[0.2507936956644137, -0.407489533789136, -2.863603663460337, 6.663120059032529, 2.824347411053452, 1.2099873789597468, -0.6634895233737055, 5.571020225279934, 1.3427054951600756, -1.2121468651133762, -6.274715433162257]",4.0,,,
13,400,0,lognormal,400,1682404.8832600901,"[1.5639268551378824, -0.34838713010117395]",,,,
13,400,0,compoundgamma,400,1682483.1256353091,"[9.210340371976184, 0.8444385655580547, -6.600813540207086]",,3.3266711744757487,,
13,400,0,logskewnormal,400,1682521.427602481,"[0.8994474344811331, -0.036029248548521645, 25.51698724603363]",,,,
13,400,0,gig,400,1682483.149958738,"[-3.3264139454701183, -12.846581824815571, 16.149095769421777]",,,-3.3264139454701183,2.635120030028152e-06
13,400,1,poisson,356,13781.426011860061,[1.4115455553456584],,,,
13,400,1,gamma,356,15033.288870864872,"[2.4132608188230456, 1.094637061142934]",,,,
13,400,1,gammamix,356,15051.203335954788,"[-0.44537533624019093, 4.153725850965428, 3.418967835373222, 3.0768656434462596, 1.8201984031003053]",2.0,,,
13,400,1,lognormal,356,15037.188941572696,"[1.2725595850020395, -1.2084581547843607]",,,,
13,400,1,compoundgamma,356,15038.958245889335,"[9.210340371976184, 2.395416142212239, -5.497730396615128]",,11.972763339121984,,
13,400,1,logskewnormal,356,15041.071005683963,"[0.9244023053809294, -0.7951736039774612, 3.197519627037794]",,,,
13,400,1,gig,356,15038.98921504033,"[-10.540911640406424, 1.6410860025771765, 2.696799553516683]",,,-10.540911640406424,5.160771080719114
13,400,2,poisson,400,9004.869153859447,[1.2954838114473977],,,,
13,400,2,gamma,400,11978.055769320319,"[1.5304634662379903, 0.14064038043925026]",,,,
13,400,2,gammamix,400,12104.383014568162,"[-1.72912500004899, 3.5712805911280907, 1.7083432334733264, 2.40515737670295, -0.4444550369293792]",2.0,,,
13,400,2,lognormal,400,12018.575640187575,"[1.2778760704776273, -0.8365781713910644]",,,,
13,400,2,compoundgamma,400,12044.864689239774,"[9.17137778931786, 1.7312694496254257, -6.074780499986997]",,6.6478189813068616,,
13,400,2,logskewnormal,400,12069.265797253629,"[0.8181246943956775, -0.47548040762235844, 10.638115946203367]",,,,
13,400,2,gig,400,12044.889228399084,"[-6.645389517353812, -13.61949099236218, 17.40879529341192]",,,-6.645389517353812,1.2165507076485343e-06
13,400,3,poisson,400,8691.162444977599,[1.1880919004691408],,,,
13,400,3,gamma,400,9775.30794442099,"[3.0404630697784185, 1.8107054755455816]",,,,
13,400,3,gammamix,400,9797.580245850173,"[-1.5738063738283865, 4.05719616240532, 2.7109349437322514, 2.902322001231536, 1.1987076073910308]",2.0,,,
13,400,3,lognormal,400,9783.276491036933,"[1.2050328257616973, -1.5311610271265277]",,,,
13,400,3,compoundgamma,400,9789.551578840757,"[9.18690097990159, 3.0843254489927565, -4.875118058483912]",,22.852721094229736,,
13,400,3,logskewnormal,400,9801.210207754542,"[0.9452945624424393, -1.1057517500887644, 7.860807536607742]",,,,
13,400,3,gig,400,9789.57450009913,"[-22.81102965532133, -10.299005274057656, 15.302017879748904]",,,-22.81102965532133,3.3666567543172695e-05
14,10,0,poisson,10,7821.840523877257,[1.56960679608777],,,,
14,10,0,gamma,10,11366.185871085418,"[0.9654191118038262, -0.9388741866382035]",,,,
14,10,0,gammamix,10,11371.04836777648,"[0.41562212234882145, 6.907755278982137, 1.570530347420499, 5.805110169508246, -0.646972791148324]",2.0,,,
14,10,0,lognormal,10,11366.730166862371,"[1.7021428522341977, -0.47647518132120265]",,,,
14,10,0,compoundgamma,10,11366.992169704667,"[9.210340371976184, 0.7245211519430883, -6.559507935968642]",,3.0637426441701785,,
14,10,0,logskewnormal,10,11366.730166864463,"[1.7021498720324888, -0.4764646138633624, 3.4780366383632045e-06]",,,,
14,10,0,gig,10,11367.019137100091,"[-2.317253454907121, 0.40386451111648436, 2.7856082166818052]",,,-2.317253454907121,1.4976010249207907
14,10,1,poisson,10,77.71961343933069,[1.2170938922886332],,,,
14,10,1,gamma,10,77.7197357307341,"[8.364907176442378, 7.147872387030241]",,,,
14,10,1,gammamix,10,77.7197357307341,"[8.364907176442378, 7.147872387030241]",1.0,,,
14,10,1,lognormal,10,77.71972957413269,"[1.2169272179909478, -4.208869878066701]",,,,
14,10,1,compoundgamma,10,77.71972969239438,"[9.08747148775709, 9.128219948595225, 1.2577851220688134]",,9212.610226920795,,
14,10,1,logskewnormal,10,77.7197295741331,"[1.2169271701454831, -4.2088698792351895, -5.674033231315438e-10]",,,,
14,10,1,gig,10,77.7197295759388,"[0.8506090037236831, 8.418417275998193, 1.216739495368385]",,,0.8506090037236831,4529.728468708854
14,10,2,poisson,10,62.464278495358656,[1.185353942122726],,,,
14,10,2,gamma,10,62.74404879987742,"[4.4855982966111085, 3.3136211585466118]",,,,
14,10,2,gammamix,10,62.74404879987742,"[4.4855982966111085, 3.3136211585466118]",1.0,,,
14,10,2,lognormal,10,62.738918076575054,"[1.1666659937353165, -2.2536723714359574]",,,,
14,10,2,compoundgamma,10,62.74389522965636,"[4.49553725959755, 8.694370075837384, 5.37076490804706]",,5970.2112327321665,,
14,10,2,logskewnormal,10,62.7389180767064,"[1.1666658000720431, -2.2536856075787015, 7.87994260209973e-06]",,,,
14,10,2,gig,10,62.744048799880375,"[88.73021970031627, -6.90895876832981, -10.915729312940302]",,,88.73021970031627,0.0009987972345552
14,10,3,poisson,10,183.49054415555594,[1.209703479034921],,,,
14,10,3,gamma,10,186.22301366420473,"[3.7924204506139896, 2.6354876508026557]",,,,
14,10,3,gammamix,10,186.22301366420473,"[3.7924204506139896, 2.6354876508026557]",1.0,,,
14,10,3,lognormal,10,186.19725862423408,"[1.1457621694898668, -1.890476399521705]",,,,
14,10,3,compoundgamma,10,186.22278469918382,"[3.7968994367623, 9.21024036697585, 6.570276641623192]",,10000.0,,
14,10,3,logskewnormal,10,186.19725862473734,"[1.1457632535231195, -1.8904899699853006, -4.0375880356192505e-07]",,,,
14,10,3,gig,10,186.2230136642031,"[44.363629506452, -7.627493067112235, -10.956127450449149]",,,44.363629506452,0.00048687990491399
14,20,0,poisson,20,12454.762328305234,[1.5952950161698325],,,,
14,20,0,gamma,20,17625.497692751887,"[0.9268374210535297, -0.8741829555608072]",,,,
14,20,0,gammamix,20,17631.23047438357,"[0.22321308937648887, 4.40863212105724, 1.1465402745793523, 3.286630076379411, -0.9817777616224191]",2.0,,,
14,20,0,lognormal,20,17627.7126256807,"[1.59000662792916, -0.5099223066494788]",,,,
14,20,0,compoundgamma,20,17629.16193190212,"[9.210340371976184, 0.9312933380667888, -6.504613103772375]",,3.537789275498395,,
14,20,0,logskewnormal,20,17630.253463263627,"[0.9243993825734567, -0.14953196386830464, 3.7841667400139154]",,,,
14,20,0,gig,20,17629.16274768561,"[-3.53718554843424, -11.426692465809353, 14.82534536867551]",,,-3.53718554843424,1.0900602818494731e-05
14,20,1,poisson,20,265.9413255558875,[1.2912829414631846],,,,
14,20,1,gamma,20,289.8528368625788,"[2.5812999500651714, 1.2747417298989847]",,,,
14,20,1,gammamix,20,289.8528368625788,"[2.5812999500651714, 1.2747417298989847]",1.0,,,
14,20,1,lognormal,20,290.21696756926264,"[1.2682116650709478, -1.2959195161627162]",,,,
14,20,1,compoundgamma,20,290.4939758208555,"[9.210340371976184, 2.5908183334750556, -5.313964151947441]",,14.340684266003164,,
14,20,1,logskewnormal,20,290.21696756926264,"[1.2682116650709478, -1.2959195161627162, 0.0]",,,,
14,20,1,gig,20,290.4946737551073,"[-14.324427463306678, -10.47268601459211, 15.060987891792267]",,,-14.324427463306678,2.8298945525505763e-05
14,20,2,poisson,20,214.99975746311148,[1.3089076975044704],,,,
14,20,2,gamma,20,259.3320310949334,"[1.7449522861097715, 0.44915145419783675]",,,,
14,20,2,gammamix,20,269.1051301321764,"[-2.197193063170371, 4.903152884003659, 4.36083614962295, 3.7700293467285158, 2.114163213665967]",2.0,,,
14,20,2,lognormal,20,261.14985638721265,"[1.2058261425333592, -0.9300092343591427]",,,,
14,20,2,compoundgamma,20,262.4785177256419,"[9.210340371976184, 1.9251022282624182, -6.006856820965427]",,7.8558494916574,,
14,20,2,logskewnormal,20,263.1204174219685,"[0.8391037517005333, -0.6612992366955425, 2.396235530951029]",,,,
14,20,2,gig,20,262.48003791766104,"[-7.853020516032281, -12.163068803202679, 16.059274470939414]",,,-7.853020516032281,5.219709530047977e-06
14,20,3,poisson,20,494.0221194653779,[1.293362303720533],,,,
14,20,3,gamma,20,545.2546114132192,"[1.9691754426779515, 0.6385469879108985]",,,,
14,20,3,gammamix,20,552.5722850807762,"[-1.543215780564394, 4.614686108332806, 1.6132802697677255, 3.459912975411986, -0.3006232230225172]",2.0,,,
14,20,3,lognormal,20,547.1540388699475,"[1.258668263166737, -1.0411329068824107]",,,,
14,20,3,compoundgamma,20,548.5692554860697,"[9.210340371976184, 2.1552495021440015, -5.739458780785006]",,9.630043124637726,,
14,20,3,logskewnormal,20,549.4240766919886,"[0.9205235940475545, -0.7565181739323734, 2.573160213199376]",,,,
14,20,3,gig,20,548.5712328143344,"[-9.625584577844219, -12.751839492651378, 16.91533466434559]",,,-9.625584577844219,2.8969865189162702e-06
14,40,0,poisson,40,23119.948246826265,[1.5255608703331651],,,,
14,40,0,gamma,40,29965.197993737384,"[1.1944494431152353, -0.5230350888840956]",,,,
14,40,0,gammamix,40,29973.50567142883,"[0.0501699808339664, 3.722428084448599, 1.424935591121383, 2.5249325843485444, -0.6198984741386169]",2.0,,,
14,40,0,lognormal,40,29968.885951772176,"[1.5582034505570124, -0.6419056649783575]",,,,
14,40,0,compoundgamma,40,29971.12121283619,"[9.210340371976184, 1.223413169144716, -6.288398303614632]",,4.398768530647878,,
14,40,0,logskewnormal,40,29973.330613633443,"[0.9467742041748956, -0.23768037776537201, 4.721536678684178]",,,,
14,40,0,gig,40,29971.12271622844,"[-4.397584791568092, -11.323527370214896, 14.938266823718063]",,,-4.397584791568092,1.2085219629878397e-05
14,40,1,poisson,40,417.4871939651998,[1.2341487346972517],,,,
14,40,1,gamma,40,457.35821619332756,"[2.650129830394965, 1.385417156778946]",,,,
14,40,1,gammamix,40,457.35821619332756,"[2.650129830394965, 1.385417156778946]",1.0,,,
14,40,1,lognormal,40,458.0896446195464,"[1.22835947821232, -1.3269361947996374]",,,,
14,40,1,compoundgamma,40,458.6246489012864,"[9.210340371976184, 2.6487071383313237, -5.2986601987930415]",,15.135751255434238,,
14,40,1,logskewnormal,40,458.0896446195592,"[1.2283593693385606, -1.3269368532478474, 8.416859393008253e-07]",,,,
14,40,1,gig,40,458.62595268316653,"[-15.117048378004318, -10.47305204583676, 15.076551194002809]",,,-15.117048378004318,2.8288589122751925e-05
14,40,2,poisson,40,627.6759508811973,[1.3977667622821275],,,,
14,40,2,gamma,40,827.3059841361886,"[1.419734631637377, 0.060984737847238346]",,,,
14,40,2,gammamix,40,841.7357338580271,"[-1.938434878322241, 3.3908159435190774, 1.503630420250734, 2.248846165748868, -0.7430005029458185]",2.0,,,
14,40,2,lognormal,40,832.4466415723887,"[1.2324282602416339, -0.8012991806510181]",,,,
14,40,2,compoundgamma,40,835.7300357281497,"[9.210340371976184, 1.6814109346116708, -6.205057395329426]",,6.373131762969168,,
14,40,2,logskewnormal,40,837.8187654633557,"[0.776041268260146, -0.4763602014679453, 4.103297590417562]",,,,
14,40,2,gig,40,835.7327770713864,"[-6.371431046286098, -12.72229167115306, 16.420388918685617]",,,-6.371431046286098,2.9838633492666026e-06
14,40,3,poisson,40,655.8520393686505,[1.2862732603093194],,,,
14,40,3,gamma,40,716.3318870762093,"[2.2448452900615914, 0.9375441456447646]",,,,
14,40,3,gammamix,40,722.6987125003393,"[-1.6358481138652525, 3.7817377217248445, 1.3766327175513116, 2.5844706869002376, -0.35033915650371217]",2.0,,,
14,40,3,lognormal,40,718.4706810187013,"[1.2525960142836434, -1.1518722066772393]",,,,
14,40,3,compoundgamma,40,719.9387862868775,"[9.210340371976184, 2.3467039747661893, -5.563947834075238]",,11.451065916272473,,
14,40,3,logskewnormal,40,720.3040411587137,"[0.9586991217419153, -0.8682003863808754, 1.9553813844835757]",,,,
14,40,3,gig,40,719.9409717208043,"[-11.442539554734195, -11.538366441903698, 15.8770805942937]",,,-11.442539554734195,9.748799176699092e-06
14,100,0,poisson,100,32761.111144068258,[1.4787676264696945],,,,
14,100,0,gamma,100,41624.65317825149,"[1.3576427618815181, -0.28180322494046733]",,,,
14,100,0,gammamix,100,41647.16450700127,"[-0.18563849377967356, 3.8480419024031165, 1.5438553289308425, 2.642537844263787, -0.44816324076802366]",2.0,,,
14,100,0,lognormal,100,41633.67131992397,"[1.505509946329668, -0.7281163124670953]",,,,
14,100,0,compoundgamma,100,41639.39384669683,"[9.210340371976184, 1.434064184181836, -6.15557954148588]",,5.195716752906703,,
14,100,0,logskewnormal,100,41647.53356619573,"[0.9460850940626755, -0.31472037016053417, 8.446147545134666]",,,,
14,100,0,gig,100,41639.39837588483,"[-5.194280598596472, -11.263733233888559, 15.011275492142053]",,,-5.194280598596472,1.2829886396602982e-05
14,100,1,poisson,100,1646.1862698949838,[1.3203943693839983],,,,
14,100,1,gamma,100,1834.657295172004,"[2.3784737585544296, 1.0814892828083877]",,,,
14,100,1,gammamix,100,1847.326013587428,"[-1.5124732781709507, 4.053652463920943, 5.241657259989952, 2.9174079496671466, 3.4625208855231384]",2.0,,,
14,100,1,lognormal,100,1836.941315398921,"[1.249266745406391, -1.1982483290604649]",,,,
14,100,1,compoundgamma,100,1838.560652033808,"[9.210340371976184, 2.3928087522144135, -5.523424940762614]",,11.944190332416753,,
14,100,1,logskewnormal,100,1841.3236441980148,"[0.9037938319645591, -0.8014429828608708, 3.910131966216339]",,,,
14,100,1,gig,100,1838.563897756605,"[-11.933075657732942, -10.545070298642312, 14.92411365810758]",,,-11.933075657732942,2.6322925706000034e-05
14,100,2,poisson,100,2553.2478459686286,[1.4829294204593586],,,,
14,100,2,gamma,100,3922.7190935267054,"[1.5649213315475878, 0.27262775301875597]",,,,
14,100,2,gammamix,100,3965.9291268730944,"[-2.4544526233755337, 3.664156605732767, 1.1338302662355022, 2.529008357493271, -1.1705592395273878]",2.0,,,
14,100,2,lognormal,100,3938.1835964744128,"[1.1836928267740514, -0.9172116580032773]",,,,
14,100,2,compoundgamma,100,3947.4549152704326,"[9.210340371976184, 1.9861034663717818, -5.9717754143152675]",,8.287084002714838,,
14,100,2,logskewnormal,100,3952.9888932850718,"[0.7900567953688115, -0.6039313539280677, 5.927521751963604]",,,,
14,100,2,gig,100,3947.4640425730813,"[-8.284553957300455, -13.27922722206759, 17.210573665768464]",,,-8.284553957300455,1.7096408785187098e-06
14,100,3,poisson,100,1444.7317902962595,[1.1935340643397534],,,,
14,100,3,gamma,100,1533.285618270289,"[2.8093114944172406, 1.5587412480947727]",,,,
14,100,3,gammamix,100,1543.7749738761495,"[-2.8377798726185577, 3.6722768016157294, 1.394167888168893, 2.4617477878284704, -0.38748665351523126]",2.0,,,
14,100,3,lognormal,100,1536.1868032289522,"[1.2205544203583854, -1.4197770329057124]",,,,
14,100,3,compoundgamma,100,1538.4193278209102,"[9.210340371976184, 2.8869161590610775, -5.07433235197657]",,18.937906567753473,,
14,100,3,logskewnormal,100,1539.3275711295487,"[0.9885493395375222, -1.11670343911694, 2.208419218124273]",,,,
14,100,3,gig,100,1538.4249397672888,"[-18.91281325883734, -11.298501320527057, 16.1262521470509]",,,-18.91281325883734,1.2391481211386067e-05
14,400,0,poisson,400,133560.1465430926,[1.538514235142461],,,,
14,400,0,gamma,400,216642.2271522087,"[0.4180485127457335, -1.4610932585443022]",,,,
14,400,0,gammamix,400,216937.1949566795,"[0.45219390383204305, -0.09956820874379146, -3.23750430863758, 6.898267064788332, 2.952143263265984, 1.44321827464447, -0.3633807876641254, 5.806413302525966, 1.5191519773196662, -0.7664256556936343, -5.253708608171459]",4.0,,,
14,400,0,lognormal,400,216819.16529600482,"[1.5157214283501133, -0.5507397134316973]",,,,
14,400,0,compoundgamma,400,216873.72184521565,"[9.210340371976184, 1.2056852035401542, -6.34572152724015]",,4.3390462206899745,,
14,400,0,logskewnormal,400,216910.39938351532,"[0.9224223987602259, -0.1953748839284736, 21.119589614932085]",,,,
14,400,0,gig,400,216873.74618980422,"[-4.33866820015713, -13.161742830692393, 16.7196322576695]",,,-4.33866820015713,1.922771677814933e-06
14,400,1,poisson,356,11731.013086499108,[1.3749484797679263],,,,
14,400,1,gamma,356,13448.012754020667,"[2.3359750859821307, 1.033288004214547]",,,,
14,400,1,gammamix,356,13474.240468096854,"[0.07008334131972338, 5.9546875430860835, 2.431458261130564, 4.900842427508199, 0.9481069856854939]",2.0,,,
14,400,1,lognormal,356,13455.097458007607,"[1.2530320721353712, -1.1798074324145402]",,,,
14,400,1,compoundgamma,356,13459.410945133284,"[9.210340371976184, 2.354996592944498, -5.555589607260426]",,11.538092957766718,,
14,400,1,logskewnormal,356,13466.375701024064,"[0.8849580593894136, -0.75397540394808, 5.243649545986211]",,,,
14,400,1,gig,356,13459.418636518087,"[-11.527369594253367, -10.56499788997018, 14.911876088154864]",,,-11.527369594253367,2.5803565188822505e-05
14,400,2,poisson,400,8117.711775706424,[1.3071981750503852],,,,
14,400,2,gamma,400,11195.318930491012,"[1.6088724377742427, 0.26011772823940715]",,,,
14,400,2,gammamix,400,11310.814937933974,"[-1.8806753239206495, 3.4146931696519647, 1.6356420136377237, 2.255841554915602, -0.48969749501141063]",2.0,,,
14,400,2,lognormal,400,11234.98746936581,"[1.2455886396433054, -0.8770974454066714]",,,,
14,400,2,compoundgamma,400,11260.521600095817,"[9.210340371976184, 1.819611651941947, -6.064651476966324]",,7.1694620859817135,,
14,400,2,logskewnormal,400,11283.654453765641,"[0.8019717119474274, -0.5141449487332366, 10.79303124984387]",,,,
14,400,2,gig,400,11260.545970791569,"[-7.166964009280512, -12.461521088775132, 16.299938241705462]",,,-7.166964009280512,3.872845348994459e-06
14,400,3,poisson,400,11642.660057228373,[1.1257673409874192],,,,
14,400,3,gamma,400,12351.947942536499,"[3.1564064320008502, 1.940657697798455]",,,,
14,400,3,gammamix,400,12370.043240340961,"[-1.820810418755048, 3.970964060159178, 2.2414859481302756, 2.8020219653151277, 0.787439396803104]",2.0,,,
14,400,3,lognormal,400,12357.882865432246,"[1.1943442837057774, -1.5830467713024974]",,,,
14,400,3,compoundgamma,400,12362.763348038567,"[9.210334236703137, 3.184965076888966, -4.810278254393067]",,25.166444423686034,,
14,400,3,logskewnormal,400,12367.373397473362,"[0.9711236233939017, -1.2091110886967686, 2.991999896074683]",,,,
14,400,3,gig,400,12362.781592140534,"[-25.115360645453123, -9.687867961274637, 14.778951083152121]",,,-25.115360645453123,6.203151712996967e-05
15,10,0,poisson,10,644.6310294355105,[1.443655216404343],,,,
15,10,0,gamma,10,690.3418443818327,"[1.9774278586930905, 0.4538283544283824]",,,,
15,10,0,gammamix,10,694.3367549801347,"[-0.829691692868846, 6.362803930512349, 3.364763591795658, 5.09417999972267, 1.3881047161150943]",2.0,,,
15,10,0,lognormal,10,690.8454283211668,"[1.4540156379429447, -1.0070893902147928]",,,,
15,10,0,compoundgamma,10,691.2372416081894,"[9.210340371976184, 2.002593694984361, -5.686476418922633]",,8.408245932202856,,
15,10,0,logskewnormal,10,690.8454284152011,"[1.4539841058461793, -1.0069979688704507, 4.5220359458008285e-06]",,,,
15,10,0,gig,10,691.237831182548,"[-8.403066934453143, -11.777260883846406, 15.99358037974037]",,,-8.403066934453143,7.67715990031018e-06
15,10,1,poisson,10,169.12081530566772,[1.3590675484196766],,,,
15,10,1,gamma,10,184.44206000423642,"[2.324562233553571, 0.989744046368903]",,,,
15,10,1,gammamix,10,184.44206000423642,"[2.324562233553571, 0.989744046368903]",1.0,,,
15,10,1,lognormal,10,184.72871198697533,"[1.2841889587523811, -1.169571270114342]",,,,
15,10,1,compoundgamma,10,184.94168580719636,"[9.210340371976184, 2.3269769432889693, -5.551584186163951]",,11.246917650022223,,
15,10,1,logskewnormal,10,184.72871198720463,"[1.2841896739921497, -1.1695658971978642, -4.158950123068231e-09]",,,,
15,10,1,gig,10,184.94210479435134,"[-11.237106257745756, -10.931851680258514, 15.28279301404926]",,,-11.237106257745756,1.7879572815434977e-05
15,10,2,poisson,10,556.2603282007639,[1.5905099025485816],,,,
15,10,2,gamma,10,680.4765007229057,"[1.6754349267400013, 0.1822580517073612]",,,,
15,10,2,gammamix,10,680.4765007229057,"[1.6754349267400013, 0.1822580517073612]",1.0,,,
15,10,2,lognormal,10,681.1097380266882,"[1.3952749012464665, -0.8769292386077363]",,,,
15,10,2,compoundgamma,10,681.5771241710979,"[9.210340371976184, 1.7656507531115821, -5.966405837914872]",,6.845375016636297,,
15,10,2,logskewnormal,10,681.1097380275037,"[1.3952798635398922, -0.8769273623484574, 1.6473162142535384e-06]",,,,
15,10,2,gig,10,681.5776586103012,"[-6.851809700300922, -12.894798549079447, 16.83279004582386]",,,-6.851809700300922,2.511077663190257e-06
15,10,3,poisson,10,111.46267528249604,[1.196930521700523],,,,
15,10,3,gamma,10,111.87403289259237,"[5.071663267271533, 3.896505848548978]",,,,
15,10,3,gammamix,10,111.87403289259237,"[5.071663267271533, 3.896505848548978]",1.0,,,
15,10,3,lognormal,10,111.87051043047589,"[1.1722764994361143, -2.5476376874235154]",,,,
15,10,3,compoundgamma,10,111.87391841968753,"[5.08842530047893, 9.21024036697585, 5.2969759027456105]",,10000.0,,
15,10,3,logskewnormal,10,111.87051044016128,"[1.1722696320379258, -2.547531506342051, 2.2960995247136044e-06]",,,,
15,10,3,gig,10,111.87403289269946,"[159.43957989569657, -6.906893724936085, -11.496549279398536]",,,159.43957989569657,0.0010008619252903476
15,20,0,poisson,20,1485.4266251470672,[1.4053005798491316],,,,
15,20,0,gamma,20,1570.4406866106535,"[1.899800204876874, 0.36330305658746137]",,,,
15,20,0,gammamix,20,1577.6118590483197,"[-0.9089558001979252, 4.802198623238102, 2.3195325225105896, 3.5247920085602504, 0.3054114532165157]",2.0,,,
15,20,0,lognormal,20,1571.8800018327731,"[1.4606709052228397, -0.9858937592241617]",,,,
15,20,0,compoundgamma,20,1572.9998189280896,"[9.210340371976184, 1.9905814399430128, -5.6914091932097515]",,8.31978854267319,,
15,20,0,logskewnormal,20,1574.2893219141374,"[1.0725517257442239, -0.6545038058779146, 3.1504941761754868]",,,,
15,20,0,gig,20,1573.0013695765833,"[-8.317450480411138, -11.579160039538667, 15.79090024204495]",,,-8.317450480411138,9.359112975515187e-06
15,20,1,poisson,20,658.1542688305798,[1.4886074750041423],,,,
15,20,1,gamma,20,691.8290708005457,"[2.5866554664991552, 1.1968521873507516]",,,,
15,20,1,gammamix,20,691.8290708005457,"[2.5866554664991552, 1.1968521873507516]",1.0,,,
15,20,1,lognormal,20,692.0916194093985,"[1.35084162474442, -1.2939752245514917]",,,,
15,20,1,compoundgamma,20,692.2635466637867,"[9.210340371976184, 2.5701543572742, -5.251980398040481]",,14.067841401642712,,
15,20,1,logskewnormal,20,692.091619409413,"[1.3508412776726326, -1.2939753887863827, -7.592644639672096e-08]",,,,
15,20,1,gig,20,692.2639958892065,"[-14.050872770372518, -10.786745743049213, 15.436952378112187]",,,-14.050872770372518,2.067168345859654e-05
15,20,2,poisson,20,739.9693245802785,[1.5687696576328043],,,,
15,20,2,gamma,20,918.7054490710959,"[1.5178053224721577, 0.09386928242079681]",,,,
15,20,2,gammamix,20,926.6386850082896,"[-1.7362664653547797, 4.209945866278719, 6.907755278982137, 3.041052501510994, 4.6355527042953035]",2.0,,,
15,20,2,lognormal,20,920.0774529708685,"[1.3095297619136508, -0.8014852514454918]",,,,
15,20,2,compoundgamma,20,921.0081620664441,"[9.210340371976184, 1.6142878588606704, -6.189347681816357]",,6.024308632266035,,
15,20,2,logskewnormal,20,920.0774529708793,"[1.3095298355446594, -0.8014860722961277, 2.635846950168425e-08]",,,,
15,20,2,gig,20,921.0090019921895,"[-6.022322917317717, -13.009834704571814, 16.723570838661942]",,,-6.022322917317717,2.2382086886883834e-06
15,20,3,poisson,20,369.28240380109384,[1.1914372233287165],,,,
15,20,3,gamma,20,369.4782799298657,"[5.913115238745985, 4.71270016360482]",,,,
15,20,3,gammamix,20,369.4782799298657,"[5.913115238745985, 4.71270016360482]",1.0,,,
15,20,3,lognormal,20,369.4855767522554,"[1.1992176418101712, -2.945227345633305]",,,,
15,20,3,compoundgamma,20,369.49235670374105,"[9.210340371976184, 5.903964381972414, -2.1055945080057863]",,367.4874881402265,,
15,20,3,logskewnormal,20,369.4855767523049,"[1.199217973400905, -2.945228923428074, -3.687325385120344e-07]",,,,
15,20,3,gig,20,369.492875533555,"[-354.7117140510298, -6.2378744491361395, 14.000289743775275]",,,-354.7117140510298,0.0019540044477495064
15,40,0,poisson,40,10621.497600387238,[1.732214090747776],,,,
15,40,0,gamma,40,13265.353098405696,"[1.4071917951108814, -0.2390690185407148]",,,,
15,40,0,gammamix,40,13274.200656778932,"[-0.21680098647691193, 4.00731496915124, 1.4591233137299364, 2.746748567177845, -0.5251545793618483]",2.0,,,
15,40,0,lognormal,40,13269.171846450869,"[1.5188381881178112, -0.764464078123081]",,,,
15,40,0,compoundgamma,40,13271.468727572827,"[9.210340371976184, 1.5302233601709632, -6.056091945099026]",,5.619208454272806,,
15,40,0,logskewnormal,40,13273.263809650562,"[1.008992681835405, -0.3957463238428332, 3.8725674810333452]",,,,
15,40,0,gig,40,13271.47054520858,"[-5.6112493154302365, -11.766535381926861, 15.612362293474135]",,,-5.6112493154302365,7.759944452894944e-06
15,40,1,poisson,40,1507.6308130318898,[1.5074489441372905],,,,
15,40,1,gamma,40,1620.9136672759273,"[2.219187104997998, 0.8266492376669295]",,,,
15,40,1,gammamix,40,1629.605365515326,"[-0.5962176038629166, 6.907755278982137, 4.355160921187629, 5.80434997855191, 2.609904435057936]",2.0,,,
15,40,1,lognormal,40,1621.489898373462,"[1.3370390273902255, -1.1086347417663822]",,,,
15,40,1,compoundgamma,40,1621.8181729948853,"[9.210340371976184, 2.178637063361978, -5.638882388763049]",,9.83425751651095,,
15,40,1,logskewnormal,40,1621.4898983733847,"[1.3370379043700553, -1.1086371266032107, 2.916038813392276e-06]",,,,
15,40,1,gig,40,1621.8286874204298,"[-8.149437642657412, 1.600706476870931, 2.565372895522309]",,,-8.149437642657412,4.956532863587993
15,40,2,poisson,40,1148.441795552415,[1.1284754218091972],,,,
15,40,2,gamma,40,1671.6879228346945,"[1.3206799758344185, -0.10843182422618274]",,,,
15,40,2,gammamix,40,1683.1538971480634,"[-1.4179699672913175, 3.5658296825130216, 1.7334640841448414, 2.4235689030308936, -0.4122610391521488]",2.0,,,
15,40,2,lognormal,40,1675.5400515035717,"[1.2909350895201712, -0.7225881143883016]",,,,
15,40,2,compoundgamma,40,1677.9276663955359,"[9.210340371976184, 1.468872712048495, -6.33677812307606]",,5.3443350631082875,,
15,40,2,logskewnormal,40,1679.3303830686646,"[0.7986632391131512, -0.3996484588390147, 3.404164852109688]",,,,
15,40,2,gig,40,1677.929385836341,"[-5.342942835372522, -13.086881340980785, 16.65326287269639]",,,-5.342942835372522,2.0722380711147564e-06
15,40,3,poisson,40,1087.1947939257566,[1.1753539990202833],,,,
15,40,3,gamma,40,1094.1402531849958,"[3.8876292814514644, 2.6664827311625516]",,,,
15,40,3,gammamix,40,1094.1402531849958,"[3.8876292814514644, 2.6664827311625516]",1.0,,,
15,40,3,lognormal,40,1094.293750872559,"[1.2113022044445005, -1.9442976398785856]",,,,
15,40,3,compoundgamma,40,1094.4332652708695,"[9.210340371976184, 3.8977911855069007, -4.090638535755739]",,50.293448685121945,,
15,40,3,logskewnormal,40,1094.293750872559,"[1.2113022095934802, -1.9442976125083393, -2.9511631617928155e-08]",,,,
15,40,3,gig,40,1094.434534313671,"[-50.09992184452435, -11.822280909951896, 17.63119383487224]",,,-50.09992184452435,7.3391985552904196e-06
15,100,0,poisson,100,28054.345126054246,[1.534755539744086],,,,
15,100,0,gamma,100,59308.02314863701,"[-0.20661897838991874, -2.482022525094231]",,,,
15,100,0,gammamix,100,59419.563805785525,"[-0.5199344320900221, -3.162320783333615, 4.002778132968733, 1.747890389098161, -0.27330829072021245, 2.8032709284331765, -0.2924639684257365, -5.518528155633143]",3.0,,,
15,100,0,lognormal,100,59371.58113948385,"[1.5473573538815313, -0.3449859768087155]",,,,
15,100,0,compoundgamma,100,59393.68696301502,"[9.210340371976184, 0.9027349129692168, -6.569648505896017]",,3.466339118603205,,
15,100,0,logskewnormal,100,59401.85307596906,"[0.898719249054703, -0.0517875833188455, 13.407189422207743]",,,,
15,100,0,gig,100,59393.69360566864,"[-3.466128095696511, -14.064853135090864, 17.39857486151438]",,,-3.466128095696511,7.793129528576451e-07
15,100,1,poisson,100,3535.60816615005,[1.4474886933489495],,,,
15,100,1,gamma,100,3934.547959756027,"[2.2798479581892095, 0.9120142344479151]",,,,
15,100,1,gammamix,100,3953.8560607152194,"[-0.637227687887085, 6.907755278982137, 3.3053362465679483, 5.809722677254126, 1.5962610988492494]",2.0,,,
15,100,1,lognormal,100,3937.0835924351945,"[1.3150249044715292, -1.1516850258146125]",,,,
15,100,1,compoundgamma,100,3938.891751082797,"[9.210340371976184, 2.294775137218492, -5.5512354350048705]",,10.922204626885897,,
15,100,1,logskewnormal,100,3943.9602019954064,"[0.9378140570544276, -0.731065423115302, 6.408117627041057]",,,,
15,100,1,gig,100,3938.895320238592,"[-10.913030954627136, -11.381131921966126, 15.732456066271547]",,,-10.913030954627136,1.140872753789552e-05
15,100,2,poisson,100,2185.4899453817197,[1.1846944938208164],,,,
15,100,2,gamma,100,3036.841563069205,"[1.4956226855451398, 0.10663212000261937]",,,,
15,100,2,gammamix,100,3066.3869671945217,"[-0.6516360147888398, 6.907755278982137, 1.5285601737504864, 5.861724076594259, -0.2893047679900449]",2.0,,,
15,100,2,lognormal,100,3045.8333465792066,"[1.272519398179995, -0.8051351367721862]",,,,
15,100,2,compoundgamma,100,3051.789666626322,"[9.210340371976184, 1.639795512474078, -6.202957378074051]",,6.154115452150158,,
15,100,2,logskewnormal,100,3058.5788919468678,"[0.7954209399706326, -0.4450739587069111, 6.879202004528413]",,,,
15,100,2,gig,100,3051.7949505723604,"[-6.152181463089974, -12.632689797909324, 16.332833216910146]",,,-6.152181463089974,3.2635669708460354e-06
15,100,3,poisson,100,1947.5644374453816,[1.1667007136390808],,,,
15,100,3,gamma,100,1980.2725409052746,"[3.5023101116989057, 2.2891808703260916]",,,,
15,100,3,gammamix,100,1980.2725409052746,"[3.5023101116989057, 2.2891808703260916]",1.0,,,
15,100,3,lognormal,100,1981.3206485952142,"[1.1987107115707372, -1.735699195774303]",,,,
15,100,3,compoundgamma,100,1982.3916155304496,"[9.210340371976184, 3.4626197376586307, -4.5324938230503085]",,32.90043792198969,,
15,100,3,logskewnormal,100,1983.4210556684945,"[1.0288333249447092, -1.4152640410228825, 2.079844147839149]",,,,
15,100,3,gig,100,1982.3974870182165,"[-32.81321749539292, -11.949498939827476, 17.317757107634563]",,,-32.81321749539292,6.4624701323473115e-06
15,400,0,poisson,400,132839.01460804988,[1.5589644295358336],,,,
15,400,0,gamma,400,238834.06113360988,"[0.075053251846653, -1.9793323329629149]",,,,
15,400,0,gammamix,400,239196.4770530048,"[0.40266820594767005, 0.08536062384967336, -1.195872305591862, 6.620112994340257, 3.8069543073862024, 2.0429788836089804, -0.3129056206617809, 5.552139365911443, 2.4847583710395127, 0.15822111831324, -4.188910162227917]",4.0,,,
15,400,0,lognormal,400,239047.27872821977,"[1.5235443061210605, -0.4268348050806705]",,,,
15,400,0,compoundgamma,400,239121.22764337674,"[9.210340371976184, 1.0165242012906572, -6.499141258426433]",,3.7635724295192023,,
15,400,0,logskewnormal,400,239161.47786157526,"[0.9004315123093386, -0.10809122015299154, 22.83362088209598]",,,,
15,400,0,gig,400,239121.2552253469,"[-3.7632739659475383, -14.039415204038171, 17.443622256019555]",,,-3.7632739659475383,7.993913558395711e-07
15,400,1,poisson,356,15704.364755670236,[1.2893640322020608],,,,
15,400,1,gamma,356,17361.3176958162,"[2.419266371383512, 1.0987219002427313]",,,,
15,400,1,gammamix,356,17385.93445041562,"[0.03171265299539405, 5.493553358750246, 2.542089907255293, 4.4056825339349315, 1.0424485175720997]",2.0,,,
15,400,1,lognormal,356,17367.36884273502,"[1.2750958402537003, -1.2213216354329761]",,,,
15,400,1,compoundgamma,356,17371.05638001389,"[9.210340371976184, 2.4420651194030167, -5.450135526181761]",,12.49675842333642,,
15,400,1,logskewnormal,356,17377.576586741234,"[0.9238987749400154, -0.7996291322346851, 5.1892272138074]",,,,
15,400,1,gig,356,17371.063542387074,"[-12.484049863246094, -11.279930211747878, 15.732173948582647]",,,-12.484049863246094,1.2623754870972917e-05
15,400,2,poisson,400,7363.962547030658,[1.2689049679397721],,,,
15,400,2,gamma,400,10186.506038783067,"[1.7315461067715074, 0.4161119958338146]",,,,
15,400,2,gammamix,400,10301.056578391152,"[-1.876271440134146, 3.5976113788805364, 1.525517247818321, 2.4500110087525577, -0.5064430237250855]",2.0,,,
15,400,2,lognormal,400,10226.482029910065,"[1.2244313411160312, -0.9438425948206869]",,,,
15,400,2,compoundgamma,400,10252.11040552513,"[9.210340371976184, 1.9679588415365838, -5.948162664524022]",,8.15605492888045,,
15,400,2,logskewnormal,400,10275.936962753445,"[0.8141542999709475, -0.587483134181208, 11.02499698500198]",,,,
15,400,2,gig,400,10252.138010133702,"[-8.152761546583152, -12.404270687910268, 16.35912250645069]",,,-8.152761546583152,4.101037006131354e-06
15,400,3,poisson,400,6547.814265371289,[1.1858326739143266],,,,
15,400,3,gamma,400,6821.499939830166,"[3.3109068355095723, 2.096606059819118]",,,,
15,400,3,gammamix,400,6839.816406074179,"[-1.4012118588902351, 4.589994797876782, 2.83574125076128, 3.4389469100645544, 1.4037973068002423]",2.0,,,
15,400,3,lognormal,400,6826.595348577923,"[1.1959297130424296, -1.6654307367895507]",,,,
15,400,3,compoundgamma,400,6830.764277976555,"[9.210340371976184, 3.353856180868603, -4.64295417824951]",,29.612857532300314,,
15,400,3,logskewnormal,400,6837.927576990306,"[0.9819005752015769, -1.2737795264155574, 4.433202231098763]",,,,
15,400,3,gig,400,6830.784067080167,"[-29.542826401580964, -12.003622269172547, 17.261700568263652]",,,-29.542826401580964,6.121996622300725e-06
16,10,0,poisson,10,12918.497732837004,[1.5800591681036775],,,,
16,10,0,gamma,10,16088.45227256949,"[0.36092013137912315, -1.9669131918003118]",,,,
16,10,0,gammamix,10,16092.79724915747,"[0.18046372185791948, 4.428576735164515, 0.7308950714390696, 3.2163530936881024, -2.029529281268234]",2.0,,,
16,10,0,lognormal,10,16089.812008280096,"[1.9402620564836168, -0.2024134698972622]",,,,
16,10,0,compoundgamma,10,16090.68040391287,"[9.210340371976184, 0.08114564613830026, -6.794438824013043]",,2.0845288425021593,,
16,10,0,logskewnormal,10,16089.812008280358,"[1.9402592347755503, -0.2024171535674376, -1.8388448515595354e-06]",,,,
16,10,0,gig,10,16090.680766989946,"[-2.0777290445715755, -2.264076274288283, 5.370988493214979]",,,-2.0777290445715755,0.10392598932447825
16,10,1,poisson,10,140.8348827686907,[1.315066851831523],,,,
16,10,1,gamma,10,149.05175854866587,"[3.1586440313243176, 1.949923072627368]",,,,
16,10,1,gammamix,10,149.05175854866587,"[3.1586440313243176, 1.949923072627368]",1.0,,,
16,10,1,lognormal,10,149.16183589502793,"[1.1849785192938387, -1.5872786589645238]",,,,
16,10,1,compoundgamma,10,149.2487741857003,"[9.210340371976184, 3.184962748401957, -4.821706381332145]",,25.166388152499653,,
16,10,1,logskewnormal,10,149.16183589505414,"[1.184978236203541, -1.5872760828862416, 1.023320157478645e-06]",,,,
16,10,1,gig,10,149.2491878347966,"[-25.112891622896868, -9.404726505551842, 14.48428296806304]",,,-25.112891622896868,8.233399236923205e-05
16,10,2,poisson,10,39.46195219287076,[1.1489130271429087],,,,
16,10,2,gamma,10,40.66799955749387,"[3.2498103322900715, 2.100023634189789]",,,,
16,10,2,gammamix,10,40.66799955749387,"[3.2498103322900715, 2.100023634189789]",1.0,,,
16,10,2,lognormal,10,40.578607938805476,"[1.1328639614685792, -1.669958970962267]",,,,
16,10,2,compoundgamma,10,40.66752337348217,"[3.2523938567182062, 9.21024036697585, 7.107638940055125]",,10000.0,,
16,10,2,logskewnormal,10,40.57860793880548,"[1.1328639614685792, -1.669958970962267, 0.0]",,,,
16,10,2,gig,10,40.6679995574861,"[25.785446894777966, -9.515472984526168, -12.30864371851387]",,,25.785446894777966,7.370256290625678e-05
16,10,3,poisson,10,232.3420652435212,[1.1657218724989453],,,,
16,10,3,gamma,10,249.1928860447204,"[2.1935368677834663, 0.8621778946098493]",,,,
16,10,3,gammamix,10,249.1928860447204,"[2.1935368677834663, 0.8621778946098493]",1.0,,,
16,10,3,lognormal,10,249.65470417517267,"[1.2767119629764407, -1.1223245703233067]",,,,
16,10,3,compoundgamma,10,250.01403997631132,"[9.210340371976184, 2.2728101016990996, -5.607586287977757]",,10.706639168094833,,
16,10,3,logskewnormal,10,249.65470417519816,"[1.27671283391734, -1.1223254821296191, -5.448776343344878e-07]",,,,
16,10,3,gig,10,250.01466957524497,"[-10.699859385836874, -11.084292501924605, 15.37950484907592]",,,-10.699859385836874,1.535157471456652e-05
16,20,0,poisson,20,15533.07759800663,[1.5931145747453752],,,,
16,20,0,gamma,20,19724.671049581346,"[0.13329831782302692, -2.2761814939651206]",,,,
16,20,0,gammamix,20,19732.805177425224,"[-0.10964636076298961, 3.1450031746081244, 0.3536086351097858, 1.820535012403637, -2.6052252531273927]",2.0,,,
16,20,0,lognormal,20,19728.859573325364,"[1.9115613897736585, -0.1347040633948527]",,,,
16,20,0,compoundgamma,20,19731.40433555901,"[9.210340371976184, -0.009094795048054329, -6.882461853376345]",,1.990946437505208,,
16,20,0,logskewnormal,20,19732.910847086874,"[0.96464288054018, 0.21236897130972227, 5.427374720228165]",,,,
16,20,0,gig,20,19731.40505152239,"[-1.9908969433350217, -12.570171373153174, 15.59111319853608]",,,-1.9908969433350217,3.4741129658675013e-06
16,20,1,poisson,20,212.501874556363,[1.2059126691437625],,,,
16,20,1,gamma,20,233.31439165962473,"[2.7716024786933957, 1.5933658713954737]",,,,
16,20,1,gammamix,20,233.31439165962473,"[2.7716024786933957, 1.5933658713954737]",1.0,,,
16,20,1,lognormal,20,233.03963716196287,"[1.1468639216341228, -1.3879215987187334]",,,,
16,20,1,compoundgamma,20,233.31366720228547,"[2.7730747309825934, 9.21024036697585, 7.615402726373395]",,10000.0,,
16,20,1,logskewnormal,20,233.03963716207315,"[1.146864904213359, -1.3879223037297233, 1.9567752754134102e-07]",,,,
16,20,1,gig,20,233.31439165961189,"[15.984233851766513, -9.62459615083567, -11.911109509442152]",,,15.984233851766513,6.608319028169093e-05
16,20,2,poisson,20,807.9304249505914,[1.739186116148757],,,,
16,20,2,gamma,20,1217.9007464041124,"[0.7346672341332303, -0.8007265017425075]",,,,
16,20,2,gammamix,20,1230.0098824421043,"[-2.1972118677297403, 2.9817315945722243, 3.2091551839539636, 1.8339845553031753, 0.3001163153396069]",2.0,,,
16,20,2,lognormal,20,1221.46822038392,"[1.2770493132425953, -0.4766848202800406]",,,,
16,20,2,compoundgamma,20,1223.6110433301465,"[9.210340371976184, 0.9984187379469992, -6.7584958023609065]",,3.713986909145721,,
16,20,2,logskewnormal,20,1223.76907457088,"[0.7023936052788409, -0.2119472042783038, 2.4938587462881086]",,,,
16,20,2,gig,20,1223.6119685493115,"[-3.7135752229078363, -13.59778068273119, 16.74260060577027]",,,-3.7135752229078363,1.243251189318849e-06
16,20,3,poisson,20,370.49841972253273,[1.2017965249033404],,,,
16,20,3,gamma,20,391.95164560713,"[2.6992305405183226, 1.358967921592351]",,,,
16,20,3,gammamix,20,391.95164560713,"[2.6992305405183226, 1.358967921592351]",1.0,,,
16,20,3,lognormal,20,392.53416335775404,"[1.3068364051195471, -1.3596902870339622]",,,,
16,20,3,compoundgamma,20,393.0142055499748,"[9.210340371976184, 2.7366880006667476, -5.133901705221938]",,16.43577705932884,,
16,20,3,logskewnormal,20,392.5341633577558,"[1.3068365280929661, -1.3596903227442325, 2.519099493419123e-08]",,,,
16,20,3,gig,20,393.0155369664476,"[-16.416606748506684, -10.851823019386455, 15.62016139627797]",,,-16.416606748506684,1.9369265138588165e-05
16,40,0,poisson,40,19517.75052661815,[1.6123600077375255],,,,
16,40,0,gamma,40,24770.666227551465,"[0.30078463460685123, -1.8493022629189744]",,,,
16,40,0,gammamix,40,24793.82980548944,"[-0.32367624738186584, -1.2262927029502695, 4.229557331007772, 2.308991680544104, 1.0472067021729603, 3.0274446927287735, 0.3820422472439461, -2.3797556013159133]",3.0,,,
16,40,0,lognormal,40,24779.6712322597,"[1.7368431293664721, -0.2556505865485792]",,,,
16,40,0,compoundgamma,40,24784.85671956634,"[9.210340371976184, 0.3994505250766298, -6.773575395968332]",,2.4910052025464733,,
16,40,0,logskewnormal,40,24789.011577281934,"[0.9302738332864118, 0.08860773312719376, 8.92514048954689]",,,,
16,40,0,gig,40,24784.858398571138,"[-2.490780036615202, -12.846032884074349, 15.97582889037329]",,,-2.490780036615202,2.636566951871485e-06
16,40,1,poisson,40,727.4022305652788,[1.303463592225815],,,,
16,40,1,gamma,40,786.4539965394084,"[2.679339770462139, 1.4041430566288615]",,,,
16,40,1,gammamix,40,786.4539965394084,"[2.679339770462139, 1.4041430566288615]",1.0,,,
16,40,1,lognormal,40,786.070048550067,"[1.2407189025458332, -1.3393187476103252]",,,,
16,40,1,compoundgamma,40,786.4531052515952,"[2.6807248572991345, 9.21024036697585, 7.804711958334063]",,10000.0,,
16,40,1,logskewnormal,40,786.0700485499419,"[1.2407180410808292, -1.3393202934300512, 7.9790606671347e-06]",,,,
16,40,1,gig,40,786.4539965393843,"[14.5754705834743, -10.016079415759618, -12.113369889777946]",,,14.5754705834743,4.467576310730302e-05
16,40,2,poisson,40,875.4338062547636,[1.4732074628404128],,,,
16,40,2,gamma,40,1358.461991990828,"[1.17915909292511, -0.2147149609380195]",,,,
16,40,2,gammamix,40,1380.9612277657602,"[-2.45902077371777, 3.6858889145633498, 1.7048901262744285, 2.5387264088440116, -0.9619743957116387]",2.0,,,
16,40,2,lognormal,40,1365.6381017251163,"[1.2319760624583664, -0.729544656144057]",,,,
16,40,2,compoundgamma,40,1370.018384674996,"[9.210340371976184, 1.604946004925495, -6.274275766799777]",,5.977590830095825,,
16,40,2,logskewnormal,40,1371.7875481185777,"[0.7756709257170908, -0.44416754929881447, 3.9438660413830284]",,,,
16,40,2,gig,40,1370.021468160447,"[-5.976546895357929, -13.333495169532785, 16.962473724618857]",,,-5.976546895357929,1.619334704131348e-06
16,40,3,poisson,40,453.62810708951156,[1.1576740031593715],,,,
16,40,3,gamma,40,502.83778061721836,"[2.5466214504594165, 1.331109187810347]",,,,
16,40,3,gammamix,40,502.83778061721836,"[2.5466214504594165, 1.331109187810347]",1.0,,,
16,40,3,lognormal,40,503.6410666606603,"[1.175340539644697, -1.2735630497449881]",,,,
16,40,3,compoundgamma,40,504.1876977507397,"[9.210340371976184, 2.538069489465069, -5.4580846083212675]",,13.655216344996562,,
16,40,3,logskewnormal,40,503.641066660731,"[1.1753410322292797, -1.2735641246803342, 1.0998145769278184e-07]",,,,
16,40,3,gig,40,504.18878501498546,"[-13.639823830643913, -11.10309462050478, 15.54727853666794]",,,-13.639823830643913,1.5065629201014616e-05
16,100,0,poisson,100,60926.52667918353,[1.8246575801516431],,,,
16,100,0,gamma,100,77892.18580082993,"[0.42548156676162463, -1.5945913172407151]",,,,
16,100,0,gammamix,100,77942.89851071872,"[0.3863304462155578, -0.972711511574651, 6.38114187193609, 1.8137111584233008, 0.7432359653850868, 5.2662987299191455, 0.036396093650652335, -2.510432450192708]",3.0,,,
16,100,0,lognormal,100,77914.09382544042,"[1.6599079973974487, -0.3258601962836046]",,,,
16,100,0,compoundgamma,100,77925.98230637517,"[9.210340371976184, 0.5743075227065448, -6.718596447818561]",,2.7759003303673913,,
16,100,0,logskewnormal,100,77935.24950351054,"[0.890374007065599, 0.042793417322320185, 11.120443966613015]",,,,
16,100,0,gig,100,77925.98643256446,"[-2.7754969363704727, -12.824168394494624, 16.00885398619611]",,,-2.7754969363704727,2.6948489740297732e-06
16,100,1,poisson,100,2266.1441824653375,[1.2822800426588612],,,,
16,100,1,gamma,100,2436.692913499538,"[2.6797589437697718, 1.3585681726972672]",,,,
16,100,1,gammamix,100,2436.692913499538,"[2.6797589437697718, 1.3585681726972672]",1.0,,,
16,100,1,lognormal,100,2436.596909952653,"[1.2868880762296115, -1.3406737067106256]",,,,
16,100,1,compoundgamma,100,2436.696813797717,"[2.759368828953854, 5.259907855937196, 3.82165658416959]",,193.4637560877326,,
16,100,1,logskewnormal,100,2436.5969099526583,"[1.2868879731042, -1.3406737094982073, -2.1530720508121075e-08]",,,,
16,100,1,gig,100,2436.722425015848,"[9.329719187968333, 2.372484676259118, 0.5224544316657725]",,,9.329719187968333,10.7240048889162
16,100,2,poisson,100,1663.9364851670173,[1.3614110523820628],,,,
16,100,2,gamma,100,2303.3342857043094,"[1.5924278639118816, 0.24191948222186477]",,,,
16,100,2,gammamix,100,2341.460876574065,"[-2.08201184634439, 3.725601256278226, 1.2278811840256565, 2.557813263578284, -0.9709799109574633]",2.0,,,
16,100,2,lognormal,100,2316.547764055022,"[1.2449078469087573, -0.9048348252584245]",,,,
16,100,2,compoundgamma,100,2324.6494406023867,"[9.210340371976184, 1.9247820430244227, -5.968291054581221]",,7.853654701244749,,
16,100,2,logskewnormal,100,2330.283080267172,"[0.8352458267564681, -0.5767733214062851, 5.943019450116803]",,,,
16,100,2,gig,100,2324.6573447133146,"[-7.851072093962814, -13.183258576240489, 17.118060446356974]",,,-7.851072093962814,1.8818436886267021e-06
16,100,3,poisson,100,1282.5392087764205,[1.187890303073018],,,,
16,100,3,gamma,100,1397.9443855527786,"[2.8041945102349395, 1.5813983527053563]",,,,
16,100,3,gammamix,100,1397.9443855527786,"[2.8041945102349395, 1.5813983527053563]",1.0,,,
16,100,3,lognormal,100,1399.1613236483054,"[1.1920975670466962, -1.4052997900808462]",,,,
16,100,3,compoundgamma,100,1400.000529110329,"[9.210340371976184, 2.811719268239144, -5.176575456462151]",,17.63849968619932,,
16,100,3,logskewnormal,100,1400.348293658158,"[0.96453646352268, -1.1095320924227208, 1.721976054011045]",,,,
16,100,3,gig,100,1400.0027884755177,"[-17.612121217601054, -10.957144042627188, 15.68246848154609]",,,-17.612121217601054,1.7433027083511575e-05
16,400,0,poisson,400,965327.3783566346,[2.449952127787785],,,,
16,400,0,gamma,400,2201673.218331501,"[-0.43035191261117267, -2.968099644684644]",,,,
16,400,0,gammamix,400,2202132.379897696,"[-0.3156353474858352, -1.4032392344365627, -4.204212117591983, 4.227680435111562, 2.1738530785069403, 0.9797991314916581, 1.5119578148422792, 3.0663329180642624, 0.3836455714365938, -1.9618438582729822, -5.251235180185196]",4.0,,,
16,400,0,lognormal,400,2201959.210410419,"[1.5995460788805291, -0.2719731698123534]",,,,
16,400,0,compoundgamma,400,2202043.324470415,"[9.210340371976184, 0.675151958264916, -6.700521923105828]",,2.9643314496903135,,
16,400,0,logskewnormal,400,2202076.535278905,"[0.8823032892086987, 0.04047353034156751, 22.50477142732653]",,,,
16,400,0,gig,400,2202043.3479108023,"[-2.9734564407444344, -13.002183909306044, 16.208644751634445]",,,-2.9734564407444344,2.255398438907792e-06
16,400,1,poisson,356,16723.775957312104,[1.465104874080488],,,,
16,400,1,gamma,356,18678.75654059143,"[2.473540710373388, 1.1541991534708318]",,,,
16,400,1,gammamix,356,18692.93987475973,"[0.6760866760796184, 6.907755278982137, 2.538980434762761, 5.849290962803233, 1.110757332686539]",2.0,,,
16,400,1,lognormal,356,18682.52282892498,"[1.2761434245914365, -1.2417772244540881]",,,,
16,400,1,compoundgamma,356,18684.146374408912,"[9.210340371976184, 2.470881693431125, -5.421723369356098]",,12.832875222012534,,
16,400,1,logskewnormal,356,18684.98865134485,"[0.9765555074845439, -0.8907680999988062, 2.1843135889477474]",,,,
16,400,1,gig,356,18684.1518105766,"[-12.29596871693599, 1.1975900065527803, 3.260388709276482]",,,-12.29596871693599,3.3121250967010263
16,400,2,poisson,400,9660.547331501335,[1.4055815664596052],,,,
16,400,2,gamma,400,13085.593754497962,"[1.5019886740328878, 0.11653504085210034]",,,,
16,400,2,gammamix,400,13204.587241590983,"[-1.689869120522741, 3.4605976823232623, 1.4906360774182283, 2.2964935771058688, -0.6293005714652558]",2.0,,,
16,400,2,lognormal,400,13127.935275623535,"[1.2700786653575535, -0.8285004615023515]",,,,
16,400,2,compoundgamma,400,13154.28348533723,"[9.210340371976184, 1.717828314832936, -6.133746892607607]",,6.572413786039941,,
16,400,2,logskewnormal,400,13175.899443910424,"[0.8047770184863428, -0.46610145836676037, 9.803474295756283]",,,,
16,400,2,gig,400,13154.30609392103,"[-6.570321688343076, -13.296049419877393, 17.065397555121088]",,,-6.570321688343076,1.6811215132247935e-06
16,400,3,poisson,400,6984.583532658847,[1.15250848361629],,,,
16,400,3,gamma,400,8193.174040972317,"[2.9850929431004443, 1.7476873257130292]",,,,
16,400,3,gammamix,400,8213.351746423981,"[-0.028102364161799454, 5.6300349073696765, 2.7711436891769035, 4.538381870278844, 1.414949244679458]",2.0,,,
16,400,3,lognormal,400,8201.25420408303,"[1.2114716533453664, -1.5050465480849748]",,,,
16,400,3,compoundgamma,400,8207.533046456916,"[9.210340371976184, 3.0339929525627944, -4.94118525470549]",,21.780040872049995,,
16,400,3,logskewnormal,400,8216.417729168137,"[0.9510945846834856, -1.092288836992757, 4.786256899879075]",,,,
16,400,3,gig,400,8207.553861610473,"[-21.74279748860506, -10.793136327928092, 15.753638867640065]",,,-21.74279748860506,2.0540000524504715e-05
17,10,0,poisson,10,3629.2327876541253,[1.6181626277728027],,,,
17,10,0,gamma,10,4825.568676317557,"[0.8011505702091449, -1.0555551806900259]",,,,
17,10,0,gammamix,10,4829.8462757009875,"[-0.21187020070967566, 4.463636803871006, 1.0814348505434985, 3.252697801192226, -1.2441516696947676]",2.0,,,
17,10,0,lognormal,10,4826.734296752384,"[1.614843286414592, -0.4437809386711093]",,,,
17,10,0,compoundgamma,10,4827.599445696087,"[9.02121584321538, 0.8015695499196611, -6.397678852036886]",,3.2290367688082657,,
17,10,0,logskewnormal,10,4826.734296754695,"[1.614850760510053, -0.44379233507336385, 3.826194905415572e-06]",,,,
17,10,0,gig,10,4827.600028469929,"[-3.219636332129997, -11.613667391701682, 14.92734179493654]",,,-3.219636332129997,9.041663439425864e-06
17,10,1,poisson,10,2050.827415914457,[1.8350274494765706],,,,
17,10,1,gamma,10,2129.1899936232417,"[2.576644456001497, 1.0793676276276023]",,,,
17,10,1,gammamix,10,2129.1899936232417,"[2.576644456001497, 1.0793676276276023]",1.0,,,
17,10,1,lognormal,10,2129.4191358840408,"[1.4587066105056565, -1.313914718986925]",,,,
17,10,1,compoundgamma,10,2129.5741773774803,"[9.210340371976184, 2.655313662296264, -5.061050836108739]",,15.229448600951152,,
17,10,1,logskewnormal,10,2129.4191358840408,"[1.4587066105056565, -1.313914718986925, 0.0]",,,,
17,10,1,gig,10,2129.5745470587763,"[-15.211260196653969, -9.693138068231466, 14.534294704730225]",,,-15.211260196653969,6.17054643212378e-05
17,10,2,poisson,10,60.198131568098674,[1.1923262989396124],,,,
17,10,2,gamma,10,69.77020135601938,"[2.1808444242916973, 1.0009219761338919]",,,,
17,10,2,gammamix,10,69.77020135601938,"[2.1808444242916973, 1.0009219761338919]",1.0,,,
17,10,2,lognormal,10,70.35052709600741,"[1.1221609416915972, -1.1167756947671623]",,,,
17,10,2,compoundgamma,10,70.80835227515438,"[9.210340371976184, 2.2693821692846528, -5.7670005746423305]",,10.67342242994859,,
17,10,2,logskewnormal,10,70.3505270960084,"[1.1221611018056092, -1.1167757054387057, 4.1817674671949476e-08]",,,,
17,10,2,gig,10,70.80912327242103,"[-10.667081892771044, -12.429560072160687, 16.56538385339844]",,,-10.667081892771044,3.998624735208147e-06
17,10,3,poisson,10,206.84196917081766,[1.23424911570874],,,,
17,10,3,gamma,10,209.4810788215626,"[3.8054942674048684, 2.5211157461658007]",,,,
17,10,3,gammamix,10,209.4810788215626,"[3.8054942674048684, 2.5211157461658007]",1.0,,,
17,10,3,lognormal,10,209.53433984250145,"[1.2734829375239356, -1.905179869086632]",,,,
17,10,3,compoundgamma,10,209.58032126085433,"[9.210340371976184, 3.8190945815425588, -4.106524374043119]",,46.562936116025575,,
17,10,3,logskewnormal,10,209.53433984438854,"[1.2734856190362056, -1.9051554828574666, -6.366956319100189e-06]",,,,
17,10,3,gig,10,209.58074098937914,"[-46.37151713221764, -7.758330755435782, 13.55108845618617]",,,-46.37151713221764,0.0004271690354800538
17,20,0,poisson,20,8524.390256685225,[1.555298694331654],,,,
17,20,0,gamma,20,10119.190617131473,"[1.1042905956182427, -0.6417282322694285]",,,,
17,20,0,gammamix,20,10119.190617131473,"[1.1042905956182427, -0.6417282322694285]",1.0,,,
17,20,0,lognormal,20,10121.124739837285,"[1.5715058870112892, -0.5961375954256186]",,,,
17,20,0,compoundgamma,20,10122.321826052925,"[9.210340371976184, 1.1229725451552106, -6.361127672755033]",,4.07397817479677,,
17,20,0,logskewnormal,20,10121.124739837853,"[1.5715092991606623, -0.596139099014898, 1.4999225288199434e-06]",,,,
17,20,0,gig,20,10122.3225533055,"[-4.073051420876605, -11.50716917926901, 15.049225639672146]",,,-4.073051420876605,1.005772884948475e-05
17,20,1,poisson,20,2592.051172850158,[1.7702975253640885],,,,
17,20,1,gamma,20,2723.877951247103,"[2.3237336093865157, 0.8638823973861961]",,,,
17,20,1,gammamix,20,2723.877951247103,"[2.3237336093865157, 0.8638823973861961]",1.0,,,
17,20,1,lognormal,20,2724.2332931954174,"[1.410416220974586, -1.1772683837197537]",,,,
17,20,1,compoundgamma,20,2724.4480519408207,"[9.210340371976184, 2.353411998156723, -5.398847197688839]",,11.521407573870265,,
17,20,1,logskewnormal,20,2724.2332932024815,"[1.4104181612454088, -1.1772470047731993, 8.050138168525455e-06]",,,,
17,20,1,gig,20,2724.448476524425,"[-11.511619785647309, -9.873621961446194, 14.377295324043999]",,,-11.511619785647309,5.151580204951443e-05
17,20,2,poisson,20,183.21570756628356,[1.259880436264232],,,,
17,20,2,gamma,20,236.78483357467888,"[1.8283960114302802, 0.6329439185903576]",,,,
17,20,2,gammamix,20,236.78483357467888,"[1.8283960114302802, 0.6329439185903576]",1.0,,,
17,20,2,lognormal,20,238.18436501890488,"[1.1114948199310184, -0.9576226636472651]",,,,
17,20,2,compoundgamma,20,239.18688325382914,"[9.210340371976184, 1.9521671825247273, -6.077287514869452]",,8.043936547164362,,
17,20,2,logskewnormal,20,239.42407722662685,"[0.7654493477611821, -0.7006412158965023, 1.8828179315863685]",,,,
17,20,2,gig,20,239.18808434317415,"[-8.040012330227116, -12.589515447133437, 16.415163451130503]",,,-8.040012330227116,3.407555291369177e-06
17,20,3,poisson,20,304.7361693493446,[1.1391489357759563],,,,
17,20,3,gamma,20,322.67681990447613,"[3.239239554565036, 1.9803024227019355]",,,,
17,20,3,gammamix,20,322.67681990447613,"[3.239239554565036, 1.9803024227019355]",1.0,,,
17,20,3,lognormal,20,323.0066293442287,"[1.2393771229943304, -1.6078759596755028]",,,,
17,20,3,compoundgamma,20,323.30390574735577,"[9.210340371976184, 3.1954115263212235, -4.755152019769728]",,25.42022118853792,,
17,20,3,logskewnormal,20,323.00662934422974,"[1.2393771998334153, -1.607875977249847, 1.2280911118265555e-08]",,,,
17,20,3,gig,20,323.30528247414844,"[-25.365271934503312, -9.797995486112558, 14.944072218989012]",,,-25.365271934503312,5.556286441216248e-05
17,40,0,poisson,40,11132.890883224583,[1.3901212770517077],,,,
17,40,0,gamma,40,13715.067294903027,"[1.3353637804425544, -0.26335020329967124]",,,,
17,40,0,gammamix,40,13726.072755623758,"[-0.4620822332055734, 3.7250150046268073, 1.498142771924342, 2.5141008025818525, -0.5223805658389389]",2.0,,,
17,40,0,lognormal,40,13719.147222998437,"[1.4628994704236662, -0.7313980306145819]",,,,
17,40,0,compoundgamma,40,13721.754532907136,"[9.210340371976184, 1.4688153638790165, -6.165932254613805]",,5.344085930588532,,
17,40,0,logskewnormal,40,13724.253969056528,"[0.9400983733468112, -0.3651623585775201, 4.492391581711829]",,,,
17,40,0,gig,40,13721.756572596987,"[-5.3419560911492425, -11.905828233676313, 15.642910527146437]",,,-5.3419560911492425,6.750943846956296e-06
17,40,1,poisson,40,2981.2672494368935,[1.5573503924914738],,,,
17,40,1,gamma,40,3344.4028628779715,"[2.2977614686138037, 0.9381268687730238]",,,,
17,40,1,gammamix,40,3344.4028628779715,"[2.2977614686138037, 0.9381268687730238]",1.0,,,
17,40,1,lognormal,40,3345.2292770261915,"[1.3077816892283753, -1.1655693655078956]",,,,
17,40,1,compoundgamma,40,3345.7236229651185,"[9.210340371976184, 2.3300820990122615, -5.524768907662817]",,11.278785376530276,,
17,40,1,logskewnormal,40,3345.22927702635,"[1.3077826044695433, -1.165569881653699, 2.2765398898474128e-07]",,,,
17,40,1,gig,40,3345.724513535435,"[-11.28024927171374, -10.246991142311451, 14.625788499848221]",,,-11.28024927171374,3.546404674903276e-05
17,40,2,poisson,40,756.3982271602572,[1.437983918448325],,,,
17,40,2,gamma,40,993.3063984416704,"[1.2782205178721011, -0.11524456153893145]",,,,
17,40,2,gammamix,40,1012.0079013544854,"[-2.15665730543, 3.5044189218234036, 1.9269723156869036, 2.3462525234110405, -0.5494167938692471]",2.0,,,
17,40,2,lognormal,40,999.1128022096007,"[1.2473796257873155, -0.7389900621853057]",,,,
17,40,2,compoundgamma,40,1002.8366047579195,"[9.210340371976184, 1.567124787694171, -6.293406960816362]",,5.792847908620563,,
17,40,2,logskewnormal,40,1004.5319200339621,"[0.7771186880451051, -0.42992616682975626, 3.671737418618547]",,,,
17,40,2,gig,40,1002.8393248897685,"[-5.79159791672541, -13.113852992942627, 16.72365445216553]",,,-5.79159791672541,2.0170934014644966e-06
17,40,3,poisson,40,845.684188926943,[1.1848490030441405],,,,
17,40,3,gamma,40,875.7262343572095,"[3.518566194745208, 2.272499726303932]",,,,
17,40,3,gammamix,40,875.7262343572095,"[3.518566194745208, 2.272499726303932]",1.0,,,
17,40,3,lognormal,40,876.0739021320232,"[1.2317532155632993, -1.750691572763632]",,,,
17,40,3,compoundgamma,40,876.3897079794435,"[9.210340371976184, 3.487603270434771, -4.475174183532938]",,33.70746274722133,,
17,40,3,logskewnormal,40,876.0739021320196,"[1.2317528973169236, -1.750691970636505, 1.8740550235345866e-06]",,,,
17,40,3,gig,40,876.39165170804,"[-33.60639795816418, -9.643794248649556, 15.06901398169101]",,,-33.60639795816418,6.482661921194077e-05
17,100,0,poisson,100,23822.13770075538,[1.498433646498627],,,,
17,100,0,gamma,100,30646.495001207608,"[1.243250736185305, -0.36787256928801093]",,,,
17,100,0,gammamix,100,30678.833354692255,"[-0.6693680262096255, 3.6987551398614804, 1.3720999867156387, 2.482574074010378, -0.7333791524480858]",2.0,,,
17,100,0,lognormal,100,30658.073589806423,"[1.4608437990671321, -0.6914369788508343]",,,,
17,100,0,compoundgamma,100,30665.75634138189,"[9.210340371976184, 1.3983667045236998, -6.231210430831137]",,5.048582033075175,,
17,100,0,logskewnormal,100,30675.222545052733,"[0.9180596351009489, -0.3155092185096135, 8.685781301404845]",,,,
17,100,0,gig,100,30665.76202596876,"[-5.04742556668003, -11.945469405715322, 15.617446787278903]",,,-5.04742556668003,6.488563412769475e-06
17,100,1,poisson,100,7774.259153811409,[1.2303757231616017],,,,
17,100,1,gamma,100,8814.393388982146,"[2.1940624392506343, 0.8504394755485164]",,,,
17,100,1,gammamix,100,8821.717553559016,"[-0.8060000771821986, 3.6904524722647167, 3.2247542010184005, 2.575934637864421, 1.5183621609724107]",2.0,,,
17,100,1,lognormal,100,8816.304016029339,"[1.2860686014343958, -1.1064279341855296]",,,,
17,100,1,compoundgamma,100,8817.376528970779,"[9.210340371976184, 2.1932871333998127, -5.676550762459513]",,9.964632678687753,,
17,100,1,logskewnormal,100,8818.565893587927,"[0.9205434997055365, -0.7283920738897877, 2.7589277393153666]",,,,
17,100,1,gig,100,8817.37824567455,"[-9.9599647276861, -10.329164879349825, 14.555552144515522]",,,-9.9599647276861,3.26663559628025e-05
17,100,2,poisson,100,1768.9013071668314,[1.4117554253181637],,,,
17,100,2,gamma,100,2134.9312678988795,"[1.6379734577659935, 0.24718721443032243]",,,,
17,100,2,gammamix,100,2170.9621006078814,"[-2.049915627014456, 3.8309120635080682, 1.8297609083322615, 2.6218451948816135, -0.4244955005583329]",2.0,,,
17,100,2,lognormal,100,2145.7387062661355,"[1.2905336363164215, -0.8969811411068115]",,,,
17,100,2,compoundgamma,100,2152.8634424374713,"[9.210340371976184, 1.8760917174824785, -5.967468727474764]",,7.527941899887902,,
17,100,2,logskewnormal,100,2158.267813114439,"[0.872307578133547, -0.5592555711187102, 5.403226742141887]",,,,
17,100,2,gig,100,2152.8705165693855,"[-7.525355676109804, -12.950838323107114, 16.88644661769668]",,,-7.525355676109804,2.3742277693275988e-06
17,100,3,poisson,100,1471.4214931586007,[1.1276610700293772],,,,
17,100,3,gamma,100,1590.2137468062053,"[3.2265826125167627, 2.02250611559129]",,,,
17,100,3,gammamix,100,1599.2726075932173,"[-1.812862456631429, 4.925411158769117, 4.468222426868833, 3.8094127471846795, 2.879368762594453]",2.0,,,
17,100,3,lognormal,100,1591.7601669415594,"[1.1836711453618487, -1.6231368903494452]",,,,
17,100,3,compoundgamma,100,1593.051241048989,"[9.210340371976184, 3.2641023291355986, -4.743760013027586]",,27.156620412940796,,
17,100,3,logskewnormal,100,1596.130486799416,"[0.9640561020094454, -1.2443741404348356, 3.743523002167626]",,,,
17,100,3,gig,100,1593.0573161076493,"[-27.09719361966837, -9.798736947365956, 14.956185275469997]",,,-27.09719361966837,5.552168197055218e-05
17,400,0,poisson,400,611105.0744307175,[2.1441815442685006],,,,
17,400,0,gamma,400,1726898.3647179522,"[-0.28274455848750196, -2.601221325359021]",,,,
17,400,0,gammamix,400,1727360.0312576164,"[0.372313612911949, -0.328757127628859, -3.5926705141000537, 6.907755278982137, 2.9041372064672424, 1.2413941486802085, -0.37554529688487953, 5.8285439368300604, 1.4625032706367553, -1.1644943356511228, -6.704724951539538]",4.0,,,
17,400,0,lognormal,400,1727191.3569662704,"[1.526333786457694, -0.3929916157740374]",,,,
17,400,0,compoundgamma,400,1727268.717116388,"[9.210340371976184, 0.9581221406972349, -6.54427024158997]",,3.606796676908603,,
17,400,0,logskewnormal,400,1727303.8630858092,"[0.8877483576234849, -0.07865792808568932, 22.743239732011357]",,,,
17,400,0,gig,400,1727268.7422161035,"[-3.6051384564040534, -12.615620449963028, 15.974284390466808]",,,-3.6051384564040534,3.319752088498359e-06
17,400,1,poisson,356,23004.899253856183,[1.3440139259160215],,,,
17,400,1,gamma,356,26696.854874105535,"[2.2504856009365217, 0.9258326370711356]",,,,
17,400,1,gammamix,356,26724.757716020078,"[0.24350033543330973, 6.010838902132885, 2.3207910315705593, 4.951549648927854, 0.8321608493614291]",2.0,,,
17,400,1,lognormal,356,26703.824164341895,"[1.2705767026386472, -1.136445481578916]",,,,
17,400,1,compoundgamma,356,26707.80670426341,"[9.210340371976184, 2.2611751975173373, -5.627292152108025]",,10.594357809505151,,
17,400,1,logskewnormal,356,26714.04721630729,"[0.887479379381049, -0.7113835970050087, 4.634939481539128]",,,,
17,400,1,gig,356,26707.813232607194,"[-10.585234942788514, -10.30607172170858, 14.581315146748794]",,,-10.585234942788514,3.34295030942789e-05
17,400,2,poisson,400,7035.990545922552,[1.355227472404834],,,,
17,400,2,gamma,400,8785.841277960844,"[1.648761950246281, 0.2853047086457623]",,,,
17,400,2,gammamix,400,8894.226162783161,"[-1.7316892605187493, 3.5335696727070305, 1.59682791318535, 2.3609963328973915, -0.47240658901372656]",2.0,,,
17,400,2,lognormal,400,8823.175623180776,"[1.2648604230448406, -0.8925894483126174]",,,,
17,400,2,compoundgamma,400,8846.84993706384,"[9.210340371976184, 1.8458867961269594, -6.020751512224148]",,7.333714013755051,,
17,400,2,logskewnormal,400,8867.436912600655,"[0.8285213860024437, -0.5301973436688563, 9.472644965585747]",,,,
17,400,2,gig,400,8846.872864620611,"[-7.330938609431015, -12.977579457149632, 16.859867498025896]",,,-7.330938609431015,2.3115796010363623e-06
17,400,3,poisson,400,6090.888328230629,[1.1506452396178926],,,,
17,400,3,gamma,400,6492.337721789775,"[3.2363330199965774, 2.021138221480412]",,,,
17,400,3,gammamix,400,6507.266301057597,"[-0.2941313776872453, 5.3378893045317115, 3.115121901613134, 4.242341849915909, 1.7653880155644115]",2.0,,,
17,400,3,lognormal,400,6496.5975061765175,"[1.1953219298023057, -1.6223939428792575]",,,,
17,400,3,compoundgamma,400,6500.091149222975,"[9.210340371976184, 3.2547139619262047, -4.741040212722686]",,26.912201597625778,,
17,400,3,logskewnormal,400,6506.926204754205,"[0.9664815033875649, -1.2138681188014748, 4.437262653687614]",,,,
17,400,3,gig,400,6500.1068442627675,"[-26.851118424904726, -9.819048720716573, 14.979133758897786]",,,-26.851118424904726,5.440531423573978e-05
18,10,0,poisson,10,1136.9681917068135,[1.410013772703503],,,,
18,10,0,gamma,10,1483.6407018355735,"[0.6991588873720432, -1.0941349715697584]",,,,
18,10,0,gammamix,10,1489.0332296758363,"[-0.17706842998897265, 6.03581664743479, 0.8130541137453339, 4.881346376571777, -1.4423454944330178]",2.0,,,
18,10,0,lognormal,10,1485.2486380978269,"[1.5266901202481888, -0.43017396443201367]",,,,
18,10,0,compoundgamma,10,1486.3266744527746,"[9.210340371976184, 0.8340403049930568, -6.644497947019925]",,3.302603190797072,,
18,10,0,logskewnormal,10,1485.2486381020979,"[1.52667653399405, -0.43016436263652896, -7.050462654642962e-06]",,,,
18,10,0,gig,10,1486.3271824564447,"[-3.302596024247501, -13.250909192587088, 16.509842060133238]",,,-3.302596024247501,1.7587465456965543e-06
18,10,1,poisson,10,40.69251919493218,[1.1360953819228503],,,,
18,10,1,gamma,10,65.45085393588093,"[1.4274845903557518, 0.23761549094872686]",,,,
18,10,1,gammamix,10,69.12203011028183,"[-0.005000045022812261, 6.907755278982137, 6.563132671258335, 6.370922701808418, 5.010531097175802]",2.0,,,
18,10,1,lognormal,10,65.42702552424541,"[1.065584462139992, -0.672702719508967]",,,,
18,10,1,compoundgamma,10,65.45075927738513,"[1.4275277913794908, 8.88952942265144, 8.651882506313205]",,7256.604057097763,,
18,10,1,logskewnormal,10,65.42702552424541,"[1.065584462139992, -0.672702719508967, 0.0]",,,,
18,10,1,gig,10,65.55046889002905,"[1.1273944654527424, 1.2003848467966902, 0.767895616679056]",,,1.1273944654527424,3.321394904996816
18,10,2,poisson,10,168.8354386265042,[1.2076696662072621],,,,
18,10,2,gamma,10,170.55327112285477,"[4.272244843298674, 3.1588391931529247]",,,,
18,10,2,gammamix,10,170.55327112285477,"[4.272244843298674, 3.1588391931529247]",1.0,,,
18,10,2,lognormal,10,170.52842565752897,"[1.1071826305125, -2.154549057402893]",,,,
18,10,2,compoundgamma,10,170.55289852542774,"[4.279514788463231, 9.21024036697585, 6.044122879335988]",,10000.0,,
18,10,2,logskewnormal,10,170.5284256575309,"[1.1071827499026945, -2.154549038343864, 1.104587067796464e-08]",,,,
18,10,2,gig,10,170.5532711228625,"[71.6824295147104, -7.564788745510503, -11.416775870923859]",,,71.6824295147104,0.0005183868677546395
18,10,3,poisson,10,204.92673087202078,[1.289444535129973],,,,
18,10,3,gamma,10,217.74434428462655,"[2.7284783140943922, 1.4128639099125024]",,,,
18,10,3,gammamix,10,217.74434428462655,"[2.7284783140943922, 1.4128639099125024]",1.0,,,
18,10,3,lognormal,10,217.70478534979915,"[1.284110894402468, -1.3689543528553814]",,,,
18,10,3,compoundgamma,10,217.7442222447373,"[2.729054488890776, 9.21024036697585, 7.796794833148456]",,10000.0,,
18,10,3,logskewnormal,10,217.70478534982428,"[1.2841104692570853, -1.3689526708794828, -2.4930031108751487e-07]",,,,
18,10,3,gig,10,217.74465869426203,"[13.948196863344997, 1.801806870435061, -0.2580731796532612]",,,13.948196863344997,6.060588274895822
18,20,0,poisson,20,2092.8400207685795,[1.4607749935641963],,,,
18,20,0,gamma,20,2532.870849777425,"[1.0550837939187028, -0.6353690616745372]",,,,
18,20,0,gammamix,20,2543.9761153406266,"[-0.21476797446876872, 6.907755278982137, 1.223478641844783, 5.753352820180258, -0.8889605167751865]",2.0,,,
18,20,0,lognormal,20,2535.66229995056,"[1.5077282935899452, -0.6098133336533804]",,,,
18,20,0,compoundgamma,20,2537.477224128946,"[9.210340371976184, 1.2362690103306797, -6.326098346794271]",,4.442744628300582,,
18,20,0,logskewnormal,20,2539.3404468429762,"[0.9533663573423117, -0.29489871732135686, 4.7363801560750245]",,,,
18,20,0,gig,20,2537.4784014912752,"[-4.4368543615909095, -13.097039030045275, 16.6730142891615]",,,-4.4368543615909095,2.0512954654279906e-06
18,20,1,poisson,20,185.20082940341146,[1.2161036515792432],,,,
18,20,1,gamma,20,214.86651437094775,"[1.995253149637029, 0.7550571100125043]",,,,
18,20,1,gammamix,20,214.86651437094775,"[1.995253149637029, 0.7550571100125043]",1.0,,,
18,20,1,lognormal,20,214.47760210828017,"[1.172481654379703, -0.9656367180643116]",,,,
18,20,1,compoundgamma,20,214.86598825562737,"[1.9958375035307647, 9.21024036697585, 8.454607392290661]",,10000.0,,
18,20,1,logskewnormal,20,214.47760210825592,"[1.1724812625735241, -0.9656353400341632, -2.3227821512370776e-07]",,,,
18,20,1,gig,20,214.86651437111334,"[7.354021456936064, -10.526629944168581, -11.974829296004877]",,,7.354021456936064,2.681283293576074e-05
18,20,2,poisson,20,365.49696145477634,[1.046876614268921],,,,
18,20,2,gamma,20,384.2462113161885,"[3.422435782083243, 2.2801059112462827]",,,,
18,20,2,gammamix,20,384.2462113161885,"[3.422435782083243, 2.2801059112462827]",1.0,,,
18,20,2,lognormal,20,384.2778824148325,"[1.1273993091708319, -1.7151499373824894]",,,,
18,20,2,compoundgamma,20,384.30719845705875,"[7.290510626450594, 3.462926711738648, -2.68270369158464]",,32.91023203276511,,
18,20,2,logskewnormal,20,384.2778824148316,"[1.1273994637001397, -1.7151503297659785, -7.417713624127612e-07]",,,,
18,20,2,gig,20,384.30814132112164,"[-32.26173156135746, -7.903102055625163, 13.183584152273898]",,,-32.26173156135746,0.0003695952553169116
18,20,3,poisson,20,567.0338687290708,[1.1625204553537032],,,,
18,20,3,gamma,20,600.4048048330307,"[2.8606894989245855, 1.5761195269672594]",,,,
18,20,3,gammamix,20,600.4048048330307,"[2.8606894989245855, 1.5761195269672594]",1.0,,,
18,20,3,lognormal,20,600.5394254719973,"[1.2573817502879252, -1.4423571223095786]",,,,
18,20,3,compoundgamma,20,600.6237633180738,"[9.1598996003136, 2.898229640406706, -4.975187279871154]",,19.14199906049757,,
18,20,3,logskewnormal,20,600.5394254719954,"[1.2573811833830548, -1.44235767715231, 3.3317934962249704e-06]",,,,
18,20,3,gig,20,600.6240953266623,"[-19.126050890189777, -8.331456868122146, 13.208415463354862]",,,-19.126050890189777,0.0002408209448297567
18,40,0,poisson,40,26947.58470973536,[2.1279387514015893],,,,
18,40,0,gamma,40,50746.654133903314,"[-0.5962382349614033, -3.366380434852865]",,,,
18,40,0,gammamix,40,50798.08596167289,"[0.19803334383495053, -1.5661615190695193, 6.907750894200789, 2.272033192227141, -0.6364688409423574, 5.7571560726444115, 0.5187285494535886, -5.556128875860683]",3.0,,,
18,40,0,lognormal,40,50774.22141087439,"[1.636000670639415, -0.1270183290307591]",,,,
18,40,0,compoundgamma,40,50785.57233259888,"[9.210340371976184, 0.48875057682394735, -6.805016366092585]",,2.6302780397794376,,
18,40,0,logskewnormal,40,50786.682432656606,"[0.8774828415311537, 0.12752845339426094, 7.612525840103074]",,,,
18,40,0,gig,40,50785.57469065873,"[-2.6302683973618923, -14.084855448387255, 17.18329957105195]",,,-2.6302683973618923,7.638797553995081e-07
18,40,1,poisson,40,625.924172560737,[1.3244811677349595],,,,
18,40,1,gamma,40,696.495784634591,"[2.2159205435834837, 0.9409800761695494]",,,,
18,40,1,gammamix,40,696.495784634591,"[2.2159205435834837, 0.9409800761695494]",1.0,,,
18,40,1,lognormal,40,695.7772943753091,"[1.2206883616865514, -1.0900751525794703]",,,,
18,40,1,compoundgamma,40,696.494618614428,"[2.216680496544857, 9.21024036697585, 8.268503943781443]",,10000.0,,
18,40,1,logskewnormal,40,695.7772943753087,"[1.2206884993760472, -1.0900752725465714, 4.534017078926808e-08]",,,,
18,40,1,gig,40,696.4957846345752,"[9.16984158969073, -10.436709430526319, -12.070836087249372]",,,9.16984158969073,2.933558040048058e-05
18,40,2,poisson,40,718.0634123000928,[1.0819707091666773],,,,
18,40,2,gamma,40,867.5323991896264,"[1.9064588860646292, 0.6221894092900708]",,,,
18,40,2,gammamix,40,880.1244124195255,"[-1.7638631906083202, 4.129123023734967, 1.275488761715876, 2.981117947865237, -0.6175135677127094]",2.0,,,
18,40,2,lognormal,40,871.2242973020532,"[1.2088634603221526, -1.023238885042251]",,,,
18,40,2,compoundgamma,40,873.7414909068381,"[9.210340371976184, 2.140453784616905, -5.801243293090145]",,9.503295418170973,,
18,40,2,logskewnormal,40,875.2125739783514,"[0.8631684239037722, -0.7278796036766466, 3.082042291060942]",,,,
18,40,2,gig,40,873.7446524005871,"[-9.498976258651995, -12.390114167477257, 16.491838633490215]",,,-9.498976258651995,4.1595063047469845e-06
18,40,3,poisson,40,579.6513379770166,[1.0736439255465653],,,,
18,40,3,gamma,40,654.1228338203141,"[3.0708530628934603, 1.8377823980557069]",,,,
18,40,3,gammamix,40,654.1228338203141,"[3.0708530628934603, 1.8377823980557069]",1.0,,,
18,40,3,lognormal,40,654.4079471640844,"[1.2098841405731677, -1.543422751257463]",,,,
18,40,3,compoundgamma,40,654.6030199151878,"[9.210340371976184, 3.0940293221984496, -4.8838167280123885]",,23.06580934750179,,
18,40,3,logskewnormal,40,654.4079471640812,"[1.2098841364850321, -1.543422407025108, 1.975276164552133e-08]",,,,
18,40,3,gig,40,654.6038057524336,"[-23.018703545029982, -8.736594345045116, 13.754127082281075]",,,-23.018703545029982,0.00016059990547191117
18,100,0,poisson,100,102636.76233760756,[2.0225942505913936],,,,
18,100,0,gamma,100,275464.67633767816,"[-0.6468015441064516, -3.4981978482773144]",,,,
18,100,0,gammamix,100,275603.8390993609,"[-0.10777418291199337, -0.2218859179297421, -2.89899933692116, 5.248019457566999, 3.8448834582633795, 1.6058133432291593, 2.452832457558381, 4.1039234208277104, 2.2617280258115917, -0.5650435940198352, -3.9460471604505716]",4.0,,,
18,100,0,lognormal,100,275543.6364344327,"[1.6478235210850034, -0.19121133637978124]",,,,
18,100,0,compoundgamma,100,275573.3997745054,"[9.210340371976184, 0.7047059287507257, -6.628204570893472]",,3.0232516172998007,,
18,100,0,logskewnormal,100,275576.40885447676,"[0.9282213020958748, 0.08020991900752372, 13.636214578700733]",,,,
18,100,0,gig,100,275573.4062594165,"[-3.0231568906492106, -14.010784298462635, 17.28599416155668]",,,-3.0231568906492106,8.226094457129292e-07
18,100,1,poisson,100,3520.22960234744,[1.3096885371995637],,,,
18,100,1,gamma,100,3715.073463267146,"[2.507966546008061, 1.1972921120248954]",,,,
18,100,1,gammamix,100,3715.073463267146,"[2.507966546008061, 1.1972921120248954]",1.0,,,
18,100,1,lognormal,100,3715.229698428975,"[1.2700174022338881, -1.252402434452295]",,,,
18,100,1,compoundgamma,100,3715.2238406472834,"[3.008701012915998, 3.434384658774019, 1.7364441898432412]",,32.01232353181311,,
18,100,1,logskewnormal,100,3715.2296984288237,"[1.2700167949170398, -1.2524033370735372, 1.6894720912349095e-06]",,,,
18,100,1,gig,100,3715.2654316636663,"[1.8226928729436538, 2.451242534574758, 1.1195579990025395]",,,1.8226928729436538,11.6027545899714
18,100,2,poisson,100,1821.2805003837798,[1.155399360101005],,,,
18,100,2,gamma,100,2315.0939513892313,"[1.8080182459488086, 0.4455764580387448]",,,,
18,100,2,gammamix,100,2341.446742312219,"[-2.4914389994861326, 3.2771359187193165, 2.733333586448635, 2.0509234146703865, 0.42428686095353013]",2.0,,,
18,100,2,lognormal,100,2323.36821308533,"[1.2786313762313963, -0.9668723285695231]",,,,
18,100,2,compoundgamma,100,2328.8576145868283,"[9.210340371976184, 2.0034506400460352, -5.8606163978295935]",,8.414597112887922,,
18,100,2,logskewnormal,100,2332.8037466054525,"[0.8868794561145774, -0.6291710747692162, 4.383690616026279]",,,,
18,100,2,gig,100,2328.863739879531,"[-8.410873757180896, -12.443364043278782, 16.48572223033003]",,,-8.410873757180896,3.943807056135129e-06
18,100,3,poisson,100,961.2893727799096,[1.0491431610234603],,,,
18,100,3,gamma,100,1100.313953016761,"[3.2631290144865934, 2.0672189195304957]",,,,
18,100,3,gammamix,100,1100.313953016761,"[3.2631290144865934, 2.0672189195304957]",1.0,,,
18,100,3,lognormal,100,1100.5949616642308,"[1.1767512244690834, -1.6334553791541462]",,,,
18,100,3,compoundgamma,100,1100.6968802942467,"[9.210271778432775, 3.269025957079022, -4.745492570891218]",,27.285723446953643,,
18,100,3,logskewnormal,100,1100.5949616642308,"[1.1767512244690834, -1.6334553791541462, 0.0]",,,,
18,100,3,gig,100,1100.6971979854056,"[-26.130335157111936, 1.98356737959393, 3.1504810565123007]",,,-26.130335157111936,7.2686267398293225
18,400,0,poisson,400,400408.8848320819,[1.9126918908807644],,,,
18,400,0,gamma,400,707897.3795231837,"[-0.03738265338775775, -2.1910170710707377]",,,,
18,400,0,gammamix,400,708298.086595285,"[0.11181206185796211, -1.265272850707877, -4.41764232726466, 4.779737522204117, 2.4948177698377, 1.05654055097641, 2.4532522536484542, 3.637040119452432, 0.8372767423484486, -1.7116431308210442, -3.945657996075387]",4.0,,,
18,400,0,lognormal,400,708144.1293722054,"[1.5521784357143273, -0.44005228894116866]",,,,
18,400,0,compoundgamma,400,708217.8863784499,"[9.210340371976184, 1.0531003613208623, -6.439626041064215]",,3.8665246174774586,,
18,400,0,logskewnormal,400,708252.0780485161,"[0.9251116867103747, -0.11252220295976562, 24.02545681858376]",,,,
18,400,0,gig,400,708217.912397882,"[-3.866148161864514, -13.834379654418226, 17.29808000406492]",,,-3.866148161864514,9.813078105076156e-07
18,400,1,poisson,356,19316.853840214928,[1.4691175617508543],,,,
18,400,1,gamma,356,21953.218668739693,"[2.3596406948618913, 1.0307260837762555]",,,,
18,400,1,gammamix,356,21971.240258338505,"[0.5141982798009617, 6.439620746956366, 2.440177076324749, 5.381111465460548, 0.9817224320469774]",2.0,,,
18,400,1,lognormal,356,21958.7338113864,"[1.2805063104383865, -1.189412976673199]",,,,
18,400,1,compoundgamma,356,21961.58529031639,"[9.210340371976184, 2.3683795431888894, -5.515308708660901]",,11.680071659375463,,
18,400,1,logskewnormal,356,21964.78698237059,"[0.9262125427728861, -0.7782302313745799, 3.4973181121940544]",,,,
18,400,1,gig,356,21961.590074880507,"[-11.667150648872722, -9.8494956056774, 14.236464564114042]",,,-11.667150648872722,5.2773805111134666e-05
18,400,2,poisson,400,7684.685626179087,[1.2851354542012945],,,,
18,400,2,gamma,400,10200.705133977834,"[1.5484784628517316, 0.16636594357802598]",,,,
18,400,2,gammamix,400,10313.002237762543,"[-2.0825142959478318, 3.199622999941051, 1.9767092560326764, 2.0062600963605446, -0.2904499429315158]",2.0,,,
18,400,2,lognormal,400,10239.942409759191,"[1.2728206392767067, -0.8465531492702719]",,,,
18,400,2,compoundgamma,400,10264.498761263945,"[9.210340371976184, 1.753616901297241, -6.097676499754935]",,6.7754541920959,,
18,400,2,logskewnormal,400,10283.356639486406,"[0.8146167211786247, -0.4833502602566636, 8.873697281219219]",,,,
18,400,2,gig,400,10264.520275220859,"[-6.773163232989809, -13.639789870463186, 17.445192938687594]",,,-6.773163232989809,1.1921050423066882e-06
18,400,3,poisson,400,20454.63300753994,[1.1580338170432347],,,,
18,400,3,gamma,400,21181.62732029658,"[3.1954361586591946, 1.9689556585219077]",,,,
18,400,3,gammamix,400,21181.62732029658,"[3.1954361586591946, 1.9689556585219077]",1.0,,,
18,400,3,lognormal,400,21183.886929388627,"[1.2059018399868184, -1.6016956216123426]",,,,
18,400,3,compoundgamma,400,21185.39712057499,"[9.200740925989836, 3.209702571350751, -4.764984692819197]",,25.771717310359723,,
18,400,3,logskewnormal,400,21186.65324284924,"[1.0062912760275131, -1.2728969718929988, 1.99020683300753]",,,,
18,400,3,gig,400,21185.40290101455,"[-25.711559803125372, -8.797686855595487, 13.924157992932452]",,,-25.711559803125372,0.00015108214603480786
19,10,0,poisson,10,5671.4991926134335,[1.533938918528849],,,,
19,10,0,gamma,10,5950.919153401814,"[2.076745070210037, 0.5919155986237509]",,,,
19,10,0,gammamix,10,5950.919153401814,"[2.076745070210037, 0.5919155986237509]",1.0,,,
19,10,0,lognormal,10,5951.414249625327,"[1.4203274679828517, -1.0672985341319865]",,,,
19,10,0,compoundgamma,10,5951.805757572488,"[9.210340371976184, 2.140835182846079, -5.591891593088316]",,9.506539178528515,,
19,10,0,logskewnormal,10,5951.414249626907,"[1.4203327472600478, -1.0673043947963547, 1.448747379555493e-06]",,,,
19,10,0,gig,10,5951.806440060082,"[-9.500452580399232, -10.058528733785895, 14.369400185675698]",,,-9.500452580399232,4.2818995498123526e-05
19,10,1,poisson,10,196.91101503416132,[1.3626353868032437],,,,
19,10,1,gamma,10,217.02590439483902,"[2.4204468205643836, 1.1194265521944378]",,,,
19,10,1,gammamix,10,217.02590439483902,"[2.4204468205643836, 1.1194265521944378]",1.0,,,
19,10,1,lognormal,10,216.95063299496957,"[1.2551556368708372, -1.2010450887081214]",,,,
19,10,1,compoundgamma,10,217.02576401899992,"[2.421517175515357, 9.21024036697585, 8.08974171764142]",,10000.0,,
19,10,1,logskewnormal,10,216.95063300231072,"[1.255143175487758, -1.2010459240126587, -2.991569204793066e-06]",,,,
19,10,1,gig,10,217.0259043948373,"[11.250880366390547, -8.856880874005698, -10.669454110823427]",,,11.250880366390547,0.00014239853114882736
19,10,2,poisson,10,79.62148561667371,[1.186904895813788],,,,
19,10,2,gamma,10,83.86951108424402,"[3.2053181548638707, 2.023545723279789]",,,,
19,10,2,gammamix,10,83.86951108424402,"[3.2053181548638707, 2.023545723279789]",1.0,,,
19,10,2,lognormal,10,83.88922944426258,"[1.1611390961186876, -1.6074475110245259]",,,,
19,10,2,compoundgamma,10,83.89207417339469,"[6.79514827215163, 3.2494923008840564, -2.364796221512157]",,26.777249507693064,,
19,10,2,logskewnormal,10,83.8892294442743,"[1.1611396106419642, -1.6074497579167673, -2.4299307319720974e-06]",,,,
19,10,2,gig,10,83.8962422763274,"[-11.42334143558893, 3.095981404707125, 1.6482370766902412]",,,-11.42334143558893,22.108925697613568
19,10,3,poisson,10,133.2180767100968,[1.2508815003956624],,,,
19,10,3,gamma,10,133.27647925008932,"[6.061587180560751, 4.818559025039469]",,,,
19,10,3,gammamix,10,133.27647925008932,"[6.061587180560751, 4.818559025039469]",1.0,,,
19,10,3,lognormal,10,133.2773739756957,"[1.241766011291565, -3.026707043902916]",,,,
19,10,3,compoundgamma,10,133.27814356515447,"[9.125474411222537, 6.094606409213453, -1.788004104665669]",,444.45946926233535,,
19,10,3,logskewnormal,10,133.2773739992956,"[1.241766037667795, -3.0270471409772646, 1.674299418912493e-06]",,,,
19,10,3,gig,10,133.27822044821005,"[-424.30389823231883, -11.876598957810419, 19.86069941053718]",,,-424.30389823231883,6.9511811873742125e-06
19,20,0,poisson,20,10902.907331892486,[1.6976074817257973],,,,
19,20,0,gamma,20,12845.027015389855,"[1.2919652068961287, -0.3733010460315336]",,,,
19,20,0,gammamix,20,12851.737924578354,"[-0.6623953091070128, 3.771520092450353, 1.366173982778886, 2.49334227341359, -0.7701197956023718]",2.0,,,
19,20,0,lognormal,20,12847.720962796886,"[1.5209289457440018, -0.7373314154182763]",,,,
19,20,0,compoundgamma,20,12849.46160057253,"[9.210340371976184, 1.5152575740334018, -6.068673720429749]",,5.550593090522156,,
19,20,0,logskewnormal,20,12850.79966432344,"[1.0203052542535511, -0.4108392431409819, 3.7601636748776497]",,,,
19,20,0,gig,20,12849.463089597488,"[-5.574088542227586, -11.92308431191376, 15.762652738137486]",,,-5.574088542227586,6.635448396947962e-06
19,20,1,poisson,20,258.33030763992997,[1.2754054452451278],,,,
19,20,1,gamma,20,280.69720658861195,"[2.8153735890037197, 1.5814443760226642]",,,,
19,20,1,gammamix,20,280.69720658861195,"[2.8153735890037197, 1.5814443760226642]",1.0,,,
19,20,1,lognormal,20,280.78532681801926,"[1.203117947283842, -1.4171731022992402]",,,,
19,20,1,compoundgamma,20,280.7989540004602,"[4.635343234239528, 3.0234061418476386, -0.3800316092539712]",,21.56120693334337,,
19,20,1,logskewnormal,20,280.78532681801926,"[1.203117947283842, -1.4171731022992402, 0.0]",,,,
19,20,1,gig,20,280.8015759637369,"[-11.07631069630495, 2.587517764076537, 1.9433176079938392]",,,-11.07631069630495,13.296724996975362
19,20,2,poisson,20,175.60962419957173,[1.200926343477771],,,,
19,20,2,gamma,20,178.92951031390854,"[3.7597714746753064, 2.5722024927967313]",,,,
19,20,2,gammamix,20,178.92951031390854,"[3.7597714746753064, 2.5722024927967313]",1.0,,,
19,20,2,lognormal,20,178.95917482661068,"[1.1756940560816125, -1.8799255681915288]",,,,
19,20,2,compoundgamma,20,178.97614661043724,"[9.210340371976184, 3.7676381056738686, -4.255551490417338]",,44.27772661046041,,
19,20,2,logskewnormal,20,178.9591748266087,"[1.175693850022658, -1.879924259726868, -7.480230987763796e-09]",,,,
19,20,2,gig,20,178.97625743263956,"[-44.09483923476633, -6.829939220296197, 12.473641135551118]",,,-44.09483923476633,0.0010809238138360382
19,20,3,poisson,20,183.3353065290004,[1.1677358705663314],,,,
19,20,3,gamma,20,185.66781288977546,"[4.577098034972946, 3.403777443533]",,,,
19,20,3,gammamix,20,185.66781288977546,"[4.577098034972946, 3.403777443533]",1.0,,,
19,20,3,lognormal,20,185.67642901766936,"[1.1677188710636355, -2.2886888515764965]",,,,
19,20,3,compoundgamma,20,185.68113254400438,"[8.90434637326884, 4.59258174794118, -3.139349386812019]",,99.74904649039843,,
19,20,3,logskewnormal,20,185.6764290176938,"[1.1677187856466988, -2.288692109783443, 4.856650230821683e-07]",,,,
19,20,3,gig,20,185.68123971291982,"[-98.44300796993106, -19.18777408210118, 25.63259222641177]",,,-98.44300796993106,4.643608485552851e-09
19,40,0,poisson,40,18920.884118541842,[1.7564117741481509],,,,
19,40,0,gamma,40,25649.015279750158,"[0.7279108268719584, -1.0498373393419276]",,,,
19,40,0,gammamix,40,25667.792429417357,"[-0.7558172368528413, 3.4880890242399643, 0.8841047011563397, 2.27879194547609, -1.5432473849230648]",2.0,,,
19,40,0,lognormal,40,25656.024640016614,"[1.516844113466243, -0.46050915257129094]",,,,
19,40,0,compoundgamma,40,25660.621647126485,"[8.95034514300797, 0.9171866769990195, -6.329257802598009]",,3.5022408665089744,,
19,40,0,logskewnormal,40,25664.63856370376,"[0.8654943668041215, -0.12138584004045053, 6.6465325596687626]",,,,
19,40,0,gig,40,25660.624567635372,"[-3.5020271462655264, -12.192434263649401, 15.50655452245167]",,,-3.5020271462655264,5.068659044293555e-06
19,40,1,poisson,40,502.28691575337467,[1.2224477040537531],,,,
19,40,1,gamma,40,571.8118534738868,"[2.461917033202625, 1.210256977726267]",,,,
19,40,1,gammamix,40,571.8118534738868,"[2.461917033202625, 1.210256977726267]",1.0,,,
19,40,1,lognormal,40,572.6176958896788,"[1.2075515408677973, -1.236454990238765]",,,,
19,40,1,compoundgamma,40,573.1991298452658,"[9.210340371976184, 2.4609595821952444, -5.5002633233639076]",,12.716048659340883,,
19,40,1,logskewnormal,40,572.6176958897436,"[1.2075518005223231, -1.2364562613519254, 9.614416929848468e-07]",,,,
19,40,1,gig,40,573.2004691540878,"[-12.703016965184613, -10.917333497285473, 15.319441285909358]",,,-12.703016965184613,1.8141045184200824e-05
19,40,2,poisson,40,1018.7028796459438,[1.3268215847436458],,,,
19,40,2,gamma,40,1521.1882803719354,"[1.3714411050370003, -0.023892986827973715]",,,,
19,40,2,gammamix,40,1546.4807918360652,"[-2.9433423350284107, 3.7725197153998398, 2.5694620691925825, 2.5712930798762934, -0.27973215020024317]",2.0,,,
19,40,2,lognormal,40,1528.8681871427034,"[1.2618665451331725, -0.8444918242471441]",,,,
19,40,2,compoundgamma,40,1533.6584232537944,"[9.210340371976184, 1.8755210607493997, -5.99720720268865]",,7.524217748596652,,
19,40,2,logskewnormal,40,1535.882320243281,"[0.8640998024538301, -0.5691781303895893, 4.154851800227651]",,,,
19,40,2,gig,40,1533.6626991755745,"[-7.522865937281222, -13.125083446295507, 17.031127184972753]",,,-7.522865937281222,1.994567254288583e-06
19,40,3,poisson,40,613.9981869516087,[1.1404066286191652],,,,
19,40,3,gamma,40,650.6993322386373,"[3.7262993497421175, 2.525340929881779]",,,,
19,40,3,gammamix,40,650.6993322386373,"[3.7262993497421175, 2.525340929881779]",1.0,,,
19,40,3,lognormal,40,650.8370896152389,"[1.1884005498652235, -1.8672284356613686]",,,,
19,40,3,compoundgamma,40,650.9381632317755,"[9.210340371976184, 3.7450855252754094, -4.265514918369868]",,43.312625863073066,,
19,40,3,logskewnormal,40,650.8370896137485,"[1.1884016329442846, -1.8672217931597077, 1.851204791856002e-07]",,,,
19,40,3,gig,40,650.9388941340605,"[-43.125520546201116, -18.42343640235994, 24.056975273524674]",,,-43.125520546201116,9.972481349338709e-09
19,100,0,poisson,100,32599.774739104312,[1.6839639707761638],,,,
19,100,0,gamma,100,42099.2776136097,"[1.1115201902618255, -0.5825216013243671]",,,,
19,100,0,gammamix,100,42141.252548898745,"[0.5618660805646276, -0.9511451263403599, 6.907755278982137, 2.697706739817727, 1.6311421477012336, 5.821662139058644, 1.1318189837156134, -1.0613334036379216]",3.0,,,
19,100,0,lognormal,100,42113.72535356159,"[1.5200250212029132, -0.6471490521299642]",,,,
19,100,0,compoundgamma,100,42122.76015480368,"[9.1453781519359, 1.316716420109626, -6.180346180575603]",,4.731149712626882,,
19,100,0,logskewnormal,100,42133.10181606132,"[0.9458484514359287, -0.26509523201170326, 11.582360642851267]",,,,
19,100,0,gig,100,42122.76651811015,"[-4.738608867558917, -12.025637765206762, 15.685432915160739]",,,-4.738608867558917,5.988690613108509e-06
19,100,1,poisson,100,2225.9638106325415,[1.330555956434889],,,,
19,100,1,gamma,100,2455.9810779926243,"[2.6485282270380863, 1.3318109594894538]",,,,
19,100,1,gammamix,100,2464.7783774693326,"[-0.022895256388102858, 6.907755278982137, 3.299844379411549, 5.863156713028874, 1.776661891661743]",2.0,,,
19,100,1,lognormal,100,2457.227124558524,"[1.2796742135146686, -1.3289420210428444]",,,,
19,100,1,compoundgamma,100,2458.00477949095,"[9.210340371976184, 2.646947894118374, -5.249643898468332]",,15.110904878672855,,
19,100,1,logskewnormal,100,2459.6135852734105,"[0.9646237927575511, -0.9108821251904703, 3.4723463698172683]",,,,
19,100,1,gig,100,2458.006878896081,"[-15.091086724371353, -10.767435317187257, 15.419870340625438]",,,-15.091086724371353,2.1074741556522407e-05
19,100,2,poisson,100,1865.093217683654,[1.3418425985490567],,,,
19,100,2,gamma,100,2582.2210143010284,"[1.5252495483302941, 0.1765869457578543]",,,,
19,100,2,gammamix,100,2619.5978335877203,"[-2.4075327629985157, 3.3325304323289195, 1.3811799303954804, 2.152154901558716, -0.9819066163276756]",2.0,,,
19,100,2,lognormal,100,2595.7296721007206,"[1.2364688173159182, -0.8742418557366749]",,,,
19,100,2,compoundgamma,100,2603.910483574548,"[9.210340371976184, 1.8671441797376387, -6.029156143971689]",,7.469793424122522,,
19,100,2,logskewnormal,100,2608.619963144409,"[0.820870142905867, -0.5540475061044365, 5.21593768636549]",,,,
19,100,2,gig,100,2603.917901682866,"[-7.4675108536252095, -12.818246770681245, 16.692209042032637]",,,-7.4675108536252095,2.7108541975748803e-06
19,100,3,poisson,100,1388.0729051066087,[1.1678037844664662],,,,
19,100,3,gamma,100,1460.6854398076373,"[3.693349364422093, 2.476080264575697]",,,,
19,100,3,gammamix,100,1460.6854398076373,"[3.693349364422093, 2.476080264575697]",1.0,,,
19,100,3,lognormal,100,1461.0458409852881,"[1.20454507445545, -1.852105414297028]",,,,
19,100,3,compoundgamma,100,1461.320374079406,"[9.210340371976184, 3.7160097391477653, -4.277865478495272]",,42.100066485286966,,
19,100,3,logskewnormal,100,1461.0458409852652,"[1.2045450361742023, -1.8521044384405445, 1.1910974909374891e-08]",,,,
19,100,3,gig,100,1461.3224041880485,"[-41.93879795035964, -18.40863588376984, 24.030323054912582]",,,-41.93879795035964,1.012117691632066e-08
19,400,0,poisson,400,111617.10214700813,[1.5760525910498866],,,,
19,400,0,gamma,400,142728.1356755221,"[0.8137321528432274, -0.9379011946155308]",,,,
19,400,0,gammamix,400,142940.58369554806,"[-0.1697416244315113, 0.09422554357505097, -1.303983602234335, 6.907755278982137, 4.4030995966184205, 2.2085019711945937, 0.7329165513870598, 5.832189392567016, 3.0561648755014823, 0.4103033122603981, -2.3270536689672627]",4.0,,,
19,400,0,lognormal,400,142818.3029836573,"[1.5143606575677835, -0.5583054571359836]",,,,
19,400,0,compoundgamma,400,142866.5884702227,"[9.210340371976184, 1.1829106289092304, -6.366603745705748]",,4.26386027704992,,
19,400,0,logskewnormal,400,142908.65500095984,"[0.9250182720976035, -0.20247531361052748, 22.36958403151599]",,,,
19,400,0,gig,400,142866.613210793,"[-4.261401079842102, -12.289820533566289, 15.826120272441228]",,,-4.261401079842102,4.598315424684702e-06
19,400,1,poisson,356,13069.89936968537,[1.4101776101457875],,,,
19,400,1,gamma,356,14409.517086530339,"[2.4277398202983838, 1.0960921868545128]",,,,
19,400,1,gammamix,356,14430.018481779814,"[-0.39064295064722243, 4.56122668335888, 3.6587315155438356, 3.478658021805519, 2.046301670453042]",2.0,,,
19,400,1,lognormal,356,14412.298040394584,"[1.286804017587742, -1.2174983848667473]",,,,
19,400,1,compoundgamma,356,14413.231557616898,"[9.210340371976184, 2.4188578929166393, -5.4605192833609015]",,12.233022671106086,,
19,400,1,logskewnormal,356,14415.14194590641,"[0.9342335406287859, -0.7941573414252056, 3.8202668938195656]",,,,
19,400,1,gig,356,14413.461775856893,"[-7.715295616174561, 2.154978736370504, 2.0639906947377944]",,,-7.715295616174561,8.627706720659155
19,400,2,poisson,400,8091.97217908069,[1.2857334808997418],,,,
19,400,2,gamma,400,11595.758464984956,"[1.5363140765881806, 0.18438731777922313]",,,,
19,400,2,gammamix,400,11723.81608847433,"[-2.0809022081114676, 3.3456443882556646, 1.5944731863818968, 2.1827359755995444, -0.6339365267380218]",2.0,,,
19,400,2,lognormal,400,11640.466838896684,"[1.2411958438469597, -0.855280741087113]",,,,
19,400,2,compoundgamma,400,11668.322447945753,"[9.210340371976184, 1.793011150925653, -6.093048050891014]",,7.007514792268436,,
19,400,2,logskewnormal,400,11690.010945036207,"[0.7982105346136896, -0.5055094047094099, 10.09367013049668]",,,,
19,400,2,gig,400,11668.347372687213,"[-7.005278880844797, -12.852258745762962, 16.6623114880664]",,,-7.005278880844797,2.620203043269424e-06
19,400,3,poisson,400,6929.325958299161,[1.2017623444648022],,,,
19,400,3,gamma,400,7414.509817270395,"[3.2123620906796946, 1.9668717942066947]",,,,
19,400,3,gammamix,400,7431.230185397551,"[-1.3404299049382549, 4.3250974233435935, 2.7041123857942098, 3.145827349495593, 1.2475674219968496]",2.0,,,
19,400,3,lognormal,400,7420.151921663162,"[1.2252101061521439, -1.6108030063596115]",,,,
19,400,3,compoundgamma,400,7424.899132973551,"[9.210340371976184, 3.2407244717622667, -4.724702557573438]",,26.55222691016763,,
19,400,3,logskewnormal,400,7420.151921663354,"[1.2252098611118885, -1.6108029595716853, -3.90494247763315e-08]",,,,
19,400,3,gig,400,7424.918695857309,"[-26.495531211860566, -18.725850922038383, 23.90241196131368]",,,-26.495531211860566,7.369979428197702e-09
20,10,0,poisson,10,1276.2520683516764,[1.7218620296106766],,,,
20,10,0,gamma,10,1607.8074253956097,"[0.43281853380345187, -1.7731006765567323]",,,,
20,10,0,gammamix,10,1607.8074253956097,"[0.43281853380345187, -1.7731006765567323]",1.0,,,
20,10,0,lognormal,10,1609.2498145590853,"[1.84799838596235, -0.254643810475836]",,,,
20,10,0,compoundgamma,10,1610.283724213329,"[9.210340371976184, 0.3145762221548498, -6.723943348603405]",,2.3696787484423565,,
20,10,0,logskewnormal,10,1609.2498145614215,"[1.8479882696059664, -0.2546351909389769, -6.2571098597772155e-06]",,,,
20,10,0,gig,10,1610.2841034114078,"[-2.370105343117933, -13.558659792194618, 16.73832451505954]",,,-2.370105343117933,1.2928521745629562e-06
20,10,1,poisson,10,40.010898989683966,[1.1197931107475567],,,,
20,10,1,gamma,10,43.29940576710521,"[3.493357798687567, 2.283676611528129]",,,,
20,10,1,gammamix,10,43.29940576710521,"[3.493357798687567, 2.283676611528129]",1.0,,,
20,10,1,lognormal,10,43.25343388292,"[1.1928422392716087, -1.7402167430751938]",,,,
20,10,1,compoundgamma,10,43.29911175359948,"[3.4963685951315457, 9.21024036697585, 6.923549491416238]",,10000.0,,
20,10,1,logskewnormal,10,43.253433882925876,"[1.1928424690643535, -1.7402157918524703, -1.933166069016838e-06]",,,,
20,10,1,gig,10,43.299405767096914,"[32.89625454440793, -8.260295995964293, -11.237120679154021]",,,32.89625454440793,0.0002585824405344397
20,10,2,poisson,10,346.1004565380502,[1.5797327580201845],,,,
20,10,2,gamma,10,375.6185096002702,"[1.980669874333022, 0.39019474734350723]",,,,
20,10,2,gammamix,10,375.6185096002702,"[1.980669874333022, 0.39019474734350723]",1.0,,,
20,10,2,lognormal,10,376.10461436150047,"[1.520614430767615, -1.018918735201443]",,,,
20,10,2,compoundgamma,10,376.4416656646097,"[9.210340371976184, 2.0472297758134705, -5.577957180700397]",,8.746412057267708,,
20,10,2,logskewnormal,10,376.1046143615204,"[1.5206151412962352, -1.018919132612706, 2.046495779203277e-07]",,,,
20,10,2,gig,10,376.4421215829374,"[-8.741279427362034, -11.951048940120401, 16.27591225669697]",,,-8.741279427362034,6.452461060784982e-06
20,10,3,poisson,10,194.33745423258227,[1.2680516610104584],,,,
20,10,3,gamma,10,198.20874352159518,"[3.938327193861142, 2.6802464785963966]",,,,
20,10,3,gammamix,10,198.20874352159518,"[3.938327193861142, 2.6802464785963966]",1.0,,,
20,10,3,lognormal,10,198.16139470195574,"[1.2479080410373997, -1.968108193296907]",,,,
20,10,3,compoundgamma,10,198.20825372266194,"[3.943176699726252, 9.21024036697585, 6.525139534037768]",,10000.0,,
20,10,3,logskewnormal,10,198.16139470830313,"[1.2479151369657433, -1.9681133683256646, 8.764335528791375e-08]",,,,
20,10,3,gig,10,198.20874352161366,"[51.33267266309842, -7.245082895478818, -10.618476916261635]",,,51.33267266309842,0.0007136749898982926
20,20,0,poisson,20,2477.1710412528496,[1.5997992835963317],,,,
20,20,0,gamma,20,3013.2108950045435,"[0.6047146875841044, -1.3076177792374652]",,,,
20,20,0,gammamix,20,3013.2108950045435,"[0.6047146875841044, -1.3076177792374652]",1.0,,,
20,20,0,lognormal,20,3016.532261040937,"[1.6155934754629442, -0.3774470884643076]",,,,
20,20,0,compoundgamma,20,3018.5225445123147,"[9.210340371976184, 0.6596731537193654, -6.696839626129392]",,2.9341600580579463,,
20,20,0,logskewnormal,20,3018.8405551180877,"[0.9143818599821805, -0.057287388825512715, 2.847851394858873]",,,,
20,20,0,gig,20,3018.523300217007,"[-2.9337836307238634, -13.26930540408131, 16.475761691902203]",,,-2.9337836307238634,1.726688053775371e-06
20,20,1,poisson,20,85.10346579789251,[1.0211542296291058],,,,
20,20,1,gamma,20,87.78718596529859,"[3.8288403440729013, 2.751226075923407]",,,,
20,20,1,gammamix,20,87.78718596529859,"[3.8288403440729013, 2.751226075923407]",1.0,,,
20,20,1,lognormal,20,87.8864293006009,"[1.0677883751117672, -1.9162759677484793]",,,,
20,20,1,compoundgamma,20,87.97709779125326,"[9.210340371976184, 3.839130379532728, -4.291725113803805]",,47.48503252207516,,
20,20,1,logskewnormal,20,87.8864293006009,"[1.0677883751117672, -1.9162759677484793, 0.0]",,,,
20,20,1,gig,20,87.97792804588971,"[-47.29047514750397, -8.659063680779198, 14.266630288650452]",,,-47.29047514750397,0.0001735467259888345
20,20,2,poisson,20,371.9595777101537,[1.3552622518721622],,,,
20,20,2,gamma,20,429.83235466011035,"[1.8580637171202266, 0.4562035828201909]",,,,
20,20,2,gammamix,20,429.83235466011035,"[1.8580637171202266, 0.4562035828201909]",1.0,,,
20,20,2,lognormal,20,430.830594711653,"[1.3227778050431316, -0.9581807362900995]",,,,
20,20,2,compoundgamma,20,431.4668114952197,"[9.210340371976184, 1.9195233730572976, -5.894698865240019]",,7.817708191355781,,
20,20,2,logskewnormal,20,430.83059471110056,"[1.3227794989950408, -0.9581878155235426, 9.264640299660235e-07]",,,,
20,20,2,gig,20,431.467537001741,"[-7.813598721901673, -11.871950429089765, 15.880133109862184]",,,-7.813598721901673,6.983569172683995e-06
20,20,3,poisson,20,388.1123053272182,[1.3253246482206356],,,,
20,20,3,gamma,20,406.06242690919316,"[3.137463435074346, 1.8293590508939703]",,,,
20,20,3,gammamix,20,406.06242690919316,"[3.137463435074346, 1.8293590508939703]",1.0,,,
20,20,3,lognormal,20,406.26043121589305,"[1.2855051053804, -1.5793167904507657]",,,,
20,20,3,compoundgamma,20,406.39501806153436,"[9.210340371976184, 3.1758586479223596, -4.728683209761708]",,24.947373405406918,,
20,20,3,logskewnormal,20,406.26043121617363,"[1.285505824209592, -1.5793134679186787, 9.415847459638081e-07]",,,,
20,20,3,gig,20,406.39552598342914,"[-24.89360260461766, -9.367800491560391, 14.54035387124411]",,,-24.89360260461766,8.543108832023573e-05
20,40,0,poisson,40,8732.495477743525,[1.2557399249617385],,,,
20,40,0,gamma,40,11734.26301365878,"[0.8766210138277042, -1.0244394169962259]",,,,
20,40,0,gammamix,40,11749.398351910415,"[-0.9098876316158871, -0.47916848126663825, 3.82588370268575, 6.907755278982137, 0.9908786420712687, 2.585264858623643, 5.080633369713996, -1.514895168216063]",3.0,,,
20,40,0,lognormal,40,11739.232030910309,"[1.6784660988829392, -0.4920938035657712]",,,,
20,40,0,compoundgamma,40,11742.163942945464,"[9.210340371976184, 0.8937718423230714, -6.447001292822525]",,3.4443319202145783,,
20,40,0,logskewnormal,40,11744.036712909608,"[0.9829411116559938, -0.09983377573165873, 4.588819579549816]",,,,
20,40,0,gig,40,11742.165333030396,"[-3.443731694852863, -13.156005587204838, 16.6122406264371]",,,-3.443731694852863,1.9338347926472217e-06
20,40,1,poisson,40,379.03470787311153,[1.0767742977259696],,,,
20,40,1,gamma,40,443.2288348935906,"[2.6947378549762666, 1.4821920887436224]",,,,
20,40,1,gammamix,40,443.2288348935906,"[2.6947378549762666, 1.4821920887436224]",1.0,,,
20,40,1,lognormal,40,443.8663858685975,"[1.1781256242023241, -1.362409379006748]",,,,
20,40,1,compoundgamma,40,444.35112527764755,"[9.210340371976184, 2.742965026816302, -5.257481019780923]",,16.532972565803217,,
20,40,1,logskewnormal,40,443.8663858685975,"[1.1781256242023241, -1.362409379006748, 0.0]",,,,
20,40,1,gig,40,444.3525288186087,"[-16.511548355654774, -10.860058752420855, 15.504680083798105]",,,-16.511548355654774,1.921040012470338e-05
20,40,2,poisson,40,508.8951438829089,[1.3016568724854232],,,,
20,40,2,gamma,40,571.7345031402599,"[2.18047957806291, 0.8758828386038383]",,,,
20,40,2,gammamix,40,571.7345031402599,"[2.18047957806291, 0.8758828386038383]",1.0,,,
20,40,2,lognormal,40,573.6272732349488,"[1.2474241456778556, -1.1225001599799729]",,,,
20,40,2,compoundgamma,40,574.9106542414593,"[9.210340371976184, 2.278510026316175, -5.632713419954044]",,10.762124259836442,,
20,40,2,logskewnormal,40,575.6118938180878,"[0.9257061046065543, -0.8099003041107776, 2.3730467617695146]",,,,
20,40,2,gig,40,574.9126393531938,"[-10.754483871538088, -11.492465418728035, 15.762452012959132]",,,-10.754483871538088,1.0206707877950774e-05
20,40,3,poisson,40,782.9651902917321,[1.0428693161570155],,,,
20,40,3,gamma,40,884.9158228892509,"[3.042478567964136, 1.8082832420535855]",,,,
20,40,3,gammamix,40,884.9158228892509,"[3.042478567964136, 1.8082832420535855]",1.0,,,
20,40,3,lognormal,40,885.2068900907568,"[1.2091909072330407, -1.5300016156094838]",,,,
20,40,3,compoundgamma,40,885.3731917957193,"[9.210340371976184, 3.067475498565528, -4.9115131138177865]",,22.487588697500904,,
20,40,3,logskewnormal,40,885.2068900907568,"[1.2091909072330407, -1.5300016156094838, 0.0]",,,,
20,40,3,gig,40,885.3737071804551,"[-22.448080871049502, -9.46647966592883, 14.456601580937807]",,,-22.448080871049502,7.740341430074194e-05
20,100,0,poisson,100,580383.3241492052,[3.007045347073223],,,,
20,100,0,gamma,100,1484529.7912584655,"[-0.7630999554151705, -3.7347519536096536]",,,,
20,100,0,gammamix,100,1484668.2655174988,"[0.15011781692483606, -1.9733967894448874, 4.652432210889049, 2.0115081668791746, -1.0283845739058204, 3.5076353429171387, 0.19807717761080687, -6.54712737112434]",3.0,,,
20,100,0,lognormal,100,1484622.2094018827,"[1.5946484109887227, -0.2400187089880195]",,,,
20,100,0,compoundgamma,100,1484649.7492924312,"[9.210340371976184, 0.776826357607708, -6.625965569804321]",,3.1745600269271588,,
20,100,0,logskewnormal,100,1484653.1610750093,"[0.8839300472252057, 0.047069742281780735, 11.657330713999071]",,,,
20,100,0,gig,100,1484649.755818433,"[-3.1630814425090836, -12.55146524950532, 15.825323354119767]",,,-3.1630814425090836,3.539711789581996e-06
20,100,1,poisson,100,6128.280141198463,[1.4185697794685106],,,,
20,100,1,gamma,100,7323.854974796479,"[2.4462306179475255, 1.1646875729926165]",,,,
20,100,1,gammamix,100,7323.854974796479,"[2.4462306179475255, 1.1646875729926165]",1.0,,,
20,100,1,lognormal,100,7325.166355975218,"[1.2371072218977452, -1.234378634156045]",,,,
20,100,1,compoundgamma,100,7325.812218122966,"[9.210340371976184, 2.4689256360798417, -5.462630271653459]",,12.809752061934072,,
20,100,1,logskewnormal,100,7325.166355971325,"[1.237107962807201, -1.234369495829364, -6.228177902039986e-07]",,,,
20,100,1,gig,100,7325.813219590932,"[-12.794340427817412, -9.807541390850915, 14.247089503773148]",,,-12.794340427817412,5.503499012881345e-05
20,100,2,poisson,100,1588.2808750761278,[1.3638673253324463],,,,
20,100,2,gamma,100,1906.4980487210266,"[1.884336048950815, 0.5753608709633615]",,,,
20,100,2,gammamix,100,1925.4972424127825,"[-2.7557505362321137, 2.8724320770440492, 6.907755278982137, 1.6690660974764684, 4.629769982233018]",2.0,,,
20,100,2,lognormal,100,1912.3949905760057,"[1.2317288259590609, -0.9852541714519452]",,,,
20,100,2,compoundgamma,100,1916.3667099206891,"[9.210340371976184, 2.0098315794837864, -5.9015745359501866]",,8.462060477403204,,
20,100,2,logskewnormal,100,1920.082214917376,"[0.8314633371316954, -0.6259791280498163, 4.544059470743537]",,,,
20,100,2,gig,100,1916.3714337879253,"[-8.45768452932635, -12.134597979666129, 16.135920749427537]",,,-8.45768452932635,5.370454695953718e-06
20,100,3,poisson,100,1442.1191757603979,[1.0589920304246256],,,,
20,100,3,gamma,100,1618.2085088408394,"[3.149980810929159, 1.9063087293844012]",,,,
20,100,3,gammamix,100,1618.2085088408394,"[3.149980810929159, 1.9063087293844012]",1.0,,,
20,100,3,lognormal,100,1619.0948410486965,"[1.2211461835304176, -1.576939239927959]",,,,
20,100,3,compoundgamma,100,1619.7241052556494,"[9.210340371976184, 3.1524334610487696, -4.81637605382805]",,24.39292113618084,,
20,100,3,logskewnormal,100,1619.0948410486965,"[1.2211461835304176, -1.576939239927959, 0.0]",,,,
20,100,3,gig,100,1619.726616144479,"[-24.340040183686714, -9.41215613328868, 14.49699872289066]",,,-24.340040183686714,8.1724548230787e-05
20,400,0,poisson,400,604828.7323242511,[2.3106197461753757],,,,
20,400,0,gamma,400,1695846.1329987017,"[-0.3778844769342835, -2.8128971139570376]",,,,
20,400,0,gammamix,400,1696316.504508651,"[0.42073074649215836, -0.8258212898461823, -3.2660086901386536, 6.907755278982137, 2.391099255982493, 1.1085462924196487, -0.2886738923056488, 5.828591112868717, 0.8260482641536769, -1.516240876467055, -6.443125204979553]",4.0,,,
20,400,0,lognormal,400,1696138.079910163,"[1.5512651635547816, -0.323763185556101]",,,,
20,400,0,compoundgamma,400,1696224.6435966287,"[9.210340371976184, 0.8361681969088409, -6.620007669103942]",,3.307508098217698,,
20,400,0,logskewnormal,400,1696258.142148732,"[0.8821579787776953, -0.01950607136766116, 26.109475968102867]",,,,
20,400,0,gig,400,1696224.668452338,"[-3.3073680352812236, -13.216651272971802, 16.500067196394298]",,,-3.3073680352812236,1.820041467177248e-06
20,400,1,poisson,356,13281.640920190071,[1.4052369464588885],,,,
20,400,1,gamma,356,15393.303679307082,"[2.507817924087254, 1.2120638139899012]",,,,
20,400,1,gammamix,356,15419.428150551648,"[0.11639730587455943, 6.907755278982137, 2.670500718136282, 5.857156730035471, 1.2067294974525955]",2.0,,,
20,400,1,lognormal,356,15398.75906357123,"[1.253891434652308, -1.2670895875032988]",,,,
20,400,1,compoundgamma,356,15402.063458151897,"[9.210340371976184, 2.538576993802772, -5.378999755075413]",,13.661640552204844,,
20,400,1,logskewnormal,356,15408.976615569289,"[0.9158436910884191, -0.8439429074936144, 5.961115561217155]",,,,
20,400,1,gig,356,15402.070507328212,"[-13.646310994787596, -10.051170937407935, 14.57444543807703]",,,-13.646310994787596,4.313521084559433e-05
20,400,2,poisson,400,7241.68744348841,[1.2534983527667731],,,,
20,400,2,gamma,400,9337.590868757183,"[1.6827184967233455, 0.36124213366561686]",,,,
20,400,2,gammamix,400,9448.106047001402,"[-1.9714028796123344, 3.4210172877183975, 1.5743941275373747, 2.2689961894994526, -0.5127577250238324]",2.0,,,
20,400,2,lognormal,400,9375.169586804383,"[1.226225199527804, -0.9122903198494571]",,,,
20,400,2,compoundgamma,400,9399.655478240602,"[9.210340371976184, 1.8987262690631994, -6.010456821290967]",,7.6773838329517785,,
20,400,2,logskewnormal,400,9421.014172537358,"[0.8043231257214121, -0.5591016400722232, 9.78068171181143]",,,,
20,400,2,gig,400,9399.680252547772,"[-7.674483344933127, -12.192115052172502, 16.084699376820673]",,,-7.674483344933127,5.07027727669842e-06
20,400,3,poisson,400,23196.955431257564,[1.152109188281187],,,,
20,400,3,gamma,400,23893.943868263836,"[3.229653981764435, 2.0033219852394306]",,,,
20,400,3,gammamix,400,23908.26008217489,"[-0.5398688172816968, 4.64976601097979, 3.1974046531306533, 3.5424315308844885, 1.8040151631134915]",2.0,,,
20,400,3,lognormal,400,23898.72953961621,"[1.206022833058759, -1.6182188082311273]",,,,
20,400,3,compoundgamma,400,23902.613784059507,"[9.21033591364491, 3.2415175343506526, -4.74366364680741]",,26.572499463019117,,
20,400,3,logskewnormal,400,23909.8089521958,"[0.9648943373005374, -1.177452167914577, 4.266074881119176]",,,,
20,400,3,gig,400,23902.631138333745,"[-26.512370515372606, -9.386333002447046, 14.543794889999857]",,,-26.512370515372606,8.386241635795097e-05
21,10,0,poisson,10,2701.012221201072,[1.6631505576236365],,,,
21,10,0,gamma,10,3580.8960087832056,"[1.167282960256395, -0.4207688515035616]",,,,
21,10,0,gammamix,10,3586.6722750181425,"[-0.2745080446717536, 6.907755278982137, 1.4810449795432818, 5.828437514980294, -0.5314174037798992]",2.0,,,
21,10,0,lognormal,10,3581.8670007602987,"[1.423527728756466, -0.6297525051419194]",,,,
21,10,0,compoundgamma,10,3582.613591855894,"[9.210340371976184, 1.2314931046240671, -6.4167704652558815]",,4.426341605407601,,
21,10,0,logskewnormal,10,3581.8670007605874,"[1.4235311857889577, -0.6297532581103955, 1.4694184377437793e-06]",,,,
21,10,0,gig,10,3582.6141780752273,"[-4.426116193933346, -12.027947005396896, 15.514527790568167]",,,-4.426116193933346,5.974877243391111e-06
21,10,1,poisson,10,291.0898278123532,[1.4105639320343486],,,,
21,10,1,gamma,10,342.2191526391743,"[2.0134642494044077, 0.7095539132672682]",,,,
21,10,1,gammamix,10,342.2191526391743,"[2.0134642494044077, 0.7095539132672682]",1.0,,,
21,10,1,lognormal,10,342.65067393775263,"[1.2348342132566195, -1.0344758202216937]",,,,
21,10,1,compoundgamma,10,342.9729240879544,"[8.772446306773814, 2.075031526369477, -5.401206188817171]",,8.964797556227227,,
21,10,1,logskewnormal,10,342.6506739377559,"[1.2348339231820655, -1.0344756875225305, -8.225883491689101e-08]",,,,
21,10,1,gig,10,342.9737242530352,"[-8.977481147858871, -11.483843582621017, 15.549620203899332]",,,-8.977481147858871,1.0295088896303585e-05
21,10,2,poisson,10,238.93814114175086,[1.5216989981260935],,,,
21,10,2,gamma,10,282.6307961047312,"[1.477626375062027, -0.03849396771656059]",,,,
21,10,2,gammamix,10,287.976180211742,"[-1.3862643397854315, 4.622598046967138, 6.907755278982137, 3.422820540406655, 4.6773850368419385]",2.0,,,
21,10,2,lognormal,10,283.24810669945634,"[1.3969478398674435, -0.7617202949538062]",,,,
21,10,2,compoundgamma,10,283.69664303093185,"[9.210340371976184, 1.4880783874775774, -6.216392425178902]",,5.42857732764394,,
21,10,2,logskewnormal,10,283.24810669946163,"[1.3969470593155842, -0.7617198710512705, 7.023515206236625e-07]",,,,
21,10,2,gig,10,283.6970604521419,"[-5.426891466937396, -13.140455970134145, 16.827160252047857]",,,-5.426891466937396,1.9641401911946043e-06
21,10,3,poisson,10,98.17088398745983,[1.2904464023297628],,,,
21,10,3,gamma,10,98.17082190327346,"[13.815510557964274, 12.52507088667477]",,,,
21,10,3,gammamix,10,98.17082190327346,"[13.815510557964274, 12.52507088667477]",1.0,,,
21,10,3,lognormal,10,98.17088373948408,"[1.2904463922840281, -9.669316656490661]",,,,
21,10,3,compoundgamma,10,98.15846247627181,"[9.210340371976184, 9.21024036697585, 1.2903147499974472]",,10000.0,,
21,10,3,logskewnormal,10,98.17088373948894,"[1.2904463945810445, -9.669326297758001, 1.438555941835301e-08]",,,,
21,10,3,gig,10,98.17026301661099,"[-6.469451044810067, 11.51292537183253, 1.290504440432386]",,,-6.469451044810067,99999.99068623062
21,20,0,poisson,20,4401.196695679286,[1.6774198392610875],,,,
21,20,0,gamma,20,5394.1903177504355,"[1.3770286975849402, -0.21654676321926217]",,,,
21,20,0,gammamix,20,5402.206029367964,"[-0.2703521503126487, 5.140448541097084, 2.058837050227105, 4.026635450099719, 0.054572421959492697]",2.0,,,
21,20,0,lognormal,20,5395.469662423561,"[1.4624303214199101, -0.7122078124339027]",,,,
21,20,0,compoundgamma,20,5396.370506816473,"[9.210340371976184, 1.3622898579881069, -6.262229041655303]",,4.905125253698394,,
21,20,0,logskewnormal,20,5395.469662423564,"[1.4624305222589578, -0.7122079403750228, 7.861045169512265e-08]",,,,
21,20,0,gig,20,5396.371332802288,"[-4.903701711449495, -11.956789361928749, 15.597677645771792]",,,-4.903701711449495,6.4155273216363286e-06
21,20,1,poisson,20,675.2640988778257,[1.3542833677218393],,,,
21,20,1,gamma,20,754.125842028142,"[2.076753356266275, 0.7866329874538496]",,,,
21,20,1,gammamix,20,754.125842028142,"[2.076753356266275, 0.7866329874538496]",1.0,,,
21,20,1,lognormal,20,754.3587018348737,"[1.2266224437733602, -1.0438186361544155]",,,,
21,20,1,compoundgamma,20,754.4039022268657,"[9.028837492256063, 2.0537966905738747, -5.68464386259842]",,8.797449480738587,,
21,20,1,logskewnormal,20,754.3587018370512,"[1.2266287670260336, -1.0438099518301214, -7.621067923287546e-06]",,,,
21,20,1,gig,20,754.4341469114847,"[-4.800481859754161, 1.8715297658315655, 1.8772868520716028]",,,-4.800481859754161,6.498229569198254
21,20,2,poisson,20,327.4496205040771,[1.3998163864518645],,,,
21,20,2,gamma,20,383.0074206358638,"[1.690122277766105, 0.30988130486810217]",,,,
21,20,2,gammamix,20,383.0074206358638,"[1.690122277766105, 0.30988130486810217]",1.0,,,
21,20,2,lognormal,20,384.04609112998304,"[1.2855540100222251, -0.8711285344609455]",,,,
21,20,2,compoundgamma,20,384.68538551740767,"[9.210340371976184, 1.732186942752163, -6.105143268543295]",,6.653003194279481,,
21,20,2,logskewnormal,20,384.046091129983,"[1.2855539896654955, -0.8711285478022747, 0.0]",,,,
21,20,2,gig,20,384.68597768940276,"[-6.650067813202611, -13.087906494511694, 16.885729324331155]",,,-6.650067813202611,2.0701147974659605e-06
21,20,3,poisson,20,455.50305155279375,[1.407062601923855],,,,
21,20,3,gamma,20,471.67104438946956,"[2.959640324065078, 1.5880940608771787]",,,,
21,20,3,gammamix,20,471.67104438946956,"[2.959640324065078, 1.5880940608771787]",1.0,,,
21,20,3,lognormal,20,472.0493486121174,"[1.3452807801521527, -1.4935876500617344]",,,,
21,20,3,compoundgamma,20,472.3574908682236,"[9.210340371976184, 3.010263718078861, -4.830015942892135]",,21.292750784902502,,
21,20,3,logskewnormal,20,472.0493486121253,"[1.3452805488135426, -1.4935877414260723, -4.145064651722421e-08]",,,,
21,20,3,gig,20,472.3586308324037,"[-21.257847208886208, -9.90484120817311, 14.976590377293101]",,,-21.257847208886208,4.993236300707734e-05
21,40,0,poisson,40,8581.459681615062,[1.235437451826252],,,,
21,40,0,gamma,40,10896.474941390701,"[1.2247059695828764, -0.38323324449982993]",,,,
21,40,0,gammamix,40,10913.274187169684,"[-0.00042934690993556845, 6.907755278982137, 1.3668319160689815, 5.815305560637028, -0.5756197805552928]",2.0,,,
21,40,0,lognormal,40,10900.797613679384,"[1.4540467878214531, -0.668815243810584]",,,,
21,40,0,compoundgamma,40,10903.8660248384,"[9.210340371976184, 1.3311555088529763, -6.2982537786591335]",,4.785414941875047,,
21,40,0,logskewnormal,40,10908.903775123461,"[0.9084814094502409, -0.3127558292242654, 7.672979991186857]",,,,
21,40,0,gig,40,10903.868380706177,"[-4.784389591297414, -11.980714955777207, 15.585664120934405]",,,-4.784389591297414,6.263853696583584e-06
21,40,1,poisson,40,2911.0974002882895,[1.5878629645170212],,,,
21,40,1,gamma,40,3221.096550770261,"[2.220002749350783, 0.8550565765170802]",,,,
21,40,1,gammamix,40,3221.096550770261,"[2.220002749350783, 0.8550565765170802]",1.0,,,
21,40,1,lognormal,40,3221.555951212681,"[1.3088167978225536, -1.1184975942538624]",,,,
21,40,1,compoundgamma,40,3221.660897909849,"[9.210340371976184, 2.2154014723386672, -5.632870790064432]",,10.165087902367283,,
21,40,1,logskewnormal,40,3221.555951212797,"[1.308816032918129, -1.1184981274613939, -1.9942973002666368e-07]",,,,
21,40,1,gig,40,3221.6908511271326,"[-6.646610245473803, 1.9268951010964148, 2.13233007121709]",,,-6.646610245473803,6.868152183250261
21,40,2,poisson,40,398.3743236956009,[1.227902931175973],,,,
21,40,2,gamma,40,472.0871911798661,"[2.0886379435979547, 0.8349902076984415]",,,,
21,40,2,gammamix,40,481.2113283376881,"[-2.9441384136825324, 3.1980041019571037, 6.907755278982137, 2.0372403759960656, 4.677470130811637]",2.0,,,
21,40,2,lognormal,40,474.4131160305918,"[1.1901414831979353, -1.081754130702324]",,,,
21,40,2,compoundgamma,40,476.03033698143605,"[9.210340371976184, 2.207865049275802, -5.757632231677639]",,10.09627554773309,,
21,40,2,logskewnormal,40,476.79633444978197,"[0.8568525897544642, -0.7736756086524388, 2.422196866131288]",,,,
21,40,2,gig,40,476.0326236763716,"[-10.090035511958654, -12.918204495821998, 17.06336519993701]",,,-10.090035511958654,2.452986010252004e-06
21,40,3,poisson,40,572.5610094424619,[1.3130459318985575],,,,
21,40,3,gamma,40,615.150432805087,"[2.5123506681148866, 1.2118177684552738]",,,,
21,40,3,gammamix,40,615.150432805087,"[2.5123506681148866, 1.2118177684552738]",1.0,,,
21,40,3,lognormal,40,616.4163879953547,"[1.2594020362309275, -1.2691900948061179]",,,,
21,40,3,compoundgamma,40,617.3914081138,"[9.210340371976184, 2.5606468808469325, -5.351584432327507]",,13.944187955115233,,
21,40,3,logskewnormal,40,617.9154674654021,"[0.9965372240356272, -0.980977384994966, 1.950540742169517]",,,,
21,40,3,gig,40,617.3934680420494,"[-13.930433189168044, -10.463861721663342, 15.01469709263995]",,,-13.930433189168044,2.8549768751615497e-05
21,100,0,poisson,100,22496.287023241734,[1.2969885280567373],,,,
21,100,0,gamma,100,30647.250935077158,"[1.1178831947737324, -0.5319495256829471]",,,,
21,100,0,gammamix,100,30692.40850626989,"[-0.7706510963122551, -0.14745925915758218, 6.7794737919416495, 4.822306579945302, 1.3560779559440153, 5.712236460924918, 3.466604759943912, -0.7902596550048776]",3.0,,,
21,100,0,lognormal,100,30659.40851905962,"[1.4777986170780317, -0.6243969199023561]",,,,
21,100,0,compoundgamma,100,30667.703322610414,"[9.164556214757967, 1.244683453660583, -6.304172864947135]",,4.47183562851749,,
21,100,0,logskewnormal,100,30681.178949232144,"[0.9197089488574882, -0.2681875296014411, 13.563156895480933]",,,,
21,100,0,gig,100,30667.709244884503,"[-4.470684492848706, -12.016898686232494, 15.57009766744945]",,,-4.470684492848706,6.041255603591965e-06
21,100,1,poisson,100,4502.191600457311,[1.4909161051638111],,,,
21,100,1,gamma,100,4959.047446090827,"[2.39974280831745, 1.0293222714737753]",,,,
21,100,1,gammamix,100,4959.047446090827,"[2.39974280831745, 1.0293222714737753]",1.0,,,
21,100,1,lognormal,100,4959.459886446157,"[1.3243519865472946, -1.2031428393789214]",,,,
21,100,1,compoundgamma,100,4959.402581154048,"[3.2648116214984406, 2.9527493091187553, 1.0574255232565557]",,20.158554175351068,,
21,100,1,logskewnormal,100,4959.459886445507,"[1.3243513321837734, -1.2031419902821892, -2.7353652081032866e-07]",,,,
21,100,1,gig,100,4959.5793486574075,"[-1.4490093527775547, 2.360107325996201, 1.4549478947127248]",,,-1.4490093527775547,10.592088197849204
21,100,2,poisson,100,964.397384047225,[1.2270773214144632],,,,
21,100,2,gamma,100,1114.8292018235436,"[2.230536467622139, 0.9763006806490803]",,,,
21,100,2,gammamix,100,1133.272329555146,"[-2.951720862358679, 3.2815488129203074, 5.2240217466732695, 2.1085028925504563, 3.0297928614365346]",2.0,,,
21,100,2,lognormal,100,1120.0881477025794,"[1.1991505956442645, -1.1487708379326378]",,,,
21,100,2,compoundgamma,100,1123.8587036410393,"[9.210340371976184, 2.342323387294759, -5.621054805075339]",,11.405384237202927,,
21,100,2,logskewnormal,100,1127.8157350552337,"[0.8546421713726015, -0.7825270790146496, 4.694935247112711]",,,,
21,100,2,gig,100,1123.8648875293563,"[-11.397294200344655, -12.855347921760877, 17.1369977330163]",,,-11.397294200344655,2.612121264364236e-06
21,100,3,poisson,100,1996.6270818830099,[1.1591572006283786],,,,
21,100,3,gamma,100,2182.6304097176853,"[2.7695416860500024, 1.5063520827239034]",,,,
21,100,3,gammamix,100,2197.507772704504,"[-2.506069166189233, 4.160821716517554, 5.400910495574359, 2.979459040607743, 3.5431608894238598]",2.0,,,
21,100,3,lognormal,100,2185.468787347718,"[1.2309808109733404, -1.4006721672101345]",,,,
21,100,3,compoundgamma,100,2187.753690564065,"[9.210340371976184, 2.829906401458783, -5.120332946382097]",,17.94387482835221,,
21,100,3,logskewnormal,100,2190.8780240796123,"[0.9670385145172674, -1.0436756378227907, 3.4623465664678026]",,,,
21,100,3,gig,100,2187.7601912201612,"[-17.92055209997378, -11.105108968020868, 15.886879000809762]",,,-17.92055209997378,1.5035312332860415e-05
21,400,0,poisson,400,130154.82985222345,[1.5010580145219565],,,,
21,400,0,gamma,400,182743.2378273037,"[0.9255382848515172, -0.8230234485362038]",,,,
21,400,0,gammamix,400,182921.25868006822,"[-0.543938290538212, -0.22254334524380903, -0.8785752777090678, 5.508781293379085, 5.790432808712292, 2.542979600221499, 1.2016431287718385, 4.420418277576377, 4.444246097828784, 0.784683032156047, -1.5066023185080115]",4.0,,,
21,400,0,lognormal,400,182808.60194715363,"[1.537343268010086, -0.5606180950023341]",,,,
21,400,0,compoundgamma,400,182848.41847218282,"[9.210340371976184, 1.1341175443177554, -6.38625990731017]",,4.108429281156514,,
21,400,0,logskewnormal,400,182895.65640457039,"[0.9268224790623286, -0.18468659128878218, 24.405840253958445]",,,,
21,400,0,gig,400,182848.44115400387,"[-4.1015176844292, -12.093719959500543, 15.609179583755193]",,,-4.1015176844292,5.594537070388044e-06
21,400,1,poisson,356,10303.624552958026,[1.3289160618322806],,,,
21,400,1,gamma,356,11568.314287069885,"[2.4386599287230477, 1.1348219677230718]",,,,
21,400,1,gammamix,356,11586.295352760504,"[0.35720155043326096, 6.907755278982137, 2.647074787004264, 5.873710461413731, 1.193699047155852]",2.0,,,
21,400,1,lognormal,356,11573.570822289046,"[1.259204048075859, -1.2295166454981383]",,,,
21,400,1,compoundgamma,356,11576.564376679638,"[9.210340371976184, 2.456197737077002, -5.4525641863844]",,12.660391271328029,,
21,400,1,logskewnormal,356,11581.037554539043,"[0.9103878006756094, -0.8074578334169064, 4.608476313863258]",,,,
21,400,1,gig,356,11576.57013924077,"[-12.64708869078704, -9.935835786077035, 14.385612586599796]",,,-12.64708869078704,4.840846871598309e-05
21,400,2,poisson,400,6938.58907523968,[1.3345671958744239],,,,
21,400,2,gamma,400,8816.72389736892,"[1.6949105040326589, 0.3651460795708843]",,,,
21,400,2,gammamix,400,8940.491913232006,"[-1.8193014757169423, 3.746017021587401, 1.547857551380992, 2.5998035877446775, -0.5060635083572297]",2.0,,,
21,400,2,lognormal,400,8856.394687923912,"[1.235084112532628, -0.9220139049279242]",,,,
21,400,2,compoundgamma,400,8882.335768321504,"[9.210340371976184, 1.9199649716205112, -5.982472779276563]",,7.820719546353576,,
21,400,2,logskewnormal,400,8907.09780651707,"[0.8161473736134177, -0.5663789513048723, 11.295884829981764]",,,,
21,400,2,gig,400,8882.362942561696,"[-7.816449065062482, -12.801601151733223, 16.721982234423514]",,,-7.816449065062482,2.7563556932386453e-06
21,400,3,poisson,400,25539.07410971616,[1.164142361124462],,,,
21,400,3,gamma,400,26846.93496490761,"[2.9672736330004015, 1.727483209009091]",,,,
21,400,3,gammamix,400,26880.71058564404,"[-2.4141078755375664, 3.8514926057974597, 2.259130310007221, 2.6657389952062283, 0.5739877570695178]",2.0,,,
21,400,3,lognormal,400,26856.772014933642,"[1.2134365764682078, -1.493636699288048]",,,,
21,400,3,compoundgamma,400,26864.727456775243,"[9.210340371976184, 3.0106940803996416, -4.96183324979353]",,21.30148589972264,,
21,400,3,logskewnormal,400,26875.917720273676,"[0.9501875407467959, -1.0784356733854918, 5.837919282109162]",,,,
21,400,3,gig,400,26864.753556124342,"[-21.26731250175195, -10.998315450328821, 15.938278484086142]",,,-21.26731250175195,1.67298593454036e-05
22,10,0,poisson,10,26312.59704662253,[2.950236958688299],,,,
22,10,0,gamma,10,57260.186348188734,"[-1.114064932974691, -5.017471606756352]",,,,
22,10,0,gammamix,10,57260.186348188734,"[-1.114064932974691, -5.017471606756352]",1.0,,,
22,10,0,lognormal,10,57265.98655218156,"[1.8334712421266393, 0.3758502116929224]",,,,
22,10,0,compoundgamma,10,57270.06241306085,"[9.210340371976184, -1.0291188604699584, -7.484743110484845]",,1.3573216721466486,,
22,10,0,logskewnormal,10,57269.32859371579,"[0.696362474946009, 0.5380871296892327, 3.757843078031046]",,,,
22,10,0,gig,10,57270.06289916467,"[-1.3576128370121396, -14.050992412224188, 16.470267927271564]",,,-1.3576128370121396,7.90190001461103e-07
22,10,1,poisson,10,390.9298934533292,[1.3862943611198906],,,,
22,10,1,gamma,10,433.8401448411226,"[2.3157911749327513, 0.9995365584985363]",,,,
22,10,1,gammamix,10,433.8401448411226,"[2.3157911749327513, 0.9995365584985363]",1.0,,,
22,10,1,lognormal,10,434.1658813440906,"[1.2662982911995353, -1.1898091500187324]",,,,
22,10,1,compoundgamma,10,434.40897584724405,"[9.210340371976184, 2.4174065098176136, -5.481505493734894]",,12.216731077382034,,
22,10,1,logskewnormal,10,434.1658813441831,"[1.2662975998426018, -1.1898120193618178, -3.997451448528716e-07]",,,,
22,10,1,gig,10,434.40947015772343,"[-12.207361043568902, -11.10196930511313, 15.523104250950206]",,,-12.207361043568902,1.5082592328083326e-05
22,10,2,poisson,10,133.60050452275456,[1.3211550589489292],,,,
22,10,2,gamma,10,145.36540441149015,"[2.359169596779914, 1.065499389583797]",,,,
22,10,2,gammamix,10,145.36540441149015,"[2.359169596779914, 1.065499389583797]",1.0,,,
22,10,2,lognormal,10,145.66213404524947,"[1.2458733010491767, -1.1945283426072175]",,,,
22,10,2,compoundgamma,10,145.88439907346964,"[9.210340371976184, 2.3984050508407155, -5.5204788060699865]",,12.00560898801379,,
22,10,2,logskewnormal,10,145.6621340454215,"[1.245873626618635, -1.1945235574398836, 2.743528135919042e-07]",,,,
22,10,2,gig,10,145.8848474613522,"[-11.994993866611745, -11.279799089326051, 15.661841422258645]",,,-11.994993866611745,1.2625410236809567e-05
22,10,3,poisson,10,32.23135016525673,[1.1126970285498485],,,,
22,10,3,gamma,10,33.40094999472582,"[3.3366257792118312, 2.2322070367590077]",,,,
22,10,3,gammamix,10,33.40094999472582,"[3.3366257792118312, 2.2322070367590077]",1.0,,,
22,10,3,lognormal,10,33.52262543026926,"[1.0856181804559477, -1.6428736125805083]",,,,
22,10,3,compoundgamma,10,33.63604210703306,"[9.210340371976184, 3.2557560670131056, -4.850187725043606]",,26.93921890971762,,
22,10,3,logskewnormal,10,33.52262543026926,"[1.0856181804559477, -1.6428736125805083, 0.0]",,,,
22,10,3,gig,10,33.63659437428,"[-26.882048192361395, -9.631645567381035, 14.682739975599523]",,,-26.882048192361395,6.561898047327978e-05
22,20,0,poisson,20,31434.3030190331,[2.67945199652899],,,,
22,20,0,gamma,20,64529.01076680058,"[-0.8520793581020436, -4.206255186547984]",,,,
22,20,0,gammamix,20,64546.47312370988,"[-0.43944956937248536, 3.7617868828631047, -0.8537009883843293, 2.4771188261895793, -5.06220344335587]",2.0,,,
22,20,0,lognormal,20,64541.604768627534,"[1.8276843027407998, 0.12303532752299653]",,,,
22,20,0,compoundgamma,20,64547.7756117593,"[9.210340371976184, -0.27350335964818007, -7.124867046304949]",,1.760709780634341,,
22,20,0,logskewnormal,20,64547.7285697743,"[0.8377625194370728, 0.36617947383164756, 5.3989049280183945]",,,,
22,20,0,gig,20,64547.77650919383,"[-1.7611623048965421, -13.785058994478662, 16.563892623616756]",,,-1.7611623048965421,1.0309199546702253e-06
22,20,1,poisson,20,690.2162585488782,[1.4438689765587642],,,,
22,20,1,gamma,20,771.7008775247696,"[2.1903000786684053, 0.8329522154393473]",,,,
22,20,1,gammamix,20,776.547885286479,"[-1.1994619441612704, 6.907755278982137, 4.323960546662079, 5.732406032664939, 2.471049277651409]",2.0,,,
22,20,1,lognormal,20,772.312362683256,"[1.299633572633165, -1.1163333339388701]",,,,
22,20,1,compoundgamma,20,772.7533780425425,"[9.210340371976184, 2.240623069825678, -5.617655376988009]",,10.399185812430114,,
22,20,1,logskewnormal,20,772.3123626848446,"[1.299629205888699, -1.1163333250842464, -1.1409863087106465e-06]",,,,
22,20,1,gig,20,772.7541755241017,"[-10.39144330706398, -11.166372525141632, 15.45137649014738]",,,-10.39144330706398,1.4141843585262265e-05
22,20,2,poisson,20,348.4589809277855,[1.4193248867963724],,,,
22,20,2,gamma,20,427.62123365775534,"[1.5787333626478004, 0.18751726377626338]",,,,
22,20,2,gammamix,20,433.0541273234158,"[-0.6669578919085706, 6.907755278982137, 1.4327850604730614, 5.813214412982604, -0.35589573392731894]",2.0,,,
22,20,2,lognormal,20,429.7129731237789,"[1.2839054591517616, -0.8603642875248521]",,,,
22,20,2,compoundgamma,20,431.12118459638816,"[9.210340371976184, 1.783609174357143, -6.060366765142779]",,6.951296972393192,,
22,20,2,logskewnormal,20,431.5903594367255,"[0.882716086378558, -0.5829470924662785, 2.3648188012334925]",,,,
22,20,2,gig,20,431.1225362449977,"[-6.9490256067743434, -12.708067072372327, 16.550792482395785]",,,-6.9490256067743434,3.026610920964522e-06
22,20,3,poisson,20,178.4268956206363,[1.0697252425246722],,,,
22,20,3,gamma,20,188.6515858708528,"[3.299747141668708, 2.1164173730011644]",,,,
22,20,3,gammamix,20,188.6515858708528,"[3.299747141668708, 2.1164173730011644]",1.0,,,
22,20,3,lognormal,20,188.84525129808307,"[1.16466087536954, -1.6483104326634688]",,,,
22,20,3,compoundgamma,20,189.01033207608486,"[9.210340371976184, 3.2952243224740982, -4.731976918304613]",,27.983466388978965,,
22,20,3,logskewnormal,20,188.84525129808307,"[1.16466087536954, -1.6483104326634688, 0.0]",,,,
22,20,3,gig,20,189.0112121928529,"[-27.916943266548067, -9.574735440880087, 14.743775870142565]",,,-27.916943266548067,6.946167190622442e-05
22,40,0,poisson,40,55726.035745672496,[2.4132544380226846],,,,
22,40,0,gamma,40,94415.45051315746,"[-0.6162534894128108, -3.534523403928711]",,,,
22,40,0,gammamix,40,94455.53997228667,"[-0.5674557880319834, -0.8949919974992381, 4.389805639194357, 2.729107197251129, -0.5872053333320322, 3.2080168475270763, 0.9063735464243331, -4.876893715432159]",3.0,,,
22,40,0,lognormal,40,94439.23251024354,"[1.7567480249790046, -0.01652165690755994]",,,,
22,40,0,compoundgamma,40,94449.09533040065,"[9.210340371976184, 0.008288750501895259, -7.02377661965602]",,2.0083231973022055,,
22,40,0,logskewnormal,40,94451.77426656497,"[0.8562937171052367, 0.2654874820839919, 9.226228410361655]",,,,
22,40,0,gig,40,94449.09715114093,"[-2.0083290921962673, -13.680401984497834, 16.56008354099694]",,,-2.0083290921962673,1.1446610574237165e-06
22,40,1,poisson,40,4780.359894038293,[1.644861715100269],,,,
22,40,1,gamma,40,5030.0228943753955,"[2.2125676690202574, 0.8989386301509023]",,,,
22,40,1,gammamix,40,5037.479668248079,"[-1.1682635533395127, 5.655546008864611, 3.8401507492326052, 4.5347885976403175, 2.072849413465263]",2.0,,,
22,40,1,lognormal,40,5031.072668801684,"[1.2573049468414994, -1.1252012649994632]",,,,
22,40,1,compoundgamma,40,5031.799384118203,"[9.193617980488167, 2.249972712033573, -5.634381925578599]",,10.487476938873964,,
22,40,1,logskewnormal,40,5031.072668801678,"[1.2573052576097454, -1.1252011535306563, -6.194825844158712e-07]",,,,
22,40,1,gig,40,5031.800901500844,"[-10.533129881066275, -10.467413438300797, 14.724344858606573]",,,-10.533129881066275,2.8448547923200822e-05
22,40,2,poisson,40,1012.8808594108702,[1.1151131787033608],,,,
22,40,2,gamma,40,1447.8829189540738,"[1.391535343001795, -0.04844340005506922]",,,,
22,40,2,gammamix,40,1465.1224042232527,"[-1.5542300699751186, 4.009758951235049, 1.5468406193882926, 2.8537667494434054, -0.6553581053589066]",2.0,,,
22,40,2,lognormal,40,1452.9084394347035,"[1.3093415535702535, -0.7797182100788792]",,,,
22,40,2,compoundgamma,40,1456.3557658763953,"[9.210340371976184, 1.6302871634902845, -6.175718870164662]",,6.1053405754751,,
22,40,2,logskewnormal,40,1459.5793066234933,"[0.8443320257460095, -0.4563205114422169, 5.137945328758252]",,,,
22,40,2,gig,40,1456.358725608984,"[-6.103880188687923, -12.768741685647685, 16.49624634044738]",,,-6.103880188687923,2.848432583577316e-06
22,40,3,poisson,40,674.392244796089,[1.1063710165293517],,,,
22,40,3,gamma,40,691.8995993577046,"[3.3466308800129303, 2.1761047261047657]",,,,
22,40,3,gammamix,40,691.8995993577046,"[3.3466308800129303, 2.1761047261047657]",1.0,,,
22,40,3,lognormal,40,692.1692671962722,"[1.152863389897147, -1.6723554552633169]",,,,
22,40,3,compoundgamma,40,692.3828786163341,"[9.210340371976184, 3.345857988090275, -4.693860611532887]",,29.384919144522573,,
22,40,3,logskewnormal,40,692.1692671962722,"[1.152863389897147, -1.6723554552633169, 0.0]",,,,
22,40,3,gig,40,692.3840372583713,"[-29.309280893373874, -9.22620340300417, 14.433162114360444]",,,-29.309280893373874,9.842621241944237e-05
22,100,0,poisson,100,67047.36512695895,[1.922716721398221],,,,
22,100,0,gamma,100,118445.64319855622,"[-0.2928578610502884, -2.795222032139573]",,,,
22,100,0,gammamix,100,118536.55465487212,"[-0.16492678731980237, -1.8071223215685521, 4.443511875956752, 1.3878200793870035, -0.27716928197138213, 3.2683109299362787, -0.6940590952648661, -4.760767325331386]",3.0,,,
22,100,0,lognormal,100,118495.74709858886,"[1.7000400104926066, -0.15083185140202746]",,,,
22,100,0,compoundgamma,100,118515.22809314204,"[9.210340371976184, 0.2779710011626831, -6.897882685718419]",,2.320447905199898,,
22,100,0,logskewnormal,100,118525.49984269346,"[0.8894234784433196, 0.15721434247389565, 14.4926542080854]",,,,
22,100,0,gig,100,118515.23277324412,"[-2.320338116948352, -13.66355978259034, 16.669063744872687]",,,-2.320338116948352,1.164102932490187e-06
22,100,1,poisson,100,11330.03367832163,[1.6611059445863945],,,,
22,100,1,gamma,100,12086.043864149842,"[2.2918228594278682, 0.9763353157147939]",,,,
22,100,1,gammamix,100,12100.633772152894,"[-0.8290361110427771, 5.623005920815526, 3.6148236970129286, 4.532318125555023, 1.91965052094885]",2.0,,,
22,100,1,lognormal,100,12088.116472653814,"[1.263573103278902, -1.1588426220028318]",,,,
22,100,1,compoundgamma,100,12089.49295160725,"[9.142601663723209, 2.3126572354356294, -5.517543001673057]",,11.101230371978259,,
22,100,1,logskewnormal,100,12092.551135863394,"[0.9009765011775981, -0.7590751202730942, 4.455382920929877]",,,,
22,100,1,gig,100,12089.495831050792,"[-11.09976792262869, -10.446349741908179, 14.764363816127961]",,,-11.09976792262869,2.905413506089531e-05
22,100,2,poisson,100,2117.105359055911,[1.1778781178840454],,,,
22,100,2,gamma,100,2820.9778972455483,"[1.5550517725184743, 0.12351995720485565]",,,,
22,100,2,gammamix,100,2854.06720912227,"[-1.231783992521184, 4.252203668470549, 1.5142202269197285, 3.0830891552659434, -0.5044047154055601]",2.0,,,
22,100,2,lognormal,100,2831.650533929625,"[1.3215602988461492, -0.8485524732311112]",,,,
22,100,2,compoundgamma,100,2838.8351746848284,"[9.210340371976184, 1.7552989467190054, -6.048878749095598]",,6.785176943140404,,
22,100,2,logskewnormal,100,2846.2487430347787,"[0.8661305581845335, -0.4887674766167963, 7.189527604673601]",,,,
22,100,2,gig,100,2838.841988172476,"[-6.7830495602682435, -12.707761732873829, 16.56198696218089]",,,-6.7830495602682435,3.02753520592845e-06
22,100,3,poisson,100,15016.360610143343,[1.1672535765536893],,,,
22,100,3,gamma,100,15099.420792936402,"[3.3121147922755143, 2.0939310471121306]",,,,
22,100,3,gammamix,100,15099.420792936402,"[3.3121147922755143, 2.0939310471121306]",1.0,,,
22,100,3,lognormal,100,15099.830622828586,"[1.2001592091235445, -1.6617426452404538]",,,,
22,100,3,compoundgamma,100,15100.11769715412,"[9.210340371976184, 3.334484779874681, -4.657616534696808]",,29.063920401766154,,
22,100,3,logskewnormal,100,15099.83062282777,"[1.2001598256893817, -1.6617481120483508, 9.39088100171501e-08]",,,,
22,100,3,gig,100,15100.119178861862,"[-28.9830673821275, -9.225041125317738, 14.468030368815342]",,,-28.9830673821275,9.854067751712624e-05
22,400,0,poisson,400,167473.43890162185,[1.6266006626244396],,,,
22,400,0,gamma,400,292647.3258127481,"[0.022634053070411754, -2.092611560697272]",,,,
22,400,0,gammamix,400,293015.64844688645,"[0.2272482890865447, -0.4390097846783403, -2.6368853001167443, 6.078479654854608, 3.0320918847986977, 1.1280237715626098, -0.28241806505848344, 4.9931908212890495, 1.5790567665831792, -1.300444256836696, -5.115944944061652]",4.0,,,
22,400,0,lognormal,400,292847.91081367864,"[1.5524870812369242, -0.360514765470591]",,,,
22,400,0,compoundgamma,400,292921.9069932649,"[9.210340371976184, 0.8447989418303821, -6.612480156933917]",,3.3275098026623113,,
22,400,0,logskewnormal,400,292965.35268889903,"[0.9010115896635172, -0.05158889773276818, 25.094909278878188]",,,,
22,400,0,gig,400,292921.9322352997,"[-3.3272338583534005, -13.311825112281037, 16.602688820043173]",,,-3.3272338583534005,1.6548087540444243e-06
22,400,1,poisson,356,18196.01454588372,[1.4848391832103311],,,,
22,400,1,gamma,356,20882.10949129659,"[2.3509887286311706, 1.0485053732975982]",,,,
22,400,1,gammamix,356,20910.664352130054,"[-0.19567474460522705, 5.1462414385123685, 2.3883554752207825, 4.064114403135737, 0.8796224061180804]",2.0,,,
22,400,1,lognormal,356,20889.802692538615,"[1.2534120305455176, -1.1900639639373607]",,,,
22,400,1,compoundgamma,356,20894.670800436797,"[9.210340371976184, 2.381976203824275, -5.5295523355456995]",,11.826276666831324,,
22,400,1,logskewnormal,356,20902.529461032456,"[0.893470845271239, -0.7731298589178814, 5.353172432936498]",,,,
22,400,1,gig,356,20894.67969077218,"[-11.815217937142906, -10.392624942550356, 14.765535660940705]",,,-11.815217937142906,3.0657753991077976e-05
22,400,2,poisson,400,6859.3832383414165,[1.2482315795730257],,,,
22,400,2,gamma,400,8891.86948891086,"[1.6032558860489592, 0.24791005782735595]",,,,
22,400,2,gammamix,400,9023.055447371906,"[-1.87519246424471, 3.674063891629777, 1.8488285277947227, 2.5220916644238893, -0.31127809763271114]",2.0,,,
22,400,2,lognormal,400,8932.028064886927,"[1.2512764803440548, -0.8711215082357777]",,,,
22,400,2,compoundgamma,400,8958.87077645071,"[9.210340371976184, 1.8073268072927815, -6.070569187533513]",,7.094134841779934,,
22,400,2,logskewnormal,400,8984.685212550608,"[0.8087873180056336, -0.5114395888884316, 11.320643943300293]",,,,
22,400,2,gig,400,8958.89673551459,"[-7.09177391806587, -13.042539037104902, 16.875057117639308]",,,-7.09177391806587,2.1661935890103385e-06
22,400,3,poisson,400,21850.930311276075,[1.162418183456172],,,,
22,400,3,gamma,400,22565.63462488749,"[3.188653109689582, 1.973492580663184]",,,,
22,400,3,gammamix,400,22581.62240244169,"[-0.313703473327266, 5.074385460538185, 3.241267640009102, 3.994292117992681, 1.8713463352163962]",2.0,,,
22,400,3,lognormal,400,22570.134911845344,"[1.1940713093953002, -1.602578620714523]",,,,
22,400,3,compoundgamma,400,22573.536589455616,"[9.168752420599516, 3.21787063493466, -4.737041192624296]",,25.974882877515697,,
22,400,3,logskewnormal,400,22580.60134382981,"[0.954441292300115, -1.1785356546752905, 4.471974982438356]",,,,
22,400,3,gig,400,22573.551909571193,"[-25.913593157845686, -9.25052573700465, 14.372920970722925]",,,-25.913593157845686,9.606113588960187e-05
23,10,0,poisson,10,2596.3433370638454,[1.8709638836175264],,,,
23,10,0,gamma,10,3964.2284943333443,"[0.18997176198506283, -2.0349167583241705]",,,,
23,10,0,gammamix,10,3964.2284943333443,"[0.18997176198506283, -2.0349167583241705]",1.0,,,
23,10,0,lognormal,10,3967.4474507785035,"[1.7555621778241368, -0.2828775415740484]",,,,
23,10,0,compoundgamma,10,3969.696069164985,"[9.210340371976184, 0.7313816269479596, -6.503228570802842]",,3.077949576426765,,
23,10,0,logskewnormal,10,3969.8891893016494,"[1.11102063823486, -0.08132354257762084, 2.911431614752712]",,,,
23,10,0,gig,10,3969.6968947923,"[-3.078021738911797, -13.649962059397804, 17.050197096911734]",,,-3.078021738911797,1.1800401915893582e-06
23,10,1,poisson,10,531.8302112783146,[1.468986076965004],,,,
23,10,1,gamma,10,595.6899172238309,"[2.0630234827474885, 0.715832099484429]",,,,
23,10,1,gammamix,10,601.3203695252789,"[-0.4360992628876491, 6.907755278982137, 5.065675217795958, 5.915235606384504, 3.3214389245850433]",2.0,,,
23,10,1,lognormal,10,595.889776812479,"[1.2818006611627424, -1.034177324819924]",,,,
23,10,1,compoundgamma,10,596.0365400282814,"[9.210340371976184, 2.0274989475831413, -5.836770546493837]",,8.595066923906252,,
23,10,1,logskewnormal,10,595.8897768126825,"[1.2818008466678055, -1.0341825347588658, 1.928285295542669e-06]",,,,
23,10,1,gig,10,596.0371345701581,"[-8.16776986936406, 0.8667921659860482, 3.1719547122939757]",,,-8.16776986936406,2.3792663074728173
23,10,2,poisson,10,34.244792964236694,[1.1469733603615309],,,,
23,10,2,gamma,10,34.71803077224433,"[3.8460263906508945, 2.7018601205003625]",,,,
23,10,2,gammamix,10,34.71803077224433,"[3.8460263906508945, 2.7018601205003625]",1.0,,,
23,10,2,lognormal,10,34.72896803643735,"[1.1332077383872967, -1.9080520982065583]",,,,
23,10,2,compoundgamma,10,34.736969340705286,"[9.210340371976184, 3.7982050505969656, -4.267810531739476]",,45.621020095921345,,
23,10,2,logskewnormal,10,34.7289680366461,"[1.1332065845198, -1.9080604741042622, 4.3524279077862835e-08]",,,,
23,10,2,gig,10,34.73703556225112,"[-45.43884354042514, -7.2852561853344024, 12.916842276452572]",,,-45.43884354042514,0.0006855725802137505
23,10,3,poisson,10,72.2194615737887,[1.160487692386197],,,,
23,10,3,gamma,10,90.52181136165342,"[2.1222227777295313, 0.9674497394435106]",,,,
23,10,3,gammamix,10,90.52181136165342,"[2.1222227777295313, 0.9674497394435106]",1.0,,,
23,10,3,lognormal,10,90.7536306259735,"[1.0932046345586288, -1.0687713847069042]",,,,
23,10,3,compoundgamma,10,90.90634259442056,"[9.210340371976184, 2.1156037771846785, -5.942136223191789]",,9.294592340150736,,
23,10,3,logskewnormal,10,90.75363062647347,"[1.0932072868279044, -1.0687667664185365, 7.818822181519837e-07]",,,,
23,10,3,gig,10,90.90660347221461,"[-9.287761124995459, -11.531840784631473, 15.492401207209303]",,,-9.287761124995459,9.812624523615802e-06
23,20,0,poisson,20,3206.372439815989,[1.6175601771602446],,,,
23,20,0,gamma,20,4860.233508454303,"[0.49740522027426004, -1.4112897821045527]",,,,
23,20,0,gammamix,20,4860.233508454303,"[0.49740522027426004, -1.4112897821045527]",1.0,,,
23,20,0,lognormal,20,4867.218760352632,"[1.5735768035426514, -0.49854740170925166]",,,,
23,20,0,compoundgamma,20,4871.389547134304,"[9.210340371976184, 1.2441746983898443, -6.255660486527305]",,4.470069763077106,,
23,20,0,logskewnormal,20,4872.680141175106,"[1.0188353695805212, -0.2384296682758118, 4.820957411293104]",,,,
23,20,0,gig,20,4871.3915410374175,"[-4.469911546723911, -13.53540715342467, 17.183144334827833]",,,-4.469911546723911,1.3232666370405444e-06
23,20,1,poisson,20,495.15625093911893,[1.347722086333651],,,,
23,20,1,gamma,20,583.6003725139719,"[2.282520811050449, 1.0804127927646912]",,,,
23,20,1,gammamix,20,591.9353259182351,"[-1.4345391345740437, 6.907755278982137, 5.056849028862344, 5.9187841052331285, 3.3111570337493377]",2.0,,,
23,20,1,lognormal,20,584.3988196402897,"[1.148037671445612, -1.1683059091773842]",,,,
23,20,1,compoundgamma,20,585.0342224899057,"[9.210340371976184, 2.358861895505431, -5.658350880143411]",,11.57890469951615,,
23,20,1,logskewnormal,20,584.3988196401643,"[1.1480394421204156, -1.1683030563864294, -2.938153161027404e-06]",,,,
23,20,1,gig,20,585.0355256434564,"[-11.569955024973716, -11.379965727627102, 15.624246227027141]",,,-11.569955024973716,1.1422040092369754e-05
23,20,2,poisson,20,979.8847959618697,[1.4591775051367712],,,,
23,20,2,gamma,20,1202.7348631044406,"[1.918546748856712, 0.588417241282359]",,,,
23,20,2,gammamix,20,1208.0789701840297,"[-0.7621698591669528, 6.907755278982137, 2.286079780988872, 5.863023612846148, 0.5526009461156696]",2.0,,,
23,20,2,lognormal,20,1203.7916601120546,"[1.2532086221712815, -0.9922168043733984]",,,,
23,20,2,compoundgamma,20,1204.5689636206564,"[9.210340371976184, 2.003001206131424, -5.888562070569514]",,8.411265490210404,,
23,20,2,logskewnormal,20,1203.7916601120546,"[1.2532086221712815, -0.9922168043733984, 0.0]",,,,
23,20,2,gig,20,1204.5700372364686,"[-8.403382676396848, -11.349162575434235, 15.363056598618725]",,,-8.403382676396848,1.1779349812675663e-05
23,20,3,poisson,20,123.28597276853255,[1.1675081151746365],,,,
23,20,3,gamma,20,140.02453807574435,"[2.6208824118265657, 1.4514490612833364]",,,,
23,20,3,gammamix,20,140.02453807574435,"[2.6208824118265657, 1.4514490612833364]",1.0,,,
23,20,3,lognormal,20,140.3168952905631,"[1.1319702969693284, -1.3175367008320742]",,,,
23,20,3,compoundgamma,20,140.51412886278348,"[9.210340371976184, 2.6369138183363736, -5.406147948558834]",,14.970022981611923,,
23,20,3,logskewnormal,20,140.3168952905631,"[1.1319702969693284, -1.3175367008320742, 0.0]",,,,
23,20,3,gig,20,140.51462590272232,"[-14.951699875154898, -10.37871610911074, 14.874741357653248]",,,-14.951699875154898,3.108714683942617e-05
23,40,0,poisson,40,16798.246537748564,[1.5718552012850575],,,,
23,40,0,gamma,40,23302.66764273931,"[0.7031166817738503, -1.2531711796765257]",,,,
23,40,0,gammamix,40,23318.912869058273,"[-1.2360950527017032, 2.5540566723860785, 0.6996867539583866, 1.0661260274707673, -2.0821696164608166]",2.0,,,
23,40,0,lognormal,40,23311.35386402071,"[1.6875986796159772, -0.4879330373064771]",,,,
23,40,0,compoundgamma,40,23316.31050972712,"[9.210340371976184, 1.0072516791102208, -6.344483870941469]",,3.738065582029388,,
23,40,0,logskewnormal,40,23320.431893290443,"[1.0225813842724234, -0.12394452024370298, 8.334566163429747]",,,,
23,40,0,gig,40,23316.31284575057,"[-3.7368759534537404, -12.639680783952727, 16.198296603067732]",,,-3.7368759534537404,3.2408309857778715e-06
23,40,1,poisson,40,885.4679827140109,[1.3316359485820266],,,,
23,40,1,gamma,40,1024.5358398689648,"[2.3637341117529074, 1.1610147977208682]",,,,
23,40,1,gammamix,40,1037.7817179762408,"[-1.3881050914701114, 6.907755278982137, 4.6148427104132175, 5.90211959806331, 2.919935959142791]",2.0,,,
23,40,1,lognormal,40,1025.8521195364467,"[1.1533219868591231, -1.2052417723724715]",,,,
23,40,1,compoundgamma,40,1026.8701794708,"[9.210340371976184, 2.4287953886181985, -5.585734040147454]",,12.345207279427166,,
23,40,1,logskewnormal,40,1028.808022792159,"[0.8300781427430812, -0.856524692240271, 3.4900107032972127]",,,,
23,40,1,gig,40,1026.8723908898903,"[-12.334440736904309, -11.433959509605, 15.750756603898596]",,,-12.334440736904309,1.0821674794465722e-05
23,40,2,poisson,40,1655.857074544158,[1.518752216335889],,,,
23,40,2,gamma,40,2094.2707286638606,"[1.2008560739848915, -0.2191689101033482]",,,,
23,40,2,gammamix,40,2102.162140977715,"[-0.19752481804852917, 6.907755278982137, 1.0409824114295982, 5.861407240489589, -0.7022940782867986]",2.0,,,
23,40,2,lognormal,40,2097.278806121253,"[1.2642004570104957, -0.640217718143843]",,,,
23,40,2,compoundgamma,40,2099.04718877725,"[9.210340371976184, 1.2514763080910045, -6.554502691754018]",,4.495499584458836,,
23,40,2,logskewnormal,40,2099.7793484269228,"[0.7317854513070523, -0.31803701326944406, 2.7107546641739337]",,,,
23,40,2,gig,40,2099.048246343233,"[-4.494394242314833, -12.238015957230363, 15.586681470918359]",,,-4.494394242314833,4.842807433134494e-06
23,40,3,poisson,40,575.848818823735,[1.168672764740403],,,,
23,40,3,gamma,40,620.3540559561166,"[2.6734682908128145, 1.469734302784722]",,,,
23,40,3,gammamix,40,620.3540559561166,"[2.6734682908128145, 1.469734302784722]",1.0,,,
23,40,3,lognormal,40,620.3491734959032,"[1.1716044655779942, -1.3512753485700404]",,,,
23,40,3,compoundgamma,40,620.363860397573,"[2.9192419872959823, 4.253344238491753, 2.538329253847425]",,71.34025402956446,,
23,40,3,logskewnormal,40,620.3491734959036,"[1.1716045069607912, -1.3512753238965745, 8.54886531116699e-09]",,,,
23,40,3,gig,40,620.3629725840126,"[6.845797080949419, 2.527608618239642, 0.6638535254856794]",,,6.845797080949419,12.523521777378724
23,100,0,poisson,100,35008.884172135135,[1.6967496750414988],,,,
23,100,0,gamma,100,48287.973524607885,"[0.8457372891283198, -0.9405429804708785]",,,,
23,100,0,gammamix,100,48328.52323097862,"[0.8108171377425674, -0.6448400398644238, 6.907755278982137, 2.37409520165559, 0.8117316684312544, 5.844613786478854, 0.7811788544021028, -1.9722249124205633]",3.0,,,
23,100,0,lognormal,100,48307.13842228175,"[1.5557424625432186, -0.5462148959230075]",,,,
23,100,0,compoundgamma,100,48317.436806247664,"[9.210340371976184, 1.1082667747197943, -6.390218794223579]",,4.029103722837512,,
23,100,0,logskewnormal,100,48325.370018580754,"[0.9025469875131935, -0.14846567874348085, 10.109266333560779]",,,,
23,100,0,gig,100,48317.441883586995,"[-4.028739415473883, -12.648330086394775, 16.16143863618347]",,,-4.028739415473883,3.212920933656011e-06
23,100,1,poisson,100,8379.39000923662,[1.6273407209131256],,,,
23,100,1,gamma,100,9081.871138775368,"[2.347742969286165, 0.9986560364791041]",,,,
23,100,1,gammamix,100,9096.127523137013,"[-0.530559878904153, 6.65332486675774, 3.8480872735256986, 5.584512881686838, 2.173646218764265]",2.0,,,
23,100,1,lognormal,100,9083.249762159936,"[1.2997285627744106, -1.1778918863100394]",,,,
23,100,1,compoundgamma,100,9084.039435461038,"[9.210340371976184, 2.332880394650653, -5.530382783795514]",,11.307588738182732,,
23,100,1,logskewnormal,100,9086.363974293146,"[0.9232947824424479, -0.7436021035720443, 4.506046539078519]",,,,
23,100,1,gig,100,9084.043039350081,"[-10.711561504605058, 1.1823492633093766, 3.1609535266424156]",,,-10.711561504605058,3.2620285723437625
23,100,2,poisson,100,2531.2406815863337,[1.4261347948798542],,,,
23,100,2,gamma,100,3225.8115614539834,"[1.4651423417819165, 0.10157343576878719]",,,,
23,100,2,gammamix,100,3256.38298768348,"[-2.2289011771784453, 3.1523483577433757, 2.883974534672673, 1.9863312473177928, 0.533618025598211]",2.0,,,
23,100,2,lognormal,100,3235.134825247788,"[1.2444044618254233, -0.7985597305119547]",,,,
23,100,2,compoundgamma,100,3241.111986468029,"[9.210340371976184, 1.647481018646537, -6.222816087976133]",,6.193880048063788,,
23,100,2,logskewnormal,100,3245.011207335159,"[0.778700747301595, -0.45758739513608737, 4.550573391392864]",,,,
23,100,2,gig,100,3241.1168436377548,"[-6.191999073490324, -13.319821357404225, 17.00012002276503]",,,-6.191999073490324,1.6416292610678946e-06
23,100,3,poisson,100,1398.4218295790442,[1.1705184525763985],,,,
23,100,3,gamma,100,1474.3162683039943,"[3.0466237238390494, 1.8433841136298958]",,,,
23,100,3,gammamix,100,1474.3162683039943,"[3.0466237238390494, 1.8433841136298958]",1.0,,,
23,100,3,lognormal,100,1474.867047573375,"[1.1801599484339673, -1.533338791699915]",,,,
23,100,3,compoundgamma,100,1475.2379154062644,"[9.210340371976184, 3.0835193253343784, -4.922904980608796]",,22.835112197183566,,
23,100,3,logskewnormal,100,1474.867047573375,"[1.1801599484339673, -1.533338791699915, 0.0]",,,,
23,100,3,gig,100,1475.239293515656,"[-22.790365444582044, -9.772228703618318, 14.750762169723012]",,,-22.790365444582044,5.7013144946615614e-05
23,400,0,poisson,400,924007.954473821,[2.534560452647959],,,,
23,400,0,gamma,400,2098021.408907814,"[-0.35050700147439035, -2.7472367615375726]",,,,
23,400,0,gammamix,400,2098496.971445752,"[-0.29560574182027155, -1.4817649504973829, -4.6146029755889995, 4.139077365647592, 2.371579709621228, 1.0983418747008857, 2.477311202398158, 2.9722523547153936, 0.6528031069758244, -1.671705853536459, -4.511994867560815]",4.0,,,
23,400,0,lognormal,400,2098332.865349312,"[1.5400740229630008, -0.39226602951703626]",,,,
23,400,0,compoundgamma,400,2098415.4083341355,"[9.165819194010409, 0.986936412147751, -6.46240473009078]",,3.683002255610488,,
23,400,0,logskewnormal,400,2098448.393128134,"[0.8973294349209686, -0.0752326472343494, 26.571292936072442]",,,,
23,400,0,gig,400,2098415.435605251,"[-3.681125541137844, -12.71941646260707, 16.115371602003528]",,,-3.681125541137844,2.992454924034328e-06
23,400,1,poisson,356,20918.929738095518,[1.3484571775206222],,,,
23,400,1,gamma,356,23477.26340575339,"[2.4400893707107656, 1.124438571209448]",,,,
23,400,1,gammamix,356,23500.10523857407,"[0.21141715637615, 5.831565914878435, 2.4885305395381683, 4.754019751615201, 1.0211342427392172]",2.0,,,
23,400,1,lognormal,356,23482.662389572157,"[1.2708377713873469, -1.2277805011478478]",,,,
23,400,1,compoundgamma,356,23485.812279809743,"[9.210340371976184, 2.4472588273375013, -5.449757725413335]",,12.556624557817349,,
23,400,1,logskewnormal,356,23490.681575994393,"[0.9233750310372411, -0.8069415006828881, 4.068684547679011]",,,,
23,400,1,gig,356,23485.81839790249,"[-12.543417993092035, -10.229544330783408, 14.682134567946058]",,,-12.543417993092035,3.608821028808701e-05
23,400,2,poisson,400,7937.837818871883,[1.3829708987731888],,,,
23,400,2,gamma,400,10108.758669834746,"[1.5596366236735064, 0.18456411794064517]",,,,
23,400,2,gammamix,400,10227.878678072406,"[-1.7985356205246985, 3.527617342650832, 1.7413414373882503, 2.3636939641398387, -0.40707238241153115]",2.0,,,
23,400,2,lognormal,400,10148.266588701077,"[1.2663223304278097, -0.8504681709938288]",,,,
23,400,2,compoundgamma,400,10173.6627997348,"[9.210340371976184, 1.7590305396493524, -6.099856525537634]",,6.806805197345081,,
23,400,2,logskewnormal,400,10197.049514349434,"[0.8101571926130425, -0.48653951895887276, 10.723788765257545]",,,,
23,400,2,gig,400,10173.68602025041,"[-6.804532747312775, -13.265565972489938, 17.068792999655034]",,,-6.804532747312775,1.7331569731347158e-06
23,400,3,poisson,400,10590.923335899257,[1.1841515394334965],,,,
23,400,3,gamma,400,11099.850128852493,"[3.098694399432187, 1.8606065560706027]",,,,
23,400,3,gammamix,400,11112.136689983607,"[0.14913737495796742, 5.494644733953946, 2.9304740650633225, 4.389996753033927, 1.5928992528769628]",2.0,,,
23,400,3,lognormal,400,11104.657976443328,"[1.2155919819467134, -1.5577580238853466]",,,,
23,400,3,compoundgamma,400,11108.36082366508,"[9.210340371976184, 3.1325437490153423, -4.840131866860382]",,23.932239273030113,,
23,400,3,logskewnormal,400,11113.857494265798,"[0.9739022243497183, -1.1560727457485178, 4.38608478568241]",,,,
23,400,3,gig,400,11108.374495869051,"[-23.884885961444297, -9.759457458104421, 14.820744487660177]",,,-23.884885961444297,5.774594323144134e-05
24,10,0,poisson,10,3859.6826526661407,[1.8047711953015306],,,,
24,10,0,gamma,10,4643.553177065245,"[1.3743175544620165, -0.3253235723002082]",,,,
24,10,0,gammamix,10,4643.553177065245,"[1.3743175544620165, -0.3253235723002082]",1.0,,,
24,10,0,lognormal,10,4644.3527480118855,"[1.567818852129629, -0.7304774306613466]",,,,
24,10,0,compoundgamma,10,4644.824511326579,"[9.210340371976184, 1.42160363249152, -6.104368152859788]",,5.143760183441752,,
24,10,0,logskewnormal,10,4644.352748012336,"[1.5678193636797815, -0.7304843293856911, 1.9660110864104157e-07]",,,,
24,10,0,gig,10,4644.824847981532,"[-5.1421157221544105, -11.401294555872996, 15.200019303588137]",,,-5.1421157221544105,1.1181001039006184e-05
24,10,1,poisson,10,311.71095117292293,[1.5392923030673407],,,,
24,10,1,gamma,10,328.55788425356894,"[2.294518355234092, 0.8105177166450191]",,,,
24,10,1,gammamix,10,328.55788425356894,"[2.294518355234092, 0.8105177166450191]",1.0,,,
24,10,1,lognormal,10,328.8749486397514,"[1.4328198245444839, -1.1575304319181485]",,,,
24,10,1,compoundgamma,10,329.10687991834004,"[9.210340371976184, 2.3073918282444232, -5.420657480570035]",,11.048183061342243,,
24,10,1,logskewnormal,10,328.8749486397514,"[1.4328198245444839, -1.1575304319181485, 0.0]",,,,
24,10,1,gig,10,329.10731715485383,"[-11.039396894637928, -11.167638782285596, 15.649589613249868]",,,-11.039396894637928,1.4123947707576285e-05
24,10,2,poisson,10,42.056136920018645,[1.162378907027099],,,,
24,10,2,gamma,10,42.06352562458005,"[6.401394634270418, 5.240578302719676]",,,,
24,10,2,gammamix,10,42.06352562458005,"[6.401394634270418, 5.240578302719676]",1.0,,,
24,10,2,lognormal,10,42.06391345910018,"[1.1598621357613779, -3.176203462725921]",,,,
24,10,2,compoundgamma,10,42.063876494072076,"[6.96418100843511, 7.1457637047230556, 1.3423413034816167]",,1269.7198826849053,,
24,10,2,logskewnormal,10,42.06391345911332,"[1.1598618097489033, -3.1762034901233456, -1.0858420161771569e-08]",,,,
24,10,2,gig,10,42.06433005822214,"[-547.7044434387135, -10.692894572356362, 18.8505956839591]",,,-547.7044434387135,2.270569980290611e-05
24,10,3,poisson,10,267.15754120394166,[1.3877467942002055],,,,
24,10,3,gamma,10,272.94515711030755,"[3.583089260268272, 2.201623041604281]",,,,
24,10,3,gammamix,10,272.94515711030755,"[3.583089260268272, 2.201623041604281]",1.0,,,
24,10,3,lognormal,10,273.01815332122214,"[1.3669338381153826, -1.7938022862819083]",,,,
24,10,3,compoundgamma,10,273.07818312894824,"[9.210340371976184, 3.591546806963382, -4.238525778971503]",,37.29016641682822,,
24,10,3,logskewnormal,10,273.0181533230738,"[1.3669351910465184, -1.7938219064365073, -6.497187329485856e-06]",,,,
24,10,3,gig,10,273.0786222596145,"[-37.165886684383004, -8.735097562185157, 14.39662657526514]",,,-37.165886684383004,0.00016084046864823986
24,20,0,poisson,20,5600.075874632054,[1.767133681456446],,,,
24,20,0,gamma,20,6603.701687546414,"[1.5286681254243875, -0.1874275310931436]",,,,
24,20,0,gammamix,20,6603.701687546414,"[1.5286681254243875, -0.1874275310931436]",1.0,,,
24,20,0,lognormal,20,6604.580221613536,"[1.602840169326299, -0.7766285081884262]",,,,
24,20,0,compoundgamma,20,6604.930907752634,"[9.210340371976184, 1.4578264795133011, -6.038169475464205]",,5.296610600818715,,
24,20,0,logskewnormal,20,6604.580221613596,"[1.602839152482266, -0.7766285655052498, -3.7317189706479934e-07]",,,,
24,20,0,gig,20,6604.932167912292,"[-5.056464984626353, 0.2651982385355906, 3.573409062388383]",,,-5.056464984626353,1.3036893916393952
24,20,1,poisson,20,355.8073376388541,[1.4225740352005394],,,,
24,20,1,gamma,20,381.90505669221045,"[2.355246972476437, 1.0011230385705892]",,,,
24,20,1,gammamix,20,381.90505669221045,"[2.355246972476437, 1.0011230385705892]",1.0,,,
24,20,1,lognormal,20,382.4878904148303,"[1.3059604951342378, -1.1932035835466843]",,,,
24,20,1,compoundgamma,20,382.9013642043579,"[9.210340371976184, 2.4001002255333757, -5.4588181293492255]",,12.024281239740466,,
24,20,1,logskewnormal,20,382.4878904148279,"[1.3059603773661341, -1.1932031456594372, 3.686273826541862e-07]",,,,
24,20,1,gig,20,382.90213511015367,"[-12.013712191619684, -11.12128325125564, 15.564991236850434]",,,-12.013712191619684,1.4794083046987613e-05
24,20,2,poisson,20,124.82348425265897,[1.1956480944399044],,,,
24,20,2,gamma,20,128.67691658442573,"[3.4866139848893205, 2.308231717573496]",,,,
24,20,2,gammamix,20,128.67691658442573,"[3.4866139848893205, 2.308231717573496]",1.0,,,
24,20,2,lognormal,20,128.91584306047972,"[1.161871853542018, -1.734828165126181]",,,,
24,20,2,compoundgamma,20,129.13072485264868,"[9.210340371976184, 3.465510561556262, -4.56811850647624]",,32.99278989260693,,
24,20,2,logskewnormal,20,128.91584306047903,"[1.1618718339127707, -1.734827803610254, 1.1677413414628734e-08]",,,,
24,20,2,gig,20,129.13199578199982,"[-32.903914106298515, -9.08984538571497, 14.422430306467417]",,,-32.903914106298515,0.00011280550851780515
24,20,3,poisson,20,474.3676515648777,[1.3946486285897484],,,,
24,20,3,gamma,20,492.6958999474774,"[3.0236554292243345, 1.668892856331576]",,,,
24,20,3,gammamix,20,492.6958999474774,"[3.0236554292243345, 1.668892856331576]",1.0,,,
24,20,3,lognormal,20,492.8462334736932,"[1.3308069333930588, -1.5258443230311676]",,,,
24,20,3,compoundgamma,20,492.9525906386268,"[9.210340371976184, 3.071907795661719, -4.783850881397964]",,22.583039451275546,,
24,20,3,logskewnormal,20,492.84623347376464,"[1.3308066598950479, -1.5258473792553255, 1.5072612810131667e-06]",,,,
24,20,3,gig,20,492.95302817420645,"[-22.542384506296813, -10.797724859461155, 15.915472675697126]",,,-22.542384506296813,2.0445967985030058e-05
24,40,0,poisson,40,36421.88103649936,[2.512222588187642],,,,
24,40,0,gamma,40,72377.61507776917,"[-0.602798026391575, -3.4575665098014037]",,,,
24,40,0,gammamix,40,72416.93940845787,"[-2.703765652217201, 1.44566284658282, -0.5152024147454687, -0.22091009471181414, -5.804679540268044]",2.0,,,
24,40,0,lognormal,40,72404.29568925283,"[1.7100449020272057, -0.09869873069397818]",,,,
24,40,0,compoundgamma,40,72415.01412437158,"[9.210340371976184, 0.3423561011318685, -6.8423475147417046]",,2.408261691817688,,
24,40,0,logskewnormal,40,72416.56961781056,"[0.862951058410769, 0.19252637437692016, 8.850856152881816]",,,,
24,40,0,gig,40,72415.01621136883,"[-2.4090127872099054, -13.477772643046452, 16.539234481748803]",,,-2.4090127872099054,1.4017730714475819e-06
24,40,1,poisson,40,952.0183445008927,[1.4084162782071614],,,,
24,40,1,gamma,40,996.2926988595761,"[2.7700531100823214, 1.3861022658949687]",,,,
24,40,1,gammamix,40,996.2926988595761,"[2.7700531100823214, 1.3861022658949687]",1.0,,,
24,40,1,lognormal,40,996.7185276887625,"[1.352261892943189, -1.3883625212571613]",,,,
24,40,1,compoundgamma,40,996.9650395106648,"[9.210340371976184, 2.776537870354952, -5.050457018808954]",,17.06331130041172,,
24,40,1,logskewnormal,40,996.7185276887623,"[1.3522618965123838, -1.3883625506545916, -1.695288320409279e-08]",,,,
24,40,1,gig,40,996.9655794989752,"[-17.037990628824478, -10.92232368151419, 15.77377607464147]",,,-17.037990628824478,1.8050743524978475e-05
24,40,2,poisson,40,365.56631522237274,[1.2490233754920794],,,,
24,40,2,gamma,40,371.06115219949305,"[3.716986879739993, 2.4891608000626895]",,,,
24,40,2,gammamix,40,371.06115219949305,"[3.716986879739993, 2.4891608000626895]",1.0,,,
24,40,2,lognormal,40,371.2184897865844,"[1.2153305565040233, -1.8563072402484064]",,,,
24,40,2,compoundgamma,40,371.34891608620194,"[9.210340371976184, 3.7179508039763447, -4.2649563780328075]",,42.1799218559467,,
24,40,2,logskewnormal,40,371.21848978658886,"[1.2153304483445, -1.8563072464247556, -1.3484064924982267e-08]",,,,
24,40,2,gig,40,371.3498969880227,"[-42.02090537216857, -8.922521996586063, 14.557185689361907]",,,-42.02090537216857,0.0001333515082970675
24,40,3,poisson,40,650.1541514909298,[1.303810351163986],,,,
24,40,3,gamma,40,677.3370817325233,"[3.154857881544184, 1.8790370449659382]",,,,
24,40,3,gammamix,40,677.3370817325233,"[3.154857881544184, 1.8790370449659382]",1.0,,,
24,40,3,lognormal,40,677.6822330895659,"[1.2546018372782335, -1.5932093139133439]",,,,
24,40,3,compoundgamma,40,677.936878590695,"[9.210340371976184, 3.2154888574684146, -4.719792913299058]",,25.915469047603757,,
24,40,3,logskewnormal,40,677.6822330895636,"[1.254601870343797, -1.5932097109351175, -9.904966004743966e-08]",,,,
24,40,3,gig,40,677.9379545874887,"[-25.859668685732103, -10.759209720792349, 15.940662202387712]",,,-25.859668685732103,2.1248808796670534e-05
24,100,0,poisson,100,45122.68728812235,[1.7528352651637944],,,,
24,100,0,gamma,100,95556.5166778555,"[-0.21999860420148498, -2.5639491842954465]",,,,
24,100,0,gammamix,100,95637.54432100161,"[-1.4912126368377245, 2.403537620811735, -0.46309020201838536, 0.9874211027613365, -4.108748355134599]",2.0,,,
24,100,0,lognormal,100,95617.63847270964,"[1.6052254843343263, -0.3117574023514377]",,,,
24,100,0,compoundgamma,100,95638.41254493372,"[9.21020619903673, 0.7801879026506073, -6.611431151963003]",,3.1818822084325906,,
24,100,0,logskewnormal,100,95646.54904761765,"[0.8987198801333952, 0.005848075731891208, 15.328283319777274]",,,,
24,100,0,gig,100,95638.41846750586,"[-3.1817530272516854, -13.797187455855628, 17.089007754858045]",,,-3.1817530272516854,1.018492000145683e-06
24,100,1,poisson,100,6197.09164377367,[1.504443764246941],,,,
24,100,1,gamma,100,6918.0918554158225,"[2.3619864340873433, 1.0130234622151773]",,,,
24,100,1,gammamix,100,6918.0918554158225,"[2.3619864340873433, 1.0130234622151773]",1.0,,,
24,100,1,lognormal,100,6919.466481658042,"[1.3016236023772783, -1.192793179937912]",,,,
24,100,1,compoundgamma,100,6920.009369210148,"[9.210340371976184, 2.384274420643245, -5.477944384405777]",,11.851186410986323,,
24,100,1,logskewnormal,100,6919.466481660611,"[1.301624891456078, -1.1928002479275894, -8.123907166002055e-07]",,,,
24,100,1,gig,100,6920.009846493633,"[-11.839396201437884, -11.135013920617993, 15.559463775397337]",,,-11.839396201437884,1.459233859690513e-05
24,100,2,poisson,100,1201.7991608030216,[1.3091047224287606],,,,
24,100,2,gamma,100,1304.1330326297868,"[2.5289832735285662, 1.2309677907780032]",,,,
24,100,2,gammamix,100,1324.4776133522482,"[-1.9806510387226148, 4.460756504120339, 1.8925704219197101, 3.251556269868784, 0.0853177477847149]",2.0,,,
24,100,2,lognormal,100,1310.0810353643376,"[1.256979323177573, -1.306085852119425]",,,,
24,100,2,compoundgamma,100,1314.3883321022204,"[9.210340371976184, 2.683097883178389, -5.236087918277133]",,15.630346269078949,,
24,100,2,logskewnormal,100,1319.0626129129116,"[0.9692479163309193, -0.9528390855129368, 4.7849396503547155]",,,,
24,100,2,gig,100,1314.3977687250504,"[-15.61589782807854, -10.542614585920791, 15.209017882905249]",,,-15.61589782807854,2.638764668506459e-05
24,100,3,poisson,100,2186.912526238638,[1.2261777356746961],,,,
24,100,3,gamma,100,2296.191884658267,"[3.134467935657284, 1.8965737875292012]",,,,
24,100,3,gammamix,100,2296.191884658267,"[3.134467935657284, 1.8965737875292012]",1.0,,,
24,100,3,lognormal,100,2297.1505504852976,"[1.2157247295069864, -1.5754207239498217]",,,,
24,100,3,compoundgamma,100,2297.854011579076,"[9.210340371976184, 3.16246007024348, -4.8111852429196995]",,24.628652633239838,,
24,100,3,logskewnormal,100,2298.823611154798,"[1.0033000837753088, -1.2371846496308307, 2.2653972598351375]",,,,
24,100,3,gig,100,2297.856963466359,"[-24.57654689604293, -10.730810978359635, 15.820903549333329]",,,-24.57654689604293,2.1860898395738042e-05
24,400,0,poisson,400,308593.6768231352,[1.939176504959645],,,,
24,400,0,gamma,400,464847.01416353096,"[0.40454749312954696, -1.4899851479893185]",,,,
24,400,0,gammamix,400,465147.14915110834,"[0.42544751139232173, -0.5542280186485458, -3.6224754255900953, 6.449461220520561, 2.778839030328592, 1.1880526979445876, -0.36564157158138433, 5.359810787425134, 1.2600415684632886, -1.2422605100806785, -5.446947061714411]",4.0,,,
24,400,0,lognormal,400,465021.84874628944,"[1.5252599312079538, -0.5365451865514461]",,,,
24,400,0,compoundgamma,400,465078.99548753776,"[9.210340371976184, 1.1852350899215967, -6.35394974417623]",,4.271455817362428,,
24,400,0,logskewnormal,400,465119.6840083045,"[0.9288369281200969, -0.18596637162307625, 23.522777933907996]",,,,
24,400,0,gig,400,465079.0210519452,"[-4.2708413190455214, -13.607270907504535, 17.156599046115687]",,,-4.2708413190455214,1.2315082657095396e-06
24,400,1,poisson,356,18012.25269964165,[1.314141628582121],,,,
24,400,1,gamma,356,20436.841717733936,"[2.363701635166249, 1.0494347563318973]",,,,
24,400,1,gammamix,356,20450.499004859383,"[0.7208367983317336, 6.907755278982137, 2.446872262353674, 5.875923351863916, 1.022306377561784]",2.0,,,
24,400,1,lognormal,356,20441.099877410175,"[1.2663149207666056, -1.1885692540357033]",,,,
24,400,1,compoundgamma,356,20442.86115002926,"[9.210340371976184, 2.3641384387635243, -5.5333174724513965]",,11.634872275600907,,
24,400,1,logskewnormal,356,20443.684877459888,"[0.9517050881078545, -0.8402270083854158, 2.193047677290111]",,,,
24,400,1,gig,356,20442.867033726834,"[-11.132970159422662, 1.106716935353833, 3.238763485857769]",,,-11.132970159422662,3.024412734722282
24,400,2,poisson,400,7156.067645290494,[1.318259623984456],,,,
24,400,2,gamma,400,9378.47247521955,"[1.9363905896936724, 0.6472266688263425]",,,,
24,400,2,gammamix,400,9476.826006766543,"[-1.836264554015525, 3.7362796983406277, 1.3664337494311503, 2.5804619766119523, -0.5147708189355191]",2.0,,,
24,400,2,lognormal,400,9414.783713680856,"[1.2157003908981716, -1.0484930542519872]",,,,
24,400,2,compoundgamma,400,9437.503346637503,"[9.210340371976184, 2.1886993941264654, -5.7494132099205695]",,9.923599478059613,,
24,400,2,logskewnormal,400,9457.98121179485,"[0.8443369584186542, -0.6927705699697955, 10.201032133523622]",,,,
24,400,2,gig,400,9437.532352053897,"[-9.91847144365738, -11.842412780480494, 15.995901199024557]",,,-9.91847144365738,7.192924089784005e-06
24,400,3,poisson,400,6886.4367902368085,[1.190033577742613],,,,
24,400,3,gamma,400,7352.493005866535,"[3.073417022356407, 1.840151182907374]",,,,
24,400,3,gammamix,400,7366.673697843828,"[-0.49689957922565114, 4.611207991653938, 2.6589805183282142, 3.4715354375890843, 1.2949009621807424]",2.0,,,
24,400,3,lognormal,400,7357.282415149013,"[1.2099021269984858, -1.543440030004693]",,,,
24,400,3,compoundgamma,400,7360.960020645122,"[9.210340371976184, 3.100754197020974, -4.877185533365739]",,23.214699225000523,,
24,400,3,logskewnormal,400,7365.680744408011,"[0.9709971304102925, -1.1562324969531965, 3.4257676949717415]",,,,
24,400,3,gig,400,7360.9731523088785,"[-23.169821960049074, -10.76600807412293, 15.790285492173934]",,,-23.169821960049074,2.1104841810321107e-05
25,10,0,poisson,10,19302.35953485736,[2.1820907302870576],,,,
25,10,0,gamma,10,22781.66975706994,"[1.1233201005565654, -0.6746007255191474]",,,,
25,10,0,gammamix,10,22785.546032898168,"[0.42266281436693165, 6.907755278982137, 1.4320686117648849, 5.810310234514613, -0.6364754585377008]",2.0,,,
25,10,0,lognormal,10,22782.500933319832,"[1.6247637076515513, -0.5909616799121382]",,,,
25,10,0,compoundgamma,10,22783.078431817754,"[8.645788724807753, 1.0920540549763322, -5.771949013734758]",,3.980389673763113,,
25,10,0,logskewnormal,10,22782.500933319898,"[1.624761943115004, -0.5909620933778028, -7.79685257990442e-07]",,,,
25,10,0,gig,10,22783.079168874076,"[-3.9899396945914036, -10.189717485939482, 13.759156042752206]",,,-3.9899396945914036,3.7554494771732855e-05
25,10,1,poisson,10,11.908186142589798,[1.0216512475319812],,,,
25,10,1,gamma,10,11.908162657171488,"[13.815510557964274, 12.79385568699512]",,,,
25,10,1,gammamix,10,11.908162657171488,"[13.815510557964274, 12.79385568699512]",1.0,,,
25,10,1,lognormal,10,11.90818500933603,"[1.021649475875577, -8.424042593523957]",,,,
25,10,1,compoundgamma,10,11.903501789783043,"[9.209938022622937, 9.21024036697585, 1.0228167956334053]",,10000.0,,
25,10,1,logskewnormal,10,11.90818501062256,"[1.0216514359840205, -8.424145150795155, -7.271947518629704e-08]",,,,
25,10,1,gig,10,11.907951248897007,"[-5.2851459493683395, 11.51292534899944, 1.0217428331342957]",,,-5.2851459493683395,99999.98840292184
25,10,2,poisson,10,175.80907493512203,[1.466337068793427],,,,
25,10,2,gamma,10,229.35457403297553,"[1.3719300053181596, -0.052076539013394256]",,,,
25,10,2,gammamix,10,234.25722629597374,"[-1.1744410556683844, 6.907755278982137, 1.646427302410139, 5.8247055574555135, -0.4267789928547551]",2.0,,,
25,10,2,lognormal,10,230.46069049674014,"[1.2893028741015653, -0.7531582043223028]",,,,
25,10,2,compoundgamma,10,231.26953126955266,"[9.210340371976184, 1.5522306505341197, -6.2674591655569545]",,5.721991556461459,,
25,10,2,logskewnormal,10,230.4606904968553,"[1.2893049945475035, -0.7531589419499037, 7.966633051658693e-07]",,,,
25,10,2,gig,10,231.27023061376156,"[-5.720824358617339, -15.335761021048093, 18.97151962094959]",,,-5.720824358617339,2.186571145580586e-07
25,10,3,poisson,10,427.70646614512816,[1.421385680931161],,,,
25,10,3,gamma,10,474.90979974169545,"[2.4034679972576445, 1.0460554464974747]",,,,
25,10,3,gammamix,10,474.90979974169545,"[2.4034679972576445, 1.0460554464974747]",1.0,,,
25,10,3,lognormal,10,475.09717817202977,"[1.310811575043027, -1.2175676029885665]",,,,
25,10,3,compoundgamma,10,475.21490917922034,"[9.210340371976184, 2.439872076663437, -5.416743267516903]",,12.47157316701309,,
25,10,3,logskewnormal,10,475.0971781720362,"[1.3108112214967669, -1.2175676235526447, -8.348403231722511e-08]",,,,
25,10,3,gig,10,475.2151511241508,"[-12.459125778337235, -10.193990222239055, 14.679646752683377]",,,-12.459125778337235,3.7394376633596735e-05
25,20,0,poisson,20,22022.28797276931,[2.1456218057935446],,,,
25,20,0,gamma,20,27423.390723356904,"[0.25670053109463564, -2.1308609246772785]",,,,
25,20,0,gammamix,20,27427.98232905745,"[-1.3642906072820447, 1.3574219913417613, 1.5155151997745264, -0.37891775663360516, -1.9295387269107234]",2.0,,,
25,20,0,lognormal,20,27426.16127601443,"[1.9528951237697711, -0.1423624503639893]",,,,
25,20,0,compoundgamma,20,27427.554010436586,"[9.210340371976184, -0.17753605602735428, -6.945307388890857]",,1.83733080796895,,
25,20,0,logskewnormal,20,27426.16127601499,"[1.9528988744369773, -0.14235987372901165, 2.5955019894720844e-06]",,,,
25,20,0,gig,20,27427.566719994884,"[-1.7335939127028417, -1.0961295882051743, 4.014655148200148]",,,-1.7335939127028417,0.33416192830526414
25,20,1,poisson,20,153.3143394349966,[1.142221094095544],,,,
25,20,1,gamma,20,161.92466434905697,"[3.551602299432089, 2.3943976307879002]",,,,
25,20,1,gammamix,20,161.92466434905697,"[3.551602299432089, 2.3943976307879002]",1.0,,,
25,20,1,lognormal,20,162.02342720578994,"[1.142747025278348, -1.7673270139533488]",,,,
25,20,1,compoundgamma,20,162.10540311838687,"[9.210340371976184, 3.5188337912777587, -4.53401653362161]",,34.74505173390487,,
25,20,1,logskewnormal,20,162.0234272057994,"[1.1427471141809207, -1.7673258575590176, 2.4235287579896875e-08]",,,,
25,20,1,gig,20,162.10597427886643,"[-34.63324867408284, -8.95999645325838, 14.326147027084536]",,,-34.63324867408284,0.00012844670930086977
25,20,2,poisson,20,320.4689755733581,[1.3713429612669272],,,,
25,20,2,gamma,20,394.37338669403596,"[1.6588203524253673, 0.24147439019257994]",,,,
25,20,2,gammamix,20,400.63162059221594,"[-1.1098049069193292, 4.654609575189894, 2.00549048267737, 3.5252374884397755, 0.027259290328504986]",2.0,,,
25,20,2,lognormal,20,395.9968582016792,"[1.3175586621148971, -0.8771586876979728]",,,,
25,20,2,compoundgamma,20,397.16332866932703,"[9.210340371976184, 1.7785564023975968, -6.032657875777734]",,6.921302267943908,,
25,20,2,logskewnormal,20,397.94175123323606,"[0.8983666423367167, -0.5699341046245868, 2.6869387989367]",,,,
25,20,2,gig,20,397.1645848269984,"[-6.918783365629086, -15.222860380844516, 19.093250784185745]",,,-6.918783365629086,2.447911642169824e-07
25,20,3,poisson,20,468.7560920296849,[1.3324511290990675],,,,
25,20,3,gamma,20,524.7349923777967,"[2.678222575874373, 1.4266598924728473]",,,,
25,20,3,gammamix,20,524.7349923777967,"[2.678222575874373, 1.4266598924728473]",1.0,,,
25,20,3,lognormal,20,525.335591528113,"[1.2157446567612453, -1.370259529100668]",,,,
25,20,3,compoundgamma,20,525.7818122083869,"[9.210340371976184, 2.783248400757946, -5.18110574176022]",,17.171467124874642,,
25,20,3,logskewnormal,20,525.3355915281116,"[1.2157446183404852, -1.3702588884522933, -4.334464562386349e-08]",,,,
25,20,3,gig,20,525.7830385278437,"[-17.15025429133533, -10.952773694680126, 15.673836423943351]",,,-17.15025429133533,1.7509382205330547e-05
25,40,0,poisson,40,22312.98395873939,[1.8040135470863141],,,,
25,40,0,gamma,40,30065.00087538786,"[0.44225205588302985, -1.5812231578980998]",,,,
25,40,0,gammamix,40,30088.90227621046,"[0.43196698594465255, -1.015046711042822, 6.907755278982137, 1.7996465290843524, 1.101267915626656, 5.775159731229473, 0.05439788853352108, -2.214256906588742]",3.0,,,
25,40,0,lognormal,40,30073.63483801864,"[1.667680504984069, -0.33213331388584927]",,,,
25,40,0,compoundgamma,40,30078.780789065353,"[9.210340371976184, 0.611999683014704, -6.683918220636947]",,2.844115360339588,,
25,40,0,logskewnormal,40,30082.497377441367,"[0.9236458294517957, 0.009224931836630174, 7.110380320204922]",,,,
25,40,0,gig,40,30078.782693063367,"[-2.843717846700807, -12.953561726431785, 16.172999533394417]",,,-2.843717846700807,2.367770586275019e-06
25,40,1,poisson,40,651.9805894241917,[1.2648174611796066],,,,
25,40,1,gamma,40,730.306379055279,"[2.557104846640875, 1.3216399216629535]",,,,
25,40,1,gammamix,40,730.306379055279,"[2.557104846640875, 1.3216399216629535]",1.0,,,
25,40,1,lognormal,40,730.4534787569178,"[1.1963166296577523, -1.2753137186358556]",,,,
25,40,1,compoundgamma,40,730.4583994813993,"[3.8130449946702165, 2.872678282320845, 0.29514788016978205]",,18.684318427281355,,
25,40,1,logskewnormal,40,730.4534787569178,"[1.1963166296577523, -1.2753137186358556, 0.0]",,,,
25,40,1,gig,40,730.4762757846854,"[-5.002485226598382, 2.448730457149401, 1.6015631194991595]",,,-5.002485226598382,11.573644151240494
25,40,2,poisson,40,604.845591888891,[1.0688028201443398],,,,
25,40,2,gamma,40,743.2334081123347,"[2.0161927163751416, 0.6866712973211936]",,,,
25,40,2,gammamix,40,751.4054090149582,"[-0.41484346907144976, 6.907755278982137, 1.944702313991444, 5.868575397085212, 0.3257777068704466]",2.0,,,
25,40,2,lognormal,40,745.9336222999202,"[1.2602670485063037, -1.0516387292718812]",,,,
25,40,2,compoundgamma,40,747.8175153968962,"[9.210340371976184, 2.144323689935125, -5.748574022150613]",,9.536266121935181,,
25,40,2,logskewnormal,40,749.6130996073554,"[0.8888111772165709, -0.7045547387699674, 3.568385327549854]",,,,
25,40,2,gig,40,747.8201400281732,"[-9.530870576874792, -15.083082790330545, 19.237352491316727]",,,-9.530870576874792,2.8151424398903106e-07
25,40,3,poisson,40,573.8184059229974,[1.1761259686688144],,,,
25,40,3,gamma,40,705.2777281212741,"[2.840634394341381, 1.6079195575770076]",,,,
25,40,3,gammamix,40,705.2777281212741,"[2.840634394341381, 1.6079195575770076]",1.0,,,
25,40,3,lognormal,40,706.3334929646827,"[1.2015274999400616, -1.4460938498324374]",,,,
25,40,3,compoundgamma,40,707.1186127110466,"[9.210340371976184, 2.926841286055907, -5.056630440919711]",,19.668568598012058,,
25,40,3,logskewnormal,40,707.556212566776,"[0.9877191619508078, -1.1784091799833531, 1.7316583837943929]",,,,
25,40,3,gig,40,707.1210645704016,"[-19.639151419660305, -10.644907229293162, 15.490177656471023]",,,-19.639151419660305,2.3821852428226948e-05
25,100,0,poisson,100,66566.36327488655,[1.8660165650801608],,,,
25,100,0,gamma,100,89040.83637408965,"[0.6569103512385209, -1.2897761719832153]",,,,
25,100,0,gammamix,100,89082.51466780728,"[0.1418972091634807, -0.6578159050051857, 5.358604262585366, 2.2280376474206607, 0.9932086454987453, 4.215307194648296, 0.4888049714600642, -1.8636988494086988]",3.0,,,
25,100,0,lognormal,100,89056.90765462817,"[1.6655322797200223, -0.4057427683093448]",,,,
25,100,0,compoundgamma,100,89066.00748136926,"[9.210340371976184, 0.7194863836880075, -6.600258985614412]",,3.0533782911701177,,
25,100,0,logskewnormal,100,89074.8030971217,"[0.9304108638556554, -0.01981334164576237, 10.404341999058055]",,,,
25,100,0,gig,100,89066.01125248773,"[-3.052976129201354, -12.920346483313569, 16.22337293850214]",,,-3.052976129201354,2.4477373681706673e-06
25,100,1,poisson,100,9839.765693013595,[1.2928937548151092],,,,
25,100,1,gamma,100,11048.832273441058,"[2.5400134136505135, 1.2404862422687155]",,,,
25,100,1,gammamix,100,11048.832273441058,"[2.5400134136505135, 1.2404862422687155]",1.0,,,
25,100,1,lognormal,100,11050.249652099306,"[1.2587651244759812, -1.2816965074337945]",,,,
25,100,1,compoundgamma,100,11051.03100149782,"[9.210340371976184, 2.5664663921691555, -5.347525827647398]",,14.019736417829364,,
25,100,1,logskewnormal,100,11051.281778904713,"[1.0097042966954868, -1.0042149330092722, 1.6054869078603504]",,,,
25,100,1,gig,100,11051.03243661722,"[-14.006408145259817, -9.432641487606654, 13.987631871539373]",,,-14.006408145259817,8.006742325058767e-05
25,100,2,poisson,100,1092.4898569163392,[1.097718234071229],,,,
25,100,2,gamma,100,1339.3809190419197,"[2.0341433135503117, 0.7807551250994235]",,,,
25,100,2,gammamix,100,1363.4909939733177,"[-1.0340625663801333, 6.907755278982137, 1.8542043765962641, 5.858238934326865, 0.19068020770466693]",2.0,,,
25,100,2,lognormal,100,1345.9765003269677,"[1.186214170708852, -1.060347979101805]",,,,
25,100,2,compoundgamma,100,1350.6534723477532,"[9.210340371976184, 2.1703726896827162, -5.796913888062835]",,9.761548771169002,,
25,100,2,logskewnormal,100,1355.9191208443979,"[0.8191364967409553, -0.704768610311781, 5.21276562745344]",,,,
25,100,2,gig,100,1350.6601077520452,"[-9.75612771816154, -15.09731480682219, 19.203260012381147]",,,-9.75612771816154,2.775361042486957e-07
25,100,3,poisson,100,2073.7146363957586,[1.1998375866238564],,,,
25,100,3,gamma,100,2262.683820792314,"[2.961859674846528, 1.684779033058297]",,,,
25,100,3,gammamix,100,2270.931140563343,"[-2.676450595756635, 3.8629234054718395, 6.907755278982137, 2.645442401052069, 5.072196270188191]",2.0,,,
25,100,3,lognormal,100,2264.2137364463065,"[1.2502126794328943, -1.4946022267877146]",,,,
25,100,3,compoundgamma,100,2265.313161375415,"[9.210340371976184, 3.0083903623295427, -4.9276943334697965]",,21.25477082964133,,
25,100,3,logskewnormal,100,2266.156568481872,"[1.0336717432129545, -1.1880600168437143, 1.9592611518050047]",,,,
25,100,3,gig,100,2265.3167616685523,"[-21.21761566521373, -10.327208593182082, 15.301161928227609]",,,-21.21761566521373,3.2730323251884e-05
25,400,0,poisson,400,201809.8644881768,[1.6752587790665852],,,,
25,400,0,gamma,400,409316.8794434251,"[0.07535204022559933, -1.985150896528629]",,,,
25,400,0,gammamix,400,409672.5256749145,"[-0.09246204481549758, -1.346390353640393, -3.384333561125553, 4.717318635182271, 2.3766271126723475, 1.2744634743037135, -0.4782501382349959, 3.5842460171087023, 0.7284108978377516, -1.4136081376896688, -5.593540379964091]",4.0,,,
25,400,0,lognormal,400,409529.4665956172,"[1.5306549110242875, -0.4270430432389308]",,,,
25,400,0,compoundgamma,400,409595.5502793684,"[9.210322673156353, 0.9706453007049564, -6.5299933863102675]",,3.6396472761287524,,
25,400,0,logskewnormal,400,409632.92106681084,"[0.8941610604361636, -0.09832848494018864, 19.179061023922173]",,,,
25,400,0,gig,400,409595.57470825576,"[-3.6394124659583125, -12.869470340966224, 16.242846291849443]",,,-3.6394124659583125,2.5754910552384796e-06
25,400,1,poisson,356,17562.795805483787,[1.3001263851376292],,,,
25,400,1,gamma,356,19557.561860049318,"[2.468704287072848, 1.1595589973197329]",,,,
25,400,1,gammamix,356,19574.686715554384,"[-0.342878860123932, 4.328296148400092, 3.0985915474646983, 3.2507606089177217, 1.5421984880344697]",2.0,,,
25,400,1,lognormal,356,19562.20966707533,"[1.265634143637764, -1.23979580108776]",,,,
25,400,1,compoundgamma,356,19564.743405755107,"[9.160298335503533, 2.4683617728023934, -5.384699598468285]",,12.80309485348465,,
25,400,1,logskewnormal,356,19568.004907992727,"[0.9251927577053922, -0.8229191910010609, 3.5804780711876463]",,,,
25,400,1,gig,356,19564.748489150123,"[-12.788090310919253, -9.482092355489067, 13.949566656508619]",,,-12.788090310919253,7.620432369409616e-05
25,400,2,poisson,400,6766.194400479998,[1.2444346085936202],,,,
25,400,2,gamma,400,8871.659460747152,"[1.686117498124386, 0.3628292990449636]",,,,
25,400,2,gammamix,400,8981.815418846189,"[-1.7433411192950101, 3.5947727058209606, 1.2995484114091391, 2.445632007014725, -0.6862475313033134]",2.0,,,
25,400,2,lognormal,400,8910.874680091303,"[1.22853130672117, -0.9204587838225025]",,,,
25,400,2,compoundgamma,400,8935.405967115976,"[9.210340371976184, 1.9199681927792032, -5.988275770525873]",,7.820741517009014,,
25,400,2,logskewnormal,400,8954.645503525826,"[0.8093267599981131, -0.5665227521774177, 8.93432777725176]",,,,
25,400,2,gig,400,8935.430502412428,"[-7.817758247056294, -15.262231194472513, 19.176995776778437]",,,-7.817758247056294,2.353407920235389e-07
25,400,3,poisson,400,8117.034182176651,[1.180238351996817],,,,
25,400,3,gamma,400,8837.703275884622,"[2.872591866200936, 1.6439736218516574]",,,,
25,400,3,gammamix,400,8860.385701415074,"[-1.6249016775744929, 3.8400646734402186, 2.4876807833264065, 2.6853241817649747, 0.9590587466672067]",2.0,,,
25,400,3,lognormal,400,8846.699059144985,"[1.1997737174908802, -1.456018896993623]",,,,
25,400,3,compoundgamma,400,8853.113617795614,"[9.210340371976184, 2.9421198948901357, -5.042235911820817]",,19.95598845172007,,
25,400,3,logskewnormal,400,8859.743064514205,"[0.9365230258676486, -1.0638975649625801, 3.6525623392830595]",,,,
25,400,3,gig,400,8853.132367336599,"[-19.925101249565344, -10.73920986307997, 15.59882346478746]",,,-19.925101249565344,2.1678060123815745e-05
26,10,0,poisson,10,1519.1550294653516,[1.2349087721455625],,,,
26,10,0,gamma,10,1863.6744613112444,"[1.4929231188771, -0.029718090896493]",,,,
26,10,0,gammamix,10,1876.8798040803254,"[-1.3862943601021183, 6.907755278982137, 6.907755278982137, 5.7527775877965235, 4.660157009055494]",2.0,,,
26,10,0,lognormal,10,1864.6347263593425,"[1.4063043947508966, -0.8011879478539508]",,,,
26,10,0,compoundgamma,10,1865.45545388873,"[9.210340371976184, 1.6444047829886466, -6.065589005637142]",,6.177926999306455,,
26,10,0,logskewnormal,10,1864.6347263593425,"[1.4063043947508966, -0.8011879478539508, 0.0]",,,,
26,10,0,gig,10,1865.456350748858,"[-6.1767118431231784, -11.491910763555579, 15.32954252987789]",,,-6.1767118431231784,1.021237065156719e-05
26,10,1,poisson,10,587.1765784012774,[1.5416758103332815],,,,
26,10,1,gamma,10,599.29826476697,"[3.3858624913153927, 1.9336783713590802]",,,,
26,10,1,gammamix,10,599.29826476697,"[3.3858624913153927, 1.9336783713590802]",1.0,,,
26,10,1,lognormal,10,599.2726368199384,"[1.4343415311430168, -1.6930987876850956]",,,,
26,10,1,compoundgamma,10,599.298126483519,"[3.388770960641416, 9.21024036697585, 7.273648582644522]",,10000.0,,
26,10,1,logskewnormal,10,599.2726368201576,"[1.4343409097486908, -1.6931043773378345, 4.3487288397098505e-07]",,,,
26,10,1,gig,10,599.2982647683878,"[29.54259361066329, -6.9059995062780555, -9.53279464245724]",,,29.54259361066329,0.0010017573149754698
26,10,2,poisson,10,22.360194525101708,[1.0807227239173345],,,,
26,10,2,gamma,10,22.36043971624167,"[7.826331937800559, 6.745821560742054]",,,,
26,10,2,gammamix,10,22.36043971624167,"[7.826331937800559, 6.745821560742054]",1.0,,,
26,10,2,lognormal,10,22.360435293098007,"[1.0803171842828028, -3.9225149283807994]",,,,
26,10,2,compoundgamma,10,22.36043668054097,"[8.257917074666793, 8.91620430052681, 1.7388007906533895]",,7452.750874901619,,
26,10,2,logskewnormal,10,22.360435293420306,"[1.0803187188171584, -3.9225149279802634, 2.4232046228387796e-08]",,,,
26,10,2,gig,10,22.360436294422016,"[820.7207261103586, 7.828026562339182, 0.7589699992115378]",,,820.7207261103586,2509.9712110006167
26,10,3,poisson,10,79.27095224436246,[1.2048345019234172],,,,
26,10,3,gamma,10,79.27092110551894,"[13.76308648436092, 12.558252504985049]",,,,
26,10,3,gammamix,10,79.27092110551894,"[13.76308648436092, 12.558252504985049]",1.0,,,
26,10,3,lognormal,10,79.27095071107175,"[1.2048344862528286, -8.38698191736747]",,,,
26,10,3,compoundgamma,10,79.26494912793699,"[9.210340371976184, 9.190261008017824, 1.1846991842457815]",,9802.208839469406,,
26,10,3,logskewnormal,10,79.2709507115904,"[1.204834506122755, -8.38715119891006, 6.933337422696381e-07]",,,,
26,10,3,gig,10,79.27065672459139,"[-0.11693533894923173, 11.512925274382798, 1.2048277667340395]",,,-0.11693533894923173,99999.98094125882
26,20,0,poisson,20,5380.952840477871,[1.4604220792742253],,,,
26,20,0,gamma,20,7507.276155144948,"[1.1999261134200394, -0.4840393706644301]",,,,
26,20,0,gammamix,20,7517.156961488954,"[0.05665348154631533, 6.907755278982137, 1.4297482110840911, 5.781044493202118, -0.5888172864696152]",2.0,,,
26,20,0,lognormal,20,7509.428576408837,"[1.5251073258131886, -0.6600605755686315]",,,,
26,20,0,compoundgamma,20,7510.9040594225335,"[9.210340371976184, 1.3088663752442429, -6.24742820536615]",,4.701974682452626,,
26,20,0,logskewnormal,20,7513.0904335840805,"[0.9699268011029308, -0.32018749513502476, 5.358783008144708]",,,,
26,20,0,gig,20,7510.90517813048,"[-4.699081381608291, -11.484245917385138, 15.139612072188903]",,,-4.699081381608291,1.0290947657278956e-05
26,20,1,poisson,20,1335.3609346829223,[1.5228507966652005],,,,
26,20,1,gamma,20,1375.9442311322214,"[2.767740731922539, 1.3483087150638748]",,,,
26,20,1,gammamix,20,1375.9442311322214,"[2.767740731922539, 1.3483087150638748]",1.0,,,
26,20,1,lognormal,20,1375.7675902417511,"[1.3889680344305435, -1.3909222756220085]",,,,
26,20,1,compoundgamma,20,1375.943553546422,"[2.7682980072184806, 8.868243313810863, 7.519348922727073]",,7103.7926296142405,,
26,20,1,logskewnormal,20,1375.7675902426583,"[1.3889655116926807, -1.3909236283708644, -5.00889949842087e-07]",,,,
26,20,1,gig,20,1375.9442311325986,"[15.922773725277985, -9.543071785034488, -11.584538277855932]",,,15.922773725277985,7.169627351258826e-05
26,20,2,poisson,20,211.07950919744815,[1.304588036359954],,,,
26,20,2,gamma,20,247.9744652365977,"[1.8605837045846871, 0.5504053773888246]",,,,
26,20,2,gammamix,20,254.70871484314728,"[-1.331912876470398, 6.907755278982137, 1.2916640615363502, 5.780939282340857, -0.5238320829572246]",2.0,,,
26,20,2,lognormal,20,249.9336800674501,"[1.2298674056125327, -0.9957432917441335]",,,,
26,20,2,compoundgamma,20,251.32881490293656,"[9.210340371976184, 2.082303571345686, -5.836183897483166]",,9.022929033462406,,
26,20,2,logskewnormal,20,251.75009433926542,"[0.8958849697071664, -0.7410301199952503, 2.1667007874263553]",,,,
26,20,2,gig,20,251.33052866643433,"[-9.019332301649362, -12.893776829207017, 16.960616334933277]",,,-9.019332301649362,2.513644592257869e-06
26,20,3,poisson,20,147.34924724041542,[1.1879454684188973],,,,
26,20,3,gamma,20,147.3492545246845,"[10.414551660448565, 9.226664008492765]",,,,
26,20,3,gammamix,20,147.3492545246845,"[10.414551660448565, 9.226664008492765]",1.0,,,
26,20,3,lognormal,20,147.3492541265356,"[1.1878783495232204, -5.223081333666769]",,,,
26,20,3,compoundgamma,20,147.3489838821314,"[9.20173675845788, 9.190273963503946, 1.1760940013088688]",,9802.335819717047,,
26,20,3,logskewnormal,20,147.34925413318663,"[1.1878745875136332, -5.223817948261719, -1.8365107938855585e-05]",,,,
26,20,3,gig,20,147.3492541479427,"[0.4453611792124549, 10.493163244648365, 1.1878654756050602]",,,0.4453611792124549,36068.06925165685
26,40,0,poisson,40,7167.710487347511,[1.437295496757215],,,,
26,40,0,gamma,40,9663.32980270332,"[1.4397272200392737, -0.18814145735658616]",,,,
26,40,0,gammamix,40,9675.543510171728,"[0.3544108698888683, 6.907755278982137, 1.600165785075395, 5.789428431296087, -0.2696316047367989]",2.0,,,
26,40,0,lognormal,40,9667.04521463087,"[1.5038021828096801, -0.7752683876468356]",,,,
26,40,0,compoundgamma,40,9669.511806408369,"[9.210340371976184, 1.5483735267054, -6.055908017237509]",,5.703813330680992,,
26,40,0,logskewnormal,40,9673.59295092573,"[0.9800405508366015, -0.38518300606086614, 7.246522435805158]",,,,
26,40,0,gig,40,9669.5140092142,"[-5.7020380675024205, -11.393038557293233, 15.240228391252876]",,,-5.7020380675024205,1.1273693475512498e-05
26,40,1,poisson,40,4579.072251275783,[1.6729970974832131],,,,
26,40,1,gamma,40,5098.641891941722,"[2.437067171561104, 1.0679814323253252]",,,,
26,40,1,gammamix,40,5098.641891941722,"[2.437067171561104, 1.0679814323253252]",1.0,,,
26,40,1,lognormal,40,5099.631715519594,"[1.3246152673333835, -1.2485811897679835]",,,,
26,40,1,compoundgamma,40,5100.209054488601,"[9.210340371976184, 2.5254137436195427, -5.320362749897668]",,13.496064361091316,,
26,40,1,logskewnormal,40,5099.63171551968,"[1.3246159125644075, -1.248581433336313, 1.477077835896639e-07]",,,,
26,40,1,gig,40,5100.210089149037,"[-13.480902634524812, -10.21304843665756, 14.794976644259158]",,,-13.480902634524812,3.668845475759186e-05
26,40,2,poisson,40,1376.4823186744243,[1.5659877955075758],,,,
26,40,2,gamma,40,1645.6049020505745,"[1.47911554697713, 0.008089781236696401]",,,,
26,40,2,gammamix,40,1654.9978234414739,"[-0.3989618604367442, 6.907752011130258, 1.458196120410565, 5.806154589530133, -0.37055940706424234]",2.0,,,
26,40,2,lognormal,40,1649.1258713325328,"[1.3521759896606997, -0.7905726573005614]",,,,
26,40,2,compoundgamma,40,1651.5082812688509,"[9.210340371976184, 1.5974305297047153, -6.162396441877838]",,5.940322091113943,,
26,40,2,logskewnormal,40,1653.5134678978502,"[0.8688644577981623, -0.44095861419242943, 3.960201785003673]",,,,
26,40,2,gig,40,1651.5103482688462,"[-5.938460991634017, -12.967272079873693, 16.70797619385436]",,,-5.938460991634017,2.335529140520207e-06
26,40,3,poisson,40,570.0046101929189,[1.1752781704160267],,,,
26,40,3,gamma,40,575.8257702239476,"[4.704792782043526, 3.4946998681771384]",,,,
26,40,3,gammamix,40,575.8257702239476,"[4.704792782043526, 3.4946998681771384]",1.0,,,
26,40,3,lognormal,40,575.8768992536139,"[1.2055339389279067, -2.3539666149625904]",,,,
26,40,3,compoundgamma,40,575.9252512219645,"[9.210340371976184, 4.7223531118241295, -3.2780054648293424]",,113.43250789857309,,
26,40,3,logskewnormal,40,575.8768992538464,"[1.2055339642482874, -2.353960558871845, -5.709574025202787e-06]",,,,
26,40,3,gig,40,575.9263232346981,"[-112.24063874201882, -7.045707873636862, 13.660531117143009]",,,-112.24063874201882,0.0008711399874588605
26,100,0,poisson,100,49763.97121561601,[1.7957651787069209],,,,
26,100,0,gamma,100,83872.51933915055,"[-0.1783406742422473, -2.466560784033197]",,,,
26,100,0,gammamix,100,83975.13858940145,"[-0.043854169754968364, -1.3994460452580313, 6.907755278982137, 2.292494478049816, -0.49341305911717176, 5.804775577701674, 0.5046425673019759, -4.4544021208404665]",3.0,,,
26,100,0,lognormal,100,83932.23237242896,"[1.582745566376157, -0.32479107694498]",,,,
26,100,0,compoundgamma,100,83951.60484505341,"[9.210340371976184, 0.7734798656039376, -6.6400973848384455]",,3.1672950420722414,,
26,100,0,logskewnormal,100,83960.87889675803,"[0.885161952074501, -0.006516567810053689, 13.3195588232167]",,,,
26,100,0,gig,100,83951.6104436129,"[-3.1670643035108386, -13.226505736098789, 16.489780014587698]",,,-3.1670643035108386,1.802194018592263e-06
26,100,1,poisson,100,5729.758997546087,[1.5192821277457031],,,,
26,100,1,gamma,100,6564.525631270388,"[2.428814228251694, 1.1034619215018313]",,,,
26,100,1,gammamix,100,6564.525631270388,"[2.428814228251694, 1.1034619215018313]",1.0,,,
26,100,1,lognormal,100,6565.758534305354,"[1.2809017430694454, -1.2313751237715704]",,,,
26,100,1,compoundgamma,100,6566.2445007811775,"[9.210340371976184, 2.4701549620287064, -5.416769727641936]",,12.824279023949668,,
26,100,1,logskewnormal,100,6565.758534304606,"[1.2808965795636118, -1.231371356969128, 2.1431652628059266e-05]",,,,
26,100,1,gig,100,6566.245110521951,"[-12.810459663715093, -10.15026751425842, 14.63581678043912]",,,-12.810459663715093,3.906562966478995e-05
26,100,2,poisson,100,2972.8654575920928,[1.5138920410703705],,,,
26,100,2,gamma,100,3757.5720978185523,"[1.424609260327785, -0.0020339059441524545]",,,,
26,100,2,gammamix,100,3797.828811319139,"[-0.9893936144068178, -1.6009881045439356, 6.907755278982137, 6.907755278982137, 2.885265099422634, 5.874553926909846, 5.422136794613116, 0.5611353649663388]",3.0,,,
26,100,2,lognormal,100,3767.3469172119744,"[1.3005595046273204, -0.7703018679342558]",,,,
26,100,2,compoundgamma,100,3774.1155874956125,"[9.210340371976184, 1.5665588032634858, -6.242140700134675]",,5.790135998847391,,
26,100,2,logskewnormal,100,3782.0541681732075,"[0.8004311331718983, -0.40226110173792257, 7.754523048537887]",,,,
26,100,2,gig,100,3774.1213702110867,"[-5.78854241920422, -15.372104713149945, 19.03310482541652]",,,-5.78854241920422,2.108529821999713e-07
26,100,3,poisson,100,1225.3963017095127,[1.1978040842146105],,,,
26,100,3,gamma,100,1286.8456309391415,"[3.323153841965929, 2.1050185859247272]",,,,
26,100,3,gammamix,100,1286.8456309391415,"[3.323153841965929, 2.1050185859247272]",1.0,,,
26,100,3,lognormal,100,1287.5687838295337,"[1.2003445495954563, -1.677999999420263]",,,,
26,100,3,compoundgamma,100,1288.125093989355,"[9.210340371976184, 3.3898317062474805, -4.602902505574804]",,30.660960096026866,,
26,100,3,logskewnormal,100,1287.5687838297795,"[1.200345766041628, -1.6779968397307448, -1.2328306981928275e-06]",,,,
26,100,3,gig,100,1288.127798026245,"[-30.582837432004375, -8.94723440077458, 14.245181778693278]",,,-30.582837432004375,0.00013009645764265412
26,400,0,poisson,400,794220.1647958355,[2.3461221831571804],,,,
26,400,0,gamma,400,1915623.0559215338,"[-0.2968938645312969, -2.6409887202611197]",,,,
26,400,0,gammamix,400,1916084.4821572374,"[-0.3101641619554618, -1.2127276568562724, -3.8753835860544896, 4.746454882163524, 2.5022314078577845, 1.0889128259089043, -0.47773384451981254, 3.621115947970679, 0.8563385026379499, -1.6431858631961351, -6.646250042273256]",4.0,,,
26,400,0,lognormal,400,1915901.9428197711,"[1.5380148551399473, -0.3469801257168044]",,,,
26,400,0,compoundgamma,400,1915982.3553340328,"[9.210340371976184, 0.8529363183611488, -6.619999326447792]",,3.346526895992473,,
26,400,0,logskewnormal,400,1916024.513388669,"[0.8869057625377168, -0.044427057860154336, 26.883775679282163]",,,,
26,400,0,gig,400,1915982.3809326156,"[-3.3462165715224548, -13.220797756782089, 16.504149166222682]",,,-3.3462165715224548,1.8125103193812068e-06
26,400,1,poisson,356,15276.473226555814,[1.2866237612397429],,,,
26,400,1,gamma,356,17655.148634602047,"[2.412144022956491, 1.1066004762429766]",,,,
26,400,1,gammamix,356,17685.33569507429,"[-0.18714623724746238, 5.3305995516265074, 2.466969087235331, 4.241909383097072, 0.9588354470584936]",2.0,,,
26,400,1,lognormal,356,17663.615858353747,"[1.2593876331093636, -1.2221603932884186]",,,,
26,400,1,compoundgamma,356,17669.31646019756,"[9.210340371976184, 2.450183190143136, -5.458408363897182]",,12.590469784573978,,
26,400,1,logskewnormal,356,17678.822150205073,"[0.9088134494865155, -0.8005264934824614, 5.557779242946398]",,,,
26,400,1,gig,356,17669.327885372575,"[-12.578700029544569, -10.433580481188171, 14.877637555253624]",,,-12.578700029544569,2.9427513697668822e-05
26,400,2,poisson,400,8624.448928617241,[1.4024286747523327],,,,
26,400,2,gamma,400,11266.284093652323,"[1.4764012624308656, 0.08851415272950754]",,,,
26,400,2,gammamix,400,11398.669727176106,"[-1.906785876902622, 3.3872832936915755, 1.8157612002116796, 2.220185731660291, -0.428919105795018]",2.0,,,
26,400,2,lognormal,400,11310.329865475356,"[1.2691118832167199, -0.8153526626798904]",,,,
26,400,2,compoundgamma,400,11338.863912453566,"[9.210340371976184, 1.6927404759462472, -6.157990651033691]",,6.434353030962518,,
26,400,2,logskewnormal,400,11365.78381508217,"[0.7989204579465508, -0.45291721272610513, 12.566196062472667]",,,,
26,400,2,gig,400,11338.888622192826,"[-6.432454295462996, -15.313117682413797, 19.05825073339928]",,,-6.432454295462996,2.2366472216834834e-07
26,400,3,poisson,400,7124.582626479323,[1.1715815963798215],,,,
26,400,3,gamma,400,7755.113415575253,"[2.982851042745783, 1.7461451730177602]",,,,
26,400,3,gammamix,400,7779.812442328376,"[-1.944836054304265, 3.89088808631557, 2.304928768388447, 2.7100014978956977, 0.7591917709864562]",2.0,,,
26,400,3,lognormal,400,7763.953844184913,"[1.2111650653605346, -1.5109765356012999]",,,,
26,400,3,compoundgamma,400,7770.61618743588,"[9.210340371976184, 3.058974499514284, -4.916588052711201]",,22.305696952541602,,
26,400,3,logskewnormal,400,7779.270599670865,"[0.9613187562305714, -1.1207448613161248, 4.757460851029494]",,,,
26,400,3,gig,400,7770.638166869842,"[-22.26792526632827, -10.193546403749973, 15.17866730589717]",,,-22.26792526632827,3.74109766327552e-05
27,10,0,poisson,10,2378.0947943651067,[1.5464372229699233],,,,
27,10,0,gamma,10,2848.035461427043,"[1.968972247317299, 0.6216172398124806]",,,,
27,10,0,gammamix,10,2855.2145670573923,"[-1.3809590733719215, 6.6999479469258265, 3.8341437875122555, 5.6158754737454615, 1.8994463488637614]",2.0,,,
27,10,0,lognormal,10,2848.7451673261094,"[1.274473103927329, -1.0340832070450525]",,,,
27,10,0,compoundgamma,10,2849.3360110726926,"[9.210340371976184, 2.115310482427634, -5.762235854556834]",,9.292159936428613,,
27,10,0,logskewnormal,10,2848.745167326145,"[1.274472209866495, -1.034082618474953, -2.5363576969528344e-07]",,,,
27,10,0,gig,10,2849.337000899636,"[-9.310658584412419, -10.851938732689742, 14.995153323093426]",,,-9.310658584412419,1.9367023986604775e-05
27,10,1,poisson,10,187.2932377310014,[1.2742214315241602],,,,
27,10,1,gamma,10,210.79448436320249,"[2.391811266902432, 1.0761643702291304]",,,,
27,10,1,gammamix,10,210.79448436320249,"[2.391811266902432, 1.0761643702291304]",1.0,,,
27,10,1,lognormal,10,211.06665576592744,"[1.2681163912562887, -1.2011260384761804]",,,,
27,10,1,compoundgamma,10,211.28040529420247,"[9.210340371976184, 2.3842556098876844, -5.513431335465778]",,11.850982293891006,,
27,10,1,logskewnormal,10,211.06665576592744,"[1.2681163912562887, -1.2011260384761804, 0.0]",,,,
27,10,1,gig,10,211.28089226324184,"[-11.840098379410348, -11.197611627801667, 15.58665875733285]",,,-11.840098379410348,1.3706894167474039e-05
27,10,2,poisson,10,322.312449135372,[1.539886849472985],,,,
27,10,2,gamma,10,387.32283882143304,"[1.3322576474412247, -0.1987050681507538]",,,,
27,10,2,gammamix,10,391.3477984888157,"[-0.7961688282889328, 6.907755278982137, 3.2033275926879012, 5.8055027121693366, 1.1018699589779293]",2.0,,,
27,10,2,lognormal,10,387.7966219280912,"[1.3938574869051017, -0.6735769257848865]",,,,
27,10,2,compoundgamma,10,388.1071216902128,"[9.210340371976184, 1.2586850958497575, -6.4208879662342735]",,4.520788942364078,,
27,10,2,logskewnormal,10,387.7966219281029,"[1.3938581534327605, -0.6735766468366763, 2.711611677004159e-07]",,,,
27,10,2,gig,10,388.10738328575746,"[-4.519412364224397, -11.223930224688667, 14.706206068770149]",,,-4.519412364224397,1.3350853738829141e-05
27,10,3,poisson,10,199.79679043656586,[1.4278303863738027],,,,
27,10,3,gamma,10,208.4199467019166,"[3.1305996302868593, 1.7458239138143887]",,,,
27,10,3,gammamix,10,208.4199467019166,"[3.1305996302868593, 1.7458239138143887]",1.0,,,
27,10,3,lognormal,10,208.44790413923536,"[1.3608917566661722, -1.5705049548009773]",,,,
27,10,3,compoundgamma,10,208.455010501141,"[9.210340371976184, 3.1458679120721444, -4.683819411683663]",,24.23983685782783,,
27,10,3,logskewnormal,10,208.44790413928803,"[1.3608918424979088, -1.5705084429535505, 7.391406419481549e-07]",,,,
27,10,3,gig,10,208.4602743154095,"[-11.31206940045736, 3.0042889278079734, 1.884764411003412]",,,-11.31206940045736,20.17186734116418
27,20,0,poisson,20,3493.475198579627,[1.5926166579439571],,,,
27,20,0,gamma,20,4071.952690809517,"[1.6368623344309963, 0.05799116171219451]",,,,
27,20,0,gammamix,20,4078.3689200554713,"[-0.45826039960946346, 4.938212919387665, 2.6285017798362116, 3.79130242834769, 0.6356601366006758]",2.0,,,
27,20,0,lognormal,20,4072.9296472965034,"[1.4776287252081899, -0.8350343553485916]",,,,
27,20,0,compoundgamma,20,4073.6228229952394,"[9.015762275719013, 1.6224533234043808, -5.820645157515132]",,6.065502400504475,,
27,20,0,logskewnormal,20,4072.9296472971023,"[1.4776317361484246, -0.8350330777819923, 1.042296750691312e-06]",,,,
27,20,0,gig,20,4073.623792253662,"[-6.062789479257203, -11.429231299235274, 15.316943633419614]",,,-6.062789479257203,1.0872963104857257e-05
27,20,1,poisson,20,263.87955436344043,[1.2743030710638674],,,,
27,20,1,gamma,20,290.5385594131686,"[2.558530502938478, 1.2624377906688493]",,,,
27,20,1,gammamix,20,290.5385594131686,"[2.558530502938478, 1.2624377906688493]",1.0,,,
27,20,1,lognormal,20,290.8367588254502,"[1.2560867468306387, -1.2824847243605124]",,,,
27,20,1,compoundgamma,20,291.0455822720734,"[9.210340371976184, 2.5532180172219774, -5.363112133569186]",,13.848383647233588,,
27,20,1,logskewnormal,20,290.83675882547925,"[1.2560865368078615, -1.2824844037816636, -1.1946556824097773e-06]",,,,
27,20,1,gig,20,291.04612170320496,"[-13.832459393245932, -11.127540173762572, 15.666672550519186]",,,-13.832459393245932,1.4701806600134714e-05
27,20,2,poisson,20,2580.9419034475322,[1.979484593338722],,,,
27,20,2,gamma,20,3415.517540173261,"[1.0085800700908334, -0.6116084531084259]",,,,
27,20,2,gammamix,20,3426.885626783765,"[-0.8939708504206031, 6.907755278982137, 1.230605658173834, 5.729374279993011, -1.0220678238672316]",2.0,,,
27,20,2,lognormal,20,3418.3494994715797,"[1.4265395818859559, -0.5917953150087505]",,,,
27,20,2,compoundgamma,20,3420.1565898789177,"[9.210340371976184, 1.2056519871115157, -6.434484714554756]",,4.33893531134148,,
27,20,2,logskewnormal,20,3421.1798356625213,"[0.8758249197779601, -0.29220599257525387, 3.3684917970756416]",,,,
27,20,2,gig,20,3420.1576786893047,"[-4.338227433728978, -12.402865654210578, 15.87163895029746]",,,-4.338227433728978,4.1068031511941225e-06
27,20,3,poisson,20,447.5174789652545,[1.3133875903118029],,,,
27,20,3,gamma,20,464.67595252964804,"[3.0197699951005577, 1.7264995073639533]",,,,
27,20,3,gammamix,20,464.67595252964804,"[3.0197699951005577, 1.7264995073639533]",1.0,,,
27,20,3,lognormal,20,464.77830031386947,"[1.2682206181662128, -1.519189612468547]",,,,
27,20,3,compoundgamma,20,464.82641087932745,"[9.130855372624298, 3.048646465374473, -4.790730270858569]",,22.08678340625746,,
27,20,3,logskewnormal,20,464.7783003139512,"[1.2682213621593428, -1.5191894513987312, 1.2993714529480185e-07]",,,,
27,20,3,gig,20,464.82667063709704,"[-21.020131701067758, 1.8298111856735364, 3.176096049926787]",,,-21.020131701067758,6.232709722528723
27,40,0,poisson,40,7999.448467759985,[1.5775358073612002],,,,
27,40,0,gamma,40,9754.915495292134,"[1.6382683838709706, 0.11534809656577398]",,,,
27,40,0,gammamix,40,9771.238203894341,"[-0.8406651019546231, 4.702161269711756, 2.5026557056170042, 3.5524026047552786, 0.4763496093279975]",2.0,,,
27,40,0,lognormal,40,9757.712233678478,"[1.4211697159049297, -0.8562409022104902]",,,,
27,40,0,compoundgamma,40,9759.89186458016,"[9.210340371976184, 1.7112211159757424, -5.99142673290834]",,6.535717104676198,,
27,40,0,logskewnormal,40,9765.425068950204,"[0.9455774379184338, -0.4777190173461707, 8.47376951449968]",,,,
27,40,0,gig,40,9759.894416540577,"[-6.534331287676941, -11.424357557314114, 15.336133927369866]",,,-6.534331287676941,1.0926084465699397e-05
27,40,1,poisson,40,712.2217239661853,[1.272256010690438],,,,
27,40,1,gamma,40,777.8619151376981,"[2.6694494081549784, 1.3822137425187606]",,,,
27,40,1,gammamix,40,777.8619151376981,"[2.6694494081549784, 1.3822137425187606]",1.0,,,
27,40,1,lognormal,40,778.39992973893,"[1.2516312668351133, -1.3408320374033134]",,,,
27,40,1,compoundgamma,40,778.7515310755977,"[9.210340371976184, 2.6779950058253803, -5.246957119518273]",,15.55587956525273,,
27,40,1,logskewnormal,40,778.3999297389289,"[1.251631012568511, -1.3408322672183117, 1.4698897573645563e-06]",,,,
27,40,1,gig,40,778.7524581676184,"[-15.535383093088962, -11.07535758305027, 15.73047693702148]",,,-15.535383093088962,1.5489354397770455e-05
27,40,2,poisson,40,2528.8927959196535,[1.715994562831159],,,,
27,40,2,gamma,40,3642.681714644449,"[1.194685716241189, -0.2432136828623204]",,,,
27,40,2,gammamix,40,3660.245078969017,"[-1.5164388643838882, 4.0444039727541305, 1.3113227142130077, 2.923618188107771, -0.9171148487143467]",2.0,,,
27,40,2,lognormal,40,3648.4574868838836,"[1.2781988634127677, -0.7005135653704921]",,,,
27,40,2,compoundgamma,40,3651.9881527951347,"[9.210340371976184, 1.4683417931735225, -6.351942596320502]",,5.342029185795138,,
27,40,2,logskewnormal,40,3654.032028581657,"[0.7783862595237517, -0.3810773982755614, 4.043097927805522]",,,,
27,40,2,gig,40,3651.990590984934,"[-5.340884955535337, -12.705195505188641, 16.25645934160705]",,,-5.340884955535337,3.0353145280784786e-06
27,40,3,poisson,40,578.3843983866193,[1.1654417615522368],,,,
27,40,3,gamma,40,655.6652799199733,"[3.304589151680416, 2.0188484498756396]",,,,
27,40,3,gammamix,40,655.6652799199733,"[3.304589151680416, 2.0188484498756396]",1.0,,,
27,40,3,lognormal,40,655.734906581969,"[1.2660275890310293, -1.6514314739300278]",,,,
27,40,3,compoundgamma,40,655.7320313255581,"[4.391365027499837, 3.7108867623954636, 0.6035465201650088]",,41.890050213724166,,
27,40,3,logskewnormal,40,655.7349065819674,"[1.2660275646429917, -1.651431171761417, -5.914974340430249e-09]",,,,
27,40,3,gig,40,655.7511031991017,"[-6.466130774907189, 3.2575784673720407, 1.507685765246384]",,,-6.466130774907189,25.98653365167563
27,100,0,poisson,100,26209.696218628753,[1.7210568714030303],,,,
27,100,0,gamma,100,37285.443999061485,"[0.896453314920666, -0.775514993226014]",,,,
27,100,0,gammamix,100,37341.76289669425,"[0.12075082774153123, 0.12447604197991424, -1.7620207804972055, 6.907755278982137, 4.785119007566059, 2.2954538825049586, 3.288031040723809, 5.867568419953355, 3.5455216115805888, 0.47204967417716415, 0.023365741646789964]",4.0,,,
27,100,0,lognormal,100,37304.591213076164,"[1.454003257349899, -0.5741465214944763]",,,,
27,100,0,compoundgamma,100,37316.080138900856,"[8.970524335267262, 1.2112513288172075, -6.162819411114222]",,4.357683591111334,,
27,100,0,logskewnormal,100,37326.10400968135,"[0.8821181244594614, -0.2339339524751631, 10.4932873446923]",,,,
27,100,0,gig,100,37316.08818904349,"[-4.3567465342207, -12.497300045969766, 15.997850870000638]",,,-4.3567465342207,3.736728559751097e-06
27,100,1,poisson,100,7848.796282441311,[1.5807040753507924],,,,
27,100,1,gamma,100,8633.621985591817,"[2.4778213411028918, 1.1715706647698318]",,,,
27,100,1,gammamix,100,8640.662057231606,"[0.19149107350334893, 6.907755278982137, 2.7650367714710935, 5.87188332669314, 1.2884478871747775]",2.0,,,
27,100,1,lognormal,100,8635.474015191014,"[1.2628290434011291, -1.2523915815550912]",,,,
27,100,1,compoundgamma,100,8636.663647942894,"[9.210340371976184, 2.5060723439526873, -5.401530262689101]",,13.256695314300497,,
27,100,1,logskewnormal,100,8638.435772255982,"[0.9379902533553199, -0.862184187735775, 3.3275403117507585]",,,,
27,100,1,gig,100,8636.666258902951,"[-13.242398840639106, -10.74088110595389, 15.241668724825482]",,,-13.242398840639106,2.1641861077438083e-05
27,100,2,poisson,100,3521.7677812007923,[1.510771251805771],,,,
27,100,2,gamma,100,5157.549252208285,"[1.2958885687637953, -0.09885830866827598]",,,,
27,100,2,gammamix,100,5199.87577588488,"[-1.3252207688719815, 4.596799806110185, 1.1047445534417735, 3.5006919480918413, -0.9542791771701136]",2.0,,,
27,100,2,lognormal,100,5169.6008237987435,"[1.2518916009040648, -0.7332702193955233]",,,,
27,100,2,compoundgamma,100,5177.348625578093,"[9.210340371976184, 1.5280245589033536, -6.324239352544997]",,5.609062890994482,,
27,100,2,logskewnormal,100,5184.191176312007,"[0.7641458880110973, -0.40108491266884444, 6.5487914930243205]",,,,
27,100,2,gig,100,5177.354486876417,"[-5.6077672998511465, -13.610591235451858, 17.189541751156252]",,,-5.6077672998511465,1.2274260353197748e-06
27,100,3,poisson,100,1465.7018947476988,[1.1310534598308029],,,,
27,100,3,gamma,100,1659.2477869453376,"[3.1349843986512673, 1.9021653321924255]",,,,
27,100,3,gammamix,100,1659.2477869453376,"[3.1349843986512673, 1.9021653321924255]",1.0,,,
27,100,3,lognormal,100,1658.9984736894803,"[1.2107540869588238, -1.5733568172486512]",,,,
27,100,3,compoundgamma,100,1659.2470249680598,"[3.13605819491686, 9.21024036697585, 7.30699218744086]",,10000.0,,
27,100,3,logskewnormal,100,1658.9984736894687,"[1.2107540910909165, -1.5733572922000092, -1.420783455343535e-08]",,,,
27,100,3,gig,100,1659.2477869456038,"[22.988387888073756, -8.21403575556065, -10.809353298060145]",,,22.988387888073756,0.0002708255271808732
27,400,0,poisson,400,162831.55889209523,[1.7231654959345155],,,,
27,400,0,gamma,400,346668.06298494624,"[0.11606561048526903, -1.9142799205674275]",,,,
27,400,0,gammamix,400,347005.7408949506,"[-0.7113658395392266, -0.07162099057099591, -1.4935915198267726, 6.000079479619721, 5.418859723833441, 2.208775645416294, -0.3393797166817593, 4.9208074048523756, 4.052618309028453, 0.38413821085147376, -4.084435461987444]",4.0,,,
27,400,0,lognormal,400,346884.0279039794,"[1.524630305399277, -0.4626548164688245]",,,,
27,400,0,compoundgamma,400,346946.2641255753,"[9.210340371976184, 1.0365157365961188, -6.48095471027506]",,3.8193764305952076,,
27,400,0,logskewnormal,400,346984.5184912607,"[0.9078777531787114, -0.13192505216850733, 24.04270474933185]",,,,
27,400,0,gig,400,346946.2883934182,"[-3.8216134026753954, -13.093390493430302, 16.517098138153322]",,,-3.8216134026753954,2.058793361899086e-06
27,400,1,poisson,356,21197.244908677534,[1.3464791008136376],,,,
27,400,1,gamma,356,23714.648241158076,"[2.4960593104332336, 1.2068610841164342]",,,,
27,400,1,gammamix,356,23734.946121017776,"[0.34369591682886114, 6.907755278982137, 2.5956327176509784, 5.864479019969291, 1.168818181294525]",2.0,,,
27,400,1,lognormal,356,23719.483327705522,"[1.2469501387886668, -1.2573874576229187]",,,,
27,400,1,compoundgamma,356,23722.284750673058,"[9.210340371976184, 2.5130517970453514, -5.4103744109493155]",,13.34253956881593,,
27,400,1,logskewnormal,356,23727.027496966333,"[0.9106066373613274, -0.8411534005025709, 4.440205493016069]",,,,
27,400,1,gig,356,23722.290482018223,"[-13.327673883067686, -9.639599886053066, 14.131506732540084]",,,-13.327673883067686,6.509909659382259e-05
27,400,2,poisson,400,9912.294465182385,[1.3318589328461745],,,,
27,400,2,gamma,400,14007.61503636916,"[1.4662300546450193, 0.09000664625211327]",,,,
27,400,2,gammamix,400,14144.430251574016,"[-1.7065395042451204, 3.6562969574512953, 1.481791969597113, 2.5105950251472433, -0.6563968336882052]",2.0,,,
27,400,2,lognormal,400,14052.686648215667,"[1.2565584292208811, -0.8165209653039723]",,,,
27,400,2,compoundgamma,400,14081.338150125182,"[9.210340371976184, 1.7038766089501765, -6.159988519983942]",,6.495208929886628,,
27,400,2,logskewnormal,400,14107.141178404756,"[0.7961742000961263, -0.466018272651682, 11.481688734130493]",,,,
27,400,2,gig,400,14081.362771661858,"[-6.493314476791255, -13.533616711383782, 17.276756398253937]",,,-6.493314476791255,1.3256379915116906e-06
27,400,3,poisson,400,23926.881507213046,[1.1848206512221],,,,
27,400,3,gamma,400,24463.869079388907,"[3.0674379598933554, 1.823785610402776]",,,,
27,400,3,gammamix,400,24474.329630414628,"[-0.4243206468296422, 4.456057964265128, 2.6652736406413844, 3.2991756222849493, 1.3030833604641638]",2.0,,,
27,400,3,lognormal,400,24467.342082378695,"[1.2203191064023846, -1.5384595177595282]",,,,
27,400,3,compoundgamma,400,24469.88691561269,"[9.210340371976184, 3.085261132650894, -4.8817628582052945]",,22.873177897299104,,
27,400,3,logskewnormal,400,24467.342082378902,"[1.2203193740506264, -1.5384595121173152, 4.5852178798140594e-08]",,,,
27,400,3,gig,400,24469.89578970336,"[-22.828162141340073, -9.429571789261553, 14.449236119802297]",,,-22.828162141340073,8.031358371312027e-05
28,10,0,poisson,10,4046.04977985659,[1.3178358036022457],,,,
28,10,0,gamma,10,6751.630953939984,"[0.9669329473822255, -0.8839951387131297]",,,,
28,10,0,gammamix,10,6751.630953939984,"[0.9669329473822255, -0.8839951387131297]",1.0,,,
28,10,0,lognormal,10,6752.3714368787605,"[1.6524916684583575, -0.5043237406229364]",,,,
28,10,0,compoundgamma,10,6752.615756168281,"[9.210340371976184, 0.8298129416390384, -6.5209988393797]",,3.2928897959395287,,
28,10,0,logskewnormal,10,6752.371436911979,"[1.652491865144055, -0.5043835003325515, 9.477369735992328e-08]",,,,
28,10,0,gig,10,6752.618482077139,"[-3.0630387981810734, -0.12507717195560608, 3.4627742167821802]",,,-3.0630387981810734,0.882428801200599
28,10,1,poisson,10,676.6312545402218,[1.5461107784828263],,,,
28,10,1,gamma,10,726.654085284483,"[2.275213783094211, 0.8840012143193549]",,,,
28,10,1,gammamix,10,726.654085284483,"[2.275213783094211, 0.8840012143193549]",1.0,,,
28,10,1,lognormal,10,726.8567614041448,"[1.3372904968473929, -1.1458993123996668]",,,,
28,10,1,compoundgamma,10,727.0017377730379,"[9.210340371976184, 2.2730051586338624, -5.550582406212719]",,10.708532700045076,,
28,10,1,logskewnormal,10,726.856761404218,"[1.3372897629330183, -1.1459016645539288, -1.861777199149793e-07]",,,,
28,10,1,gig,10,727.0020592444664,"[-10.698454717349959, -10.234462686576856, 14.586323638314289]",,,-10.698454717349959,3.591115140615465e-05
28,10,2,poisson,10,318.0695330506132,[1.5550951711179986],,,,
28,10,2,gamma,10,362.22309557691665,"[1.5229054051459037, 0.0253608785323308]",,,,
28,10,2,gammamix,10,362.22309557691665,"[1.5229054051459037, 0.0253608785323308]",1.0,,,
28,10,2,lognormal,10,362.7616127899407,"[1.3855734509223834, -0.7804699949495157]",,,,
28,10,2,compoundgamma,10,363.13130474987605,"[9.210340371976184, 1.5181946041666592, -6.198960606861842]",,5.563977965822601,,
28,10,2,logskewnormal,10,362.76161278994357,"[1.385573748675303, -0.7804698075746619, 1.0885347003432426e-07]",,,,
28,10,2,gig,10,363.13165272644574,"[-5.562038724957694, -12.279581107279997, 15.983680682558308]",,,-5.562038724957694,4.645641418535828e-06
28,10,3,poisson,10,522.1104657033967,[1.2332933269452175],,,,
28,10,3,gamma,10,570.1351414942311,"[3.5043809341238434, 2.2324624375169733]",,,,
28,10,3,gammamix,10,570.1351414942311,"[3.5043809341238434, 2.2324624375169733]",1.0,,,
28,10,3,lognormal,10,570.1994952097513,"[1.2542743000387988, -1.7554976022312947]",,,,
28,10,3,compoundgamma,10,570.2430184943235,"[6.386465398531306, 3.5676810633466127, -1.5518077111359505]",,36.43432784285055,,
28,10,3,logskewnormal,10,570.199495210541,"[1.2542752792325111, -1.7555073769468768, 1.0296127442372869e-08]",,,,
28,10,3,gig,10,570.2490204173516,"[-34.38742900004984, -8.301360670706874, 13.769416470425943]",,,-34.38742900004984,0.0002481789074919384
28,20,0,poisson,20,5481.0065899340925,[1.3448258313893737],,,,
28,20,0,gamma,20,8395.135115411098,"[1.1997147983715857, -0.4362746503655284]",,,,
28,20,0,gammamix,20,8395.135115411098,"[1.1997147983715857, -0.4362746503655284]",1.0,,,
28,20,0,lognormal,20,8397.28557526694,"[1.4798200601540186, -0.6650912060057184]",,,,
28,20,0,compoundgamma,20,8398.416001475829,"[9.210340371976184, 1.2979122446064308, -6.2997081489120985]",,4.661644064871778,,
28,20,0,logskewnormal,20,8397.285575268377,"[1.479818882925219, -0.6650832304438211, -1.3314767675466708e-06]",,,,
28,20,0,gig,20,8398.416673262369,"[-4.659939304521702, -11.632896610287254, 15.23624348454215]",,,-4.659939304521702,8.869460288944076e-06
28,20,1,poisson,20,599.9620457734396,[1.1510858841031075],,,,
28,20,1,gamma,20,762.8518230913743,"[2.1804554243386267, 0.9168959439436273]",,,,
28,20,1,gammamix,20,770.6370642972968,"[-1.0875273794414797, 6.907755278982137, 4.289431975659679, 5.88670915870796, 2.537133524629648]",2.0,,,
28,20,1,lognormal,20,763.5124331607532,"[1.2060451848958573, -1.1137003674573094]",,,,
28,20,1,compoundgamma,20,764.0153342581028,"[9.210340371976184, 2.2419607215667456, -5.709420946740828]",,10.41176706248627,,
28,20,1,logskewnormal,20,763.5124331611543,"[1.206044288075687, -1.1136952789067573, 3.35549559091539e-06]",,,,
28,20,1,gig,20,764.0162638990333,"[-10.404369672643178, -10.871097789786468, 15.064373432456966]",,,-10.404369672643178,1.899950199774254e-05
28,20,2,poisson,20,638.193991313636,[1.5231098289456033],,,,
28,20,2,gamma,20,798.2540460403843,"[1.0351356962295004, -0.5501114609612509]",,,,
28,20,2,gammamix,20,806.4594852176034,"[-1.378020387465158, 3.2549258013662863, 3.1280327634522997, 2.069398681416988, 0.6901514171535391]",2.0,,,
28,20,2,lognormal,20,800.1479147520776,"[1.3978211953417468, -0.5532958631693428]",,,,
28,20,2,compoundgamma,20,801.4285790820252,"[9.210340371976184, 1.0378273619644047, -6.6059660903464765]",,3.8230768224777556,,
28,20,2,logskewnormal,20,801.9476794181753,"[0.8158091165531817, -0.2399875619811921, 2.6405470609799595]",,,,
28,20,2,gig,20,801.4293453800423,"[-3.8224004899600303, -12.77606310042469, 16.073335596533937]",,,-3.8224004899600303,2.8276541836263287e-06
28,20,3,poisson,20,661.5227821848473,[1.245371951848979],,,,
28,20,3,gamma,20,713.2769882556167,"[3.4301328432751697, 2.1281842039631127]",,,,
28,20,3,gammamix,20,713.2769882556167,"[3.4301328432751697, 2.1281842039631127]",1.0,,,
28,20,3,lognormal,20,713.3681029519406,"[1.2845699210974022, -1.7078539771069792]",,,,
28,20,3,compoundgamma,20,713.4290911707909,"[6.984495603183959, 3.4231948343046694, -2.2611021452549913]",,31.667235413601944,,
28,20,3,logskewnormal,20,713.3681029518707,"[1.2845693047024735, -1.7078502062096055, 2.3433436692859693e-06]",,,,
28,20,3,gig,20,713.4327644557432,"[-30.787541118335742, -9.318523319178567, 14.705909436157269]",,,-30.787541118335742,8.974633929936227e-05
28,40,0,poisson,40,11264.734618307315,[1.4740251901324404],,,,
28,40,0,gamma,40,18086.872643934385,"[0.9399467198074397, -0.7790201081939717]",,,,
28,40,0,gammamix,40,18099.4292652742,"[-0.21658136772578485, 3.9407837354871953, 0.9753126302275312, 2.7632422064432007, -1.1537379930280178]",2.0,,,
28,40,0,lognormal,40,18093.712689613876,"[1.5113570727617085, -0.5810577708650242]",,,,
28,40,0,compoundgamma,40,18097.65456720496,"[9.210340371976184, 1.1874333225264804, -6.3656162777449214]",,4.278655148208424,,
28,40,0,logskewnormal,40,18100.969308851116,"[0.9098749563704082, -0.22191449241208386, 6.5711984320083054]",,,,
28,40,0,gig,40,18097.65673385831,"[-4.2778885002698095, -12.36597591939214, 15.903599961891741]",,,-4.2778885002698095,4.261131087652008e-06
28,40,1,poisson,40,879.9127171563774,[1.1783004492718092],,,,
28,40,1,gamma,40,1077.609947912587,"[2.494746730764297, 1.2532289845132991]",,,,
28,40,1,gammamix,40,1088.4520256820247,"[-1.377149754795267, 6.907755278982137, 4.040058345144313, 5.862759309810121, 2.3384737495898733]",2.0,,,
28,40,1,lognormal,40,1078.838953915516,"[1.1986265207466011, -1.274190233793613]",,,,
28,40,1,compoundgamma,40,1079.8066984732395,"[9.210340371976184, 2.5802355896540203, -5.394500573515018]",,14.200247635137194,,
28,40,1,logskewnormal,40,1081.7564480410995,"[0.9044493369232595, -0.9417407473571511, 3.5183080829675637]",,,,
28,40,1,gig,40,1079.8090773351669,"[-14.186236811622624, -10.717347012861541, 15.225264858404705]",,,-14.186236811622624,2.2157223154232392e-05
28,40,2,poisson,40,770.7244935285049,[1.4037320552794683],,,,
28,40,2,gamma,40,998.2484659540063,"[1.2231602030978386, -0.1938044586855981]",,,,
28,40,2,gammamix,40,1014.8457952128427,"[-1.943480534997122, 3.1503082260192787, 3.419674412321112, 2.0144946685110576, 0.9919897082295464]",2.0,,,
28,40,2,lognormal,40,1002.695075799253,"[1.262053681011676, -0.6723271002890715]",,,,
28,40,2,compoundgamma,40,1005.7016600740656,"[9.210340371976184, 1.3567441521822288, -6.467323295986155]",,4.883528517828369,,
28,40,2,logskewnormal,40,1007.8445822691201,"[0.724471332312818, -0.3265234426760121, 4.203306248005863]",,,,
28,40,2,gig,40,1005.7037554866854,"[-4.882444434381056, -12.709388979057614, 16.145286176306886]",,,-4.882444434381056,3.0226126669958847e-06
28,40,3,poisson,40,1083.8460936992988,[1.207553828743642],,,,
28,40,3,gamma,40,1147.7574318221873,"[3.6417853268801923, 2.366666840753094]",,,,
28,40,3,gammamix,40,1147.7574318221873,"[3.6417853268801923, 2.366666840753094]",1.0,,,
28,40,3,lognormal,40,1147.9097521822664,"[1.2611768077548347, -1.8199295391387615]",,,,
28,40,3,compoundgamma,40,1148.024292836522,"[8.861969609741434, 3.6376278654778083, -3.9507744375713916]",,39.00158485160254,,
28,40,3,logskewnormal,40,1147.9097521822664,"[1.261176808079646, -1.8199295035921919, -3.872961572365631e-09]",,,,
28,40,3,gig,40,1148.0255451763514,"[-38.79486684859352, -8.103501214133022, 13.702383337736853]",,,-38.79486684859352,0.0003024782408566242
28,100,0,poisson,100,39173.899945255966,[1.6186557373581587],,,,
28,100,0,gamma,100,89462.54018946562,"[-0.2552070317754702, -2.5201681042189645]",,,,
28,100,0,gammamix,100,89572.02207862888,"[0.28520261513090905, -1.8116073949667557, 5.756867745196101, 2.056258233262584, -0.6357377672727288, 4.693157527713627, 0.38275694253728315, -5.086918398133053]",3.0,,,
28,100,0,lognormal,100,89530.15187995844,"[1.495740202829768, -0.3538689626764238]",,,,
28,100,0,compoundgamma,100,89552.6542204842,"[9.210340371976184, 0.9396092567503392, -6.590583126268133]",,3.5589813182746997,,
28,100,0,logskewnormal,100,89560.07500795597,"[0.8549681136505576, -0.06308097664738048, 13.591765772848921]",,,,
28,100,0,gig,100,89552.66095590904,"[-3.562698537023956, -13.348476719420333, 16.662390160683888]",,,-3.562698537023956,1.5952553836230857e-06
28,100,1,poisson,100,2707.0759596299995,[1.2553604338864257],,,,
28,100,1,gamma,100,3158.090772752946,"[2.406452107825083, 1.0953487919002034]",,,,
28,100,1,gammamix,100,3169.3113892751335,"[-1.3582884394000507, 4.162586247403218, 3.815812049270932, 3.016979386221846, 2.0635765953314844]",2.0,,,
28,100,1,lognormal,100,3160.5371271004383,"[1.2644553077363787, -1.2215702444515182]",,,,
28,100,1,compoundgamma,100,3162.2741902789307,"[9.210340371976184, 2.453444883453489, -5.450415696890813]",,12.628336062856977,,
28,100,1,logskewnormal,100,3165.4566412958006,"[0.9278017569053022, -0.8309318519014849, 4.207900896537428]",,,,
28,100,1,gig,100,3162.2778921560916,"[-12.6161664998744, -10.779125917667706, 15.23114565720048]",,,-12.6161664998744,2.082979972100625e-05
28,100,2,poisson,100,2298.464085021919,[1.190270205713735],,,,
28,100,2,gamma,100,3124.560217191757,"[1.394287300045741, 0.027735824795583397]",,,,
28,100,2,gammamix,100,3144.9893914089926,"[-2.037956651887652, 2.6651600282994807, 2.6712849695663716, 1.5091175368055858, 0.3925858876321374]",2.0,,,
28,100,2,lognormal,100,3132.3300702366705,"[1.2392953184941473, -0.7422155634340831]",,,,
28,100,2,compoundgamma,100,3137.038977443797,"[9.210340371976184, 1.4865728238191558, -6.372479736539059]",,5.421914839219653,,
28,100,2,logskewnormal,100,3140.025161318686,"[0.7240113564029781, -0.3743944905595781, 4.327807960786472]",,,,
28,100,2,gig,100,3137.0423256307704,"[-5.4201526222899625, -12.665540170273369, 16.196150221152084]",,,-5.4201526222899625,3.1580993896898237e-06
28,100,3,poisson,100,2099.7518474162625,[1.2155360139002527],,,,
28,100,3,gamma,100,2229.75543728748,"[3.079242296019031, 1.7826939911896518]",,,,
28,100,3,gammamix,100,2229.75543728748,"[3.079242296019031, 1.7826939911896518]",1.0,,,
28,100,3,lognormal,100,2232.557322793122,"[1.2730940109630924, -1.5394171913985801]",,,,
28,100,3,compoundgamma,100,2234.9163264820127,"[9.210340371976184, 3.0978194493116935, -4.817230087891037]",,23.14960025858227,,
28,100,3,logskewnormal,100,2236.832906053059,"[1.0367782268806056, -1.1572735536795633, 2.9487488499215955]",,,,
28,100,3,gig,100,2234.9243724359662,"[-23.112683755097578, -9.97829037738137, 15.062867202304366]",,,-23.112683755097578,4.639632161648279e-05
28,400,0,poisson,400,395715.0747920268,[2.007865161570719],,,,
28,400,0,gamma,400,709583.7587948235,"[-0.07677594985789325, -2.2363247745457002]",,,,
28,400,0,gammamix,400,709990.487821863,"[0.06045496131561123, -1.0421913483051704, -4.411605231673204, 5.140944428053877, 2.5249473158553895, 0.947922497995759, 2.707600127116825, 4.040221996344003, 0.9118982358074751, -1.7356736146801703, -3.7177748505123476]",4.0,,,
28,400,0,lognormal,400,709830.3931672801,"[1.5308104636235795, -0.4134367284381137]",,,,
28,400,0,compoundgamma,400,709904.8652787937,"[9.210340371976184, 0.9876711964423843, -6.516095014711573]",,3.684974407994944,,
28,400,0,logskewnormal,400,709943.0640837203,"[0.8955181416916956, -0.09227796531109975, 23.80344944559855]",,,,
28,400,0,gig,400,709904.8908733936,"[-3.6847073853410954, -13.328673275770363, 16.715932014778804]",,,-3.6847073853410954,1.6271618196347237e-06
28,400,1,poisson,356,21266.884368929197,[1.3319371984724155],,,,
28,400,1,gamma,356,24343.851208643726,"[2.459283977861572, 1.1346169614442045]",,,,
28,400,1,gammamix,356,24363.263045834847,"[0.3525536509144388, 5.791952968561959, 2.6135343503594064, 4.729132175942024, 1.1457416966882175]",2.0,,,
28,400,1,lognormal,356,24349.295780159264,"[1.28070822657399, -1.2413502382064903]",,,,
28,400,1,compoundgamma,356,24352.371961177745,"[9.210340371976184, 2.4817380402976625, -5.406830301515311]",,12.962036863056706,,
28,400,1,logskewnormal,356,24356.93083555642,"[0.9334581195186304, -0.8165843847447024, 4.664150630432001]",,,,
28,400,1,gig,356,24352.377836447497,"[-12.948029220016402, -10.760827086520813, 15.256311104593381]",,,-12.948029220016402,2.1214469478655767e-05
28,400,2,poisson,400,7016.2940646839215,[1.255202926733493],,,,
28,400,2,gamma,400,8971.659657393455,"[1.6608529283445221, 0.33249013974084884]",,,,
28,400,2,gammamix,400,9076.864022043414,"[-2.0822237154716485, 3.303754952243779, 2.156732674548114, 2.1512810909803672, -0.019352548365861404]",2.0,,,
28,400,2,lognormal,400,9006.216597233677,"[1.23066342185906, -0.8901892639674087]",,,,
28,400,2,compoundgamma,400,9029.075103941603,"[9.210340371976184, 1.8349747423549638, -6.065389314326749]",,7.2649759048997655,,
28,400,2,logskewnormal,400,9050.004987829254,"[0.7876927058587165, -0.5217259374115262, 9.926688920995993]",,,,
28,400,2,gig,400,9029.097549963431,"[-7.2622819379411245, -12.513226319406868, 16.350881505497558]",,,-7.2622819379411245,3.6776877965675575e-06
28,400,3,poisson,400,7891.174314902075,[1.216261731341009],,,,
28,400,3,gamma,400,8831.205986410205,"[3.1391154057538313, 1.8915041223150857]",,,,
28,400,3,gammamix,400,8847.717796754721,"[-0.9394115681137732, 4.334197755607491, 2.8752255697875073, 3.1786381273866358, 1.4313780784657546]",2.0,,,
28,400,3,lognormal,400,8837.800630752723,"[1.2255040881284356, -1.5763824062024954]",,,,
28,400,3,compoundgamma,400,8843.085212067865,"[9.210340371976184, 3.1683582021422723, -4.795666010566829]",,24.768429348601224,,
28,400,3,logskewnormal,400,8850.632939096708,"[0.9796967189172351, -1.1498764330973237, 4.335749821852884]",,,,
28,400,3,gig,400,8843.105622260951,"[-24.718687037212234, -10.238549005765424, 15.344270767070482]",,,-24.718687037212234,3.57647063933912e-05
29,10,0,poisson,10,1276.7679964403367,[1.4451771256765469],,,,
29,10,0,gamma,10,1333.0715147038245,"[3.074077434846706, 1.793027334460659]",,,,
29,10,0,gammamix,10,1333.0715147038245,"[3.074077434846706, 1.793027334460659]",1.0,,,
29,10,0,lognormal,10,1333.1694609068534,"[1.2580258275860594, -1.553423124119844]",,,,
29,10,0,compoundgamma,10,1333.2344384991627,"[9.210340371976184, 3.126916007932551, -4.80310720350861]",,23.803545036534928,,
29,10,0,logskewnormal,10,1333.1694609068625,"[1.2580261469760523, -1.5534235196820025, 5.3903662578497485e-08]",,,,
29,10,0,gig,10,1333.2347105037652,"[-23.754541635920557, -8.839349829487897, 13.937584951661242]",,,-23.754541635920557,0.00014491693677855618
29,10,1,poisson,10,363.60219436366924,[1.5585287163804442],,,,
29,10,1,gamma,10,379.5466880964794,"[2.460434697732636, 1.0051687498665214]",,,,
29,10,1,gammamix,10,379.5466880964794,"[2.460434697732636, 1.0051687498665214]",1.0,,,
29,10,1,lognormal,10,379.2878215950642,"[1.4133103204398814, -1.217587949275516]",,,,
29,10,1,compoundgamma,10,379.54612044122683,"[2.4613998128500945, 9.21024036697585, 8.20411220428918]",,10000.0,,
29,10,1,logskewnormal,10,379.2878215950948,"[1.4133111077668095, -1.217588443819286, 1.8591029469658175e-07]",,,,
29,10,1,gig,10,379.5466880972191,"[11.71015010622257, -10.382388179103264, -12.080725752370345]",,,11.71015010622257,3.097320199512265e-05
29,10,2,poisson,10,278.23957740451243,[1.5171739356961198],,,,
29,10,2,gamma,10,301.45027640597914,"[1.9915756468716872, 0.5243388937622625]",,,,
29,10,2,gammamix,10,301.45027640597914,"[1.9915756468716872, 0.5243388937622625]",1.0,,,
29,10,2,lognormal,10,301.6646329111227,"[1.3989867507975065, -1.0019415977727257]",,,,
29,10,2,compoundgamma,10,301.7810703590612,"[9.210340371976184, 1.9709565866645216, -5.770010871023695]",,8.177539143689945,,
29,10,2,logskewnormal,10,301.6646329111227,"[1.3989867507975065, -1.0019415977727257, 0.0]",,,,
29,10,2,gig,10,301.7812772332573,"[-8.007045184831018, 0.35762431744482204, 3.7635324745348524]",,,-8.007045184831018,1.4299283204339484
29,10,3,poisson,10,161.89802970011317,[1.1499055830556602],,,,
29,10,3,gamma,10,166.37725453668293,"[3.6527931962877545, 2.3651216258074443]",,,,
29,10,3,gammamix,10,166.37725453668293,"[3.6527931962877545, 2.3651216258074443]",1.0,,,
29,10,3,lognormal,10,166.4339563005619,"[1.2745981414256533, -1.815080227643395]",,,,
29,10,3,compoundgamma,10,166.48378757953768,"[9.210340371976184, 3.6104917497534914, -4.311922381418191]",,37.98423533243962,,
29,10,3,logskewnormal,10,166.43395630056227,"[1.2745981567256788, -1.8150805765498945, 1.8242278712706755e-07]",,,,
29,10,3,gig,10,166.48417157643772,"[-37.84189524158109, -9.30564123438381, 14.89335186865454]",,,-37.84189524158109,9.090993794910045e-05
29,20,0,poisson,20,1722.3183652476048,[1.4070712279006392],,,,
29,20,0,gamma,20,1808.6231945232778,"[2.2226034427721584, 0.8664011752002275]",,,,
29,20,0,gammamix,20,1808.6231945232778,"[2.2226034427721584, 0.8664011752002275]",1.0,,,
29,20,0,lognormal,20,1809.5768305347888,"[1.3035523140622312, -1.1364482001740668]",,,,
29,20,0,compoundgamma,20,1810.2604606929065,"[9.210340371976184, 2.2986071543836357, -5.5558292223712975]",,10.96029962906662,,
29,20,0,logskewnormal,20,1809.5768305353258,"[1.3035504095157322, -1.136443865486602, -4.877288655296217e-07]",,,,
29,20,0,gig,20,1810.2615681985733,"[-10.953157472984184, -11.33107170704766, 15.678005844360174]",,,-10.953157472984184,1.199438772635336e-05
29,20,1,poisson,20,694.6455584465987,[1.542268195508664],,,,
29,20,1,gamma,20,717.6141135644643,"[2.6512676479617223, 1.2054549288171732]",,,,
29,20,1,gammamix,20,717.6141135644643,"[2.6512676479617223, 1.2054549288171732]",1.0,,,
29,20,1,lognormal,20,717.1700795943843,"[1.4110695034752996, -1.3179998446479133]",,,,
29,20,1,compoundgamma,20,717.6129203503349,"[2.6524578896786424, 9.21024036697585, 8.003599661960035]",,10000.0,,
29,20,1,logskewnormal,20,717.170079594614,"[1.411069616898267, -1.3180045439094705, 3.0362231772057633e-06]",,,,
29,20,1,gig,20,717.6141135651103,"[14.172196603284398, -10.283273503705809, -12.181888935035559]",,,14.172196603284398,3.420039023072107e-05
29,20,2,poisson,20,526.3941450010996,[1.2802950718855695],,,,
29,20,2,gamma,20,640.3656496611575,"[1.66658060971878, 0.16553068327068055]",,,,
29,20,2,gammamix,20,645.2544436114172,"[-0.11299993099647743, 6.907755278982137, 2.0138586595096557, 5.814644096757226, 0.19776426048135826]",2.0,,,
29,20,2,lognormal,20,641.3631405433574,"[1.4043891486391955, -0.8532663702740367]",,,,
29,20,2,compoundgamma,20,642.0632102369758,"[9.210340371976184, 1.6778829574001335, -6.0360198150556545]",,6.354208875939101,,
29,20,2,logskewnormal,20,641.3631405433574,"[1.4043891486391955, -0.8532663702740367, 0.0]",,,,
29,20,2,gig,20,642.0639840001065,"[-6.3516158599374215, -12.055517274317094, 15.922497498118094]",,,-6.3516158599374215,5.8123983561534044e-06
29,20,3,poisson,20,245.41799432510976,[1.1680945166610341],,,,
29,20,3,gamma,20,257.9650094711728,"[2.903054252031643, 1.640597699872854]",,,,
29,20,3,gammamix,20,257.9650094711728,"[2.903054252031643, 1.640597699872854]",1.0,,,
29,20,3,lognormal,20,258.02164545470634,"[1.2357715199714698, -1.4522878736149503]",,,,
29,20,3,compoundgamma,20,258.0331282895947,"[9.197480226425052, 2.9030121386737036, -5.03039936808766]",,19.228970945237847,,
29,20,3,logskewnormal,20,258.0216454546995,"[1.2357705989872225, -1.452288675955823, 5.427466160911685e-06]",,,,
29,20,3,gig,20,258.04156821208795,"[-10.056856563775831, 2.7267625308815524, 1.839841392974176]",,,-10.056856563775831,15.283327538615625
29,40,0,poisson,40,3835.5435005362233,[1.4814288314969528],,,,
29,40,0,gamma,40,4515.450431205099,"[1.1588653091204666, -0.4808301693452881]",,,,
29,40,0,gammamix,40,4525.697119984872,"[-0.5359197982945941, 3.33315780082637, 1.3467484939235466, 2.127391552369492, -0.7724226735492142]",2.0,,,
29,40,0,lognormal,40,4519.631242075824,"[1.4755341985096733, -0.6316942792380511]",,,,
29,40,0,compoundgamma,40,4522.38954473108,"[9.210340371976184, 1.2340166207804066, -6.360630914916858]",,4.434998952689592,,
29,40,0,logskewnormal,40,4525.195758782228,"[0.8821303975366066, -0.25005187052499117, 5.418872729603347]",,,,
29,40,0,gig,40,4522.391388769981,"[-4.434299640018535, -12.693686518144478, 16.236359162420214]",,,-4.434299640018535,3.0704497210738864e-06
29,40,1,poisson,40,1232.1079567011056,[1.456505356317564],,,,
29,40,1,gamma,40,1305.6553997004694,"[2.632516714939382, 1.2326251645844464]",,,,
29,40,1,gammamix,40,1305.6553997004694,"[2.632516714939382, 1.2326251645844464]",1.0,,,
29,40,1,lognormal,40,1305.5678919186828,"[1.3637486026776358, -1.315266478873307]",,,,
29,40,1,compoundgamma,40,1305.6551766589348,"[2.6339005601972927, 9.21024036697585, 7.976230393995713]",,10000.0,,
29,40,1,logskewnormal,40,1305.5678919186826,"[1.3637485697259597, -1.3152665522861702, 2.9584784531221e-07]",,,,
29,40,1,gig,40,1305.6767034403954,"[8.595416739281744, 2.3451729908912613, 0.6349291104012912]",,,8.595416739281744,10.435077744818098
29,40,2,poisson,40,890.6523982291095,[1.3128389175374462],,,,
29,40,2,gamma,40,1056.6253201640611,"[1.8111094034757889, 0.40311279213983137]",,,,
29,40,2,gammamix,40,1064.8654597434163,"[-0.48472035538058095, 6.907755278982137, 2.112576660778897, 5.806806479122026, 0.34832156504672745]",2.0,,,
29,40,2,lognormal,40,1058.527860493467,"[1.3244745333002168, -0.9287571291104428]",,,,
29,40,2,compoundgamma,40,1059.837215083605,"[9.210340371976184, 1.8494132532469165, -5.958534383897904]",,7.356089013685771,,
29,40,2,logskewnormal,40,1061.300040762355,"[0.9010656613336095, -0.5739652977125916, 3.3041609630288296]",,,,
29,40,2,gig,40,1059.8387795074425,"[-7.352568761174533, -11.76676857401532, 15.711163364165925]",,,-7.352568761174533,7.758135106212516e-06
29,40,3,poisson,40,451.84087087989394,[1.1991365671572913],,,,
29,40,3,gamma,40,472.01188816117315,"[3.1436434980017856, 1.89376321688824]",,,,
29,40,3,gammamix,40,472.01188816117315,"[3.1436434980017856, 1.89376321688824]",1.0,,,
29,40,3,lognormal,40,471.9759368808627,"[1.2287521465581261, -1.5768352597701611]",,,,
29,40,3,compoundgamma,40,472.01162414940126,"[3.143698143485986, 8.516991627650311, 6.62323203064413]",,4999.992282733425,,
29,40,3,logskewnormal,40,471.97593688080167,"[1.2287522623898717, -1.5768373760468926, 5.250963841421936e-08]",,,,
29,40,3,gig,40,472.0119459973124,"[22.229280470910165, 1.8608877940883788, -0.704951577099252]",,,22.229280470910165,6.429442259234539
29,100,0,poisson,100,35015.49690314885,[1.7281545687728508],,,,
29,100,0,gamma,100,51749.312955413996,"[0.827326148810772, -0.9454810393116746]",,,,
29,100,0,gammamix,100,51794.222858458954,"[-0.7323266297418922, -1.7308021628798334, 3.978355541925993, 3.437696599764453, 2.030925504440457, 2.8041251828697495, 1.5812912903566094, -0.9453983528163691]",3.0,,,
29,100,0,lognormal,100,51764.97036460351,"[1.5389761429472661, -0.5012551221630828]",,,,
29,100,0,compoundgamma,100,51774.40565403133,"[9.210340371976184, 0.9821152335918352, -6.511929294176605]",,3.670098154153858,,
29,100,0,logskewnormal,100,51783.82650259367,"[0.8864256394384784, -0.12807044766215672, 10.625743893885746]",,,,
29,100,0,gig,100,51774.41034987386,"[-3.6667281580176745, -12.77541123209309, 16.165968075551504]",,,-3.6667281580176745,2.829498042752744e-06
29,100,1,poisson,100,3696.252092831102,[1.4305978672916009],,,,
29,100,1,gamma,100,4287.3177320154955,"[2.3111325406734946, 0.9903882728891609]",,,,
29,100,1,gammamix,100,4287.3177320154955,"[2.3111325406734946, 0.9903882728891609]",1.0,,,
29,100,1,lognormal,100,4288.424816117102,"[1.2696668262381317, -1.1616204069055258]",,,,
29,100,1,compoundgamma,100,4288.81300557138,"[9.210340371976184, 2.3016527077250197, -5.590046748615286]",,10.990680492670569,,
29,100,1,logskewnormal,100,4288.42481611743,"[1.2696661544639114, -1.1616215841576758, -1.6775599999362786e-07]",,,,
29,100,1,gig,100,4288.8573848780625,"[-8.01434843417437, 1.9150112384133027, 2.2380039443701794]",,,-8.01434843417437,6.787015071851177
29,100,2,poisson,100,1968.074098833164,[1.357961822268673],,,,
29,100,2,gamma,100,2631.510489867235,"[1.3589229928018125, -0.03612307366994657]",,,,
29,100,2,gammamix,100,2666.304973119728,"[-0.8026137420670232, 6.907755278982137, 1.223626420403369, 5.834278671112079, -0.653976377457999]",2.0,,,
29,100,2,lognormal,100,2642.846987879819,"[1.2609488045516704, -0.7551891205436203]",,,,
29,100,2,compoundgamma,100,2650.1542224330988,"[9.210340371976184, 1.5585851641538937, -6.287774929702127]",,5.752093055019652,,
29,100,2,logskewnormal,100,2656.814976858772,"[0.770782742281409, -0.40658626388192004, 6.610047911391069]",,,,
29,100,2,gig,100,2650.159953559294,"[-5.750611975894215, -12.934574420997103, 16.54996190994719]",,,-5.750611975894215,2.4131576954851474e-06
29,100,3,poisson,100,1673.0255099304445,[1.2217102451537827],,,,
29,100,3,gamma,100,1780.2227944979245,"[2.991866622139202, 1.7305612612604075]",,,,
29,100,3,gammamix,100,1780.2227944979245,"[2.991866622139202, 1.7305612612604075]",1.0,,,
29,100,3,lognormal,100,1781.2452170183235,"[1.2361538531279783, -1.5006124438195005]",,,,
29,100,3,compoundgamma,100,1782.0201718815267,"[9.210340371976184, 3.0086147285286846, -4.940726906666339]",,21.259315825439515,,
29,100,3,logskewnormal,100,1783.0524582539229,"[1.0058265552622658, -1.1570298280400613, 2.3754424507491696]",,,,
29,100,3,gig,100,1782.022933379997,"[-21.217092302531302, -9.954698376103522, 14.915376542190627]",,,-21.217092302531302,4.750391752549598e-05
29,400,0,poisson,400,593787.4791863783,[2.434626197306041],,,,
29,400,0,gamma,400,1628452.7352877096,"[-0.2760247920190106, -2.5967737760482854]",,,,
29,400,0,gammamix,400,1628902.3315071783,"[0.7011013970814014, -0.19758117992956548, -3.360274835560442, 6.534118766644421, 2.941716982137445, 1.0668053696879245, -0.43253323572928265, 5.461726257092156, 1.5101795741166637, -1.3947409698997504, -6.705689208963144]",4.0,,,
29,400,0,lognormal,400,1628742.9691306062,"[1.5343318423161953, -0.3907408604885849]",,,,
29,400,0,compoundgamma,400,1628822.8591032715,"[9.210340371976184, 0.9672439195953587, -6.528382925036513]",,3.630684082008866,,
29,400,0,logskewnormal,400,1628857.0445522957,"[0.899137844901765, -0.0804370545285509, 24.352962341442407]",,,,
29,400,0,gig,400,1628822.8854522393,"[-3.633328365199442, -12.535025613199021, 15.91054845992354]",,,-3.633328365199442,3.598384320158513e-06
29,400,1,poisson,356,12101.467928363974,[1.3966393945710907],,,,
29,400,1,gamma,356,14121.809878275064,"[2.369416416541401, 1.0469903018829028]",,,,
29,400,1,gammamix,356,14134.7945480278,"[0.7460280231472995, 6.907755278982137, 2.4387837867560154, 5.8643093970084035, 1.010057177884768]",2.0,,,
29,400,1,lognormal,356,14126.493816779184,"[1.274597297251423, -1.1931536978887747]",,,,
29,400,1,compoundgamma,356,14128.547054897965,"[9.210340371976184, 2.375222778285448, -5.514592456128512]",,11.753408545167867,,
29,400,1,logskewnormal,356,14129.51401763511,"[0.9588093852546667, -0.84104500730547, 2.248343028027258]",,,,
29,400,1,gig,356,14128.54993381508,"[-11.741591767185287, -10.143124382237907, 14.530920377449435]",,,-11.741591767185287,3.9345679641147435e-05
29,400,2,poisson,400,8199.998936850388,[1.372101417472904],,,,
29,400,2,gamma,400,10685.343835653359,"[1.5292476732913955, 0.16344719852968786]",,,,
29,400,2,gammamix,400,10804.09739141975,"[-1.6901914739208186, 3.490496777860372, 1.5193181274167211, 2.3398080495077607, -0.5726333464078691]",2.0,,,
29,400,2,lognormal,400,10726.28957950771,"[1.2539940231223512, -0.8402090283227086]",,,,
29,400,2,compoundgamma,400,10752.175067802682,"[9.210340371976184, 1.743729483223059, -6.125847739813369]",,6.7186312409890565,,
29,400,2,logskewnormal,400,10775.270814517677,"[0.7989169615409454, -0.48372732897085674, 10.54824470429566]",,,,
29,400,2,gig,400,10752.198038795652,"[-6.716475964722908, -13.132912551837968, 16.910164274301756]",,,-6.716475964722908,1.979012545921898e-06
29,400,3,poisson,400,9637.46597355048,[1.138036981488305],,,,
29,400,3,gamma,400,10125.97553026464,"[3.399677815710907, 2.182667597573729]",,,,
29,400,3,gammamix,400,10141.17703687233,"[-0.023856904206960405, 6.907755278982137, 3.509396687991639, 5.837891357659252, 2.1695913384468666]",2.0,,,
29,400,3,lognormal,400,10129.177496219147,"[1.2001782897888738, -1.7060552835370502]",,,,
29,400,3,compoundgamma,400,10131.830325612207,"[9.210340371976184, 3.4271170501933224, -4.566783554634365]",,31.787755129270074,,
29,400,3,logskewnormal,400,10140.727478534624,"[0.9872147852220303, -1.2957996936965843, 7.783983616853815]",,,,
29,400,3,gig,400,10131.844944159388,"[-31.701993001207413, -9.30750981000115, 14.641422229711909]",,,-31.701993001207413,9.074022446629339e-05
30,10,0,poisson,10,3460.110155924592,[2.0035122261962273],,,,
30,10,0,gamma,10,4457.355156250571,"[0.7820834846250384, -1.2671051265894002]",,,,
30,10,0,gammamix,10,4457.355156250571,"[0.7820834846250384, -1.2671051265894002]",1.0,,,
30,10,0,lognormal,10,4457.7062292617975,"[1.8020035220053199, -0.3507129694352812]",,,,
30,10,0,compoundgamma,10,4457.875743480677,"[9.210340371976184, 0.33447754052467654, -6.758136886315367]",,2.3972102087826794,,
30,10,0,logskewnormal,10,4457.7062292617975,"[1.8020035220053199, -0.3507129694352812, 0.0]",,,,
30,10,0,gig,10,4458.008988503684,"[-1.061904176900677, 0.43339910564817674, 2.333424505642614]",,,-1.061904176900677,1.542491715024564
30,10,1,poisson,10,322.114910516186,[1.103440883274305],,,,
30,10,1,gamma,10,412.6255104618514,"[2.703632706247486, 1.3115899529462403]",,,,
30,10,1,gammamix,10,412.6255104618514,"[2.703632706247486, 1.3115899529462403]",1.0,,,
30,10,1,lognormal,10,412.72437020677876,"[1.3554236581183248, -1.3538824488190115]",,,,
30,10,1,compoundgamma,10,412.78050283904446,"[9.210340371976184, 2.6887359130703508, -5.135191934056641]",,15.713065566490453,,
30,10,1,logskewnormal,10,412.72437020677876,"[1.3554236581183248, -1.3538824488190115, 0.0]",,,,
30,10,1,gig,10,412.78095470909744,"[-14.495345079302902, 1.7228953168213648, 3.002445885634004]",,,-14.495345079302902,5.600720873243538
30,10,2,poisson,10,261.9745491129915,[1.4754529022014364],,,,
30,10,2,gamma,10,310.0604395132178,"[1.7172856356872637, 0.32118097014640895]",,,,
30,10,2,gammamix,10,310.0604395132178,"[1.7172856356872637, 0.32118097014640895]",1.0,,,
30,10,2,lognormal,10,311.03455416288836,"[1.3030842250253156, -0.9263032347056881]",,,,
30,10,2,compoundgamma,10,311.754180335004,"[9.210340371976184, 1.9236667882447838, -5.911492343449712]",,7.846015390761766,,
30,10,2,logskewnormal,10,311.0345541628945,"[1.303084656638509, -0.9263032416875919, 1.363786508197423e-07]",,,,
30,10,2,gig,10,311.75501993972466,"[-7.843248195177488, -12.976059160852774, 16.96763529978424]",,,-7.843248195177488,2.3150965596759132e-06
30,10,3,poisson,10,131.626488065704,[1.3111737306517826],,,,
30,10,3,gamma,10,135.33827078636907,"[3.155626949159205, 1.8327327061528176]",,,,
30,10,3,gammamix,10,135.33827078636907,"[3.155626949159205, 1.8327327061528176]",1.0,,,
30,10,3,lognormal,10,135.4889121680123,"[1.3011150097183413, -1.5722513462103644]",,,,
30,10,3,compoundgamma,10,135.6178274150008,"[9.210340371976184, 3.1343496292732915, -4.753407755603663]",,23.973689567072874,,
30,10,3,logskewnormal,10,135.4889121680123,"[1.3011150097183413, -1.5722513462103644, 0.0]",,,,
30,10,3,gig,10,135.61840035120096,"[-23.925778054645324, -10.564171781406596, 15.712160650909302]",,,-23.925778054645324,2.5824890542311733e-05
30,20,0,poisson,20,9037.472769694394,[1.9859778278086835],,,,
30,20,0,gamma,20,10692.729007826558,"[1.0599894712475983, -0.8462232061351918]",,,,
30,20,0,gammamix,20,10692.729007826558,"[1.0599894712475983, -0.8462232061351918]",1.0,,,
30,20,0,lognormal,20,10693.585121635499,"[1.7220228519055305, -0.5152962906379013]",,,,
30,20,0,compoundgamma,20,10693.904935323353,"[9.210340371976184, 0.7959572146287859, -6.484355675537436]",,3.216561706946257,,
30,20,0,logskewnormal,20,10693.585121641872,"[1.7220272294265166, -0.5152794082137557, 2.0863057870245586e-06]",,,,
30,20,0,gig,20,10694.009159819623,"[-1.9887913060124287, 0.6644802656922579, 2.510233295309504]",,,-1.9887913060124287,1.9434801654828566
30,20,1,poisson,20,3295.990846431092,[1.4779569092852514],,,,
30,20,1,gamma,20,4203.572217799135,"[2.2525733968950883, 0.8169435605422196]",,,,
30,20,1,gammamix,20,4203.572217799135,"[2.2525733968950883, 0.8169435605422196]",1.0,,,
30,20,1,lognormal,20,4204.257683866687,"[1.3798759511420977, -1.1501598743994565]",,,,
30,20,1,compoundgamma,20,4204.72533140609,"[9.210340371976184, 2.302237825771345, -5.480817538677959]",,10.996527930675821,,
30,20,1,logskewnormal,20,4204.257683866864,"[1.379874924737178, -1.1501574905652308, -2.592690639288414e-07]",,,,
30,20,1,gig,20,4204.72620093191,"[-10.98732177576462, -10.697659605426526, 15.11940080014251]",,,-10.98732177576462,2.259776375610904e-05
30,20,2,poisson,20,546.6539679603019,[1.344892093350348],,,,
30,20,2,gamma,20,779.4291432428656,"[1.1039598154023966, -0.3682005575448272]",,,,
30,20,2,gammamix,20,793.1536457754412,"[-1.7346010543094355, 3.790602898978154, 5.688782780107632, 2.6649385332726836, 3.2281166095445664]",2.0,,,
30,20,2,lognormal,20,781.6926677569633,"[1.2965441496339396, -0.6123075303243957]",,,,
30,20,2,compoundgamma,20,783.2961470132069,"[9.210340371976184, 1.231503554493983, -6.542311521017666]",,4.426377410418743,,
30,20,2,logskewnormal,20,784.1123770784578,"[0.7672801862183352, -0.32155001067427713, 2.892339279247748]",,,,
30,20,2,gig,20,783.2971919480244,"[-4.42707710123907, -13.12431373184892, 16.485595959368958]",,,-4.42707710123907,1.9961030925215093e-06
30,20,3,poisson,20,183.9930445216355,[1.063402151799323],,,,
30,20,3,gamma,20,195.52845141547127,"[3.154785380459232, 1.9625143886083158]",,,,
30,20,3,gammamix,20,195.52845141547127,"[3.154785380459232, 1.9625143886083158]",1.0,,,
30,20,3,lognormal,20,195.88737928924925,"[1.1709938756362643, -1.576523770643514]",,,,
30,20,3,compoundgamma,20,196.20906059826186,"[9.210340371976184, 3.15707031709671, -4.860836465331952]",,24.501642612150317,,
30,20,3,logskewnormal,20,195.8873792893112,"[1.1709940142336723, -1.5765265773071457, -8.405324798747608e-08]",,,,
30,20,3,gig,20,196.2104859516324,"[-24.45533808710726, -10.61331259449969, 15.653987280416201]",,,-24.45533808710726,2.4586511104475503e-05
30,40,0,poisson,40,18939.504951535415,[1.9243291826029976],,,,
30,40,0,gamma,40,24428.41849562859,"[0.9335863222456754, -0.8450258971470306]",,,,
30,40,0,gammamix,40,24442.11873615924,"[-0.41086188567276694, 3.5441709380482846, 1.308995020794344, 2.3388735170689974, -0.9718439613315933]",2.0,,,
30,40,0,lognormal,40,24432.798198906858,"[1.5691093839999877, -0.513140405349464]",,,,
30,40,0,compoundgamma,40,24435.811403557127,"[9.210340371976184, 0.951831623398098, -6.508238512140247]",,3.590450045604487,,
30,40,0,logskewnormal,40,24440.042259031237,"[0.8995007768134906, -0.13114751229654456, 7.301258538594556]",,,,
30,40,0,gig,40,24435.81317381544,"[-3.590378578948031, -11.83179308933283, 15.226952475255175]",,,-3.590378578948031,7.269717762894004e-06
30,40,1,poisson,40,3382.857536052636,[1.4318725310931488],,,,
30,40,1,gamma,40,4339.929712875127,"[2.41289571505206, 1.0754732889119667]",,,,
30,40,1,gammamix,40,4339.929712875127,"[2.41289571505206, 1.0754732889119667]",1.0,,,
30,40,1,lognormal,40,4341.294621970073,"[1.2899315964356053, -1.241009741825727]",,,,
30,40,1,compoundgamma,40,4342.210012930026,"[9.210340371976184, 2.5147732878285747, -5.3670399560307915]",,13.3638054361707,,
30,40,1,logskewnormal,40,4342.651843075599,"[1.014674588453497, -0.953843212268354, 1.9308636534955335]",,,,
30,40,1,gig,40,4342.211882187863,"[-13.35066521902873, -10.872268034453171, 15.407642483449896]",,,-13.35066521902873,1.897728093643484e-05
30,40,2,poisson,40,870.3926902613293,[1.3535307434042767],,,,
30,40,2,gamma,40,1169.207683984206,"[1.3602850667925623, -0.05508202209342082]",,,,
30,40,2,gammamix,40,1192.7225579798278,"[-2.1972245759082907, 3.5999349438304593, 5.344539070453986, 2.42209543976953, 2.8489255182784046]",2.0,,,
30,40,2,lognormal,40,1174.0770301785003,"[1.28069661289058, -0.7605404054720708]",,,,
30,40,2,compoundgamma,40,1177.4874052650846,"[9.210340371976184, 1.5922979603995366, -6.238256136136676]",,5.915030506518673,,
30,40,2,logskewnormal,40,1179.986819451603,"[0.8165300013150378, -0.4483000319307171, 4.206191803966121]",,,,
30,40,2,gig,40,1177.4902099638875,"[-5.913871945868491, -12.973592865816325, 16.638563409809052]",,,-5.913871945868491,2.320813317537977e-06
30,40,3,poisson,40,495.49894359601166,[1.1175282124278965],,,,
30,40,3,gamma,40,533.2052179917818,"[2.9523890020999244, 1.740873989340072]",,,,
30,40,3,gammamix,40,533.2052179917818,"[2.9523890020999244, 1.740873989340072]",1.0,,,
30,40,3,lognormal,40,533.2254585191788,"[1.186166322326798, -1.4777197292783018]",,,,
30,40,3,compoundgamma,40,533.2133630238305,"[4.114113230613069, 3.334302955721615, 0.4326635521738136]",,29.058818167076193,,
30,40,3,logskewnormal,40,533.2254585105918,"[1.1861691879093479, -1.4776959550092088, -2.0670877393935423e-05]",,,,
30,40,3,gig,40,533.2241581894247,"[5.111110494564463, 2.8876519827735185, 0.9119201362561493]",,,5.111110494564463,17.951110562067875
30,100,0,poisson,100,39529.17791018118,[1.6236755164825607],,,,
30,100,0,gamma,100,54243.47099067236,"[0.4022586902594744, -1.5490980255519957]",,,,
30,100,0,gammamix,100,54302.274425069525,"[-0.8228983196014927, 3.3752663849352698, 0.49627813724697223, 2.1295932168128426, -2.223635764219939]",2.0,,,
30,100,0,lognormal,100,54268.53577302088,"[1.5812709453080822, -0.3421418526061273]",,,,
30,100,0,compoundgamma,100,54283.259002003,"[9.210340371976184, 0.6914356489182932, -6.706638819740145]",,2.996579864386751,,
30,100,0,logskewnormal,100,54296.14915080096,"[0.891391596135038, -0.020426755479844547, 13.666721115398785]",,,,
30,100,0,gig,100,54283.26464700888,"[-2.99641023309451, -13.082065236395913, 16.27879786464475]",,,-2.99641023309451,2.082242257657199e-06
30,100,1,poisson,100,4774.504444590572,[1.423121627489416],,,,
30,100,1,gamma,100,5828.934502564404,"[2.478625020913516, 1.1348978479280085]",,,,
30,100,1,gammamix,100,5828.934502564404,"[2.478625020913516, 1.1348978479280085]",1.0,,,
30,100,1,lognormal,100,5830.639104997761,"[1.300420658595378, -1.2536226924920535]",,,,
30,100,1,compoundgamma,100,5831.611728957624,"[9.210340371976184, 2.5070855645229724, -5.362990543115825]",,13.269120343701372,,
30,100,1,logskewnormal,100,5832.259857420408,"[1.0034162493535839, -0.9084379521367881, 2.264455485191489]",,,,
30,100,1,gig,100,5831.613695832982,"[-13.254315617814049, -10.871504965983512, 15.410797046240903]",,,-13.254315617814049,1.8991767427546676e-05
30,100,2,poisson,100,2530.757928799469,[1.4219336326774705],,,,
30,100,2,gamma,100,3517.72844537451,"[1.2830943150165899, -0.13587111909826605]",,,,
30,100,2,gammamix,100,3564.0558747198306,"[-0.8071943732111246, -2.001907265465901, 6.907755278982137, 4.199061162375427, 2.236558510981553, 5.874855112746968, 2.7208390177258988, -0.3265606588258003]",3.0,,,
30,100,2,lognormal,100,3531.8282148071385,"[1.273714972772236, -0.7423734283687103]",,,,
30,100,2,compoundgamma,100,3540.7074020701207,"[9.210340371976184, 1.566603378640999, -6.267769852999044]",,5.790349525726864,,
30,100,2,logskewnormal,100,3547.5662207560813,"[0.7878279240143049, -0.40570901987083724, 6.924910073455989]",,,,
30,100,2,gig,100,3540.7140301620675,"[-5.7890483634525545, -12.996690126196683, 16.632118867103536]",,,-5.7890483634525545,2.26782320699689e-06
30,100,3,poisson,100,1766.146204576675,[1.1138054130147996],,,,
30,100,3,gamma,100,1879.0861429070462,"[3.1677641325994905, 1.9512285421124471]",,,,
30,100,3,gammamix,100,1879.0861429070462,"[3.1677641325994905, 1.9512285421124471]",1.0,,,
30,100,3,lognormal,100,1879.7773048994814,"[1.195537249306783, -1.5949919926244305]",,,,
30,100,3,compoundgamma,100,1880.2734989484513,"[9.210340371976184, 3.2112895383625535, -4.783152097311926]",,25.811060418407244,,
30,100,3,logskewnormal,100,1879.7773048994782,"[1.1955372386697818, -1.5949917709024783, -5.736585592722465e-09]",,,,
30,100,3,gig,100,1880.2755327217023,"[-25.75404849129677, -9.017441457371742, 14.135475196893163]",,,-25.75404849129677,0.00012127601949787347
30,400,0,poisson,400,872415.5025529749,[2.3559246865186654],,,,
30,400,0,gamma,400,2110339.551367303,"[-0.3694791797748069, -2.7728367470048383]",,,,
30,400,0,gammamix,400,2110820.6261069025,"[0.33617450899006907, -0.7605107246601466, -3.5320076733811545, 6.541715053472693, 2.537777608017005, 1.0622324786721087, -0.49304451888746936, 5.461746670498764, 1.0016033732130885, -1.4963606616896639, -6.830529178555888]",4.0,,,
30,400,0,lognormal,400,2110647.579612458,"[1.5283095544311285, -0.3710271319157653]",,,,
30,400,0,compoundgamma,400,2110731.550959115,"[9.210340371976184, 0.9425830958477949, -6.555404926912231]",,3.5666026436495932,,
30,400,0,logskewnormal,400,2110766.009368127,"[0.8871263004954277, -0.06361973353448136, 25.155329251743627]",,,,
30,400,0,gig,400,2110731.5768280504,"[-3.5665004380286605, -13.01115834111696, 16.35913941870151]",,,-3.5665004380286605,2.2352480736937255e-06
30,400,1,poisson,356,16069.209992760334,[1.462449924967202],,,,
30,400,1,gamma,356,18343.487026403225,"[2.4200564753824816, 1.101452442150351]",,,,
30,400,1,gammamix,356,18365.525217488983,"[0.1976282964003726, 6.230829225672145, 2.5466869607224325, 5.161931649473455, 1.067794397821801]",2.0,,,
30,400,1,lognormal,356,18349.205630189055,"[1.2729467689956067, -1.2227339792449365]",,,,
30,400,1,compoundgamma,356,18352.4739268016,"[9.210340371976184, 2.4458145424857363, -5.448872731729875]",,12.539945547551202,,
30,400,1,logskewnormal,356,18357.633506936167,"[0.9244419658474134, -0.806627837128657, 4.6757979598967125]",,,,
30,400,1,gig,356,18352.480041747454,"[-12.527036824496621, -10.919780744270753, 15.37327461677629]",,,-12.527036824496621,1.8096703845298018e-05
30,400,2,poisson,400,8665.865540219127,[1.3028540413860044],,,,
30,400,2,gamma,400,12539.035215956961,"[1.4529910901596919, 0.08305430205817547]",,,,
30,400,2,gammamix,400,12684.635662536208,"[-0.5914685842508481, -1.543260979382488, 6.907755278982137, 3.798853013997618, 1.702449817129702, 5.870317151516564, 2.455079892765697, -0.5561124301926905]",3.0,,,
30,400,2,lognormal,400,12585.856068214904,"[1.248579187707516, -0.8127262178447411]",,,,
30,400,2,compoundgamma,400,12615.40860268236,"[9.210340371976184, 1.6986167997593205, -6.172696709681887]",,6.466381060459463,,
30,400,2,logskewnormal,400,12640.951164403894,"[0.7862784559738978, -0.46115542413529464, 11.351109732471098]",,,,
30,400,2,gig,400,12615.433631708223,"[-6.464533893369707, -12.943571045217725, 16.674009194012218]",,,-6.464533893369707,2.391544789886257e-06
30,400,3,poisson,400,5896.62652344348,[1.1223087370816511],,,,
30,400,3,gamma,400,6525.417115520308,"[2.993198162482277, 1.7623775799274055]",,,,
30,400,3,gammamix,400,6540.193863447779,"[0.34210319786676746, 6.41428827333054, 2.9033055985481955, 5.348774617998352, 1.5756527756240772]",2.0,,,
30,400,3,lognormal,400,6530.330246433086,"[1.2054865135000528, -1.5051795137728043]",,,,
30,400,3,compoundgamma,400,6533.947674650726,"[9.210340371976184, 3.0245114137864997, -4.9560911034554955]",,21.58394522207734,,
30,400,3,logskewnormal,400,6538.671409216326,"[0.9536302445429752, -1.1101342736675188, 3.54408467484298]",,,,
30,400,3,gig,400,6533.959681195793,"[-21.545058745928237, -9.400724520011607, 14.346227594111953]",,,-21.545058745928237,8.266415202259301e-05
31,10,0,poisson,10,13667.633032775142,[2.4077281937146093],,,,
31,10,0,gamma,10,35185.351900347334,"[-1.103375696553738, -4.93744343547726]",,,,
31,10,0,gammamix,10,35185.351900347334,"[-1.103375696553738, -4.93744343547726]",1.0,,,
31,10,0,lognormal,10,35191.07388025896,"[1.7883114209643876, 0.37529426374833397]",,,,
31,10,0,compoundgamma,10,35195.05627165573,"[9.210340371976184, -1.0883511754498092, -7.549922938777383]",,1.3367713129898682,,
31,10,0,logskewnormal,10,35194.46769593601,"[0.6415188883596901, 0.5397712927284134, 3.9767789385543706]",,,,
31,10,0,gig,10,35195.05675051418,"[-1.336682352295771, -14.754873068510257, 17.108384884239896]",,,-1.336682352295771,3.908769358750478e-07
31,10,1,poisson,10,75.46993760059631,[1.2039728043259361],,,,
31,10,1,gamma,10,79.02824778800233,"[3.2253578691805154, 1.9654944677034134]",,,,
31,10,1,gammamix,10,79.02824778800233,"[3.2253578691805154, 1.9654944677034134]",1.0,,,
31,10,1,lognormal,10,79.0964213040546,"[1.2393336448825287, -1.593994747978264]",,,,
31,10,1,compoundgamma,10,79.15042359827429,"[9.210340371976184, 3.151553215474086, -4.798784745439133]",,24.37233868100833,,
31,10,1,logskewnormal,10,79.0964213040546,"[1.2393336448825287, -1.593994747978264, 0.0]",,,,
31,10,1,gig,10,79.15067023612791,"[-24.316303338591084, -9.871433660741555, 14.973732968349507]",,,-24.316303338591084,5.162865755129087e-05
31,10,2,poisson,10,166.4607024507501,[1.0240099094837372],,,,
31,10,2,gamma,10,166.45762376487255,"[13.815510557964274, 12.79147956912398]",,,,
31,10,2,gammamix,10,166.45762376487255,"[13.815510557964274, 12.79147956912398]",1.0,,,
31,10,2,lognormal,10,166.4607021577037,"[1.0240099097000632, -11.539375115574105]",,,,
31,10,2,compoundgamma,10,166.0848159650983,"[9.210340371976184, 9.21024036697585, 1.0280624220068746]",,10000.0,,
31,10,2,logskewnormal,10,166.46070215770385,"[1.0240099097008735, -11.539375115574144, 6.296826885362307e-18]",,,,
31,10,2,gig,10,166.4308720711997,"[-7.670682517631672, 11.512925463426273, 1.0242965536083295]",,,-7.670682517631672,99999.99984560443
31,10,3,poisson,10,13524.276757544685,[1.171466855459907],,,,
31,10,3,gamma,10,13524.239072689787,"[13.815510557964274, 12.644029071290912]",,,,
31,10,3,gammamix,10,13524.239072689787,"[13.815510557964274, 12.644029071290912]",1.0,,,
31,10,3,lognormal,10,13524.276718231722,"[1.1714581434056734, -10.399271702760355]",,,,
31,10,3,compoundgamma,10,13522.894071536866,"[9.210340371976184, 9.21024036697585, 1.1742245934544893]",,10000.0,,
31,10,3,logskewnormal,10,13524.276721236349,"[1.1714672286275092, -10.399377339027936, -2.3532092534919767e-05]",,,,
31,10,3,gig,10,13523.98818860433,"[-9.25354606598569, 11.51292546477972, 1.1717025144586533]",,,-9.25354606598569,99999.99998094914
31,20,0,poisson,20,13525.464389186827,[2.2511992959469778],,,,
31,20,0,gamma,20,35793.320637352546,"[-0.9173645291305541, -4.149584436854036]",,,,
31,20,0,gammamix,20,35823.44385390476,"[-2.1004440003676086, 2.6365809906014803, -0.7348117935791765, 1.308361047516184, -6.0403423024960405]",2.0,,,
31,20,0,lognormal,20,35807.560631436354,"[1.584036484413973, 0.09088830889706868]",,,,
31,20,0,compoundgamma,20,35815.346094726134,"[9.209910722354271, 0.12627730084605734, -7.1193553767323134]",,2.1345967493027334,,
31,20,0,logskewnormal,20,35815.109988469485,"[0.740221613399495, 0.28214936796635515, 5.868920773563295]",,,,
31,20,0,gig,20,35815.34742740396,"[-2.134992279372814, -14.549288869256406, 17.333175484857506]",,,-2.134992279372814,4.800916233617856e-07
31,20,1,poisson,20,144.15170775411985,[1.1626994444177425],,,,
31,20,1,gamma,20,150.90422431190416,"[3.0398301081952677, 1.8493652806896699]",,,,
31,20,1,gammamix,20,150.90422431190416,"[3.0398301081952677, 1.8493652806896699]",1.0,,,
31,20,1,lognormal,20,151.12677056473052,"[1.166994580266439, -1.5085752669485433]",,,,
31,20,1,compoundgamma,20,151.30992186489695,"[9.210340371976184, 2.998138734982938, -5.019689753759534]",,21.048187185626173,,
31,20,1,logskewnormal,20,151.12677056472359,"[1.1669946060604857, -1.5085760580427265, 4.810509852124215e-08]",,,,
31,20,1,gig,20,151.31061202941152,"[-21.010152483539507, -9.976493415209223, 14.858393725415327]",,,-21.010152483539507,4.647976900479965e-05
31,20,2,poisson,20,353.5212129758728,[1.0470859367309366],,,,
31,20,2,gamma,20,467.6283744972248,"[1.7331965567899248, 0.46369539927388204]",,,,
31,20,2,gammamix,20,467.6283744972248,"[1.7331965567899248, 0.46369539927388204]",1.0,,,
31,20,2,lognormal,20,470.7202594003025,"[1.1757468496367816, -0.9912128132646866]",,,,
31,20,2,compoundgamma,20,472.9590434795854,"[9.210340371976184, 2.1608918624498776, -5.81805532133887]",,9.678874570156426,,
31,20,2,logskewnormal,20,474.47616796010954,"[0.8462139236586282, -0.7525587929122032, 3.333215655289468]",,,,
31,20,2,gig,20,472.9619616550909,"[-9.6764819818767, -11.39266170530725, 15.477788655955676]",,,-9.6764819818767,1.1277942789919109e-05
31,20,3,poisson,20,13681.427443216717,[1.1716744979950402],,,,
31,20,3,gamma,20,13684.682183336163,"[4.0697575341798045, 2.8056234284271717]",,,,
31,20,3,gammamix,20,13684.682183336163,"[4.0697575341798045, 2.8056234284271717]",1.0,,,
31,20,3,lognormal,20,13684.77561765733,"[1.2558496791465752, -2.0161880366356]",,,,
31,20,3,compoundgamma,20,13684.85903215942,"[7.339629357564469, 4.030697291151259, -2.0436639801260097]",,57.30015516332988,,
31,20,3,logskewnormal,20,13684.775617657333,"[1.255849521692182, -2.016188017432246, -1.6729212808779403e-08]",,,,
31,20,3,gig,20,13684.86543653169,"[-55.26240288357324, -6.4807935190025745, 12.433044699178978]",,,-55.26240288357324,0.001532594054175495
31,40,0,poisson,40,18011.546444314823,[2.0881794613529983],,,,
31,40,0,gamma,40,41818.1932300108,"[-0.6143040387927501, -3.3485575736026885]",,,,
31,40,0,gammamix,40,41867.342852578025,"[-2.763636564908836, 1.9822447626377222, -0.6279770462222034, 0.4892070965590699, -5.870989112014881]",2.0,,,
31,40,0,lognormal,40,41847.78950623234,"[1.573961080686912, -0.16369337198055012]",,,,
31,40,0,compoundgamma,40,41860.16971573298,"[9.210340371976184, 0.6574136981910413, -6.74030403141064]",,2.929794842784081,,
31,40,0,logskewnormal,40,41860.58336899975,"[0.823833143090883, 0.10118598895018903, 7.7509384555184635]",,,,
31,40,0,gig,40,41860.17240793565,"[-2.9299677204029893, -14.371664287000598, 17.5349017843154]",,,-2.9299677204029893,5.734103192839731e-07
31,40,1,poisson,40,571.4903334654322,[1.2829160066660557],,,,
31,40,1,gamma,40,615.9914767296411,"[2.746462668839931, 1.475739727382861]",,,,
31,40,1,gammamix,40,615.9914767296411,"[2.746462668839931, 1.475739727382861]",1.0,,,
31,40,1,lognormal,40,616.5511277800715,"[1.23815547867796, -1.3797660359276516]",,,,
31,40,1,compoundgamma,40,616.9462705507283,"[9.210340371976184, 2.760921528027445, -5.1797481997185075]",,16.81440965715085,,
31,40,1,logskewnormal,40,616.5511277799906,"[1.2381553157545626, -1.3797631836363757, -9.054782187470886e-08]",,,,
31,40,1,gig,40,616.9474068138985,"[-16.79093050224036, -10.074134205100368, 14.796386288211645]",,,-16.79093050224036,4.2155971746730126e-05
31,40,2,poisson,40,451.745185267623,[1.054617964607378],,,,
31,40,2,gamma,40,561.5853834523101,"[2.2516664544263794, 1.0564082881606203]",,,,
31,40,2,gammamix,40,561.5853834523101,"[2.2516664544263794, 1.0564082881606203]",1.0,,,
31,40,2,lognormal,40,566.7507142016126,"[1.139752505604017, -1.2372516698362344]",,,,
31,40,2,compoundgamma,40,570.4273758536068,"[9.210340371976184, 2.654519619741715, -5.38158575983397]",,15.21815429790627,,
31,40,2,logskewnormal,40,573.3237007031577,"[0.8745874295977709, -0.9744812566043464, 4.100275898093504]",,,,
31,40,2,gig,40,570.434679978167,"[-15.210675024985747, -11.18219593862834, 15.703548631442542]",,,-15.210675024985747,1.3919832465869066e-05
31,40,3,poisson,40,13863.486212986714,[1.171824478372251],,,,
31,40,3,gamma,40,13867.417367559217,"[4.2589972302287284, 3.0283450493724158]",,,,
31,40,3,gammamix,40,13867.417367559217,"[4.2589972302287284, 3.0283450493724158]",1.0,,,
31,40,3,lognormal,40,13867.547564157776,"[1.223806189317516, -2.112463017648215]",,,,
31,40,3,compoundgamma,40,13867.671441914696,"[9.210340371976184, 4.198652335179219, -3.780142228069343]",,67.59652074923243,,
31,40,3,logskewnormal,40,13867.547564158038,"[1.2238066469034499, -2.1124630503400703, -1.4495500082237802e-05]",,,,
31,40,3,gig,40,13867.673101876775,"[-67.16065690966812, -7.452809888886964, 13.569588080234201]",,,-67.16065690966812,0.0005798101190998418
31,100,0,poisson,100,51534.175546474595,[2.172483688177703],,,,
31,100,0,gamma,100,114540.34501713792,"[-0.5435149246327214, -3.1684655859230455]",,,,
31,100,0,gammamix,100,114667.6046623694,"[-0.3184408948861762, -2.237160680833505, 3.76543319825806, 2.1321607205597397, -0.6006641360902262, 2.569031337494576, 0.34472198180063834, -5.708083788366305]",3.0,,,
31,100,0,lognormal,100,114613.53553770736,"[1.5555287721957092, -0.2070622362293524]",,,,
31,100,0,compoundgamma,100,114642.9477834034,"[9.210340371976184, 0.7333553592737496, -6.698618125132577]",,3.0820549427915265,,
31,100,0,logskewnormal,100,114647.19074160671,"[0.848081156571384, 0.06355911787523247, 13.26170068628622]",,,,
31,100,0,gig,100,114642.95488103296,"[-3.0819971889905275, -14.061916685894124, 17.26673025484354]",,,-3.0819971889905275,7.81604728947321e-07
31,100,1,poisson,100,7215.748627085327,[1.5607513698387727],,,,
31,100,1,gamma,100,7950.01730191697,"[2.611426818195009, 1.3068122639576165]",,,,
31,100,1,gammamix,100,7950.01730191697,"[2.611426818195009, 1.3068122639576165]",1.0,,,
31,100,1,lognormal,100,7951.323008375993,"[1.2677214542487372, -1.317814664991951]",,,,
31,100,1,compoundgamma,100,7952.11833336625,"[9.179223186869338, 2.6404872809294773, -5.23506361781572]",,15.02003363854928,,
31,100,1,logskewnormal,100,7952.639304717568,"[1.011252070646075, -1.0117585064444408, 1.8980115662738342]",,,,
31,100,1,gig,100,7952.120334925533,"[-15.019103917520509, -9.624471857062336, 14.261666522658276]",,,-15.019103917520509,6.609140452124383e-05
31,100,2,poisson,100,1564.6642265133885,[1.1359749914411563],,,,
31,100,2,gamma,100,2122.673482533026,"[1.6863067006414856, 0.3671350630462076]",,,,
31,100,2,gammamix,100,2171.9680146834394,"[-2.75153285284833, 3.6038568455310687, 5.391832173154974, 2.43668455396158, 2.8968536646109584]",2.0,,,
31,100,2,lognormal,100,2134.8284674651345,"[1.222708548782088, -0.9350179809947048]",,,,
31,100,2,compoundgamma,100,2143.4056196088777,"[9.210340371976184, 1.9847853499081842, -5.935131312199702]",,8.277485104941618,,
31,100,2,logskewnormal,100,2152.1397325883654,"[0.8361374969624553, -0.618286353678519, 7.486317961269287]",,,,
31,100,2,gig,100,2143.4153539631266,"[-8.274892305070782, -12.366995136923547, 16.334975160953906]",,,-8.274892305070782,4.256790280632926e-06
31,100,3,poisson,100,14382.395056650765,[1.1683983169605627],,,,
31,100,3,gamma,100,14426.868182156099,"[3.5982747173147076, 2.3824233143847926]",,,,
31,100,3,gammamix,100,14426.868182156099,"[3.5982747173147076, 2.3824233143847926]",1.0,,,
31,100,3,lognormal,100,14427.050956531473,"[1.2023985527618972, -1.7977979560057837]",,,,
31,100,3,compoundgamma,100,14427.179423408556,"[9.026573906275086, 3.596569339187463, -4.213658586334198]",,37.47289343913297,,
31,100,3,logskewnormal,100,14427.050956611609,"[1.2023893973990731, -1.7977978666659695, -1.2101574800489636e-06]",,,,
31,100,3,gig,100,14427.180406733103,"[-37.31496587134035, -7.699944236521627, 13.20166397023105]",,,-37.31496587134035,0.0004528524348096778
31,400,0,poisson,400,156658.89650292537,[1.6654216851985548],,,,
31,400,0,gamma,400,272302.83199064375,"[0.07331353091015555, -1.98242440837012]",,,,
31,400,0,gammamix,400,272667.04356922413,"[-0.41115327751901454, -0.064747168378263, -1.3504583430423707, 6.11704913654059, 5.89399249899449, 2.26139512997693, -0.2806256793088599, 5.0475755324853635, 4.5715725896267285, 0.45451217747313233, -4.045531509599741]",4.0,,,
31,400,0,lognormal,400,272514.11963807495,"[1.5232997536974144, -0.4204172496486228]",,,,
31,400,0,compoundgamma,400,272587.1123933189,"[9.210340371976184, 0.9923613303284962, -6.520180418204911]",,3.6975968748405643,,
31,400,0,logskewnormal,400,272629.5566752555,"[0.8966901508856354, -0.10208585959606335, 24.996167536076463]",,,,
31,400,0,gig,400,272587.13939829415,"[-3.6974295622046767, -13.977895612733475, 17.361102072958147]",,,-3.6974295622046767,8.501138011366662e-07
31,400,1,poisson,356,14789.68118114143,[1.3924970457562547],,,,
31,400,1,gamma,356,16705.308163488542,"[2.521037575379455, 1.2171601596135941]",,,,
31,400,1,gammamix,356,16725.906081390625,"[-0.16010656181716498, 4.936609422734969, 2.982310575209968, 3.868800822829721, 1.4635098253736027]",2.0,,,
31,400,1,lognormal,356,16710.624845448572,"[1.26253906176263, -1.2696725966709224]",,,,
31,400,1,compoundgamma,356,16713.86032548454,"[9.210340371976184, 2.535462591462911, -5.373452232541121]",,13.622268451348237,,
31,400,1,logskewnormal,356,16719.920025099334,"[0.9189791704604364, -0.8323147983795106, 5.4981298684909445]",,,,
31,400,1,gig,356,16713.867454399595,"[-13.608910685478095, -10.04903233442872, 14.57800179560673]",,,-13.608910685478095,4.3227558648463967e-05
31,400,2,poisson,400,6477.458345788897,[1.2393650768925353],,,,
31,400,2,gamma,400,8490.412914870465,"[1.6405465552199359, 0.31396327371446314]",,,,
31,400,2,gammamix,400,8633.100200249697,"[-1.005497519646863, -1.8828006753880089, 6.907755278982137, 4.594253489453303, 2.137648177896239, 5.859169990293236, 3.2099388219648226, -0.10686485244037494]",3.0,,,
31,400,2,lognormal,400,8531.30066316592,"[1.22669002930543, -0.8945909734582552]",,,,
31,400,2,compoundgamma,400,8558.71368709114,"[9.210340371976184, 1.8671326678505191, -6.039644667894788]",,7.469718945019634,,
31,400,2,logskewnormal,400,8585.257381923724,"[0.8026085030661109, -0.545997926349766, 11.564688797362926]",,,,
31,400,2,gig,400,8558.741348007505,"[-7.4671917314537195, -12.769869148801568, 16.63330838869661]",,,-7.4671917314537195,2.8452228905383357e-06
31,400,3,poisson,400,23180.95247956705,[1.1840342368971661],,,,
31,400,3,gamma,400,23556.706625723087,"[3.179257034051415, 1.9593635700967313]",,,,
31,400,3,gammamix,400,23571.81096838191,"[-2.1163371080025715, 3.860925995054588, 2.519352276892949, 2.682820571507011, 1.0065174254332845]",2.0,,,
31,400,3,lognormal,400,23561.65463912878,"[1.1989407357922806, -1.5987382488827282]",,,,
31,400,3,compoundgamma,400,23565.452118917525,"[9.210340371976184, 3.216026311317465, -4.775221972967048]",,25.928863561488384,,
31,400,3,logskewnormal,400,23561.654639128785,"[1.198940691784976, -1.5987382906005108, -1.0252438953838315e-08]",,,,
31,400,3,gig,400,23565.46707129322,"[-25.87299254535555, -9.366242308263033, 14.492262216875615]",,,-25.87299254535555,8.556430937959194e-05
32,10,0,poisson,10,193.13521667423987,[1.2101580159676169],,,,
32,10,0,gamma,10,232.25707230040211,"[1.7719969747400655, 0.4076922988797224]",,,,
32,10,0,gammamix,10,236.97211676065155,"[-0.6480776254159255, 6.907755278982137, 2.0312781114787652, 5.872488371049591, 0.23950376507711477]",2.0,,,
32,10,0,lognormal,10,233.04872329786676,"[1.2770856657712584, -0.9267238279294286]",,,,
32,10,0,compoundgamma,10,233.65645973986148,"[9.210340371976184, 1.8771247088008685, -5.980909702460806]",,7.534688691285969,,
32,10,0,logskewnormal,10,233.04872329787042,"[1.2770859869280022, -0.9267239824794304, 1.0143458641896441e-07]",,,,
32,10,0,gig,10,233.65720683000575,"[-7.531728157990201, -12.444601674786725, 16.366712620298493]",,,-7.531728157990201,3.938929095442778e-06
32,10,1,poisson,10,97.74361845660425,[1.1618271828751725],,,,
32,10,1,gamma,10,103.77637149681688,"[3.3282000526556357, 2.159354053984207]",,,,
32,10,1,gammamix,10,103.77637149681688,"[3.3282000526556357, 2.159354053984207]",1.0,,,
32,10,1,lognormal,10,103.79604694077034,"[1.150289515622149, -1.660683568720629]",,,,
32,10,1,compoundgamma,10,103.8016875735958,"[9.210340371976184, 3.3120392328475927, -4.730240172468617]",,28.4410270981451,,
32,10,1,logskewnormal,10,103.79604694077034,"[1.150289515622149, -1.660683568720629, 0.0]",,,,
32,10,1,gig,10,103.80685030238388,"[-12.161459225651335, 3.203994291842451, 1.6178709488935619]",,,-12.161459225651335,24.630716243671436
32,10,2,poisson,10,143.6872729836457,[1.3637652480598623],,,,
32,10,2,gamma,10,157.78553679237058,"[2.1018996333242588, 0.7339402952377909]",,,,
32,10,2,gammamix,10,157.78553679237058,"[2.1018996333242588, 0.7339402952377909]",1.0,,,
32,10,2,lognormal,10,158.1723616031334,"[1.305952630340652, -1.0673072661702965]",,,,
32,10,2,compoundgamma,10,158.4589064239213,"[9.210340371976184, 2.134231737890404, -5.711008322938423]",,9.45055177361942,,
32,10,2,logskewnormal,10,158.17236160313956,"[1.305952249162069, -1.0673068558899894, -1.0460270046392815e-07]",,,,
32,10,2,gig,10,158.45936461526054,"[-9.444412337283346, -12.45897512813979, 16.650726243712686]",,,-9.444412337283346,3.882718023186882e-06
32,10,3,poisson,10,58.60910188908399,[1.171371642950538],,,,
32,10,3,gamma,10,59.27690657773462,"[4.0914258423729954, 2.9124906541841318]",,,,
32,10,3,gammamix,10,59.27690657773462,"[4.0914258423729954, 2.9124906541841318]",1.0,,,
32,10,3,lognormal,10,59.248712734848496,"[1.1705668256241255, -2.062316672727748]",,,,
32,10,3,compoundgamma,10,59.27657048145815,"[4.097337001547051, 9.21024036697585, 6.291837389012176]",,10000.0,,
32,10,3,logskewnormal,10,59.24871273485001,"[1.1705668133479448, -2.062315584773622, -1.4947671559456348e-08]",,,,
32,10,3,gig,10,59.27690657774781,"[59.82503734372931, -7.405892977696559, -11.01152921454524]",,,59.82503734372931,0.0006076612549676996
32,20,0,poisson,20,769.8199830109737,[1.4517722904993977],,,,
32,20,0,gamma,20,1147.8345431055939,"[0.697271858439923, -1.0900644867570581]",,,,
32,20,0,gammamix,20,1159.8257951796134,"[-0.4140527232687071, -0.8274583398910483, 6.907755278982137, 6.907755278982137, 0.5923599131910481, 5.842119676084924, 5.308072008009843, -2.0626779709724645]",3.0,,,
32,20,0,lognormal,20,1152.3675882498212,"[1.5167577842560922, -0.49304055077581616]",,,,
32,20,0,compoundgamma,20,1154.9618903105472,"[9.210340371976184, 1.0484852681250287, -6.479701502616072]",,3.8533258194878983,,
32,20,0,logskewnormal,20,1155.7356136635296,"[0.9008822239497639, -0.1849990525799087, 3.670488147611178]",,,,
32,20,0,gig,20,1154.9630647601814,"[-3.8528759866775513, -13.674074583379841, 17.097689399008033]",,,-3.8528759866775513,1.1519267493109103e-06
32,20,1,poisson,20,158.36581914824018,[1.1375897646813555],,,,
32,20,1,gamma,20,168.43126415236304,"[3.0580577767209185, 1.9105811878699672]",,,,
32,20,1,gammamix,20,168.43126415236304,"[3.0580577767209185, 1.9105811878699672]",1.0,,,
32,20,1,lognormal,20,168.68221119007018,"[1.1241325904156043, -1.5255738413457727]",,,,
32,20,1,compoundgamma,20,168.88851841552002,"[9.210340371976184, 3.0466246596230544, -5.015387572266105]",,22.04419309546346,,
32,20,1,logskewnormal,20,168.68221119019935,"[1.1241336145003986, -1.525573587100812, -3.0499711533448935e-07]",,,,
32,20,1,gig,20,168.88931508900637,"[-22.003513942597298, -9.402139586934414, 14.288305390254374]",,,-22.003513942597298,8.254725944028297e-05
32,20,2,poisson,20,149.6536554435527,[1.1995382072580703],,,,
32,20,2,gamma,20,166.1866414665102,"[2.5438683138038134, 1.3154621652530825]",,,,
32,20,2,gammamix,20,173.19510088350987,"[-2.195568944284945, 6.358500208179434, 5.524781564489491, 5.25419146305295, 3.5731099088664706]",2.0,,,
32,20,2,lognormal,20,167.18976526399524,"[1.1872640920545026, -1.2907299213535413]",,,,
32,20,2,compoundgamma,20,168.02234617860088,"[9.210340371976184, 2.612711224863688, -5.374890924806849]",,14.635970963369312,,
32,20,2,logskewnormal,20,168.7120178367249,"[0.9252856581444209, -1.0070448034646355, 2.161804492407304]",,,,
32,20,2,gig,20,168.02434491298717,"[-14.622912395521011, -12.29152751076187, 16.819153371823603]",,,-14.622912395521011,4.590472900525898e-06
32,20,3,poisson,20,286.4704395434377,[1.247170353359308],,,,
32,20,3,gamma,20,290.17011315750733,"[3.9346928491357707, 2.6985637019023767]",,,,
32,20,3,gammamix,20,290.17011315750733,"[3.9346928491357707, 2.6985637019023767]",1.0,,,
32,20,3,lognormal,20,290.07197541920556,"[1.2266663241873903, -1.9792428111970468]",,,,
32,20,3,compoundgamma,20,290.1691218412914,"[3.939667228269336, 9.21024036697585, 6.506703320836241]",,10000.0,,
32,20,3,logskewnormal,20,290.07197541920635,"[1.2266663802909605, -1.9792428190014797, 6.18523677025858e-09]",,,,
32,20,3,gig,20,290.1701131576625,"[51.14688219648438, -7.571097224205224, -10.962816729775637]",,,51.14688219648438,0.0005151269286831585
32,40,0,poisson,40,21983.54516727135,[2.229092316184242],,,,
32,40,0,gamma,40,59080.15401090544,"[-0.6672439760991888, -3.4754732821143466]",,,,
32,40,0,gammamix,40,59140.02738987536,"[0.3628031206072534, -1.9816218342767296, 6.907755278982137, 2.410246838916882, -0.2886977792619874, 5.865324240589361, 0.7296251582044293, -5.736428753502685]",3.0,,,
32,40,0,lognormal,40,59109.23918952205,"[1.5740024972856403, -0.11247939781670069]",,,,
32,40,0,compoundgamma,40,59121.977498843706,"[9.172989142017641, 0.5409845945420567, -6.793986356025259]",,2.7176972652197384,,
32,40,0,logskewnormal,40,59123.769731668646,"[0.8345922137686814, 0.12507037274733357, 9.810557847398842]",,,,
32,40,0,gig,40,59121.98041227505,"[-2.7116430547748065, -13.910485433918138, 16.980421368422917]",,,-2.7116430547748065,9.093957818828002e-07
32,40,1,poisson,40,992.0426868641647,[1.233421808673921],,,,
32,40,1,gamma,40,1079.570640990864,"[2.68209041541755, 1.4131454704805362]",,,,
32,40,1,gammamix,40,1079.570640990864,"[2.68209041541755, 1.4131454704805362]",1.0,,,
32,40,1,lognormal,40,1079.9705216025618,"[1.234140342246683, -1.3492883628829475]",,,,
32,40,1,compoundgamma,40,1080.1942735169334,"[9.210340371976184, 2.6988363756138334, -5.243864036327731]",,15.862427376011855,,
32,40,1,logskewnormal,40,1079.9705216027405,"[1.2341404543505523, -1.349291228056854, 3.85147349106265e-08]",,,,
32,40,1,gig,40,1080.1948655479166,"[-15.84079422223237, -9.588115697138367, 14.246282600120503]",,,-15.84079422223237,6.8538447201357e-05
32,40,2,poisson,40,483.0544512368351,[1.3136717215823606],,,,
32,40,2,gamma,40,584.0469362480359,"[1.751438594304603, 0.4157067322937873]",,,,
32,40,2,gammamix,40,599.755225729691,"[-2.2022099353255586, 3.891396973509898, 2.2787353726590567, 2.7295620523286073, 0.016822203317631845]",2.0,,,
32,40,2,lognormal,40,588.2573802836481,"[1.245227376484095, -0.9427564908539922]",,,,
32,40,2,compoundgamma,40,591.2956423062034,"[9.210340371976184, 1.9646336809657043, -5.931928574951521]",,8.13229941452584,,
32,40,2,logskewnormal,40,594.1291988160873,"[0.8494630605819258, -0.6179856936957616, 4.456158040872809]",,,,
32,40,2,gig,40,591.2991523956181,"[-8.129427260777097, -12.570607437338351, 16.54174591486917]",,,-8.129427260777097,3.4725983598845405e-06
32,40,3,poisson,40,416.2922235483371,[1.2255104136231512],,,,
32,40,3,gamma,40,421.14325807443765,"[4.0984971552182206, 2.880178379928642]",,,,
32,40,3,gammamix,40,421.14325807443765,"[4.0984971552182206, 2.880178379928642]",1.0,,,
32,40,3,lognormal,40,421.04719507472885,"[1.2100133281023866, -2.0589901411776523]",,,,
32,40,3,compoundgamma,40,421.1421265922068,"[4.104472837144591, 9.21024036697585, 6.324084212118811]",,10000.0,,
32,40,3,logskewnormal,40,421.04719507472885,"[1.2100133281023866, -2.0589901411776523, 0.0]",,,,
32,40,3,gig,40,421.1432580744888,"[60.24974458974792, -7.562257326514059, -11.135584092551778]",,,60.24974458974792,0.0005197007844543871
32,100,0,poisson,100,301420.9050989162,[2.5976852931921073],,,,
32,100,0,gamma,100,394430.54691405175,"[-0.2622208004726771, -2.5929263254724013]",,,,
32,100,0,gammamix,100,394534.79430908745,"[0.1695263742021217, -1.2311953805497269, 5.314704533838259, 2.5240226331720366, -0.49460798413411944, 4.208896633789066, 0.8990603740029873, -4.520419379378109]",3.0,,,
32,100,0,lognormal,100,394492.9709910134,"[1.5558084494831896, -0.29649979358832]",,,,
32,100,0,compoundgamma,100,394515.42013480735,"[9.210340371976184, 0.7877019186924666, -6.654679572622044]",,3.1983386559253146,,
32,100,0,logskewnormal,100,394523.4278457557,"[0.8830961642406026, -0.009063455770312806, 13.284889845600746]",,,,
32,100,0,gig,100,394515.42661254166,"[-3.199749806301145, -12.810070506150957, 16.059340079677682]",,,-3.199749806301145,2.7331097181248607e-06
32,100,1,poisson,100,2640.819299624021,[1.320060513831538],,,,
32,100,1,gamma,100,2959.6024880093278,"[2.417038947063369, 1.093203672020589]",,,,
32,100,1,gammamix,100,2959.6024880093278,"[2.417038947063369, 1.093203672020589]",1.0,,,
32,100,1,lognormal,100,2960.9275059665893,"[1.2774044490048084, -1.210613901853186]",,,,
32,100,1,compoundgamma,100,2961.619762672809,"[9.210340371976184, 2.398099180374341, -5.490859697080287]",,12.002243212031866,,
32,100,1,logskewnormal,100,2960.9275059665897,"[1.2774044105848852, -1.2106138910180202, -9.135527258756296e-09]",,,,
32,100,1,gig,100,2961.6210713263054,"[-11.989751855006404, -9.744654468102159, 14.156145262878868]",,,-11.989751855006404,5.860711407795e-05
32,100,2,poisson,100,1372.3762164565703,[1.2925551516641591],,,,
32,100,2,gamma,100,1677.4058888035484,"[1.624457261949727, 0.2761154507262839]",,,,
32,100,2,gammamix,100,1713.7364061880758,"[-1.4129412390076126, 4.716863182243531, 1.708566578907, 3.613065996307329, -0.2909172335173918]",2.0,,,
32,100,2,lognormal,100,1686.853179046533,"[1.2462511695695717, -0.8703162392439451]",,,,
32,100,2,compoundgamma,100,1693.59270051252,"[9.210340371976184, 1.7934482596834596, -6.0888490276183385]",,7.010141303590521,,
32,100,2,logskewnormal,100,1701.7263881389938,"[0.8105644912295675, -0.5219547790943423, 7.458632457158822]",,,,
32,100,2,gig,100,1693.5995915624535,"[-7.007880442406714, -13.35133437466308, 17.165581422011762]",,,-7.007880442406714,1.5907032010945212e-06
32,100,3,poisson,100,5234.558557560761,[1.2000442755211054],,,,
32,100,3,gamma,100,5326.094902159803,"[3.674288367992564, 2.458945780298936]",,,,
32,100,3,gammamix,100,5326.094902159803,"[3.674288367992564, 2.458945780298936]",1.0,,,
32,100,3,lognormal,100,5326.456739514264,"[1.2028870250588495, -1.8467620441952228]",,,,
32,100,3,compoundgamma,100,5326.737248465517,"[9.210340371976184, 3.7168821865122292, -4.278143910986866]",,42.13593977647506,,
32,100,3,logskewnormal,100,5326.456739499331,"[1.202887267916842, -1.8467865438616622, -2.2523108258114334e-07]",,,,
32,100,3,gig,100,5326.739198705824,"[-41.97937521040557, -8.132974326689752, 13.754504309056918]",,,-41.97937521040557,0.0002936933604196943
32,400,0,poisson,400,381028.4122133702,[2.0161706084924464],,,,
32,400,0,gamma,400,557199.8232765147,"[0.31214931750468805, -1.616767496150041]",,,,
32,400,0,gammamix,400,557509.3385758626,"[0.04338089198334105, -0.8458957083402269, -4.049244191450308, 5.229817935720916, 2.802783367529747, 1.0468949187707444, -0.16934105723465273, 4.119772082185015, 1.2618566573808465, -1.5509741630531326, -5.459168122024942]",4.0,,,
32,400,0,lognormal,400,557368.7413492365,"[1.5208787951071934, -0.46486304656308663]",,,,
32,400,0,compoundgamma,400,557429.6633692668,"[9.210340371976184, 1.033444745462078, -6.48736282689531]",,3.810731431725006,,
32,400,0,logskewnormal,400,557470.947190484,"[0.8993410228738187, -0.13166385845021877, 20.264144077010076]",,,,
32,400,0,gig,400,557429.6884748421,"[-3.81058381717109, -12.88052850442152, 16.296563844304288]",,,-3.81058381717109,2.5471677446917877e-06
32,400,1,poisson,356,22344.48815818886,[1.3445033635243426],,,,
32,400,1,gamma,356,25361.5195568043,"[2.4036249508158196, 1.0824609237170055]",,,,
32,400,1,gammamix,356,25380.9646224018,"[0.35572868206381636, 5.664059360101664, 2.546247634737992, 4.608564397041985, 1.077100747407042]",2.0,,,
32,400,1,lognormal,356,25366.38498962189,"[1.2747591214059648, -1.2072611347256188]",,,,
32,400,1,compoundgamma,356,25368.954972183168,"[9.210340371976184, 2.3992655991801066, -5.491688582373181]",,12.015083922787388,,
32,400,1,logskewnormal,356,25372.438446342443,"[0.9204994978282464, -0.7857668892809038, 3.764756625952348]",,,,
32,400,1,gig,356,25368.959642221373,"[-12.01284278682344, -9.752920190081726, 14.164466698574097]",,,-12.01284278682344,5.8124680544426356e-05
32,400,2,poisson,400,5919.221207563516,[1.2249542510380238],,,,
32,400,2,gamma,400,7617.437069992317,"[1.6769382488462656, 0.3405994653061452]",,,,
32,400,2,gammamix,400,7744.490810389212,"[-0.5183166021589587, -1.779106247761601, 6.907755278982137, 3.8773594893564525, 2.6196033672412473, 5.872284403990849, 2.5253326442430395, 0.35858478189953147]",3.0,,,
32,400,2,lognormal,400,7653.124834663768,"[1.2401631863623357, -0.9008275913776917]",,,,
32,400,2,compoundgamma,400,7677.332117941101,"[9.210340371976184, 1.8635305959153088, -6.029591925947527]",,7.446456473679052,,
32,400,2,logskewnormal,400,7702.49709710726,"[0.8121639746376866, -0.5443435165830616, 11.284216882719525]",,,,
32,400,2,gig,400,7677.356978931219,"[-7.443730515955729, -12.647864629590572, 16.52132452886167]",,,-7.443730515955729,3.2144167576596733e-06
32,400,3,poisson,400,9764.322663440309,[1.1627143039117516],,,,
32,400,3,gamma,400,10352.628664435055,"[3.2093350261174525, 1.9651244345889243]",,,,
32,400,3,gammamix,400,10370.979671407693,"[-1.2544259128806101, 4.382392997388027, 2.832137356602199, 3.211060029753252, 1.3827046988970069]",2.0,,,
32,400,3,lognormal,400,10358.620570799747,"[1.223688872461404, -1.6205062178777458]",,,,
32,400,3,compoundgamma,400,10363.3127947303,"[9.210340371976184, 3.271592149949896, -4.696209798095746]",,27.353264307441336,,
32,400,3,logskewnormal,400,10372.113188966287,"[0.9944306353487807, -1.2187939785482456, 5.219805957019278]",,,,
32,400,3,gig,400,10363.33313797864,"[-27.293504462648585, -9.800152401954964, 15.005155400779605]",,,-27.293504462648585,5.5443149143954197e-05
33,10,0,poisson,10,1821.5772633397482,[1.4598781275788308],,,,
33,10,0,gamma,10,2374.3893393710823,"[1.6881645558714296, 0.03342421500077005]",,,,
33,10,0,gammamix,10,2374.3893393710823,"[1.6881645558714296, 0.03342421500077005]",1.0,,,
33,10,0,lognormal,10,2374.9219716646235,"[1.5565399945454743, -0.8671400295671777]",,,,
33,10,0,compoundgamma,10,2375.2739127377345,"[8.808983926436659, 1.6927864284484595, -5.4731583937546056]",,6.4346027588199615,,
33,10,0,logskewnormal,10,2374.9219716646235,"[1.5565399945454743, -0.8671400295671777, 0.0]",,,,
33,10,0,gig,10,2375.274503820653,"[-6.4229971695204675, -11.061741212189304, 15.088792301736182]",,,-6.4229971695204675,1.5701705637348043e-05
33,10,1,poisson,10,2080.33770117211,[1.8822466926090373],,,,
33,10,1,gamma,10,2170.8217429249044,"[1.694022858015032, 0.17000755966194928]",,,,
33,10,1,gammamix,10,2175.5903619698383,"[-0.846703022825366, 3.7632176410717406, 6.907755278982137, 2.565449086339308, 4.8920917011064375]",2.0,,,
33,10,1,lognormal,10,2170.8737640368718,"[1.4306399770219638, -0.8347125828245077]",,,,
33,10,1,compoundgamma,10,2170.8405769414503,"[3.0319599652410827, 1.9071468474541464, 0.40358801298750413]",,7.733848666601071,,
33,10,1,logskewnormal,10,2170.8737640368718,"[1.4306399770219638, -0.8347125828245077, 0.0]",,,,
33,10,1,gig,10,2170.9344775389127,"[-0.0454593173140816, 1.5938196026746856, 1.4389113825365059]",,,-0.0454593173140816,4.9225151177273
33,10,2,poisson,10,102.00666867262962,[1.3148353971377456],,,,
33,10,2,gamma,10,145.78881118775757,"[1.4057592526334677, 0.10806924602239516]",,,,
33,10,2,gammamix,10,145.78881118775757,"[1.4057592526334677, 0.10806924602239516]",1.0,,,
33,10,2,lognormal,10,147.0581639596923,"[1.1663726278630806, -0.7834456522330959]",,,,
33,10,2,compoundgamma,10,148.0137524118769,"[9.210340371976184, 1.648601150914272, -6.304153905157844]",,6.199701140288344,,
33,10,2,logskewnormal,10,147.0581639596923,"[1.1663726278630806, -0.7834456522330959, 0.0]",,,,
33,10,2,gig,10,148.01463049723102,"[-6.198466016770869, -12.725363469434422, 16.32443416236007]",,,-6.198466016770869,2.9747115863396166e-06
33,10,3,poisson,10,40.911397312341364,[1.096262111323156],,,,
33,10,3,gamma,10,44.14038485056409,"[3.1416194227047085, 2.0327699437038795]",,,,
33,10,3,gammamix,10,44.14038485056409,"[3.1416194227047085, 2.0327699437038795]",1.0,,,
33,10,3,lognormal,10,44.21540730545675,"[1.0871590020018753, -1.56306835313662]",,,,
33,10,3,compoundgamma,10,44.26893139217584,"[9.210340371976184, 3.1120942953147104, -4.988773576584345]",,23.468049893496566,,
33,10,3,logskewnormal,10,44.215407305984506,"[1.0871592577201765, -1.563080282107301, 4.274348334020191e-08]",,,,
33,10,3,gig,10,44.269150519213255,"[-23.418426023235746, -9.281545836027838, 14.194048947169529]",,,-23.418426023235746,9.3127052985298e-05
33,20,0,poisson,20,3109.106085493638,[1.519396272217447],,,,
33,20,0,gamma,20,3888.238265994623,"[1.702184306524416, 0.1419722518277336]",,,,
33,20,0,gammamix,20,3888.238265994623,"[1.702184306524416, 0.1419722518277336]",1.0,,,
33,20,0,lognormal,20,3889.18189719943,"[1.464218934150053, -0.8725281428810419]",,,,
33,20,0,compoundgamma,20,3889.7308201442133,"[9.139073506385314, 1.6994264422763647, -5.88807738898799]",,6.470808667127815,,
33,20,0,logskewnormal,20,3889.1818971993216,"[1.4642187918045289, -0.8725258320647362, -1.0211002923495706e-06]",,,,
33,20,0,gig,20,3889.7314183802196,"[-6.479892904443876, -11.121685367372354, 15.067165072674866]",,,-6.479892904443876,1.478813530368428e-05
33,20,1,poisson,20,2360.273325358376,[1.7802556447465705],,,,
33,20,1,gamma,20,2538.660873148798,"[1.8154355956500234, 0.3869840371554133]",,,,
33,20,1,gammamix,20,2546.4135648917704,"[-1.0956950839182593, 4.368501180279073, 5.976143932071656, 3.233677344901462, 4.007042648936889]",2.0,,,
33,20,1,lognormal,20,2539.1984674344744,"[1.3437886886952632, -0.9140973173607486]",,,,
33,20,1,compoundgamma,20,2539.546074495295,"[9.210340371976184, 1.7828842650607224, -6.002252300728267]",,6.946984385198272,,
33,20,1,logskewnormal,20,2539.198467434248,"[1.343775985942839, -0.9140937821784044, 3.490405315149253e-05]",,,,
33,20,1,gig,20,2539.54654411257,"[-6.943197276207747, -9.787200015068047, 13.68780106590897]",,,-6.943197276207747,5.616594109754275e-05
33,20,2,poisson,20,463.2472745926835,[1.2569313780325477],,,,
33,20,2,gamma,20,534.9539913425783,"[1.7955221783918884, 0.4543230947775904]",,,,
33,20,2,gammamix,20,544.0476922274567,"[-1.4444007898386093, 6.907755278982137, 1.799952419080799, 5.764057856583398, -0.1411212763508994]",2.0,,,
33,20,2,lognormal,20,536.7527981502195,"[1.2545771320603802, -0.9571993376167826]",,,,
33,20,2,compoundgamma,20,538.1041509909799,"[9.210340371976184, 1.9797690084575597, -5.908541169168658]",,8.241070165998348,,
33,20,2,logskewnormal,20,539.1378665590655,"[0.8852273831344671, -0.6749023061343298, 2.7981047551368077]",,,,
33,20,2,gig,20,538.1058438506482,"[-8.237941214839342, -12.77657495082803, 16.771072770981217]",,,-8.237941214839342,2.826207218038484e-06
33,20,3,poisson,20,168.8153241425129,[1.186124943927798],,,,
33,20,3,gamma,20,171.47365018014227,"[3.7190122159543435, 2.5232480616288493]",,,,
33,20,3,gammamix,20,171.47365018014227,"[3.7190122159543435, 2.5232480616288493]",1.0,,,
33,20,3,lognormal,20,171.41134866476028,"[1.1840832286400007, -1.865395578787491]",,,,
33,20,3,compoundgamma,20,171.47318086400747,"[3.72302185019302, 9.21024036697585, 6.682986834181139]",,10000.0,,
33,20,3,logskewnormal,20,171.4113486647589,"[1.1840834270789309, -1.8653954402206394, -1.034139277686854e-06]",,,,
33,20,3,gig,20,171.47365018013295,"[41.223708243730854, -7.8296353667869285, -11.046031952632795]",,,41.223708243730854,0.00039777049418283716
33,40,0,poisson,40,25601.038524628624,[1.8799119616645],,,,
33,40,0,gamma,40,65641.16754088909,"[-0.5952960490005268, -3.4147193572539005]",,,,
33,40,0,gammamix,40,65641.16754088909,"[-0.5952960490005268, -3.4147193572539005]",1.0,,,
33,40,0,lognormal,40,65670.24504970574,"[1.6833170644462963, -0.16378637279814415]",,,,
33,40,0,compoundgamma,40,65682.00155834698,"[9.210340371976184, 0.6054303436797212, -6.6729725951621]",,2.8320404462941715,,
33,40,0,logskewnormal,40,65682.03691847542,"[0.9015972065556529, 0.11958971195982639, 7.085901804210927]",,,,
33,40,0,gig,40,65682.00397655198,"[-2.836111428840186, -13.504696526339373, 16.73656868145677]",,,-2.836111428840186,1.3645354371509787e-06
33,40,1,poisson,40,3113.9913707279693,[1.6053637967978167],,,,
33,40,1,gamma,40,3431.904250693269,"[2.0375836110832233, 0.6670952512633539]",,,,
33,40,1,gammamix,40,3438.445784249309,"[-0.31539130971991935, 6.907755278982137, 2.6474760761548963, 5.854320250406224, 0.9754876139412555]",2.0,,,
33,40,1,lognormal,40,3433.008319974294,"[1.303074617631275, -1.0329597231534042]",,,,
33,40,1,compoundgamma,40,3433.739698775001,"[9.210340371976184, 2.0500844770833293, -5.79428048115219]",,8.768557343653942,,
33,40,1,logskewnormal,40,3433.0083199743312,"[1.3030747513336416, -1.0329595072332634, 1.257047493809841e-06]",,,,
33,40,1,gig,40,3433.740837938517,"[-8.762761644601532, -10.769372964391646, 14.877832139724324]",,,-8.762761644601532,2.10339456792349e-05
33,40,2,poisson,40,2574.3258442594743,[1.6161622413258674],,,,
33,40,2,gamma,40,3698.1988021069737,"[1.4215128005639919, -0.03778199999286988]",,,,
33,40,2,gammamix,40,3717.618253029734,"[-1.7461754057647536, 4.080144801974936, 1.2440100267129792, 2.8560577732226973, -1.009651539954074]",2.0,,,
33,40,2,lognormal,40,3704.581582174094,"[1.332776109324522, -0.8382070523111812]",,,,
33,40,2,compoundgamma,40,3708.638879289424,"[9.210340371976184, 1.8033487218129192, -5.993423281361586]",,7.069940008917434,,
33,40,2,logskewnormal,40,3711.696442006979,"[0.9089689834525608, -0.5323578509948609, 4.836614591205223]",,,,
33,40,2,gig,40,3708.6425925751755,"[-7.068250379753347, -12.825198990231268, 16.734961842270046]",,,-7.068250379753347,2.6920731048114236e-06
33,40,3,poisson,40,751.209686912779,[1.1579498921179099],,,,
33,40,3,gamma,40,771.5540417582512,"[2.960864605127558, 1.730956642380432]",,,,
33,40,3,gammamix,40,771.5540417582512,"[2.960864605127558, 1.730956642380432]",1.0,,,
33,40,3,lognormal,40,772.2741901064933,"[1.2042676398246424, -1.4814360882525404]",,,,
33,40,3,compoundgamma,40,772.8535820711803,"[9.210340371976184, 2.9775150974875353, -5.002431331156414]",,20.63895507298042,,
33,40,3,logskewnormal,40,772.2741901064933,"[1.2042676398246424, -1.4814360882525404, 0.0]",,,,
33,40,3,gig,40,772.8553836410159,"[-20.602506328956718, -10.657160693352909, 15.556362433750198]",,,-20.602506328956718,2.353173332768968e-05
33,100,0,poisson,100,43067.40375465748,[1.5361510295997296],,,,
33,100,0,gamma,100,91596.22363324053,"[-0.18924523742036953, -2.471974144161966]",,,,
33,100,0,gammamix,100,91704.30318632555,"[0.30394623610855487, -0.1409541943068342, -2.573466576809664, 5.642877240694169, 3.675877555877971, 1.9044915593628662, -0.49781193640599075, 4.574204481772959, 2.1472881427386774, -0.18524415781384426, -5.852684209545439]",4.0,,,
33,100,0,lognormal,100,91664.62892624942,"[1.56911420197007, -0.4067041369084708]",,,,
33,100,0,compoundgamma,100,91685.7888874981,"[9.210340371976184, 1.0446915394902663, -6.429299750043027]",,3.842521582751559,,
33,100,0,logskewnormal,100,91688.7834909271,"[0.9004290671579188, -0.0705407233347168, 10.574208050182133]",,,,
33,100,0,gig,100,91685.79484000908,"[-3.8420772419693128, -14.075615237711371, 17.549623683972843]",,,-3.8420772419693128,7.709708765429515e-07
33,100,1,poisson,100,6425.26274693042,[1.490029190583467],,,,
33,100,1,gamma,100,6933.455798396169,"[2.256461216051615, 0.9181672760033788]",,,,
33,100,1,gammamix,100,6941.177939728553,"[-0.038936990628423596, 6.907755278982137, 2.5355859020970537, 5.837423157784271, 0.9886340025442568]",2.0,,,
33,100,1,lognormal,100,6935.6485476163,"[1.284394013074413, -1.1425403776922616]",,,,
33,100,1,compoundgamma,100,6937.022681135136,"[9.210340371976184, 2.2832208557805433, -5.5924808965456005]",,10.808220452839738,,
33,100,1,logskewnormal,100,6938.814046926161,"[0.9286093320385488, -0.7635111601460451, 3.2928920245956803]",,,,
33,100,1,gig,100,6937.025068964978,"[-10.799081235887606, -10.90990034053463, 15.219973176205256]",,,-10.799081235887606,1.8276392823605844e-05
33,100,2,poisson,100,4292.590356184385,[1.5644431763556064],,,,
33,100,2,gamma,100,5952.723432409952,"[1.4153146677625745, 0.007489240740717393]",,,,
33,100,2,gammamix,100,5990.204777818953,"[-1.748431876204241, 3.661320872231628, 1.6612473871105213, 2.497162379715948, -0.5650780648942957]",2.0,,,
33,100,2,lognormal,100,5964.793774253755,"[1.2812921303466092, -0.7965279851785518]",,,,
33,100,2,compoundgamma,100,5972.407324986471,"[9.210340371976184, 1.6624355474730246, -6.173392226655901]",,6.2721357571861835,,
33,100,2,logskewnormal,100,5978.384166792069,"[0.8120973376535422, -0.45060779072439505, 6.01188907378749]",,,,
33,100,2,gig,100,5972.413634959713,"[-6.2703917042935915, -13.40590750837459, 17.135656447686863]",,,-6.2703917042935915,1.506219771873435e-06
33,100,3,poisson,100,1191.6985897545894,[1.1327058563201102],,,,
33,100,3,gamma,100,1293.2817171094518,"[2.9823352751352217, 1.753053459938874]",,,,
33,100,3,gammamix,100,1293.2817171094518,"[2.9823352751352217, 1.753053459938874]",1.0,,,
33,100,3,lognormal,100,1294.1630298199439,"[1.2041134167920766, -1.4894096151837706]",,,,
33,100,3,compoundgamma,100,1294.7642375175578,"[9.210340371976184, 2.97856454056183, -5.001896377992862]",,20.659575856644917,,
33,100,3,logskewnormal,100,1294.1630298199498,"[1.204113507182466, -1.4894096582908574, 1.6263721999329504e-08]",,,,
33,100,3,gig,100,1294.7659278033047,"[-20.622319787910875, -10.171929364034188, 15.07162409776099]",,,-20.622319787910875,3.822849553466145e-05
33,400,0,poisson,400,602348.5110007685,[2.158052964689763],,,,
33,400,0,gamma,400,1703121.8862351757,"[-0.2568788946445691, -2.597508962210738]",,,,
33,400,0,gammamix,400,1703533.718899127,"[0.1492607872647409, -2.241383603780537, 4.162858221255276, 1.883979625361588, -0.7827174226638173, 3.0008927960226224, 0.03881751331186504, -5.585499705478993]",3.0,,,
33,400,0,lognormal,400,1703416.1669194356,"[1.5707562250837372, -0.4141844010610166]",,,,
33,400,0,compoundgamma,400,1703491.5460994856,"[9.210340371976184, 0.9983219257784685, -6.466653776597416]",,3.7137241749058236,,
33,400,0,logskewnormal,400,1703517.73644898,"[0.904916693036989, -0.06924215534184593, 20.877361102218348]",,,,
33,400,0,gig,400,1703491.5692605174,"[-3.7165330137633883, -14.103343088716422, 17.54113532748355]",,,-3.7165330137633883,7.49887164763437e-07
33,400,1,poisson,356,17237.640964960014,[1.4360868489415102],,,,
33,400,1,gamma,356,19463.611070967163,"[2.4194170952621263, 1.1181676417174355]",,,,
33,400,1,gammamix,356,19486.961900196104,"[0.24896634978286192, 6.907755278982137, 2.59894607173344, 5.874208399763804, 1.1392135779990948]",2.0,,,
33,400,1,lognormal,356,19469.670566487584,"[1.2552457581158842, -1.222376888719609]",,,,
33,400,1,compoundgamma,356,19473.273932848806,"[9.210340371976184, 2.4441243669338615, -5.4685116587007085]",,12.520457487477394,,
33,400,1,logskewnormal,356,19479.682775319205,"[0.8981734426375515, -0.7935165413577672, 5.557732273640227]",,,,
33,400,1,gig,356,19473.280964440117,"[-12.507610751628958, -10.812291889495324, 15.246149814929554]",,,-12.507610751628958,2.015028976061999e-05
33,400,2,poisson,400,9697.6572759374,[1.4268522943763986],,,,
33,400,2,gamma,400,12716.931589214022,"[1.5786647232067574, 0.21312552029555526]",,,,
33,400,2,gammamix,400,12826.88439976221,"[-1.7339770751958459, 3.3770975969101706, 1.545581269335353, 2.213114687010719, -0.5437464021962719]",2.0,,,
33,400,2,lognormal,400,12756.83287212861,"[1.2591500387865642, -0.861506701374625]",,,,
33,400,2,compoundgamma,400,12781.988599394264,"[9.210340371976184, 1.7816633824449397, -6.086031103602318]",,6.939728245694647,,
33,400,2,logskewnormal,400,12803.827792094962,"[0.8017068841446853, -0.4897330803466022, 10.67232108691712]",,,,
33,400,2,gig,400,12782.011624789686,"[-6.937295866983333, -13.359550449456677, 17.17658555477556]",,,-6.937295866983333,1.5776874072059312e-06
33,400,3,poisson,400,6923.760969226129,[1.1299041439656679],,,,
33,400,3,gamma,400,7444.740167385951,"[3.0351147937229905, 1.8126961604542986]",,,,
33,400,3,gammamix,400,7456.09090903512,"[0.3003816109038757, 5.975450849139092, 2.806709289115394, 4.881112461612408, 1.498369825529147]",2.0,,,
33,400,3,lognormal,400,7448.172851477466,"[1.1985295310308424, -1.5228216457374368]",,,,
33,400,3,compoundgamma,400,7450.585873292032,"[9.210340371976184, 3.0544795891039596, -4.933417861172916]",,22.210144663878825,,
33,400,3,logskewnormal,400,7453.431176511573,"[0.9641521030598473, -1.1530378711669516, 2.731972304849127]",,,,
33,400,3,gig,400,7450.5940726743775,"[-22.167752818639975, -9.286721740887664, 14.254790507273201]",,,-22.167752818639975,9.264628150620919e-05
34,10,0,poisson,10,5058.282042887606,[2.0854682495466963],,,,
34,10,0,gamma,10,5928.406689843142,"[0.9299182815790022, -0.8792267424496907]",,,,
34,10,0,gammamix,10,5932.068803778928,"[-0.07454911829442346, 4.760862564702118, 1.203175053133092, 3.5715320069962644, -1.011195771904874]",2.0,,,
34,10,0,lognormal,10,5929.511947104078,"[1.5988744459359248, -0.5114118722007491]",,,,
34,10,0,compoundgamma,10,5930.294312998951,"[9.210340371976184, 0.9491488657149706, -6.480609773736193]",,3.583509809490278,,
34,10,0,logskewnormal,10,5929.511947104083,"[1.5988747543636335, -0.5114114749502815, 1.47567287561006e-07]",,,,
34,10,0,gig,10,5930.294780663148,"[-3.5862512590826676, -12.066106847276279, 15.489693427945122]",,,-3.5862512590826676,5.751172290787858e-06
34,10,1,poisson,10,121.91536352379583,[1.1772025632613312],,,,
34,10,1,gamma,10,125.2100263981714,"[3.4213886975842036, 2.230089801673221]",,,,
34,10,1,gammamix,10,125.2100263981714,"[3.4213886975842036, 2.230089801673221]",1.0,,,
34,10,1,lognormal,10,125.18326422555808,"[1.1765774707783412, -1.7174215728669593]",,,,
34,10,1,compoundgamma,10,125.20986512916146,"[3.4244167450367704, 9.21024036697585, 6.977133028681971]",,10000.0,,
34,10,1,logskewnormal,10,125.18326422555845,"[1.1765774048056092, -1.7174215784640667, -9.450130744911843e-09]",,,,
34,10,1,gig,10,125.21002639816629,"[30.611925410663034, -7.871213496924371, -10.794451475212462]",,,30.611925410663034,0.00038157104584985157
34,10,2,poisson,10,109.68281275013834,[1.270154711207237],,,,
34,10,2,gamma,10,132.26970777161654,"[2.021080405367444, 0.8013477326895271]",,,,
34,10,2,gammamix,10,132.26970777161654,"[2.021080405367444, 0.8013477326895271]",1.0,,,
34,10,2,lognormal,10,132.6670914627944,"[1.1523172231694214, -1.0469764087126765]",,,,
34,10,2,compoundgamma,10,132.94747366473715,"[9.210340371976184, 2.1391541214616, -5.859471776582052]",,9.49225117686864,,
34,10,2,logskewnormal,10,132.66709146279436,"[1.1523172231694214, -1.0469764087126765, 0.0]",,,,
34,10,2,gig,10,132.94787214666442,"[-9.486713081260515, -11.845402258675943, 15.888760724370224]",,,-9.486713081260515,7.171453109560158e-06
34,10,3,poisson,10,155.58147593347957,[1.0278321066070624],,,,
34,10,3,gamma,10,163.76947038961816,"[4.054120724178911, 2.927383029301101]",,,,
34,10,3,gammamix,10,163.76947038961816,"[4.054120724178911, 2.927383029301101]",1.0,,,
34,10,3,lognormal,10,163.82683314801685,"[1.1176769211989062, -2.0300669931909257]",,,,
34,10,3,compoundgamma,10,163.87823178400603,"[9.210340371976184, 4.069531761007172, -4.014870487837214]",,59.529550356944775,,
34,10,3,logskewnormal,10,163.82683314828813,"[1.1176768273687225, -2.030057999854668, -2.3584995419793093e-08]",,,,
34,10,3,gig,10,163.878847499227,"[-59.21247075902563, -7.120848265364952, 13.004026979293561]",,,-59.21247075902563,0.0008080809931942785
34,20,0,poisson,20,5493.8593606241475,[1.6111078265432868],,,,
34,20,0,gamma,20,7450.726905171704,"[0.5612239465769489, -1.2818976095483194]",,,,
34,20,0,gammamix,20,7462.146738847092,"[-0.6653848650492558, 3.730555237234311, 0.721364632264004, 2.564396243971864, -1.7934412275942715]",2.0,,,
34,20,0,lognormal,20,7454.79567505535,"[1.5311685970901852, -0.3871709064760007]",,,,
34,20,0,compoundgamma,20,7457.52457325625,"[9.210340371976184, 0.7746011937960264, -6.691810589833028]",,3.1697266541663005,,
34,20,0,logskewnormal,20,7460.008653986896,"[0.8568036817573716, -0.08581598708744533, 6.21744685840673]",,,,
34,20,0,gig,20,7457.525794928005,"[-3.1666489247711285, -12.374704256211619, 15.585350141877466]",,,-3.1666489247711285,4.2241003437847345e-06
34,20,1,poisson,20,313.30988758102103,[1.2263799765758823],,,,
34,20,1,gamma,20,329.90733183062935,"[2.802875246288697, 1.5605199776925875]",,,,
34,20,1,gammamix,20,329.90733183062935,"[2.802875246288697, 1.5605199776925875]",1.0,,,
34,20,1,lognormal,20,330.2079683820003,"[1.2126086873491446, -1.4061223494980035]",,,,
34,20,1,compoundgamma,20,330.4108494831403,"[9.210340371976184, 2.8225088183180027, -5.1447939202268325]",,17.81899358477558,,
34,20,1,logskewnormal,20,330.2079683819998,"[1.212608684304045, -1.4061225997815079, 0.0]",,,,
34,20,1,gig,20,330.41130307522076,"[-17.79088730394634, -10.57499133372815, 15.332021322420905]",,,-17.79088730394634,2.554698291698361e-05
34,20,2,poisson,20,381.37335927265633,[1.398926108025791],,,,
34,20,2,gamma,20,434.09014641827787,"[1.9891898741530516, 0.667762781264925]",,,,
34,20,2,gammamix,20,438.81144364104875,"[-1.1152622678750026, 6.907755278982137, 3.9044934317601547, 5.8236374950256415, 2.086827111269359]",2.0,,,
34,20,2,lognormal,20,434.6399568869892,"[1.2517880245357305, -1.0100770482835646]",,,,
34,20,2,compoundgamma,20,435.0111200666962,"[9.210340371976184, 2.0140427010521247, -5.877978036353514]",,8.493550378589259,,
34,20,2,logskewnormal,20,434.6399568869912,"[1.2517881749868616, -1.0100769363187472, 4.3718437361071264e-08]",,,,
34,20,2,gig,20,435.01166009163177,"[-8.488404977750282, -11.465106826269558, 15.489928370327144]",,,-8.488404977750282,1.0489803936247782e-05
34,20,3,poisson,20,234.3679355377459,[1.039198517400526],,,,
34,20,3,gamma,20,251.17951918536815,"[3.5156872596180313, 2.338845189204438]",,,,
34,20,3,gammamix,20,251.17951918536815,"[3.5156872596180313, 2.338845189204438]",1.0,,,
34,20,3,lognormal,20,251.4843715221524,"[1.1620087240296997, -1.7405587671170537]",,,,
34,20,3,compoundgamma,20,251.7774277445618,"[9.210340371976184, 3.4598960237921803, -4.5726185891390125]",,32.81366847808694,,
34,20,3,logskewnormal,20,251.48437152218182,"[1.1620091181703172, -1.7405588175913387, 5.516659587069093e-08]",,,,
34,20,3,gig,20,251.77920738009595,"[-32.72537535838124, -8.852438051371575, 14.180523607047467]",,,-32.72537535838124,0.00014303259002869633
34,40,0,poisson,40,10996.315187874174,[1.648788435180493],,,,
34,40,0,gamma,40,14281.30832735782,"[0.7855489252806442, -0.9612042485952147]",,,,
34,40,0,gammamix,40,14302.813633943111,"[0.20512417797108484, -1.0132544418406098, 6.907755278982137, 2.4060657568877777, 1.2385163747635777, 5.885135492917576, 0.8020710444306589, -1.5675416937298137]",3.0,,,
34,40,0,lognormal,40,14288.086138200848,"[1.5025913273835405, -0.4864929233806007]",,,,
34,40,0,compoundgamma,40,14292.235768242848,"[9.210340371976184, 0.9603591999014832, -6.566537810928139]",,3.6126347630457567,,
34,40,0,logskewnormal,40,14296.546661232527,"[0.8560159916199195, -0.13702585110322027, 8.211855094710593]",,,,
34,40,0,gig,40,14292.2378178184,"[-3.6121581326137964, -12.646291699159093, 15.983081420491418]",,,-3.6121581326137964,3.219476790093495e-06
34,40,1,poisson,40,8808.350922997062,[1.2942295795502907],,,,
34,40,1,gamma,40,10087.787786797615,"[2.147104966474641, 0.820884620651654]",,,,
34,40,1,gammamix,40,10087.787786797615,"[2.147104966474641, 0.820884620651654]",1.0,,,
34,40,1,lognormal,40,10088.777009886757,"[1.2669828085218406, -1.0856932151211978]",,,,
34,40,1,compoundgamma,40,10089.34131782866,"[8.874489202938182, 2.159625266815412, -5.3904988148692174]",,9.667888904180735,,
34,40,1,logskewnormal,40,10088.777009886795,"[1.2669825768570082, -1.085694005755946, -3.314218961054155e-07]",,,,
34,40,1,gig,40,10089.342360690782,"[-9.656701851804659, -10.093705090939133, 14.26955829749796]",,,-9.656701851804659,4.133896290698352e-05
34,40,2,poisson,40,1490.1298936057071,[1.5857428827066458],,,,
34,40,2,gamma,40,1820.1010857827505,"[1.567226884089444, 0.11058077562598771]",,,,
34,40,2,gammamix,40,1828.005927491456,"[-0.22354995178861792, 6.907755278982137, 1.7462138367460924, 5.820737828846522, -0.03334950062926281]",2.0,,,
34,40,2,lognormal,40,1822.4863595390261,"[1.3493212731106665, -0.8185062045878726]",,,,
34,40,2,compoundgamma,40,1823.9500264381654,"[9.210340371976184, 1.6247574737032886, -6.139162791738452]",,6.077187536359548,,
34,40,2,logskewnormal,40,1825.0607654950009,"[0.8804817462850844, -0.4697225709163988, 3.118081457778287]",,,,
34,40,2,gig,40,1823.951339117919,"[-6.0774581290277725, -12.342997300106724, 16.107308672923292]",,,-6.0774581290277725,4.360179637865767e-06
34,40,3,poisson,40,469.31701316627857,[1.0669974322864066],,,,
34,40,3,gamma,40,516.9661744941918,"[3.0872971793356494, 1.878876718766381]",,,,
34,40,3,gammamix,40,516.9661744941918,"[3.0872971793356494, 1.878876718766381]",1.0,,,
34,40,3,lognormal,40,517.1946719560293,"[1.18590952501686, -1.5404042219995393]",,,,
34,40,3,compoundgamma,40,517.3484904998588,"[9.210340371976184, 3.075630640346181, -4.925254811850096]",,22.663539506598106,,
34,40,3,logskewnormal,40,517.1946719560303,"[1.1859095860827402, -1.540404229602773, 1.0441181119438598e-08]",,,,
34,40,3,gig,40,517.3490496498264,"[-22.61752386098277, -9.031897426030156, 14.008005743300819]",,,-22.61752386098277,0.0001195354681497388
34,100,0,poisson,100,17902.582552034964,[1.314019795338355],,,,
34,100,0,gamma,100,23751.295836350073,"[1.1981346250044798, -0.3828507943961393]",,,,
34,100,0,gammamix,100,23799.387989592673,"[-0.6403036802131886, -0.9202948934562213, -1.0945715678096493, 6.907755278982137, 5.992678105044665, 5.505683263159488, 1.1279320642299095, 5.84424405219901, 4.630662003873673, 3.7402096847733444, -1.2934666200038165]",4.0,,,
34,100,0,lognormal,100,23766.18807008958,"[1.4235855282755763, -0.6986310626674185]",,,,
34,100,0,compoundgamma,100,23775.031238748423,"[9.210340371976184, 1.4456106186664108, -6.226191311322612]",,5.2444430878782,,
34,100,0,logskewnormal,100,23784.8484687423,"[0.9017173697247282, -0.33985017967174114, 10.46441994854293]",,,,
34,100,0,gig,100,23775.03733457136,"[-5.2431164225674065, -12.482501223440323, 16.15947111585829]",,,-5.2431164225674065,3.7924389499011813e-06
34,100,1,poisson,100,13357.119722495972,[1.3549310371879992],,,,
34,100,1,gamma,100,15608.84033958433,"[2.1766451133541316, 0.8074400325419514]",,,,
34,100,1,gammamix,100,15618.583292590416,"[-1.1994085711101627, 3.6019636049060906, 3.6571849136072028, 2.4279853884895957, 1.824032701845304]",2.0,,,
34,100,1,lognormal,100,15611.378568657392,"[1.3110264093053072, -1.1014234137746095]",,,,
34,100,1,compoundgamma,100,15612.930726515735,"[9.210340371976184, 2.1893663691320153, -5.654881412498964]",,9.929553281169234,,
34,100,1,logskewnormal,100,15614.646309538926,"[0.9398265638020022, -0.7152666880567232, 3.059806547014398]",,,,
34,100,1,gig,100,15612.933146070103,"[-9.92167088324452, -10.176066184094417, 14.423802008526623]",,,-9.92167088324452,3.807067778434388e-05
34,100,2,poisson,100,2934.1048756734235,[1.222803924039291],,,,
34,100,2,gamma,100,3982.737709929673,"[1.6207846054637218, 0.21306839556807836]",,,,
34,100,2,gammamix,100,4007.2233849323075,"[-0.7266389720151881, 4.921634002836985, 1.7260293588878732, 3.8224959823282814, -0.10938772813423021]",2.0,,,
34,100,2,lognormal,100,3990.245407387197,"[1.305481794544346, -0.8570418232200753]",,,,
34,100,2,compoundgamma,100,3995.2778978503065,"[9.210340371976184, 1.7348437853054097, -6.083310076099841]",,6.668042303145363,,
34,100,2,logskewnormal,100,4001.7295676473964,"[0.8434601161676818, -0.48663098173258207, 6.897381622445362]",,,,
34,100,2,gig,100,3995.2828560346015,"[-6.66664622285103, -12.322162481482229, 16.142063135844534]",,,-6.66664622285103,4.45197615100594e-06
34,100,3,poisson,100,1013.4209110210256,[1.0946061343372877],,,,
34,100,3,gamma,100,1114.5202540312189,"[3.2327073474550407, 2.01413137968411]",,,,
34,100,3,gammamix,100,1114.5202540312189,"[3.2327073474550407, 2.01413137968411]",1.0,,,
34,100,3,lognormal,100,1115.0908778064643,"[1.1985481020657092, -1.617138158185528]",,,,
34,100,3,compoundgamma,100,1115.4782374108452,"[9.210340371976184, 3.238111429244642, -4.754250847439401]",,26.485545014088117,,
34,100,3,logskewnormal,100,1115.09087780647,"[1.1985481874700596, -1.6171381349861773, 1.3524022248435903e-08]",,,,
34,100,3,gig,100,1115.479741681942,"[-26.422770080769595, -9.911551535402282, 15.05832083671949]",,,-26.422770080769595,4.9598422191119184e-05
34,400,0,poisson,400,636404.4079827992,[2.2667083485589385],,,,
34,400,0,gamma,400,1826128.0448399037,"[-0.3659111372280581, -2.749831447701372]",,,,
34,400,0,gammamix,400,1826623.1617542647,"[0.08420348328926686, -0.879791673756374, -4.375926859167156, 5.402631526739064, 2.6717756233627807, 0.9983296236960038, 2.4532230888462334, 4.297000678175146, 1.1304430372311176, -1.5873945189293839, -4.546505044676865]",4.0,,,
34,400,0,lognormal,400,1826443.8168336314,"[1.512778433652194, -0.3932167850736111]",,,,
34,400,0,compoundgamma,400,1826528.8192975072,"[9.150035366615082, 1.007721389474613, -6.456036800514005]",,3.7393519819056786,,
34,400,0,logskewnormal,400,1826562.8307857295,"[0.8988419108646648, -0.09691468509672559, 25.095034798386024]",,,,
34,400,0,gig,400,1826528.8483265596,"[-3.73925404810256, -13.01834008195964, 16.405489920894855]",,,-3.73925404810256,2.219252607705375e-06
34,400,1,poisson,356,21258.644607444083,[1.3440800952907563],,,,
34,400,1,gamma,356,24820.836600287705,"[2.295138518516796, 0.95960137336026]",,,,
34,400,1,gammamix,356,24842.951948302943,"[-0.38551912170825986, 4.301148809606418, 3.060070717106631, 3.2223453806784192, 1.4423081178034518]",2.0,,,
34,400,1,lognormal,356,24826.336160356685,"[1.2838408335389437, -1.1553168319971523]",,,,
34,400,1,compoundgamma,356,24829.116914049613,"[9.210340371976184, 2.2941261698490174, -5.5827771895989535]",,10.915767528809019,,
34,400,1,logskewnormal,356,24833.504562190745,"[0.9023124707012441, -0.7216385663449705, 4.56112610490855]",,,,
34,400,1,gig,356,24829.121467992496,"[-10.905757080760655, -10.12549516999828, 14.445195586416217]",,,-10.905757080760655,4.0045463170771085e-05
34,400,2,poisson,400,6889.015431911437,[1.2465028601249306],,,,
34,400,2,gamma,400,8599.407058028939,"[1.8604718495246084, 0.5371030977289281]",,,,
34,400,2,gammamix,400,8700.315565578521,"[-1.8983383888599676, 3.6120191063963287, 1.6614740522258888, 2.441942707207634, -0.3461652333333753]",2.0,,,
34,400,2,lognormal,400,8632.691617395269,"[1.2437291731565425, -0.9911126440322723]",,,,
34,400,2,compoundgamma,400,8655.179866409673,"[9.210340371976184, 2.0514727824926475, -5.850830024007916]",,8.779349963829752,,
34,400,2,logskewnormal,400,8678.10743750805,"[0.8487639174485329, -0.6297773821934485, 10.544598198120442]",,,,
34,400,2,gig,400,8655.206767979676,"[-8.775332529371333, -12.419602596171297, 16.471732531360107]",,,-8.775332529371333,4.038639839088938e-06
34,400,3,poisson,400,6009.38517440258,[1.1531638887320652],,,,
34,400,3,gamma,400,6565.882961193322,"[3.126140782603107, 1.912655240530847]",,,,
34,400,3,gammamix,400,6578.564038545849,"[-2.6260792594918714, 3.57536577904029, 2.1845534369075192, 2.3897011639179784, 0.6683113922426629]",2.0,,,
34,400,3,lognormal,400,6571.805451668646,"[1.1909368250481633, -1.5751080361148724]",,,,
34,400,3,compoundgamma,400,6575.883264207193,"[9.210340371976184, 3.1750176457188606, -4.823801101250517]",,24.927242078036844,,
34,400,3,logskewnormal,400,6577.96866613888,"[0.9752263517609034, -1.2257479900933799, 2.394044995427864]",,,,
34,400,3,gig,400,6575.896758494,"[-24.875582561822878, -9.94018674229132, 15.017708056146235]",,,-24.875582561822878,4.819830313038007e-05
35,10,0,poisson,10,4932.312429616369,[1.9792162854112307],,,,
35,10,0,gamma,10,5106.18003125735,"[2.0670917802160487, 0.4110517818416118]",,,,
35,10,0,gammamix,10,5106.18003125735,"[2.0670917802160487, 0.4110517818416118]",1.0,,,
35,10,0,lognormal,10,5106.217596127884,"[1.5944295282284102, -1.0385813838807028]",,,,
35,10,0,compoundgamma,10,5106.212620505391,"[2.589024450512345, 2.9893049551034223, 2.0569628023132736]",,20.871865851582776,,
35,10,0,logskewnormal,10,5106.217596127893,"[1.5944292494745123, -1.0385822877531943, -7.872466959777843e-08]",,,,
35,10,0,gig,10,5106.231350622398,"[1.042260595518197, 2.006054324097823, 1.4624323231636989]",,,1.042260595518197,7.433927535377203
35,10,1,poisson,10,314.53273697852285,[1.3602895039845624],,,,
35,10,1,gamma,10,357.90654429656837,"[2.0369766527325255, 0.8454987710561163]",,,,
35,10,1,gammamix,10,357.90654429656837,"[2.0369766527325255, 0.8454987710561163]",1.0,,,
35,10,1,lognormal,10,357.9807105809486,"[1.1245835293034872, -1.0178105812914982]",,,,
35,10,1,compoundgamma,10,357.9890413998118,"[6.673767015783093, 2.000890807007293, -3.4812844668237473]",,8.395641254496756,,
35,10,1,logskewnormal,10,357.98071058100464,"[1.1245842477153567, -1.0178122769022078, -2.5816884233750393e-06]",,,,
35,10,1,gig,10,358.02808739645235,"[-2.4229367083060667, 1.9459685592712688, 1.4444068556265142]",,,-2.4229367083060667,7.000408883453058
35,10,2,poisson,10,105.07753492920375,[1.3164985991843488],,,,
35,10,2,gamma,10,122.38724086194556,"[1.9029012186694003, 0.595064265968554]",,,,
35,10,2,gammamix,10,122.38724086194556,"[1.9029012186694003, 0.595064265968554]",1.0,,,
35,10,2,lognormal,10,123.17752338145249,"[1.2304455789659474, -0.9963635563181696]",,,,
35,10,2,compoundgamma,10,123.77987262096948,"[9.210340371976184, 2.0439396757799777, -5.872242974452604]",,8.72096746727446,,
35,10,2,logskewnormal,10,123.17752338145695,"[1.230445289432942, -0.9963640179614723, -3.443734387212088e-08]",,,,
35,10,2,gig,10,123.78067339063179,"[-8.717226577810926, -12.99199304219249, 17.022740026966915]",,,-8.717226577810926,2.2785004193579263e-06
35,10,3,poisson,10,4079.3306634378614,[1.238892636650144],,,,
35,10,3,gamma,10,4084.1272799944495,"[2.545072886733193, 1.2432803717309524]",,,,
35,10,3,gammamix,10,4084.1272799944495,"[2.545072886733193, 1.2432803717309524]",1.0,,,
35,10,3,lognormal,10,4084.287964777914,"[1.2632546659039243, -1.2778383891923761]",,,,
35,10,3,compoundgamma,10,4084.4029469713973,"[9.210340371976184, 2.553064948173064, -5.353936608272919]",,13.846417107880626,,
35,10,3,logskewnormal,10,4084.2879647819773,"[1.2632573703975254, -1.277874955792153, 3.742267274338423e-05]",,,,
35,10,3,gig,10,4084.4032346195886,"[-13.830180094342252, -8.655660682757054, 13.203951313950737]",,,-13.830180094342252,0.00017413831116481693
35,20,0,poisson,20,9219.082745486161,[1.851726048178692],,,,
35,20,0,gamma,20,11341.33270371007,"[0.9847366357069203, -0.8045258101384194]",,,,
35,20,0,gammamix,20,11353.441640976609,"[-0.2253384912048101, -1.4563453234873376, 3.9131495902685307, 6.019946784108021, 0.8981516482631657, 2.664639213580852, 4.249165936329563, -1.9717855537086528]",3.0,,,
35,20,0,lognormal,20,11345.236638727862,"[1.5926488588706984, -0.6326161747029421]",,,,
35,20,0,compoundgamma,20,11347.45838195856,"[9.210340371976184, 1.3541035975568345, -6.137479860890684]",,4.873287375735882,,
35,20,0,logskewnormal,20,11347.521931679228,"[1.0959177961418445, -0.35779812518970927, 2.3679951152196277]",,,,
35,20,0,gig,20,11347.459602616935,"[-4.8752005120047635, -11.911185916279116, 15.677541038900195]",,,-4.8752005120047635,6.714871151868553e-06
35,20,1,poisson,20,470.31596977584815,[1.3571115943628307],,,,
35,20,1,gamma,20,522.650125421218,"[2.1880561430585184, 0.918270750475747]",,,,
35,20,1,gammamix,20,522.650125421218,"[2.1880561430585184, 0.918270750475747]",1.0,,,
35,20,1,lognormal,20,522.4819310848416,"[1.212978686239606, -1.0789168652210759]",,,,
35,20,1,compoundgamma,20,522.6497912488813,"[2.1881282516958187, 9.21024036697585, 8.291897400129576]",,10000.0,,
35,20,1,logskewnormal,20,522.4819310841029,"[1.2129751818814014, -1.07892435906864, 9.57461728243693e-06]",,,,
35,20,1,gig,20,522.6551759655948,"[7.447546692002321, 1.500702399450939, -0.01986190726617053]",,,7.447546692002321,4.48483811209348
35,20,2,poisson,20,150.42108718716221,[1.195352061282029],,,,
35,20,2,gamma,20,170.78066303872987,"[2.189157387587379, 0.9893198953775596]",,,,
35,20,2,gammamix,20,170.78066303872987,"[2.189157387587379, 0.9893198953775596]",1.0,,,
35,20,2,lognormal,20,171.836334402232,"[1.1440776520129627, -1.1315587272131036]",,,,
35,20,2,compoundgamma,20,172.58037455605816,"[9.210340371976184, 2.329455016042114, -5.686360275097569]",,11.27234174582355,,
35,20,2,logskewnormal,20,171.836334402232,"[1.1440776520129627, -1.1315587272131036, 0.0]",,,,
35,20,2,gig,20,172.5814684146369,"[-11.264967305673133, -12.903141647158565, 17.119545579185232]",,,-11.264967305673133,2.490214648070676e-06
35,20,3,poisson,20,4138.577067806045,[1.2372085211099926],,,,
35,20,3,gamma,20,4142.68355010454,"[3.105689981091255, 1.868287500769331]",,,,
35,20,3,gammamix,20,4142.68355010454,"[3.105689981091255, 1.868287500769331]",1.0,,,
35,20,3,lognormal,20,4142.999105931988,"[1.2152575511670516, -1.5471081447543262]",,,,
35,20,3,compoundgamma,20,4143.268000879048,"[9.210340371976184, 3.0879959291411048, -4.8838603359803825]",,22.933078458030444,,
35,20,3,logskewnormal,20,4142.999105932203,"[1.2152573981572112, -1.547113475646009, -2.5987164402229483e-08]",,,,
35,20,3,gig,20,4143.26910162954,"[-22.890736602097554, -8.571260272651976, 13.588954203611003]",,,-22.890736602097554,0.00018947371074338782
35,40,0,poisson,40,12280.737064982939,[1.3933990154397584],,,,
35,40,0,gamma,40,18326.508647956944,"[0.612807657697457, -1.2557867245110519]",,,,
35,40,0,gammamix,40,18348.77461058608,"[-1.9434754771437353, 2.4537838426047127, 0.5785916157718306, 1.004619023757392, -2.511085375498673]",2.0,,,
35,40,0,lognormal,40,18337.125708249874,"[1.5741540014504354, -0.48540848604543974]",,,,
35,40,0,compoundgamma,40,18343.22750659619,"[9.084185613746538, 1.08450378850005, -6.264516826873832]",,3.9579716749530625,,
35,40,0,logskewnormal,40,18346.933085446923,"[0.9648877364760904, -0.16818929551066963, 7.585618073899073]",,,,
35,40,0,gig,40,18343.230678123684,"[-3.9573590787833046, -12.568034426592368, 16.080628946785517]",,,-3.9573590787833046,3.4815448976140745e-06
35,40,1,poisson,40,1524.9221728753528,[1.491118252133769],,,,
35,40,1,gamma,40,1643.2877717237773,"[2.298707665529312, 0.962904522708209]",,,,
35,40,1,gammamix,40,1643.2877717237773,"[2.298707665529312, 0.962904522708209]",1.0,,,
35,40,1,lognormal,40,1643.2086895775492,"[1.283604630065689, -1.1416127068567672]",,,,
35,40,1,compoundgamma,40,1643.287614812445,"[2.299686559816854, 9.21024036697585, 8.246355648883116]",,10000.0,,
35,40,1,logskewnormal,40,1643.208689577584,"[1.283605071321449, -1.141613020388802, 1.1241761057354293e-07]",,,,
35,40,1,gig,40,1643.3588445486955,"[4.567882208387941, 2.1118555869649316, 0.7796733645724812]",,,4.567882208387941,8.263560822609831
35,40,2,poisson,40,610.6583148367395,[1.3467679243820212],,,,
35,40,2,gamma,40,795.1906240493192,"[1.5908455302348032, 0.30179050520477907]",,,,
35,40,2,gammamix,40,813.0631759616545,"[-2.5123076817116172, 3.4715731123265043, 6.907755278982137, 2.3482108038494345, 4.515838399333013]",2.0,,,
35,40,2,lognormal,40,799.4683989085732,"[1.1834478997117412, -0.8689470908724719]",,,,
35,40,2,compoundgamma,40,802.4121696919842,"[9.210340371976184, 1.8172231057128472, -6.129030853952702]",,7.154743625439969,,
35,40,2,logskewnormal,40,804.2002134586199,"[0.7721779932985238, -0.5638780122687231, 3.4955423009589124]",,,,
35,40,2,gig,40,802.4150368121468,"[-7.163279266308697, -13.129055389635358, 16.90470597363333]",,,-7.163279266308697,1.9866606588363554e-06
35,40,3,poisson,40,4300.1682310800625,[1.2360006712628322],,,,
35,40,3,gamma,40,4306.74913443232,"[3.403320275861458, 2.1912835370333865]",,,,
35,40,3,gammamix,40,4306.74913443232,"[3.403320275861458, 2.1912835370333865]",1.0,,,
35,40,3,lognormal,40,4307.04466695255,"[1.195695843906277, -1.6951719013600115]",,,,
35,40,3,compoundgamma,40,4307.30061164958,"[9.209785954928432, 3.385935399942105, -4.61074425345295]",,30.545616762580764,,
35,40,3,logskewnormal,40,4307.044666952025,"[1.195695978482208, -1.6951653617878932, 8.34022523049344e-08]",,,,
35,40,3,gig,40,4307.302005777837,"[-30.465908950543845, -9.093727073719807, 14.383215224215425]",,,-30.465908950543845,0.00011236848147856208
35,100,0,poisson,100,25662.47743298607,[1.2476140973280914],,,,
35,100,0,gamma,100,36407.78892910962,"[0.6763511140997839, -1.1383017978050594]",,,,
35,100,0,gammamix,100,36470.72948388775,"[-0.7254803331716394, -1.3407115080719891, 4.154471858831134, 3.926056379943773, 0.7852757602871365, 2.9659427866330637, 2.239443439565836, -2.1350434393409397]",3.0,,,
35,100,0,lognormal,100,36431.48034440831,"[1.539376891370774, -0.49139696434410873]",,,,
35,100,0,compoundgamma,100,36445.87737114716,"[9.210340371976184, 1.072232133757322, -6.436468118930816]",,3.9218942852053646,,
35,100,0,logskewnormal,100,36457.46787071007,"[0.93168218176458, -0.1591289272683873, 11.24938147874366]",,,,
35,100,0,gig,100,36445.88439664211,"[-3.917656165174166, -13.411503191606272, 16.87737229768494]",,,-3.917656165174166,1.497814980358867e-06
35,100,1,poisson,100,4155.242126759727,[1.4861069404257985],,,,
35,100,1,gamma,100,4680.695800601541,"[2.382786798654329, 1.0415445280091555]",,,,
35,100,1,gammamix,100,4691.896466350658,"[-0.8074315704211146, 4.8515800188624505, 4.044199440430016, 3.7503132365553618, 2.333758288554841]",2.0,,,
35,100,1,lognormal,100,4682.131618398069,"[1.2926894929989425, -1.1975849678811197]",,,,
35,100,1,compoundgamma,100,4682.930354410239,"[9.210340371976184, 2.3777074900834494, -5.495466445525049]",,11.780160888416605,,
35,100,1,logskewnormal,100,4684.232889320765,"[0.947699300681046, -0.8041164259183166, 3.007575874912237]",,,,
35,100,1,gig,100,4682.931961126747,"[-11.768302850633505, -9.59270896132656, 13.99962808081195]",,,-11.768302850633505,6.822435391526418e-05
35,100,2,poisson,100,1446.7356893560632,[1.316572360909423],,,,
35,100,2,gamma,100,1751.523153287904,"[1.8549706420465817, 0.5674323582190051]",,,,
35,100,2,gammamix,100,1785.111592496948,"[-2.7467818725537967, 3.4582494252231317, 5.056952630428257, 2.2914813299270613, 2.7048912014029227]",2.0,,,
35,100,2,lognormal,100,1760.158172249866,"[1.2073717885139832, -0.9916292082951164]",,,,
35,100,2,compoundgamma,100,1766.1224181181703,"[9.210340371976184, 2.0643132459681204, -5.874934162084935]",,8.879884496581383,,
35,100,2,logskewnormal,100,1770.7203586688481,"[0.8301729026038012, -0.661178593536562, 4.713518879640432]",,,,
35,100,2,gig,100,1766.1295890757488,"[-8.876031675782531, -13.008215729394683, 17.036268021276946]",,,-8.876031675782531,2.241835227842922e-06
35,100,3,poisson,100,5468.231691010966,[1.1842644457140774],,,,
35,100,3,gamma,100,5621.739653148289,"[3.409163037847241, 2.1751529673660626]",,,,
35,100,3,gammamix,100,5621.739653148289,"[3.409163037847241, 2.1751529673660626]",1.0,,,
35,100,3,lognormal,100,5622.21627486824,"[1.2177392678212533, -1.704787747898895]",,,,
35,100,3,compoundgamma,100,5622.582345396672,"[9.210340371976184, 3.4137368604664196, -4.562053147013729]",,31.378552831486765,,
35,100,3,logskewnormal,100,5622.2162748683395,"[1.2177387511348847, -1.704788140138812, 1.574807888130318e-06]",,,,
35,100,3,gig,100,5622.584335981772,"[-31.290533305493017, -8.488083246787564, 13.826616887070864]",,,-31.290533305493017,0.00020590755608037916
35,400,0,poisson,400,180166.35222604137,[1.5599105971714615],,,,
35,400,0,gamma,400,391834.83179997274,"[0.1342207663956744, -1.8951786720985317]",,,,
35,400,0,gammamix,400,392159.54472341,"[-0.3954627817207025, -2.3395805021935816, 3.7497542765773777, 1.7786097974158144, -0.4268965508799168, 2.5371419497877232, -0.11506252671045965, -4.488427296199562]",3.0,,,
35,400,0,lognormal,400,392052.95021620166,"[1.533210097628403, -0.4796391525475914]",,,,
35,400,0,compoundgamma,400,392116.0469095461,"[9.210340371976184, 1.085465357681793, -6.430937123636987]",,3.9608173372875055,,
35,400,0,logskewnormal,400,392153.1122132206,"[0.9144953814633653, -0.13893306194507182, 20.658797981207567]",,,,
35,400,0,gig,400,392116.0720783791,"[-3.9584616008594136, -12.925991212206682, 16.397952658436708]",,,-3.9584616008594136,2.4339594771392816e-06
35,400,1,poisson,356,13334.082661143002,[1.4295082190736996],,,,
35,400,1,gamma,356,14889.93212155052,"[2.4426507599885303, 1.1290131791364941]",,,,
35,400,1,gammamix,356,14915.265375956154,"[0.1436539181271682, 6.907755278982137, 2.577285987071393, 5.847730180103605, 1.0959910167058373]",2.0,,,
35,400,1,lognormal,356,14896.170056987728,"[1.2686280192934836, -1.23052648708654]",,,,
35,400,1,compoundgamma,356,14900.089325938183,"[9.210340371976184, 2.4546157698032913, -5.4452573171672105]",,12.641959497013985,,
35,400,1,logskewnormal,356,14906.90361716279,"[0.912406518644011, -0.7944659771420248, 5.008399559230159]",,,,
35,400,1,gig,356,14900.09734799111,"[-12.628669181392013, -10.49956103910376, 14.956661073509382]",,,-12.628669181392013,2.7548539427574553e-05
35,400,2,poisson,400,6660.250126468287,[1.3242417665385466],,,,
35,400,2,gamma,400,8091.77419424732,"[1.763170876038989, 0.4483631409473096]",,,,
35,400,2,gammamix,400,8199.780040066104,"[-2.062157777960109, 3.5454332684018333, 2.0498197244825267, 2.3907235831772105, -0.06561308393796168]",2.0,,,
35,400,2,lognormal,400,8125.093321288175,"[1.2270086894184553, -0.9423328601034845]",,,,
35,400,2,compoundgamma,400,8147.517982257409,"[9.210340371976184, 1.9487746144272888, -5.963237881511068]",,8.020080003110646,,
35,400,2,logskewnormal,400,8168.595886221524,"[0.8120863198466133, -0.5813234828012273, 9.683886725896876]",,,,
35,400,2,gig,400,8147.542487088003,"[-8.01677450473304, -13.195181442749462, 17.134949466432754]",,,-8.01677450473304,1.8595399440357918e-06
35,400,3,poisson,400,9823.273773077744,[1.1716215411628246],,,,
35,400,3,gamma,400,10343.523256900316,"[2.998351501925727, 1.7776978694895302]",,,,
35,400,3,gammamix,400,10360.065146410288,"[-1.1701254658155724, 4.088168701111704, 2.571964531122195, 2.9443098681687783, 1.1425433458210044]",2.0,,,
35,400,3,lognormal,400,10350.276405384971,"[1.1955818892816636, -1.510523439655754]",,,,
35,400,3,compoundgamma,400,10355.456459451303,"[9.210340371976184, 3.045908221371819, -4.9448994346460395]",,22.029121630095293,,
35,400,3,logskewnormal,400,10350.276405388973,"[1.195580689776034, -1.510523072482005, -2.1131501526104355e-07]",,,,
35,400,3,gig,400,10355.473459306959,"[-22.02022534737009, -10.55337981121244, 15.511549791692628]",,,-22.02022534737009,2.610510128470712e-05
36,10,0,poisson,10,7538.117799788196,[1.5163094383416573],,,,
36,10,0,gamma,10,7816.2968611527,"[1.4282631285534035, -0.28079916270507155]",,,,
36,10,0,gammamix,10,7816.2968611527,"[1.4282631285534035, -0.28079916270507155]",1.0,,,
36,10,0,lognormal,10,7817.097344775782,"[1.5861801308782166, -0.7573806846371295]",,,,
36,10,0,compoundgamma,10,7817.642652339515,"[9.210340371976184, 1.4984427432461933, -6.015558497597739]",,5.474715361102021,,
36,10,0,logskewnormal,10,7817.097344789861,"[1.5861996634141544, -0.757400681157498, 5.007454186065454e-06]",,,,
36,10,0,gig,10,7817.643123017818,"[-5.474828460853025, -10.87055004778181, 14.758416754633155]",,,-5.474828460853025,1.9009911673702412e-05
36,10,1,poisson,10,49.46254838466515,[1.0912593143628508],,,,
36,10,1,gamma,10,67.69350978755233,"[2.870458773705563, 1.6532347247822743]",,,,
36,10,1,gammamix,10,67.69350978755233,"[2.870458773705563, 1.6532347247822743]",1.0,,,
36,10,1,lognormal,10,67.66703837710598,"[1.1856238775713819, -1.418926657737985]",,,,
36,10,1,compoundgamma,10,67.6934300283627,"[2.8721200237549955, 9.21024036697585, 7.555336451912405]",,10000.0,,
36,10,1,logskewnormal,10,67.66703837713115,"[1.1856233048444393, -1.41892593191361, -6.310521385673046e-08]",,,,
36,10,1,gig,10,67.69704400550087,"[12.108814412325597, 2.495296942692579, 0.3273398570850178]",,,12.108814412325597,12.125333513248778
36,10,2,poisson,10,267.74693343396865,[1.4930882752006789],,,,
36,10,2,gamma,10,305.69208855323456,"[1.683775028548754, 0.21398813099507746]",,,,
36,10,2,gammamix,10,311.4801409086305,"[-1.3862931923277797, 4.3989894837703885, 6.907755278982137, 3.183765133409236, 4.757964796712852]",2.0,,,
36,10,2,lognormal,10,306.22540847336205,"[1.3741552133535817, -0.8653504299858037]",,,,
36,10,2,compoundgamma,10,306.62554642920406,"[9.210340371976184, 1.7157153837187207, -6.0322104602363735]",,6.560652089772953,,
36,10,2,logskewnormal,10,306.22540847336205,"[1.3741552133535817, -0.8653504299858037, 0.0]",,,,
36,10,2,gig,10,306.6260064185907,"[-6.558074520625503, -11.26312813214571, 15.133935310736154]",,,-6.558074520625503,1.2837652132515338e-05
36,10,3,poisson,10,238.77326918120355,[1.1703090365058513],,,,
36,10,3,gamma,10,257.300187455092,"[2.2382333981329054, 0.9830340800016864]",,,,
36,10,3,gammamix,10,257.300187455092,"[2.2382333981329054, 0.9830340800016864]",1.0,,,
36,10,3,lognormal,10,257.70802793799925,"[1.201608697676831, -1.1503414080421035]",,,,
36,10,3,compoundgamma,10,258.0133994452955,"[9.210340371976184, 2.3389042769948163, -5.620651000907594]",,11.369867832634808,,
36,10,3,logskewnormal,10,257.70802793799925,"[1.201608697676831, -1.1503414080421035, 0.0]",,,,
36,10,3,gig,10,258.0139559394722,"[-11.361639976434889, -11.051778521684684, 15.333816889506874]",,,-11.361639976434889,1.58589187032178e-05
36,20,0,poisson,20,24612.444412030392,[1.820114105229096],,,,
36,20,0,gamma,20,28851.31453894175,"[0.8966462967990833, -0.9413028110292083]",,,,
36,20,0,gammamix,20,28856.808684721793,"[-0.8847987690014177, 2.674261959657854, 1.8855571772955078, 1.3376264952646488, -0.6329072566311577]",2.0,,,
36,20,0,lognormal,20,28853.137739359678,"[1.6222212894812762, -0.47633294113180524]",,,,
36,20,0,compoundgamma,20,28854.314550280717,"[9.210340371976184, 0.8266108001778273, -6.55540298098773]",,3.285559381234052,,
36,20,0,logskewnormal,20,28853.137739361093,"[1.6222254479245592, -0.4763393746952381, 2.0606397640431377e-06]",,,,
36,20,0,gig,20,28854.315193644088,"[-3.2851405773362923, -11.153760500560551, 14.501643695470172]",,,-3.2851405773362923,1.4321330330666072e-05
36,20,1,poisson,20,524.6678221466933,[1.3027511956991882],,,,
36,20,1,gamma,20,563.2384864675777,"[3.035415985573201, 1.7454122508551948]",,,,
36,20,1,gammamix,20,563.2384864675777,"[3.035415985573201, 1.7454122508551948]",1.0,,,
36,20,1,lognormal,20,563.0415850225058,"[1.2634901048978309, -1.4964135129320058]",,,,
36,20,1,compoundgamma,20,563.2377643401214,"[3.037241544994772, 9.21024036697585, 7.462998631139211]",,10000.0,,
36,20,1,logskewnormal,20,563.0415850225089,"[1.2634899645142024, -1.496413372641731, -2.508259081579538e-08]",,,,
36,20,1,gig,20,563.2384864675626,"[20.80963238165513, -9.632873667191886, -12.071433020344973]",,,20.80963238165513,6.553844327975079e-05
36,20,2,poisson,20,622.0638809706007,[1.574920407551387],,,,
36,20,2,gamma,20,710.3116446683675,"[1.5835597501181846, 0.03861483777866875]",,,,
36,20,2,gammamix,20,720.6620315064358,"[-1.0985350940457075, 4.845004248251014, 6.907755278982137, 3.6231655831814265, 4.756199107906826]",2.0,,,
36,20,2,lognormal,20,711.2346027292314,"[1.438642671775959, -0.8047640030907084]",,,,
36,20,2,compoundgamma,20,711.9033621146959,"[9.210340371976184, 1.5605912991935125, -6.109101379605664]",,5.761635964390776,,
36,20,2,logskewnormal,20,711.234602729235,"[1.4386424379412504, -0.8047641786752978, -8.343427011535336e-08]",,,,
36,20,2,gig,20,711.9040845308647,"[-5.760155809584847, -12.688924109420526, 16.48298929315222]",,,-5.760155809584847,3.085107332677139e-06
36,20,3,poisson,20,259.6141522756011,[1.154165173560333],,,,
36,20,3,gamma,20,275.3538433000582,"[2.706731554847707, 1.5317122752325483]",,,,
36,20,3,gammamix,20,275.3538433000582,"[2.706731554847707, 1.5317122752325483]",1.0,,,
36,20,3,lognormal,20,276.13468631855324,"[1.1410167268066205, -1.3848630652677234]",,,,
36,20,3,compoundgamma,20,276.75935230730204,"[9.210340371976184, 2.829948102225875, -5.209505041202821]",,17.944581415662576,,
36,20,3,logskewnormal,20,276.13468631855324,"[1.1410167268066205, -1.3848630652677234, 0.0]",,,,
36,20,3,gig,20,276.7611101676011,"[-17.924823220612467, -10.534391695808832, 15.227201884845742]",,,-17.924823220612467,2.6605523966879155e-05
36,40,0,poisson,40,55263.26291850902,[1.639672923946489],,,,
36,40,0,gamma,40,73065.28373910868,"[1.0152391123097895, -0.7431748331389992]",,,,
36,40,0,gammamix,40,73079.29920132138,"[-0.5581044095019303, 3.5584861447443523, 1.4376771151880074, 2.298772042628646, -0.8532160271381046]",2.0,,,
36,40,0,lognormal,40,73069.57858805973,"[1.5678177996188853, -0.5587626958475564]",,,,
36,40,0,compoundgamma,40,73072.47317333594,"[9.210340371976184, 1.0667398899018683, -6.411365443671878]",,3.9058905177968737,,
36,40,0,logskewnormal,40,73076.26636098813,"[0.9446974860998765, -0.1904751942943247, 6.620643437992914]",,,,
36,40,0,gig,40,73072.47497523102,"[-3.9052575939684067, -11.552551823545777, 15.044473155969204]",,,-3.9052575939684067,9.611484969622248e-06
36,40,1,poisson,40,762.7833168989177,[1.2931526967328661],,,,
36,40,1,gamma,40,832.790522978481,"[2.5344674698030403, 1.2554032333475333]",,,,
36,40,1,gammamix,40,832.790522978481,"[2.5344674698030403, 1.2554032333475333]",1.0,,,
36,40,1,lognormal,40,832.5674184171397,"[1.2388346230242269, -1.2584554454808095]",,,,
36,40,1,compoundgamma,40,832.789920302703,"[2.536197757337783, 8.882017339866074, 7.624885372744419]",,7202.303568998035,,
36,40,1,logskewnormal,40,832.5674184182471,"[1.2388348076824136, -1.258460127559473, -6.94979973100782e-07]",,,,
36,40,1,gig,40,832.790522979613,"[12.609820067204348, -9.883151568528454, -11.831708433831485]",,,12.609820067204348,5.1027208447545254e-05
36,40,2,poisson,40,757.9037066633268,[1.4284362389278276],,,,
36,40,2,gamma,40,878.3295903716678,"[1.700533676707682, 0.3136740804769728]",,,,
36,40,2,gammamix,40,887.201306353284,"[-1.863690382996275, 3.091349368673529, 6.907755278982137, 1.8926011260263231, 4.767341322423834]",2.0,,,
36,40,2,lognormal,40,880.2152500994144,"[1.293737313108371, -0.8749790683717409]",,,,
36,40,2,compoundgamma,40,881.4179334420703,"[9.210340371976184, 1.7404497538653523, -6.088836785588958]",,6.699906401210126,,
36,40,2,logskewnormal,40,882.0453935161019,"[0.8786413871821702, -0.5577123262312309, 2.3540698669030005]",,,,
36,40,2,gig,40,881.4191328109217,"[-6.6969826241697294, -12.332725303911893, 16.146859281046265]",,,-6.6969826241697294,4.4051982059550414e-06
36,40,3,poisson,40,619.1594191373172,[1.1818917212506808],,,,
36,40,3,gamma,40,634.6864283126971,"[3.2476985518107955, 2.057160128866366]",,,,
36,40,3,gammamix,40,640.8677833045965,"[-1.9850208695835303, 6.907755278982137, 2.4954714562218876, 5.759414194427523, 0.97402615770907]",2.0,,,
36,40,3,lognormal,40,635.5767652332613,"[1.1714499075751257, -1.638271303030713]",,,,
36,40,3,compoundgamma,40,636.3351755077886,"[9.210340371976184, 3.3178888178298855, -4.70201581714518]",,28.602016118580064,,
36,40,3,logskewnormal,40,636.9808364429712,"[1.00148916322043, -1.3844117489077896, 1.8321908564219922]",,,,
36,40,3,gig,40,636.3386830768081,"[-28.54475126575464, -10.326190898676426, 15.525587588269419]",,,-28.54475126575464,3.27636496772094e-05
36,100,0,poisson,100,61557.73069197339,[1.5757686616530426],,,,
36,100,0,gamma,100,82934.36664254648,"[0.9836939064058748, -0.7342015975634025]",,,,
36,100,0,gammamix,100,82981.79704850583,"[0.04114711913386393, -0.3564214214842236, 6.907755278982137, 3.621528193943468, 1.2614816093167407, 5.817437783684698, 2.1561028615970055, -1.1565555815246062]",3.0,,,
36,100,0,lognormal,100,82948.68407560977,"[1.5203212522362832, -0.5754395530508234]",,,,
36,100,0,compoundgamma,100,82957.86386792947,"[9.210340371976184, 1.1554849152782363, -6.383627908201184]",,4.175562923210985,,
36,100,0,logskewnormal,100,82969.02259793138,"[0.9334375754564878, -0.21869893588838438, 11.616125006405033]",,,,
36,100,0,gig,100,82957.86931533348,"[-4.174837958135218, -11.526230104926189, 15.045862461866184]",,,-4.174837958135218,9.867834755516348e-06
36,100,1,poisson,100,4550.52921195665,[1.523049334707661],,,,
36,100,1,gamma,100,5353.753496926638,"[2.3268755862821164, 1.0253893441802122]",,,,
36,100,1,gammamix,100,5353.753496926638,"[2.3268755862821164, 1.0253893441802122]",1.0,,,
36,100,1,lognormal,100,5355.6255811252495,"[1.2508269996769619, -1.1787465747609356]",,,,
36,100,1,compoundgamma,100,5356.516632485532,"[9.210340371976184, 2.352563638194013, -5.5606542341275]",,11.512485418068241,,
36,100,1,logskewnormal,100,5355.625581125384,"[1.2508275386123757, -1.178746934549937, 1.3229811335006924e-07]",,,,
36,100,1,gig,100,5356.517824710218,"[-11.501090431735873, -10.289458625141837, 14.631213926519843]",,,-11.501090431735873,3.398950949773809e-05
36,100,2,poisson,100,1502.4654734013989,[1.31831895622911],,,,
36,100,2,gamma,100,1809.4943666548058,"[1.7359203215110288, 0.390802905921072]",,,,
36,100,2,gammamix,100,1833.8227200284482,"[-1.8913355814240926, 3.4570181983727424, 4.001361115599108, 2.3013036928544497, 1.8760784746864405]",2.0,,,
36,100,2,lognormal,100,1815.1798371419754,"[1.2550791862544202, -0.9013332262659564]",,,,
36,100,2,compoundgamma,100,1819.0086677861839,"[9.210340371976184, 1.815769388429436, -6.058553109597658]",,7.145802868497686,,
36,100,2,logskewnormal,100,1822.6810242152096,"[0.8173496216090557, -0.5367920108757737, 4.331617534842169]",,,,
36,100,2,gig,100,1819.0126789706785,"[-7.142709182231875, -12.320191618633086, 16.16461697541478]",,,-7.142709182231875,4.460759037496628e-06
36,100,3,poisson,100,1136.4101503530055,[1.0768156110823985],,,,
36,100,3,gamma,100,1285.4001308254115,"[3.1596356372834107, 1.9356959004073555]",,,,
36,100,3,gammamix,100,1292.9385547450072,"[-0.702805805749104, 5.520014955010688, 3.270388750135584, 4.422003001117801, 1.8310081829925784]",2.0,,,
36,100,3,lognormal,100,1286.9603858679582,"[1.2025026035814577, -1.5865858739726013]",,,,
36,100,3,compoundgamma,100,1288.2479596912008,"[9.210340371976184, 3.1893322828547657, -4.797856093010672]",,25.272215056906486,,
36,100,3,logskewnormal,100,1291.139236482055,"[0.9746213828645557, -1.2036826628313053, 3.8273569134961223]",,,,
36,100,3,gig,100,1288.2535110424387,"[-25.22130515615493, -10.3927951070721, 15.496324069395326]",,,-25.22130515615493,3.0652537572869564e-05
36,400,0,poisson,400,669613.577022966,[2.230486592861569],,,,
36,400,0,gamma,400,1871833.4567228563,"[-0.352846127654142, -2.7464419157338504]",,,,
36,400,0,gammamix,400,1872318.8644487502,"[0.2503174174918156, -0.3484016279445725, -3.699460028740317, 6.407702180720696, 3.074231114159854, 1.2011329120785328, -0.3637861382635161, 5.321069784543392, 1.6196683573242063, -1.1913546951586524, -6.883935528205856]",4.0,,,
36,400,0,lognormal,400,1872144.19861666,"[1.5353823911299782, -0.38926143780727157]",,,,
36,400,0,compoundgamma,400,1872225.973412185,"[9.142147449078495, 0.9761608448679824, -6.452259203146254]",,3.654246591829561,,
36,400,0,logskewnormal,400,1872260.9800949048,"[0.910866312831857, -0.0866894679730846, 25.088832174500816]",,,,
36,400,0,gig,400,1872226.00122963,"[-3.652889781155245, -12.514328020497265, 15.89697762106678]",,,-3.652889781155245,3.6736383149806674e-06
36,400,1,poisson,356,16048.494416120448,[1.427640546155416],,,,
36,400,1,gamma,356,18459.508518108785,"[2.4387079840742354, 1.131138328179631]",,,,
36,400,1,gammamix,356,18478.577634063397,"[0.39014884229047697, 6.907755278982137, 2.5694553255533195, 5.868924427029404, 1.1208087592881748]",2.0,,,
36,400,1,lognormal,356,18464.869262169435,"[1.262558421813513, -1.2289162654956387]",,,,
36,400,1,compoundgamma,356,18467.85441945887,"[9.210340371976184, 2.4512859402303926, -5.454311954459092]",,12.603258226071794,,
36,400,1,logskewnormal,356,18471.97209760319,"[0.9125335475795633, -0.8044531026303752, 4.151679410531319]",,,,
36,400,1,gig,356,18467.860093699222,"[-12.589945157234485, -10.239949911573591, 14.687977255888722]",,,-12.589945157234485,3.5714638486876194e-05
36,400,2,poisson,400,6536.811043643557,[1.2349511553318797],,,,
36,400,2,gamma,400,8230.211144342487,"[1.7335026386332724, 0.3935167377700807]",,,,
36,400,2,gammamix,400,8327.908337895702,"[-1.6200520806095697, 3.623268727102891, 1.6940392328648874, 2.4710163382923946, -0.28578430014458656]",2.0,,,
36,400,2,lognormal,400,8263.152276610614,"[1.2494893683565371, -0.9252040443460509]",,,,
36,400,2,compoundgamma,400,8284.746503166,"[9.210340371976184, 1.9035635357970857, -5.98288680589505]",,7.709762368306463,,
36,400,2,logskewnormal,400,8306.245365488723,"[0.8238684174448322, -0.558251507098192, 9.877032782165152]",,,,
36,400,2,gig,400,8284.7692577305,"[-7.706570203360008, -12.28580684170945, 16.2059225615329]",,,-7.706570203360008,4.616808734256119e-06
36,400,3,poisson,400,5231.110513971539,[1.1468258255858186],,,,
36,400,3,gamma,400,5568.2035291162965,"[3.417313417189033, 2.1962530847675232]",,,,
36,400,3,gammamix,400,5580.800300509227,"[-1.1681531918936918, 4.547347766731637, 3.135447957113764, 3.3969861817873808, 1.712974437813352]",2.0,,,
36,400,3,lognormal,400,5571.493369475995,"[1.204732613732556, -1.707516597829983]",,,,
36,400,3,compoundgamma,400,5574.282174731622,"[9.210340371976184, 3.4184220597262844, -4.5705990304915085]",,31.52121634725963,,
36,400,3,logskewnormal,400,5579.049547915873,"[0.9746213828645557, -1.2036826628313053, 3.8273569134961223]",,,,
36,400,3,gig,400,5574.297276045196,"[-31.43551176470209, -10.273188151651976, 15.603264136739023]",,,-31.43551176470209,3.4547058403438586e-05
37,10,0,poisson,10,1386.8612156751428,[1.4061087015154152],,,,
37,10,0,gamma,10,2064.178856765845,"[0.2896622679370763, -1.7717491632369538]",,,,
37,10,0,gammamix,10,2064.178856765845,"[0.2896622679370763, -1.7717491632369538]",1.0,,,
37,10,0,lognormal,10,2067.205714655886,"[1.641378005261987, -0.3247701376792328]",,,,
37,10,0,compoundgamma,10,2069.3488436558555,"[8.804626192894878, 0.8223553476821036, -6.1390775480117705]",,3.275853956993148,,
37,10,0,logskewnormal,10,2069.8127074544277,"[1.016990072191738, -0.12032556518361764, 3.22631221139958]",,,,
37,10,0,gig,10,2069.350243377788,"[-3.256341372332394, -13.202772518509676, 16.555457736580077]",,,-3.256341372332394,1.8454774775939445e-06
37,10,1,poisson,10,75.46550484204232,[1.1763212729954258],,,,
37,10,1,gamma,10,81.06876915042889,"[2.8005487783821144, 1.5692177053333123]",,,,
37,10,1,gammamix,10,81.06876915042889,"[2.8005487783821144, 1.5692177053333123]",1.0,,,
37,10,1,lognormal,10,81.33889463389352,"[1.2000764224340466, -1.3920498645780288]",,,,
37,10,1,compoundgamma,10,81.5697760968697,"[9.210340371976184, 2.7692845301203297, -5.21057070403435]",,16.947220171455,,
37,10,1,logskewnormal,10,81.33889463389352,"[1.2000764224340466, -1.3920498645780288, 0.0]",,,,
37,10,1,gig,10,81.57045233575371,"[-16.925063518325278, -10.80587038803083, 15.49738746386946]",,,-16.925063518325278,2.0280101222000788e-05
37,10,2,poisson,10,96.12491101463272,[1.2415198769211877],,,,
37,10,2,gamma,10,98.2832576026193,"[3.0404074039147777, 1.8614180407774534]",,,,
37,10,2,gammamix,10,98.2832576026193,"[3.0404074039147777, 1.8614180407774534]",1.0,,,
37,10,2,lognormal,10,98.13612264533683,"[1.1589144762953225, -1.54382109944517]",,,,
37,10,2,compoundgamma,10,98.28264117505734,"[3.042233337460515, 9.21024036697585, 7.346999588322581]",,10000.0,,
37,10,2,logskewnormal,10,98.13612264533683,"[1.1589144762953225, -1.54382109944517, 0.0]",,,,
37,10,2,gig,10,98.28325760267529,"[20.9139564712324, -10.407387688591166, -12.961962159173371]",,,20.9139564712324,3.0208485730722936e-05
37,10,3,poisson,10,68.14825269860476,[1.2010272940961793],,,,
37,10,3,gamma,10,68.57428904365864,"[3.8964607229677344, 2.7096498303401786]",,,,
37,10,3,gammamix,10,68.57428904365864,"[3.8964607229677344, 2.7096498303401786]",1.0,,,
37,10,3,lognormal,10,68.54686491247689,"[1.178242544712681, -1.9734399472575006]",,,,
37,10,3,compoundgamma,10,68.57401922585429,"[3.9013077972670684, 9.21024036697585, 6.495750738605799]",,10000.0,,
37,10,3,logskewnormal,10,68.54686491247831,"[1.1782424230349888, -1.9734399312737656, -1.3492640401289705e-08]",,,,
37,10,3,gig,10,68.5742890436859,"[49.22787726948243, -7.81557331082623, -11.21836950241377]",,,49.22787726948243,0.00040340347797566684
37,20,0,poisson,20,4607.659082026923,[1.6122321395199206],,,,
37,20,0,gamma,20,5985.305969174619,"[0.5025459879778216, -1.508887426068468]",,,,
37,20,0,gammamix,20,5997.363497615874,"[-1.1899194489157523, 3.096421029278693, 0.6170582432981885, 1.691521652296943, -2.3008180337629653]",2.0,,,
37,20,0,lognormal,20,5990.011298023364,"[1.6786781206959216, -0.3863404923360499]",,,,
37,20,0,compoundgamma,20,5993.112780646607,"[9.210340371976184, 0.8231907731461234, -6.505018971392754]",,3.2777560577622906,,
37,20,0,logskewnormal,20,5995.103797054493,"[1.014859478975024, -0.09328103820906704, 5.465912082299358]",,,,
37,20,0,gig,20,5993.114108096435,"[-3.2775843053157754, -13.914423186331321, 17.31277540278715]",,,-3.2775843053157754,9.058218477002147e-07
37,20,1,poisson,20,191.28634691339482,[1.199464386771006],,,,
37,20,1,gamma,20,210.01661696106055,"[2.719378946220416, 1.4530881314623663]",,,,
37,20,1,gammamix,20,214.6952907137039,"[-1.7137081074090448, 5.146781750273315, 6.907755278982137, 4.035907283117801, 5.112168690184807]",2.0,,,
37,20,1,lognormal,20,210.52242529412416,"[1.231677850989826, -1.3616005298400806]",,,,
37,20,1,compoundgamma,20,210.9427418553594,"[9.210340371976184, 2.716338426573269, -5.230742040210833]",,16.124840018523596,,
37,20,1,logskewnormal,20,210.52242529412416,"[1.231677850989826, -1.3616005298400806, 0.0]",,,,
37,20,1,gig,20,210.94396874337056,"[-16.104673601709017, -10.822058507171185, 15.493460108311956]",,,-16.104673601709017,1.995444749944345e-05
37,20,2,poisson,20,282.4804984336129,[1.3466018385688503],,,,
37,20,2,gamma,20,358.88593929605423,"[1.4808766609349817, 0.17596458558021064]",,,,
37,20,2,gammamix,20,358.88593929605423,"[1.4808766609349817, 0.17596458558021064]",1.0,,,
37,20,2,lognormal,20,361.1624225005935,"[1.1895679838585134, -0.8298611038589528]",,,,
37,20,2,compoundgamma,20,362.51151496519566,"[9.210340371976184, 1.7579096559160676, -6.174080409290276]",,6.800300090272448,,
37,20,2,logskewnormal,20,362.2204721001385,"[0.8425410833158182, -0.6231679760666767, 1.506462155555348]",,,,
37,20,2,gig,20,362.51253643793154,"[-6.799135694349729, -13.067230777171991, 16.796411990769645]",,,-6.799135694349729,2.113361442990735e-06
37,20,3,poisson,20,129.80546483570365,[1.2093636529608125],,,,
37,20,3,gamma,20,129.82790977373452,"[5.955012114121194, 4.7477051001294965]",,,,
37,20,3,gammamix,20,129.82790977373452,"[5.955012114121194, 4.7477051001294965]",1.0,,,
37,20,3,lognormal,20,129.82602914639057,"[1.206290761268164, -3.0214026740514983]",,,,
37,20,3,compoundgamma,20,129.82774820654865,"[5.998894856700735, 9.176584707334127, 4.384990356005658]",,9669.077010864681,,
37,20,3,logskewnormal,20,129.82602914614827,"[1.2062904373530101, -3.0213466011598684, -6.184259134291939e-08]",,,,
37,20,3,gig,20,129.82790977388686,"[385.68116575119456, -6.9097201708547225, -12.350571940320064]",,,385.68116575119456,0.0009980370372637284
37,40,0,poisson,40,6975.767794429175,[1.5187215790027644],,,,
37,40,0,gamma,40,9027.219505022089,"[0.7971454352680725, -0.991084522253029]",,,,
37,40,0,gammamix,40,9051.214951655093,"[-0.4463092000828093, -0.769773854861338, 5.696282317032621, 4.061831608652257, 0.698662622994622, 4.530740859343142, 2.4811357346524114, -1.9011601994536451]",3.0,,,
37,40,0,lognormal,40,9036.376950585898,"[1.5459550108649338, -0.5531598213747371]",,,,
37,40,0,compoundgamma,40,9041.806474542973,"[9.210340371976184, 1.2049440535531037, -6.3164655358657]",,4.336572403474786,,
37,40,0,logskewnormal,40,9046.260858155303,"[0.9819311079802822, -0.2408897040484711, 7.916637394111812]",,,,
37,40,0,gig,40,9041.809368040345,"[-4.336071469038281, -13.177437278426725, 16.764281189545766]",,,-4.336071469038281,1.892830408635705e-06
37,40,1,poisson,40,6086.315056050949,[1.7235277051891285],,,,
37,40,1,gamma,40,6551.029672898783,"[2.248042203643238, 0.949947541075984]",,,,
37,40,1,gammamix,40,6562.718965743482,"[-1.4244712701643996, 4.886753429891246, 5.455168853766927, 3.806792804814742, 3.6101152280525257]",2.0,,,
37,40,1,lognormal,40,6552.39105578836,"[1.241786974116547, -1.1418127668022013]",,,,
37,40,1,compoundgamma,40,6553.448588707219,"[9.210340371976184, 2.282470006555542, -5.6378489014711715]",,10.800858722234803,,
37,40,1,logskewnormal,40,6555.730895523506,"[0.8749802102219313, -0.7558206319679299, 4.085683900779227]",,,,
37,40,1,gig,40,6553.450692000447,"[-10.801092890046183, -11.024781450316828, 15.290374427069883]",,,-10.801092890046183,1.6292894746364523e-05
37,40,2,poisson,40,858.3463791819837,[1.460980869592902],,,,
37,40,2,gamma,40,1120.4352795053273,"[1.251601610636477, -0.1805773543946551]",,,,
37,40,2,gammamix,40,1134.0690909296063,"[-1.8508481461183242, 3.254307335298209, 1.8557408238919242, 2.0849426449915267, -0.5038077977206812]",2.0,,,
37,40,2,lognormal,40,1125.10625182677,"[1.2832286975956586, -0.7028700307895587]",,,,
37,40,2,compoundgamma,40,1127.9382705552823,"[9.210340371976184, 1.4462500877588262, -6.364943163791709]",,5.247158146052787,,
37,40,2,logskewnormal,40,1128.8644918901189,"[0.7923986803095238, -0.3898465765614817, 2.956189560156945]",,,,
37,40,2,gig,40,1127.9401218782623,"[-5.24588402185121, -12.995255831595419, 16.53348822343885]",,,-5.24588402185121,2.271078267379047e-06
37,40,3,poisson,40,659.221759555395,[1.2825639775205293],,,,
37,40,3,gamma,40,722.7953830051079,"[2.7333061188508507, 1.479135133321301]",,,,
37,40,3,gammamix,40,722.7953830051079,"[2.7333061188508507, 1.479135133321301]",1.0,,,
37,40,3,lognormal,40,723.7143679238194,"[1.220223649278849, -1.3940857516339478]",,,,
37,40,3,compoundgamma,40,724.3402590020098,"[9.210340371976184, 2.83011637385423, -5.131111993387074]",,17.947432947878443,,
37,40,3,logskewnormal,40,723.714367923797,"[1.2202234437331645, -1.3940849002375268, -4.053946760768485e-08]",,,,
37,40,3,gig,40,724.3418614351962,"[-17.923119375648255, -10.272042928455214, 15.042975899831765]",,,-17.923119375648255,3.458664515961119e-05
37,100,0,poisson,100,50451.21569737464,[1.6124652887728488],,,,
37,100,0,gamma,100,73446.80568059858,"[0.6714975726585217, -1.1706120683708097]",,,,
37,100,0,gammamix,100,73495.47689520285,"[-0.9882746399410742, 3.1335149282930717, 0.6956529256392205, 1.8258627688680162, -1.8927797381213178]",2.0,,,
37,100,0,lognormal,100,73468.76761514356,"[1.5653072542156774, -0.4720299882050428]",,,,
37,100,0,compoundgamma,100,73481.67986550993,"[9.210340371976184, 0.9887950728708663, -6.4810656912798175]",,3.687993683771802,,
37,100,0,logskewnormal,100,73493.90861285808,"[0.9441062572643704, -0.13935985606065676, 13.694880630945148]",,,,
37,100,0,gig,100,73481.6859443127,"[-3.686968865573466, -13.267736863732406, 16.690076996444503]",,,-3.686968865573466,1.7293985588702664e-06
37,100,1,poisson,100,8092.946105116071,[1.5261993566395364],,,,
37,100,1,gamma,100,8927.730884832006,"[2.438918009599471, 1.14153426796258]",,,,
37,100,1,gammamix,100,8945.032773308083,"[-0.5742220619562874, 6.907755278982137, 3.351302554524659, 5.868043572522978, 1.7316626944030122]",2.0,,,
37,100,1,lognormal,100,8930.126018835648,"[1.2516615534279685, -1.2282238945975243]",,,,
37,100,1,compoundgamma,100,8931.908034697433,"[9.210340371976184, 2.4476287481495125, -5.469428414024795]",,12.560900384567777,,
37,100,1,logskewnormal,100,8936.900776550336,"[0.8926457072912583, -0.789903460241569, 6.207541223543054]",,,,
37,100,1,gig,100,8931.912106161515,"[-12.548843014875976, -10.941434993510365, 15.37444352879767]",,,-12.548843014875976,1.770904568090694e-05
37,100,2,poisson,100,3583.720449950754,[1.603726490894669],,,,
37,100,2,gamma,100,5044.193887551683,"[1.2590156849681164, -0.18795557660801485]",,,,
37,100,2,gammamix,100,5083.816235486735,"[-1.7632500852169195, 3.560502660499722, 1.7978629550345044, 2.386650999110856, -0.5501163180237288]",2.0,,,
37,100,2,lognormal,100,5056.759607193251,"[1.2988210398805018, -0.7158124249393801]",,,,
37,100,2,compoundgamma,100,5064.641678672044,"[9.210340371976184, 1.4870987379328986, -6.313290452510091]",,5.42424099826969,,
37,100,2,logskewnormal,100,5070.146653372387,"[0.7946703619910025, -0.3730768003443889, 5.742164705402588]",,,,
37,100,2,gig,100,5064.647270148706,"[-5.423002736761676, -12.969623535493412, 16.559525928479164]",,,-5.423002736761676,2.3300436993110664e-06
37,100,3,poisson,100,1986.7190681713835,[1.1285652668201245],,,,
37,100,3,gamma,100,2191.12025486519,"[3.0070545636177273, 1.7578590643655196]",,,,
37,100,3,gammamix,100,2203.4836469598454,"[-0.7408547105183692, 6.246993979615847, 2.8688784524561823, 5.13765353585561, 1.4144583355452214]",2.0,,,
37,100,3,lognormal,100,2193.677085260625,"[1.223409882380577, -1.5289241939071623]",,,,
37,100,3,compoundgamma,100,2195.722686429652,"[9.210340371976184, 3.1018788777919735, -4.863171753961431]",,23.239697725083527,,
37,100,3,logskewnormal,100,2200.5372346975078,"[0.9884148361626414, -1.1751352660917918, 5.228629911764171]",,,,
37,100,3,gig,100,2195.730467161602,"[-23.200437823051267, -9.950248315484831, 14.988789303627298]",,,-23.200437823051267,4.771578389757606e-05
37,400,0,poisson,400,348425.53300594835,[1.9729512917912506],,,,
37,400,0,gamma,400,481894.1248178398,"[0.8891341202581041, -0.8772406738176577]",,,,
37,400,0,gammamix,400,482072.6735575184,"[0.03676281898478295, -0.7893698052977635, 4.974482636502556, 2.7063029463212405, 0.9336952031896719, 3.8358474831367704, 1.1110500982463596, -1.7022712519729193]",3.0,,,
37,400,0,lognormal,400,481967.39183659386,"[1.5466922644853571, -0.5598175937565497]",,,,
37,400,0,compoundgamma,400,482010.494994691,"[9.210340371976184, 1.151864682975469, -6.361602579943345]",,4.16408743224168,,
37,400,0,logskewnormal,400,482056.4580965742,"[0.9443579238726598, -0.19164355995862756, 24.126674457107285]",,,,
37,400,0,gig,400,482010.51845217566,"[-4.163430967933627, -13.214319606410623, 16.756022600828903]",,,-4.163430967933627,1.8242901483352284e-06
37,400,1,poisson,356,18401.56452536831,[1.470039197051478],,,,
37,400,1,gamma,356,20802.311483261205,"[2.3466589750062243, 1.0239958279646704]",,,,
37,400,1,gammamix,356,20826.298583944903,"[0.3462097296450396, 6.907755278982137, 2.5502853789871014, 5.871972032470362, 1.0698672673423602]",2.0,,,
37,400,1,lognormal,356,20807.279293509913,"[1.2734330149451067, -1.181120938751555]",,,,
37,400,1,compoundgamma,356,20809.76229757104,"[9.191743002017688, 2.3487068658264665, -5.5227336524372665]",,11.472019239373656,,
37,400,1,logskewnormal,356,20814.113735497725,"[0.9012846820754601, -0.7487598032639784, 4.693957156004246]",,,,
37,400,1,gig,356,20809.7666477474,"[-11.460613646643036, -11.004467725705819, 15.365534643062427]",,,-11.460613646643036,1.662724861209158e-05
37,400,2,poisson,400,7532.955407967755,[1.3842560399901935],,,,
37,400,2,gamma,400,10211.629411605281,"[1.5962743258198124, 0.26181108538915426]",,,,
37,400,2,gammamix,400,10331.606053543517,"[-2.151545594551121, 3.2953228926454066, 1.655726698864803, 2.1329529276679273, -0.5616549971710206]",2.0,,,
37,400,2,lognormal,400,10254.103685969178,"[1.2303035101901203, -0.8792633131422563]",,,,
37,400,2,compoundgamma,400,10280.723002616325,"[9.210340371976184, 1.8370458060155206, -6.063319646833459]",,7.277964514306463,,
37,400,2,logskewnormal,400,10300.52096285625,"[0.7925308669289629, -0.5229336945584229, 9.34048155774788]",,,,
37,400,2,gig,400,10280.747716827842,"[-7.275445739008659, -12.717272316838171, 16.557026138642666]",,,-7.275445739008659,2.998878067215161e-06
37,400,3,poisson,400,7776.478285663238,[1.1554145589396494],,,,
37,400,3,gamma,400,8463.042051736033,"[3.1616024856309113, 1.9252658459655043]",,,,
37,400,3,gammamix,400,8479.121357188596,"[-0.4799535440564335, 4.9550350667867, 2.8218666446807865, 3.8161380392579245, 1.4547682873831582]",2.0,,,
37,400,3,lognormal,400,8468.080550484276,"[1.2147660790641388, -1.5900855595567362]",,,,
37,400,3,compoundgamma,400,8472.02548724664,"[9.210340371976184, 3.1976111774026963, -4.7776802122643565]",,25.473996276017353,,
37,400,3,logskewnormal,400,8477.650009426692,"[0.9865408587125505, -1.2030297940285481, 3.396937479275028]",,,,
37,400,3,gig,400,8472.041453847598,"[-25.420298292097883, -9.919156287486402, 15.042763375740494]",,,-25.420298292097883,4.922266905221116e-05
38,10,0,poisson,10,1246.1156494055006,[1.5220425845854633],,,,
38,10,0,gamma,10,1412.153045692917,"[1.3885846165510658, -0.4609743476410324]",,,,
38,10,0,gammamix,10,1418.7643529846819,"[-0.18508055149918645, 6.907755278982137, 1.6373185507445582, 5.549438628790386, -0.5825230932176915]",2.0,,,
38,10,0,lognormal,10,1413.191396777826,"[1.718744264946355, -0.7520751342443434]",,,,
38,10,0,compoundgamma,10,1413.9838239891003,"[9.210340371976184, 1.522089744034534, -5.865263466783528]",,5.5817899659488175,,
38,10,0,logskewnormal,10,1413.191396861113,"[1.718744002365609, -0.7519799517646556, -2.43117239172514e-06]",,,,
38,10,0,gig,10,1413.9845652570543,"[-5.5804385744166805, -12.337015549501519, 16.37492338215103]",,,-5.5804385744166805,4.386339307360498e-06
38,10,1,poisson,10,81.79138200857619,[1.1585104302491787],,,,
38,10,1,gamma,10,83.80150950751224,"[3.8918681627693514, 2.764164761274552]",,,,
38,10,1,gammamix,10,83.80150950751224,"[3.8918681627693514, 2.764164761274552]",1.0,,,
38,10,1,lognormal,10,83.79099443189912,"[1.1176235885587604, -1.9485237615499784]",,,,
38,10,1,compoundgamma,10,83.80138461683738,"[3.8951224165176725, 9.09191366809512, 6.324484148415045]",,8884.169234535768,,
38,10,1,logskewnormal,10,83.79099443190123,"[1.1176236860018443, -1.9485223963420673, 1.843253879271639e-07]",,,,
38,10,1,gig,10,83.80150950753853,"[49.002363430871256, -6.907318060871651, -10.364630410971433]",,,49.002363430871256,0.0010004373137042556
38,10,2,poisson,10,285.9030441271425,[1.5324079034025],,,,
38,10,2,gamma,10,321.5155701204393,"[1.6253104800752722, 0.2130196975820219]",,,,
38,10,2,gammamix,10,321.5155701204393,"[1.6253104800752722, 0.2130196975820219]",1.0,,,
38,10,2,lognormal,10,321.92784567791654,"[1.3103310872029732, -0.822183086008324]",,,,
38,10,2,compoundgamma,10,322.1999531366982,"[9.210340371976184, 1.5874612623083932, -6.213181585843709]",,5.891315385522026,,
38,10,2,logskewnormal,10,321.92784567791654,"[1.3103310872029732, -0.822183086008324, 0.0]",,,,
38,10,2,gig,10,322.2002437695064,"[-5.888912117569206, -11.454465828666432, 15.144280206955274]",,,-5.888912117569206,1.0602021911517718e-05
38,10,3,poisson,10,109.1410264447781,[1.3432107749835789],,,,
38,10,3,gamma,10,109.50559193426614,"[4.481721517430026, 3.1390582448483864]",,,,
38,10,3,gammamix,10,109.50559193426614,"[4.481721517430026, 3.1390582448483864]",1.0,,,
38,10,3,lognormal,10,109.54260790371136,"[1.336315558887853, -2.2021299588300267]",,,,
38,10,3,compoundgamma,10,109.58092369620041,"[9.210340371976184, 4.345144912914979, -3.5230364891244075]",,78.10320992067086,,
38,10,3,logskewnormal,10,109.54260790371822,"[1.3363154574627476, -2.2021321610235467, 2.1031824487969796e-07]",,,,
38,10,3,gig,10,109.58152731409942,"[-77.52484419482383, -7.269593819001653, 13.64251192032974]",,,-77.52484419482383,0.0006963947986555885
38,20,0,poisson,20,2436.372123647142,[1.5239509943327187],,,,
38,20,0,gamma,20,2810.8509734352856,"[1.1876017763154432, -0.5821980622405344]",,,,
38,20,0,gammamix,20,2817.985888303832,"[-0.7886192249493278, 3.5342677578652095, 1.447685231589743, 2.1881868390673636, -0.8884880975812424]",2.0,,,
38,20,0,lognormal,20,2813.0606132929242,"[1.6099256610301655, -0.6486989068530078]",,,,
38,20,0,compoundgamma,20,2814.5858996747675,"[9.210340371976184, 1.2820388793221567, -6.18606362886282]",,4.603980320685867,,
38,20,0,logskewnormal,20,2815.3893511695164,"[1.069662699262986, -0.32277932984248514, 2.914442456698071]",,,,
38,20,0,gig,20,2814.5870276760925,"[-4.585353057249052, -12.504015989811984, 16.217286240300623]",,,-4.585353057249052,3.7117169827732936e-06
38,20,1,poisson,20,282.73281449517214,[1.244578559251879],,,,
38,20,1,gamma,20,294.1133022348174,"[3.338984735340272, 2.136695432631936]",,,,
38,20,1,gammamix,20,294.1133022348174,"[3.338984735340272, 2.136695432631936]",1.0,,,
38,20,1,lognormal,20,294.1974138423213,"[1.184041524664693, -1.6751411096874584]",,,,
38,20,1,compoundgamma,20,294.2530962256482,"[9.210340371976184, 3.359764128980899, -4.649448833165466]",,29.782401144233237,,
38,20,1,logskewnormal,20,294.1974138424896,"[1.1840405289322922, -1.67514113970924, -1.487915131207488e-07]",,,,
38,20,1,gig,20,294.2534056701767,"[-29.688484417910004, -8.318988662023035, 13.56975976283181]",,,-29.688484417910004,0.00024384234659162197
38,20,2,poisson,20,729.2771593733761,[1.6985413403959542],,,,
38,20,2,gamma,20,874.7336038998508,"[1.0180443298535935, -0.6732309250718168]",,,,
38,20,2,gammamix,20,881.6005173575725,"[-0.30680281697898515, 6.907755278982137, 1.5319748400654136, 5.8087804056322785, -0.6315273342727317]",2.0,,,
38,20,2,lognormal,20,876.2479524299366,"[1.499907866366466, -0.5237783407352815]",,,,
38,20,2,compoundgamma,20,877.2849408601106,"[9.210340371976184, 0.9236498165141473, -6.600279767485928]",,3.5184655731224965,,
38,20,2,logskewnormal,20,876.2479524299366,"[1.499907866366466, -0.5237783407352815, 0.0]",,,,
38,20,2,gig,20,877.2855942754265,"[-3.5164225267050466, -13.062672915813145, 16.365206583808153]",,,-3.5164225267050466,2.1230158364289757e-06
38,20,3,poisson,20,131.67934143044005,[1.1578888985976499],,,,
38,20,3,gamma,20,134.84324778461695,"[3.336734741605347, 2.171958847720917]",,,,
38,20,3,gammamix,20,134.84324778461695,"[3.336734741605347, 2.171958847720917]",1.0,,,
38,20,3,lognormal,20,134.92166709220692,"[1.148028976257186, -1.6742724243024387]",,,,
38,20,3,compoundgamma,20,134.988018226253,"[9.210340371976184, 3.3712556790636286, -4.672779128044827]",,30.115063289514673,,
38,20,3,logskewnormal,20,134.92166709220683,"[1.1480289726972597, -1.6742722906061127, -5.8863462302911126e-09]",,,,
38,20,3,gig,20,134.98831244801937,"[-30.052515924705425, -9.289206510487933, 14.517761522261788]",,,-30.052515924705425,9.241636260838333e-05
38,40,0,poisson,40,4238.7654977375805,[1.491964426385513],,,,
38,40,0,gamma,40,4749.388531407803,"[1.4563255618671187, -0.182737410353892]",,,,
38,40,0,gammamix,40,4759.436283352878,"[-1.07130594344964, 3.123878899078137, 1.440912360631709, 1.7665584859286, -0.7527320562156641]",2.0,,,
38,40,0,lognormal,40,4753.516538375448,"[1.5192606066402734, -0.7884090163534767]",,,,
38,40,0,compoundgamma,40,4756.202969315728,"[9.210340371976184, 1.5935657277388473, -5.997818483013447]",,5.921265573138362,,
38,40,0,logskewnormal,40,4757.792996268248,"[1.0361586119824382, -0.4312858097023476, 3.3989016674595325]",,,,
38,40,0,gig,40,4756.205169032169,"[-5.91965332672278, -12.566556024323347, 16.47187992316054]",,,-5.91965332672278,3.486695828125894e-06
38,40,1,poisson,40,847.6576870093527,[1.319870825286548],,,,
38,40,1,gamma,40,943.694445521075,"[2.4765806260780856, 1.1872999305406842]",,,,
38,40,1,gammamix,40,943.694445521075,"[2.4765806260780856, 1.1872999305406842]",1.0,,,
38,40,1,lognormal,40,944.5981504874626,"[1.245947515694339, -1.2539298389477844]",,,,
38,40,1,compoundgamma,40,945.2387320970126,"[9.210340371976184, 2.516505461220649, -5.408294000146099]",,13.385240250019669,,
38,40,1,logskewnormal,40,944.5981504874887,"[1.245947870358886, -1.2539297909146492, 8.075753036215791e-08]",,,,
38,40,1,gig,40,945.2401745708935,"[-13.371322804403615, -10.324527672171087, 14.818592930253468]",,,-13.371322804403615,3.281818839030815e-05
38,40,2,poisson,40,1834.4675263392012,[1.5906205815644563],,,,
38,40,2,gamma,40,2228.273913897565,"[1.2071894448428993, -0.3593361149344372]",,,,
38,40,2,gammamix,40,2244.0920439624792,"[-0.5982907425009811, 6.907664173939182, 1.4811032422044308, 5.829612911495707, -0.5898789662221975]",2.0,,,
38,40,2,lognormal,40,2232.218010527558,"[1.4084187441089244, -0.64849723937215]",,,,
38,40,2,compoundgamma,40,2235.034745889749,"[9.210340371976184, 1.2721990035598219, -6.396457531571195]",,4.568691505589336,,
38,40,2,logskewnormal,40,2238.542130575571,"[0.8372988202359851, -0.28217722341699164, 5.722512292169947]",,,,
38,40,2,gig,40,2235.0368015898766,"[-4.567733065144054, -12.967335677804833, 16.47408322408217]",,,-4.567733065144054,2.335380610421906e-06
38,40,3,poisson,40,387.50161610372186,[1.2275405849111696],,,,
38,40,3,gamma,40,408.19428344239736,"[3.1882394277105015, 1.9912077910185337]",,,,
38,40,3,gammamix,40,408.19428344239736,"[3.1882394277105015, 1.9912077910185337]",1.0,,,
38,40,3,lognormal,40,408.40773348163066,"[1.1761049604008509, -1.6040053572025197]",,,,
38,40,3,compoundgamma,40,408.5585298726995,"[9.210340371976184, 3.2282892085191173, -4.786150172355295]",,26.236445722434514,,
38,40,3,logskewnormal,40,408.4077334816309,"[1.176104956716685, -1.6040054757762787, 4.3096592378247626e-08]",,,,
38,40,3,gig,40,408.5591797837663,"[-26.177343369871124, -9.774325956032651, 14.889316608821195]",,,-26.177343369871124,5.689369928835662e-05
38,100,0,poisson,100,15440.034607502717,[1.538956807019782],,,,
38,100,0,gamma,100,19507.94196766638,"[1.0710624070490469, -0.6384757312952783]",,,,
38,100,0,gammamix,100,19536.386796256167,"[-1.0514163823127194, 2.7385134157606057, 0.991173940433544, 1.3816290071314856, -1.3466484855626466]",2.0,,,
38,100,0,lognormal,100,19523.8980613595,"[1.5295269591964444, -0.6391131172534535]",,,,
38,100,0,compoundgamma,100,19532.995512070218,"[9.210340371976184, 1.3064084178594857, -6.24331047258874]",,4.6928865601279295,,
38,100,0,logskewnormal,100,19540.626571496017,"[0.9414830730942992, -0.24615976489841418, 8.905195342937027]",,,,
38,100,0,gig,100,19533.000940803373,"[-4.69168523087972, -12.968096248489633, 16.627944193698877]",,,-4.69168523087972,2.3336050636917555e-06
38,100,1,poisson,100,1961.9337816198738,[1.2746267891405199],,,,
38,100,1,gamma,100,2226.3477079251093,"[2.5799229899738925, 1.3020916806479068]",,,,
38,100,1,gammamix,100,2234.9402018953465,"[-0.1484186325261977, 6.907755278982137, 2.957224859416611, 5.864248926893179, 1.47351386933727]",2.0,,,
38,100,1,lognormal,100,2228.1332020759323,"[1.238546715382184, -1.3056667158940338]",,,,
38,100,1,compoundgamma,100,2229.332696508525,"[9.210340371976184, 2.6224297443241777, -5.313950923339295]",,14.769138459859251,,
38,100,1,logskewnormal,100,2231.289323489629,"[0.9318982941178987, -0.9219175819263518, 3.4865942190768497]",,,,
38,100,1,gig,100,2229.3355963455483,"[-14.75158106723915, -10.281998636792668, 14.87025765421365]",,,-14.75158106723915,3.424401898115882e-05
38,100,2,poisson,100,2760.0890264901304,[1.413310725739762],,,,
38,100,2,gamma,100,3498.172828334558,"[1.4700301890213863, 0.045567414047600556]",,,,
38,100,2,gammamix,100,3531.78658310468,"[-1.559645409334097, 3.6033000940100757, 1.8475314153155102, 2.441365433358689, -0.3174162397523576]",2.0,,,
38,100,2,lognormal,100,3508.04011659317,"[1.3048362654761156, -0.7962837577831492]",,,,
38,100,2,compoundgamma,100,3514.9176764495955,"[9.210340371976184, 1.6346710580884816, -6.1756249945976265]",,6.1277709807889496,,
38,100,2,logskewnormal,100,3522.981129250455,"[0.83162554551892, -0.44486949071848453, 7.686244274806755]",,,,
38,100,2,gig,100,3514.923788709405,"[-6.126048437488937, -12.846906162319344, 16.57441773344779]",,,-6.126048437488937,2.63426550036097e-06
38,100,3,poisson,100,1608.0055028724028,[1.0800640063170883],,,,
38,100,3,gamma,100,1681.0203500053062,"[3.4161167891516797, 2.2206523840908887]",,,,
38,100,3,gammamix,100,1681.0203500053062,"[3.4161167891516797, 2.2206523840908887]",1.0,,,
38,100,3,lognormal,100,1681.4302666308333,"[1.1791538107427275, -1.714778250074836]",,,,
38,100,3,compoundgamma,100,1681.7477113414864,"[9.210340371976184, 3.4439316402484597, -4.571094086507356]",,32.30981542528069,,
38,100,3,logskewnormal,100,1681.4302666308338,"[1.1791538393478795, -1.714778258866522, 4.108332549197941e-09]",,,,
38,100,3,gig,100,1681.7495211161515,"[-32.217776026361626, -9.662744574468508, 14.992193512863233]",,,-32.217776026361626,6.360970057603414e-05
38,400,0,poisson,400,154487.62032231383,[1.8168934427669463],,,,
38,400,0,gamma,400,327913.35347139847,"[0.11359590208422753, -1.9330073308241518]",,,,
38,400,0,gammamix,400,328236.86884064926,"[-0.05481391758976961, -1.8678358512055673, 4.194059458510256, 2.098492689242364, -0.3805571187614602, 3.026426469982373, 0.318051524787944, -4.254126222950004]",3.0,,,
38,400,0,lognormal,400,328131.0424108744,"[1.5393674245669442, -0.46561189320454893]",,,,
38,400,0,compoundgamma,400,328194.3063120373,"[9.144630733593733, 1.0522092919416393, -6.386441576197887]",,3.863971482845015,,
38,400,0,logskewnormal,400,328228.67923446634,"[0.910247852055081, -0.12334865336784376, 24.19953994411028]",,,,
38,400,0,gig,400,328194.3317093504,"[-3.866872500486289, -13.074944382499282, 16.526980206405973]",,,-3.866872500486289,2.0971225177532288e-06
38,400,1,poisson,356,17219.072345599547,[1.2925329133498613],,,,
38,400,1,gamma,356,19168.844853237322,"[2.5129413874980604, 1.2029455691308144]",,,,
38,400,1,gammamix,356,19189.317765362863,"[-0.002004355856286111, 5.193722861426348, 2.859511110581518, 4.126396666652197, 1.3587480755537666]",2.0,,,
38,400,1,lognormal,356,19174.464386025884,"[1.2684761000571452, -1.2666319809521114]",,,,
38,400,1,compoundgamma,356,19177.96690784827,"[9.210340371976184, 2.531681595420901, -5.3709916779153275]",,13.574633814228152,,
38,400,1,logskewnormal,356,19184.693282263892,"[0.9235546541033643, -0.8284629282185713, 6.03557512562759]",,,,
38,400,1,gig,356,19177.974580595146,"[-13.559379223746848, -10.112048349625136, 14.643338146872008]",,,-13.559379223746848,4.0587584053153723e-05
38,400,2,poisson,400,9091.886487293694,[1.2839617242580328],,,,
38,400,2,gamma,400,12617.67587737001,"[1.5765957688509757, 0.213046451166127]",,,,
38,400,2,gammamix,400,12762.623202913797,"[-0.4107591269596036, -1.715544210351826, 6.907755278982137, 3.9823167334881453, 1.8742657213428195, 5.864163479737234, 2.6184966356749166, -0.43112029756788606]",3.0,,,
38,400,2,lognormal,400,12663.124098355067,"[1.2568789386028685, -0.8743841225528156]",,,,
38,400,2,compoundgamma,400,12692.227305092883,"[9.210340371976184, 1.8325057684520984, -6.041382639568512]",,7.249526922303781,,
38,400,2,logskewnormal,400,12718.618480953231,"[0.8243828689563818, -0.525473907212513, 11.887389342708412]",,,,
38,400,2,gig,400,12692.255012388057,"[-7.247176433597413, -13.367861570438631, 17.22957414130257]",,,-7.247176433597413,1.5646293948181122e-06
38,400,3,poisson,400,5683.344187134941,[1.1252858979153704],,,,
38,400,3,gamma,400,5981.488531219373,"[3.489626805462241, 2.2901958335577097]",,,,
38,400,3,gammamix,400,5991.582413254759,"[0.23831692730650655, 6.907755278982137, 3.4786540812046374, 5.837880120481586, 2.1889462791514895]",2.0,,,
38,400,3,lognormal,400,5983.059169893767,"[1.184150805078423, -1.749646633700577]",,,,
38,400,3,compoundgamma,400,5984.252963000858,"[9.210340371976184, 3.510682124615074, -4.500512573679061]",,34.47109145414057,,
38,400,3,logskewnormal,400,5983.059169893767,"[1.184150805078423, -1.749646633700577, 0.0]",,,,
38,400,3,gig,400,5984.260034654843,"[-34.36483729362662, -9.63154639007136, 15.031340569792947]",,,-34.36483729362662,6.56254887099561e-05
39,10,0,poisson,10,1906.9079507925455,[1.3860919114785473],,,,
39,10,0,gamma,10,1985.4696790424373,"[2.8402141732238806, 1.408938574325275]",,,,
39,10,0,gammamix,10,1985.4696790424373,"[2.8402141732238806, 1.408938574325275]",1.0,,,
39,10,0,lognormal,10,1985.7473778298695,"[1.4015322613351808, -1.437463188080794]",,,,
39,10,0,compoundgamma,10,1985.97819154628,"[9.210340371976184, 2.8881547495100954, -4.893162656904339]",,18.96013805251389,,
39,10,0,logskewnormal,10,1985.7473778339652,"[1.4015249866437838, -1.4374363940296186, 1.7757642506404823e-05]",,,,
39,10,0,gig,10,1985.9790184122126,"[-18.930439211600568, -9.373886936973973, 14.38255531894697]",,,-18.930439211600568,8.491269584860437e-05
39,10,1,poisson,10,211.91769455421056,[1.343464658920925],,,,
39,10,1,gamma,10,222.86912367377104,"[2.519899147923015, 1.225707777581263]",,,,
39,10,1,gammamix,10,222.86912367377104,"[2.519899147923015, 1.225707777581263]",1.0,,,
39,10,1,lognormal,10,222.86719389986797,"[1.253694994630104, -1.255287471828489]",,,,
39,10,1,compoundgamma,10,222.8702655392837,"[2.648633493850562, 4.630383765544147, 3.275902998934125]",,103.55341302598563,,
39,10,1,logskewnormal,10,222.86719389994605,"[1.2536962116375148, -1.255290367136118, -4.749828029897407e-06]",,,,
39,10,1,gig,10,222.88754087735225,"[4.4808597335470415, 2.394748373013647, 0.8701313239091302]",,,4.4808597335470415,10.96543851165995
39,10,2,poisson,10,228.32447779528843,[1.0326878278876577],,,,
39,10,2,gamma,10,242.7396614599401,"[2.6961491992909217, 1.3860759025544596]",,,,
39,10,2,gammamix,10,242.7396614599401,"[2.6961491992909217, 1.3860759025544596]",1.0,,,
39,10,2,lognormal,10,243.01904262352008,"[1.2750513907379628, -1.3527797946641331]",,,,
39,10,2,compoundgamma,10,243.25669944773804,"[9.210340371976184, 2.707405686329017, -5.195755734642611]",,15.990335393227578,,
39,10,2,logskewnormal,10,243.01904262355902,"[1.2750521277986262, -1.3527786401656943, 1.5203322046063129e-07]",,,,
39,10,2,gig,10,243.2573846367937,"[-15.971415109606951, -9.542127284438692, 14.248585144984535]",,,-15.971415109606951,7.1764022675163e-05
39,10,3,poisson,10,-30.856770743854653,[0.996267928066781],,,,
39,10,3,gamma,10,-2.7404968913623975,"[3.4568206606296776, 2.1902400893579266]",,,,
39,10,3,gammamix,10,-2.7404968913623975,"[3.4568206606296776, 2.1902400893579266]",1.0,,,
39,10,3,lognormal,10,-2.5875639378172686,"[1.2495623042898651, -1.7188616661211644]",,,,
39,10,3,compoundgamma,10,-2.457547341707226,"[9.210340371976184, 3.417538083068802, -4.528222882481926]",,31.494248225801723,,
39,10,3,logskewnormal,10,-2.5875639378170163,"[1.2495622502007886, -1.7188616998257182, 1.7863673649055885e-07]",,,,
39,10,3,gig,10,-2.4568223461698437,"[-31.403626231908955, -8.942679865289675, 14.314956265567968]",,,-31.403626231908955,0.00013069033797335745
39,20,0,poisson,20,3150.929535066818,[1.3291475540652689],,,,
39,20,0,gamma,20,3542.5970682942925,"[2.1006612679220504, 0.6419527374154433]",,,,
39,20,0,gammamix,20,3547.520638790352,"[-1.0997363419573363, 3.8130980905080913, 4.399856306736998, 2.580566904589371, 2.4642797203619455]",2.0,,,
39,20,0,lognormal,20,3543.3053252776094,"[1.3961421726599685, -1.067890731655007]",,,,
39,20,0,compoundgamma,20,3543.816489629578,"[9.210340371976184, 2.1232556644424982, -5.632083471390529]",,9.358305076051069,,
39,20,0,logskewnormal,20,3543.3053252771438,"[1.3961417862932715, -1.067896028496765, -6.78374972698822e-07]",,,,
39,20,0,gig,20,3543.817346790399,"[-9.351459212025116, -10.624792107707805, 14.895383302981998]",,,-9.351459212025116,2.4305883740009915e-05
39,20,1,poisson,20,251.94976174217973,[1.2660504347858288],,,,
39,20,1,gamma,20,271.45537255400137,"[2.5801107653018875, 1.3224305921633184]",,,,
39,20,1,gammamix,20,271.45537255400137,"[2.5801107653018875, 1.3224305921633184]",1.0,,,
39,20,1,lognormal,20,271.3879517315311,"[1.2197219411678475, -1.290739437153843]",,,,
39,20,1,compoundgamma,20,271.4552473430621,"[2.5814293110832676, 9.21024036697585, 7.88649053711538]",,10000.0,,
39,20,1,logskewnormal,20,271.3879517315313,"[1.2197219188496016, -1.2907392721518982, 1.3311023988877137e-07]",,,,
39,20,1,gig,20,271.4566856895585,"[11.496658852468638, 1.8161300196902121, -0.13107042715429548]",,,11.496658852468638,6.148019636828588
39,20,2,poisson,20,269.23074007370894,[1.0367751318226621],,,,
39,20,2,gamma,20,285.9494594431349,"[2.931203146799046, 1.728020671648657]",,,,
39,20,2,gammamix,20,285.9494594431349,"[2.931203146799046, 1.728020671648657]",1.0,,,
39,20,2,lognormal,20,286.44120453989024,"[1.1756957798525038, -1.4646040073844107]",,,,
39,20,2,compoundgamma,20,286.87192979793633,"[9.210340371976184, 2.934269545318027, -5.07422775651056]",,19.80775990011406,,
39,20,2,logskewnormal,20,286.44120453989024,"[1.1756957798525038, -1.4646040073844107, 0.0]",,,,
39,20,2,gig,20,286.87341513381017,"[-19.778974860285256, -9.92609004750582, 14.75381224059119]",,,-19.778974860285256,4.888255138727419e-05
39,20,3,poisson,20,79.57616107441373,[1.0090685083845485],,,,
39,20,3,gamma,20,131.37562116567224,"[3.135823210748906, 1.8715942726462238]",,,,
39,20,3,gammamix,20,131.37562116567224,"[3.135823210748906, 1.8715942726462238]",1.0,,,
39,20,3,lognormal,20,131.60146920316805,"[1.241531485067269, -1.5685120412790976]",,,,
39,20,3,compoundgamma,20,131.77150132367996,"[9.210340371976184, 3.1330503217768775, -4.814856114781116]",,23.943859063693075,,
39,20,3,logskewnormal,20,131.6014692031663,"[1.2415314976010967, -1.5685125914874773, 1.2594912531297713e-08]",,,,
39,20,3,gig,20,131.77220070440612,"[-23.893214751173968, -8.973880166319544, 14.060296066437347]",,,-23.893214751173968,0.00012667571448483312
39,40,0,poisson,40,785836.1084646719,[4.073345907470148],,,,
39,40,0,gamma,40,1475278.9546685615,"[-1.1168244034177417, -4.798974572724057]",,,,
39,40,0,gammamix,40,1475336.4831856529,"[-2.079066258236817, 2.0491959809517075, -1.1727435078670874, 0.6157136028379864, -6.958316522793853]",2.0,,,
39,40,0,lognormal,40,1475316.2434152483,"[1.6052492291674758, 0.025202467552296434]",,,,
39,40,0,compoundgamma,40,1475332.161843481,"[8.330115037062432, 0.3580463027840095, -6.056218360639665]",,2.4305318565540013,,
39,40,0,logskewnormal,40,1475332.409142092,"[0.8288926595307441, 0.22866455069059868, 9.455632181789177]",,,,
39,40,0,gig,40,1475332.1684864068,"[-2.434763715733119, -12.590918191123366, 15.560626432193356]",,,-2.434763715733119,3.4027787146042656e-06
39,40,1,poisson,40,391.41963477967664,[1.171976992433953],,,,
39,40,1,gamma,40,430.9112705910728,"[2.7055259342301237, 1.5086563600508838]",,,,
39,40,1,gammamix,40,430.9112705910728,"[2.7055259342301237, 1.5086563600508838]",1.0,,,
39,40,1,lognormal,40,431.1944088524787,"[1.162769393771035, -1.3565151131485023]",,,,
39,40,1,compoundgamma,40,431.31675558221326,"[9.210340371976184, 2.709347731743787, -5.3053000234157865]",,16.019475591979933,,
39,40,1,logskewnormal,40,431.1944088526168,"[1.162769042559522, -1.356513224937963, -7.690346751025336e-07]",,,,
39,40,1,gig,40,431.31798405308973,"[-14.598772852348352, 1.7999093871796923, 2.7481182320298427]",,,-14.598772852348352,6.049099313629448
39,40,2,poisson,40,726.2363175690739,[1.0848109678347628],,,,
39,40,2,gamma,40,999.4644661134314,"[1.4503056950266113, 0.030976906090488636]",,,,
39,40,2,gammamix,40,1020.4492054592982,"[-1.9471041997909686, 4.088525432720052, 3.48455565889646, 2.9329012175450733, 1.1065116942281024]",2.0,,,
39,40,2,lognormal,40,1003.9021288823867,"[1.29580311515952, -0.7946210189515672]",,,,
39,40,2,compoundgamma,40,1007.1526649013443,"[9.210340371976184, 1.6489379843232432, -6.1727431279434235]",,6.2014528683527645,,
39,40,2,logskewnormal,40,1010.6757856738271,"[0.8428660499243031, -0.4769646593567267, 5.204288970287616]",,,,
39,40,2,gig,40,1007.1556584008731,"[-6.199944270938387, -11.917784045760133, 15.648218574587963]",,,-6.199944270938387,6.670711408620981e-06
39,40,3,poisson,40,261.1541924836004,[1.0271103698207826],,,,
39,40,3,gamma,40,333.9864593175279,"[3.280529537270565, 2.0228832914159107]",,,,
39,40,3,gammamix,40,333.9864593175279,"[3.280529537270565, 2.0228832914159107]",1.0,,,
39,40,3,lognormal,40,334.3180753970796,"[1.2384715351632638, -1.6377356593879522]",,,,
39,40,3,compoundgamma,40,334.5774836796844,"[9.210340371976184, 3.2701478575424243, -4.683019406793248]",,27.31522996086057,,
39,40,3,logskewnormal,40,334.3180753970796,"[1.2384715351632638, -1.6377356593879522, 0.0]",,,,
39,40,3,gig,40,334.57871275255405,"[-27.248684424527177, -9.108546726657192, 14.326478703112192]",,,-27.248684424527177,0.00011071549815406909
39,100,0,poisson,100,664072.6698665846,[3.32483439071353],,,,
39,100,0,gamma,100,1502198.359156898,"[-0.7750571140060017, -3.7468252171106626]",,,,
39,100,0,gammamix,100,1502307.0839043013,"[-1.1286694161316766, 2.8424759638371766, -0.9355061540638898, 1.5458958878709788, -5.16169342893339]",2.0,,,
39,100,0,lognormal,100,1502288.9714021266,"[1.5757257378410408, -0.21305780724843157]",,,,
39,100,0,compoundgamma,100,1502316.2386123578,"[9.038127167518324, 0.6834159527533783, -6.545348081264858]",,2.9806319347553005,,
39,100,0,logskewnormal,100,1502324.210221174,"[0.8835308595647345, 0.051499538347171095, 16.316062105399677]",,,,
39,100,0,gig,100,1502316.24628559,"[-2.9828690329865104, -12.49395129601713, 15.680107615775126]",,,-2.9828690329865104,3.7492629048188275e-06
39,100,1,poisson,100,1601.7159371205576,[1.2453608972304777],,,,
39,100,1,gamma,100,1781.9981999856695,"[2.652492009961129, 1.4115749760991037]",,,,
39,100,1,gammamix,100,1781.9981999856695,"[2.652492009961129, 1.4115749760991037]",1.0,,,
39,100,1,lognormal,100,1783.2980302009364,"[1.204293711194628, -1.3330032500863023]",,,,
39,100,1,compoundgamma,100,1784.0837825522872,"[9.210340371976184, 2.6623209423641274, -5.309872366496158]",,15.32950849693879,,
39,100,1,logskewnormal,100,1783.2980302009908,"[1.2042939938433095, -1.3330032777219294, 2.1971236837579976e-07]",,,,
39,100,1,gig,100,1784.0856206694496,"[-15.309373036710094, -9.838502586486072, 14.430708682382162]",,,-15.309373036710094,5.335714904447182e-05
39,100,2,poisson,100,2233.2943660980513,[1.1795397030386727],,,,
39,100,2,gamma,100,2998.4498368514364,"[1.6326016311351972, 0.2498277431218252]",,,,
39,100,2,gammamix,100,3034.0405832470333,"[-2.161734739991996, 3.4951156840886064, 3.146009903236048, 2.303057686829388, 0.8355176882634365]",2.0,,,
39,100,2,lognormal,100,3008.038556344159,"[1.2810335924558962, -0.8815385194014626]",,,,
39,100,2,compoundgamma,100,3014.7619854874683,"[9.210340371976184, 1.822890712612291, -6.0272605816506015]",,7.189725330512866,,
39,100,2,logskewnormal,100,3021.8210864726066,"[0.8458264036567541, -0.5304256221204704, 6.550921736381848]",,,,
39,100,2,gig,100,3014.768921947244,"[-7.187295269053247, -12.280476403586142, 16.156295440873734]",,,-7.187295269053247,4.641484054248277e-06
39,100,3,poisson,100,1598.3139225220166,[1.0540957802248025],,,,
39,100,3,gamma,100,1726.262402347032,"[3.242518093913642, 2.009397949183734]",,,,
39,100,3,gammamix,100,1726.262402347032,"[3.242518093913642, 2.009397949183734]",1.0,,,
39,100,3,lognormal,100,1727.4949029237653,"[1.2130830019032501, -1.6216931160930321]",,,,
39,100,3,compoundgamma,100,1728.5229698538596,"[9.210340371976184, 3.2446890473694876, -4.733515704163483]",,26.65373172448812,,
39,100,3,logskewnormal,100,1730.923056084329,"[0.9832540068844582, -1.2117463738049457, 3.5341705067759124]",,,,
39,100,3,gig,100,1728.5278316944982,"[-26.592312107606094, -9.417700509481794, 14.58527101885038]",,,-26.592312107606094,8.127269038364102e-05
39,400,0,poisson,400,891298.5684926016,[2.4842607302124926],,,,
39,400,0,gamma,400,2086990.6130535034,"[-0.3563803475057061, -2.741863362418538]",,,,
39,400,0,gammamix,400,2087482.210474482,"[0.1970931917480685, -0.3539466301861065, -3.261125794398589, 5.748792660127284, 3.0866336926381095, 1.3707504637003856, -0.6656091789609684, 4.651360952731778, 1.64221838338241, -0.907900345632413, -6.764548052842444]",4.0,,,
39,400,0,lognormal,400,2087309.770113124,"[1.5235317226616276, -0.4077188307118058]",,,,
39,400,0,compoundgamma,400,2087394.8513391498,"[9.210340371976184, 1.042589788102298, -6.476432193583321]",,3.8365535828925745,,
39,400,0,logskewnormal,400,2087428.9078392335,"[0.91138166812647, -0.10611309377434404, 26.457880120188673]",,,,
39,400,0,gig,400,2087394.8789635336,"[-3.836241539570567, -12.921790002945388, 16.348684272843897]",,,-3.836241539570567,2.444206560234573e-06
39,400,1,poisson,356,10006.160287480805,[1.3577461668745372],,,,
39,400,1,gamma,356,11267.969323024874,"[2.40748681075924, 1.0855062685198935]",,,,
39,400,1,gammamix,356,11291.085594414744,"[-0.04055970381546958, 5.348405266872787, 2.9987207524594885, 4.300450922925745, 1.4566796779257258]",2.0,,,
39,400,1,lognormal,356,11272.704093321985,"[1.275979155361999, -1.2092915911872832]",,,,
39,400,1,compoundgamma,356,11275.266997887638,"[9.210340371976184, 2.4040487184349746, -5.485690313317889]",,12.067896586739067,,
39,400,1,logskewnormal,356,11280.082840502373,"[0.9105280940160705, -0.7681637642763188, 4.892594962342977]",,,,
39,400,1,gig,356,11275.272033794654,"[-12.055546111153554, -10.20225618084828, 14.618935587499875]",,,-12.055546111153554,3.708655025688194e-05
39,400,2,poisson,400,8534.406986585867,[1.2892234982576205],,,,
39,400,2,gamma,400,11827.258406857527,"[1.6738387959706638, 0.341574767801424]",,,,
39,400,2,gammamix,400,11948.23367540894,"[-1.7811795779135942, 3.7094633081448425, 1.5001844648016887, 2.562853281809554, -0.5333196383998231]",2.0,,,
39,400,2,lognormal,400,11867.056869417387,"[1.2355687118379308, -0.9152283077194182]",,,,
39,400,2,compoundgamma,400,11892.683743627631,"[9.210340371976184, 1.9089172837143027, -5.992148078896946]",,7.745781076119278,,
39,400,2,logskewnormal,400,11915.969722337104,"[0.8156884922225294, -0.5633632768823422, 10.325398252416319]",,,,
39,400,2,gig,400,11892.710066274405,"[-7.742883988422552, -13.218634504760402, 17.12953113848478]",,,-7.742883988422552,1.8164354800190773e-06
39,400,3,poisson,400,21578.899056603914,[1.145739364850599],,,,
39,400,3,gamma,400,22888.5708985631,"[3.1267430523464146, 1.8901032674727245]",,,,
39,400,3,gammamix,400,22908.226419206847,"[-1.3312404999370084, 4.356806454160279, 3.1894662173555313, 3.213172745749596, 1.683833860801733]",2.0,,,
39,400,3,lognormal,400,22893.965264680886,"[1.2140923890035262, -1.575371781115007]",,,,
39,400,3,compoundgamma,400,22898.143533490227,"[9.210340371976184, 3.170194054209648, -4.80549416055474]",,24.812104747277807,,
39,400,3,logskewnormal,400,22906.391749428978,"[0.9685540891705148, -1.1561669840345365, 4.494625032201116]",,,,
39,400,3,gig,400,22898.160918859947,"[-24.713046178602443, -9.462375064565764, 14.556240206043693]",,,-24.713046178602443,7.772177739039752e-05
40,10,0,poisson,10,5411.93286214073,[1.4888386651739438],,,,
40,10,0,gamma,10,5476.5944733957695,"[1.889092773681136, 0.3989861975606364]",,,,
40,10,0,gammamix,10,5481.186169352487,"[-0.5624029453071439, 6.907755278982137, 1.981394509521439, 5.7351820530641975, 0.1037876539411417]",2.0,,,
40,10,0,lognormal,10,5477.383710416661,"[1.4127557990149051, -0.9858509222740387]",,,,
40,10,0,compoundgamma,10,5478.022485028533,"[9.210340371976184, 2.0027638394574696, -5.728644077106103]",,8.409506511540915,,
40,10,0,logskewnormal,10,5477.383710485245,"[1.4127195062177647, -0.9857746367781478, 3.478788042816819e-05]",,,,
40,10,0,gig,10,5478.023396002271,"[-8.405595800129213, -11.035387945286681, 15.209689890762402]",,,-8.405595800129213,1.6120997465516737e-05
40,10,1,poisson,10,360.1177362047391,[1.4873041085314467],,,,
40,10,1,gamma,10,371.5480814876507,"[3.1251807968924967, 1.7092324813368127]",,,,
40,10,1,gammamix,10,371.5480814876507,"[3.1251807968924967, 1.7092324813368127]",1.0,,,
40,10,1,lognormal,10,371.64887683304283,"[1.3939553617033147, -1.5773081264288078]",,,,
40,10,1,compoundgamma,10,371.7217187294447,"[8.942218242814748, 3.1791331636615223, -4.347961339422282]",,25.02591798408154,,
40,10,1,logskewnormal,10,371.6488768330479,"[1.3939551239405792, -1.5773082316244278, -3.918028897602567e-08]",,,,
40,10,1,gig,10,371.72213458045024,"[-24.93332249291574, -9.704521953057274, 14.98807370155228]",,,-24.93332249291574,6.100699958631619e-05
40,10,2,poisson,10,104.18452595755484,[1.28311012488466],,,,
40,10,2,gamma,10,123.60140771708595,"[1.781419689097426, 0.5056240765295752]",,,,
40,10,2,gammamix,10,123.60140771708595,"[1.781419689097426, 0.5056240765295752]",1.0,,,
40,10,2,lognormal,10,124.41924600417144,"[1.1893759935688841, -0.937935558028406]",,,,
40,10,2,compoundgamma,10,125.02529228385208,"[9.210340371976184, 1.9234689866639734, -6.024614910325706]",,7.84466137201316,,
40,10,2,logskewnormal,10,124.41924600420602,"[1.1893754959611376, -0.9379374207674254, -2.2535127173707658e-08]",,,,
40,10,2,gig,10,125.02600431414277,"[-7.841655785852928, -12.467577750825415, 16.34600052860911]",,,-7.841655785852928,3.849459724443128e-06
40,10,3,poisson,10,259.12737573115794,[1.4304441457328203],,,,
40,10,3,gamma,10,285.96666477696397,"[2.646029143691255, 1.3594867432413325]",,,,
40,10,3,gammamix,10,285.96666477696397,"[2.646029143691255, 1.3594867432413325]",1.0,,,
40,10,3,lognormal,10,286.2769517844883,"[1.2473521356175528, -1.3448466850027836]",,,,
40,10,3,compoundgamma,10,286.5281135153092,"[9.210340371976184, 2.7120969009087155, -5.220708350982123]",,16.060823481279908,,
40,10,3,logskewnormal,10,286.2769517849007,"[1.2473521426354746, -1.3448538316505316, -1.714772759742864e-06]",,,,
40,10,3,gig,10,286.5288366488038,"[-16.041897261122013, -11.183669284309456, 15.865178975421257]",,,-16.041897261122013,1.3899338841627203e-05
40,20,0,poisson,20,6176.269223712492,[1.4798965985790595],,,,
40,20,0,gamma,20,6347.920670252652,"[1.7258272804595787, 0.18770703319445373]",,,,
40,20,0,gammamix,20,6356.802722200063,"[-0.42129869053596036, 6.907723710235707, 2.148349349430098, 5.7329590160838375, 0.22057978342686224]",2.0,,,
40,20,0,lognormal,20,6349.304575671291,"[1.4466523519859176, -0.8986083217801496]",,,,
40,20,0,compoundgamma,20,6350.380767626484,"[9.210340371976184, 1.8009329401455185, -5.8819281814253905]",,7.05529405695561,,
40,20,0,logskewnormal,20,6352.2524642584,"[1.0063808878204035, -0.5508828230853424, 4.243805951136345]",,,,
40,20,0,gig,20,6350.382100707311,"[-7.052528872717598, -11.110893147798043, 15.131983032189828]",,,-7.052528872717598,1.494859641531864e-05
40,20,1,poisson,20,573.2983342954271,[1.4181607106458258],,,,
40,20,1,gamma,20,598.7133497128207,"[2.741282514831947, 1.3816671391851754]",,,,
40,20,1,gammamix,20,598.7133497128207,"[2.741282514831947, 1.3816671391851754]",1.0,,,
40,20,1,lognormal,20,598.8384875873799,"[1.3275753508108454, -1.3762597499189122]",,,,
40,20,1,compoundgamma,20,598.8807985716702,"[8.699962154335926, 2.7508160475418837, -4.588976530478914]",,16.65540222537994,,
40,20,1,logskewnormal,20,598.8384875873808,"[1.3275754332862981, -1.3762597067049882, 1.6617387758812583e-08]",,,,
40,20,1,gig,20,598.886784338862,"[-11.620953181871323, 2.399632938800438, 2.2255316549048847]",,,-11.620953181871323,11.019130942803391
40,20,2,poisson,20,167.96236680290286,[1.1679623668029029],,,,
40,20,2,gamma,20,189.791961896602,"[2.164270845989652, 0.9553591211532516]",,,,
40,20,2,gammamix,20,194.6804558881931,"[-1.5327601714186465, 6.907755278982137, 0.915201198528284, 5.784290423756925, -0.6310559783833631]",2.0,,,
40,20,2,lognormal,20,190.86547942319078,"[1.1514789909979273, -1.1186708356153954]",,,,
40,20,2,compoundgamma,20,191.63110071272683,"[9.210340371976184, 2.299621007314184, -5.707578049884464]",,10.97040302884999,,
40,20,2,logskewnormal,20,190.86547942322176,"[1.1514786553789758, -1.1186693544834856, 7.192543315118896e-08]",,,,
40,20,2,gig,20,191.63223181982318,"[-10.963481227993862, -12.314906241423747, 16.51011531901935]",,,-10.963481227993862,4.484398247690662e-06
40,20,3,poisson,20,1097.419045516901,[1.0684475173402919],,,,
40,20,3,gamma,20,1182.6657456831708,"[2.987854765656921, 1.736547168434519]",,,,
40,20,3,gammamix,20,1182.6657456831708,"[2.987854765656921, 1.736547168434519]",1.0,,,
40,20,3,lognormal,20,1183.2236191944262,"[1.2237722632460353, -1.5152821707780015]",,,,
40,20,3,compoundgamma,20,1183.6728752036156,"[9.210340371976184, 3.0589909132453097, -4.905998812734896]",,22.306046661390706,,
40,20,3,logskewnormal,20,1183.2236191944353,"[1.2237722643443074, -1.515280310897407, 1.0651711221997871e-07]",,,,
40,20,3,gig,20,1183.6746045149148,"[-22.268793740537923, -11.033058218598248, 16.028801659560866]",,,-22.268793740537923,1.6158598766926876e-05
40,40,0,poisson,40,18030.769604149747,[1.6732672269201954],,,,
40,40,0,gamma,40,21594.525487295818,"[1.1995751826363794, -0.48945587301356613]",,,,
40,40,0,gammamix,40,21609.923977110695,"[-0.18870819557734453, 4.788128867692879, 1.4130883598587263, 3.613336090779032, -0.6676758195694605]",2.0,,,
40,40,0,lognormal,40,21599.133335423314,"[1.5299050776157943, -0.6671200364258801]",,,,
40,40,0,compoundgamma,40,21602.20558925766,"[8.941837966576056, 1.3290420773766487, -5.956557407488372]",,4.777423174786649,,
40,40,0,logskewnormal,40,21607.146687126467,"[0.9646804621831171, -0.2933999576835954, 7.838770167703468]",,,,
40,40,0,gig,40,21602.20860080215,"[-4.776103098814896, -12.63719903969714, 16.31525157193687]",,,-4.776103098814896,3.2488838879488163e-06
40,40,1,poisson,40,1194.8507483965143,[1.3711869364388052],,,,
40,40,1,gamma,40,1268.6037208235573,"[2.542890359559961, 1.2078610810125445]",,,,
40,40,1,gammamix,40,1268.6037208235573,"[2.542890359559961, 1.2078610810125445]",1.0,,,
40,40,1,lognormal,40,1269.011350295901,"[1.296157649860717, -1.2772801134321323]",,,,
40,40,1,compoundgamma,40,1269.2167070766334,"[9.210340371976184, 2.5475452979995734, -5.326679186024739]",,13.775704712834237,,
40,40,1,logskewnormal,40,1269.0113502959618,"[1.2961571250434312, -1.2772801242049907, -1.1674344030092177e-07]",,,,
40,40,1,gig,40,1269.2171408476102,"[-13.759429952479165, -8.633031806881974, 13.208568397753174]",,,-13.759429952479165,0.00017812378876469622
40,40,2,poisson,40,289.10366795007576,[1.1768218152599852],,,,
40,40,2,gamma,40,317.7498677597265,"[2.5003167189746125, 1.310420222814857]",,,,
40,40,2,gammamix,40,326.07403876749095,"[-1.6312150149475382, 6.907755278982137, 1.190359937251509, 5.785516003240377, -0.292348061082408]",2.0,,,
40,40,2,lognormal,40,319.27400663767713,"[1.1490658903875366, -1.2781792664612677]",,,,
40,40,2,compoundgamma,40,320.44605517387004,"[9.210340371976184, 2.617630791697657, -5.405932515839858]",,14.703219314619457,,
40,40,2,logskewnormal,40,320.9757967331944,"[0.9001236594188593, -1.018236255478652, 1.9654526986971423]",,,,
40,40,2,gig,40,320.4485110674986,"[-14.689976457169092, -12.160610776849435, 16.657194439852503]",,,-14.689976457169092,5.2325554950215025e-06
40,40,3,poisson,40,1385.3452771356392,[1.0807593142786311],,,,
40,40,3,gamma,40,1540.2066546575757,"[2.722565805062554, 1.492107479917791]",,,,
40,40,3,gammamix,40,1547.3577655575855,"[-2.256840578932647, 4.370918705158471, 3.2123403681333516, 3.226809765656263, 1.4469022593434098]",2.0,,,
40,40,3,lognormal,40,1541.7835350648743,"[1.1962476973821148, -1.4013146806299677]",,,,
40,40,3,compoundgamma,40,1543.0134263151444,"[9.210340371976184, 2.86379460528888, -5.122504787102872]",,18.52791241272772,,
40,40,3,logskewnormal,40,1544.5912491354645,"[0.9497421953074897, -1.0958308132795438, 2.829778187034844]",,,,
40,40,3,gig,40,1543.0170401659793,"[-18.50523083064796, -10.70568396144282, 15.485362520964902]",,,-18.50523083064796,2.241715685072173e-05
40,100,0,poisson,100,55077.701391273884,[1.7129891829185349],,,,
40,100,0,gamma,100,69569.3722960926,"[1.2266238689294722, -0.4322878705776688]",,,,
40,100,0,gammamix,100,69599.24416008289,"[-0.5122060616045481, 3.55275868855008, 1.4240766358421955, 2.334535007918802, -0.6985279377341673]",2.0,,,
40,100,0,lognormal,100,69580.59860800859,"[1.5042334369317734, -0.6762386342641294]",,,,
40,100,0,compoundgamma,100,69588.10892530804,"[8.990104906708869, 1.3430449348417415, -6.018345731466489]",,4.830689966356909,,
40,100,0,logskewnormal,100,69599.47036852539,"[0.9182608761904539, -0.26515892337376795, 11.22157329860588]",,,,
40,100,0,gig,100,69588.11589141483,"[-4.831376272167828, -12.650255430518135, 16.315228308730113]",,,-4.831376272167828,3.206740906466183e-06
40,100,1,poisson,100,2187.261886290365,[1.2872307138923658],,,,
40,100,1,gamma,100,2359.5663631393186,"[2.6293004335719234, 1.3504509011346775]",,,,
40,100,1,gammamix,100,2359.5663631393186,"[2.6293004335719234, 1.3504509011346775]",1.0,,,
40,100,1,lognormal,100,2360.429499149408,"[1.2425943911375363, -1.3202857130679078]",,,,
40,100,1,compoundgamma,100,2360.8538461982503,"[9.210340371976184, 2.6390808617219625, -5.292765011540036]",,15.000329453370206,,
40,100,1,logskewnormal,100,2360.4294991494094,"[1.242594343053052, -1.3202857378427633, -1.0245949813542958e-08]",,,,
40,100,1,gig,100,2360.854671177069,"[-14.981060307753452, -8.875239892344371, 13.484585752767865]",,,-14.981060307753452,0.0001398080856814817
40,100,2,poisson,100,1087.7722153908048,[1.2316873728201927],,,,
40,100,2,gamma,100,1263.0230698422226,"[2.0197202021194114, 0.7909327507616374]",,,,
40,100,2,gammamix,100,1283.8322940318174,"[-2.8500758283931726, 3.2325663299916845, 1.8868174529193715, 2.0896515029477545, -0.28467184603612256]",2.0,,,
40,100,2,lognormal,100,1270.1032841419315,"[1.1625630842682317, -1.0696213644893668]",,,,
40,100,2,compoundgamma,100,1274.6616025406827,"[9.210340371976184, 2.226061459867428, -5.765840011648258]",,10.263310219317997,,
40,100,2,logskewnormal,100,1276.631422914236,"[0.8239646333236114, -0.7561288354414498, 3.1801771117253077]",,,,
40,100,2,gig,100,1274.6673560995052,"[-10.24979876597018, -12.344815520906685, 16.481045125971757]",,,-10.24979876597018,4.352259071408039e-06
40,100,3,poisson,100,2236.6350274695023,[1.107021150651682],,,,
40,100,3,gamma,100,2494.6990106717985,"[2.872504348205946, 1.6391828911565671]",,,,
40,100,3,gammamix,100,2509.466766922705,"[-3.1466650592675354, 4.008460019962984, 4.564246924551818, 2.827256431062112, 2.616853915813457]",2.0,,,
40,100,3,lognormal,100,2498.1462670702294,"[1.2040011949599063, -1.4719696092116064]",,,,
40,100,3,compoundgamma,100,2500.7899746585294,"[9.210340371976184, 3.001479189739614, -4.98048050050024]",,21.115269227757818,,
40,100,3,logskewnormal,100,2504.6599209660108,"[0.9590665988344338, -1.1238270074993375, 4.057889991139922]",,,,
40,100,3,gig,100,2500.7985696834803,"[-21.084663467740672, -10.638697756850398, 15.560173337453778]",,,-21.084663467740672,2.397023377258192e-05
40,400,0,poisson,400,150181.99774220432,[1.4674925999757333],,,,
40,400,0,gamma,400,258854.33689753598,"[0.07248121196382201, -1.9704768021602799]",,,,
40,400,0,gammamix,400,259242.45455155036,"[0.3884515155149374, -0.26297377350528617, -2.465090641659574, 6.617790867436982, 3.2038253045338987, 1.4585286956589711, -0.36301803784621484, 5.543219728020553, 1.8077117543226258, -0.738089051121984, -5.112443254474311]",4.0,,,
40,400,0,lognormal,400,259074.34994388896,"[1.5100324053460277, -0.4419887791855286]",,,,
40,400,0,compoundgamma,400,259150.05803947442,"[9.210340371976184, 1.0646478577081877, -6.472457892085019]",,3.899817655808598,,
40,400,0,logskewnormal,400,259190.345200755,"[0.908824729289768, -0.13307487142606464, 21.911720454373295]",,,,
40,400,0,gig,400,259150.08661858342,"[-3.8995094273962065, -13.147139326016154, 16.578033107508748]",,,-3.8995094273962065,1.9510569120993098e-06
40,400,1,poisson,356,9023.924064857547,[1.3322872211532033],,,,
40,400,1,gamma,356,10138.795861391638,"[2.495631591256643, 1.2120612192052111]",,,,
40,400,1,gammamix,356,10168.931284408045,"[0.04584212919566366, 6.907755278982137, 2.6962770251235946, 5.86157309327222, 1.2321068418449181]",2.0,,,
40,400,1,lognormal,356,10144.987050032183,"[1.241664032325811, -1.2589306934120819]",,,,
40,400,1,compoundgamma,356,10149.042190445207,"[9.210340371976184, 2.520437553531132, -5.408223541389716]",,13.434036029854884,,
40,400,1,logskewnormal,356,10157.998623033483,"[0.9025829525853771, -0.8351411370791831, 6.944320368761433]",,,,
40,400,1,gig,356,10149.050973235027,"[-13.419445365939689, -11.086724561032423, 15.580814955718717]",,,-13.419445365939689,1.531428414228146e-05
40,400,2,poisson,400,6607.238242289562,[1.255787164348634],,,,
40,400,2,gamma,400,8627.142828664666,"[1.6810840375476064, 0.34804623446613553]",,,,
40,400,2,gammamix,400,8753.185912543002,"[-1.978189826258943, 3.6148769565270307, 1.5571239943642068, 2.4565768121162934, -0.5666214825799702]",2.0,,,
40,400,2,lognormal,400,8668.605944423709,"[1.2372755137320108, -0.917486166456767]",,,,
40,400,2,compoundgamma,400,8695.589737897735,"[9.210340371976184, 1.9155378714462599, -5.984090269582087]",,7.790590279511789,,
40,400,2,logskewnormal,400,8719.838841116736,"[0.8177706748399334, -0.5626913170150061, 11.15198223676078]",,,,
40,400,2,gig,400,8695.617511872442,"[-7.787733881796385, -12.642311320589437, 16.56127417736595]",,,-7.787733881796385,3.2323170641372947e-06
40,400,3,poisson,400,7147.43216946981,[1.1590297296517849],,,,
40,400,3,gamma,400,7878.556014331467,"[2.8253616973590914, 1.5857672302036607]",,,,
40,400,3,gammamix,400,7912.511670586253,"[-2.361353005483735, 3.6930656337442636, 2.2160180679288835, 2.51006694559372, 0.528208547543506]",2.0,,,
40,400,3,lognormal,400,7889.682292767171,"[1.2095056720082793, -1.4321490793373215]",,,,
40,400,3,compoundgamma,400,7898.242363180077,"[9.210340371976184, 2.8999962967551243, -5.073302589905373]",,19.17407806625697,,
40,400,3,logskewnormal,400,7910.883275386012,"[0.937813963771146, -1.0377862988377802, 6.959228190375542]",,,,
40,400,3,gig,400,7898.267036908795,"[-19.147221514755735, -10.682004192258386, 15.510704837522027]",,,-19.147221514755735,2.2954324857576638e-05
41,10,0,poisson,10,42345.3156678608,[3.675511194026714],,,,
41,10,0,gamma,10,65730.64028575564,"[-1.0465219432512043, -5.0214274818913225]",,,,
41,10,0,gammamix,10,65746.4003773468,"[-0.8057581809747232, 6.907755278982137, -0.49983341649788465, 5.75640774569083, -5.613115040303361]",2.0,,,
41,10,0,lognormal,10,65735.03093059803,"[2.061465389478943, 0.4636541286545853]",,,,
41,10,0,compoundgamma,10,65737.7822094955,"[9.210340371976184, -7.816011245726897, -7.7545457820724595]",,1.0004032268521916,,
41,10,0,logskewnormal,10,65737.76421859273,"[0.5939712982111169, 0.6956361236370584, 4.301996528360982]",,,,
41,10,0,gig,10,65737.78938836436,"[-0.954965078138037, -5.0066745283307625, 7.108465207197492]",,,-0.954965078138037,0.00669312413309561
41,10,1,poisson,10,119.06011088519543,[1.1295539835529875],,,,
41,10,1,gamma,10,125.19865198734203,"[2.942784359057179, 1.7325871575022502]",,,,
41,10,1,gammamix,10,125.19865198734203,"[2.942784359057179, 1.7325871575022502]",1.0,,,
41,10,1,lognormal,10,125.378838623088,"[1.1838770663847324, -1.4706532550934235]",,,,
41,10,1,compoundgamma,10,125.52660690639868,"[9.210340371976184, 2.93280465010815, -5.066911052655762]",,19.780228672832656,,
41,10,1,logskewnormal,10,125.37883862309383,"[1.183877229355998, -1.4706540696976214, 3.117265479332166e-08]",,,,
41,10,1,gig,10,125.52714764249822,"[-19.74792993097945, -10.113522382570011, 14.948374482224663]",,,-19.74792993097945,4.052780068925509e-05
41,10,2,poisson,10,97.82641974653596,[1.22750330173613],,,,
41,10,2,gamma,10,108.29196948607361,"[2.474902677148247, 1.2383576880528802]",,,,
41,10,2,gammamix,10,108.29196948607361,"[2.474902677148247, 1.2383576880528802]",1.0,,,
41,10,2,lognormal,10,108.1282627437071,"[1.1956577649199525, -1.235921664758915]",,,,
41,10,2,compoundgamma,10,108.2915893765693,"[2.4755981531699147, 9.21024036697585, 7.971191220686407]",,10000.0,,
41,10,2,logskewnormal,10,108.12826274372638,"[1.195658119797165, -1.2359197743305974, -1.8738380699890783e-06]",,,,
41,10,2,gig,10,108.2919694860692,"[11.880553819082689, -10.501856576421696, -12.433361733786729]",,,11.880553819082689,2.7485373255154732e-05
41,10,3,poisson,10,148.11622348143374,[1.2742893027433957],,,,
41,10,3,gamma,10,156.15135860618471,"[2.688790033815263, 1.4250363566411581]",,,,
41,10,3,gammamix,10,156.15135860618471,"[2.688790033815263, 1.4250363566411581]",1.0,,,
41,10,3,lognormal,10,156.11096047387437,"[1.2303730222790956, -1.3286047261242109]",,,,
41,10,3,compoundgamma,10,156.1512467359491,"[2.6887495696535337, 9.21024036697585, 7.785251308818495]",,10000.0,,
41,10,3,logskewnormal,10,156.11096047460202,"[1.2303749478689971, -1.328595014780639, 1.4386035573155513e-08]",,,,
41,10,3,gig,10,156.1525557621163,"[12.25508396360031, 2.0316125189433283, 0.0058036808327292634]",,,12.25508396360031,7.62637412173234
41,20,0,poisson,20,57460.713501188526,[2.8549476547499277],,,,
41,20,0,gamma,20,89831.34026678327,"[-0.8200454964065109, -4.228215575532309]",,,,
41,20,0,gammamix,20,89850.01359744283,"[-0.6965488542868721, 2.9279570144215934, -0.68074296169235, 1.558306808100654, -5.098771526825594]",2.0,,,
41,20,0,lognormal,20,89842.41139691936,"[1.9373261410135643, 0.175138260489161]",,,,
41,20,0,compoundgamma,20,89847.77604813504,"[8.899049975085564, -0.6911771965762379, -6.922521630840166]",,1.5009859628384905,,
41,20,0,logskewnormal,20,89848.69364197049,"[0.8615267888887909, 0.43239153920857154, 6.49401520126696]",,,,
41,20,0,gig,20,89847.77712339765,"[-1.5031082857155067, -13.550383439324786, 16.22147442840231]",,,-1.5031082857155067,1.3035966766822894e-06
41,20,1,poisson,20,424.9001502351305,[1.2524659240850449],,,,
41,20,1,gamma,20,483.1634518809716,"[2.449379063066811, 1.166114930380941]",,,,
41,20,1,gammamix,20,483.1634518809716,"[2.449379063066811, 1.166114930380941]",1.0,,,
41,20,1,lognormal,20,483.6734982430955,"[1.2384377603640262, -1.2429756925112816]",,,,
41,20,1,compoundgamma,20,484.0197218056536,"[9.210340371976184, 2.49388225852099, -5.437732398278165]",,13.108192123537501,,
41,20,1,logskewnormal,20,483.6734982430972,"[1.2384378131793294, -1.24297537764018, 1.2158565964302224e-08]",,,,
41,20,1,gig,20,484.0204585202398,"[-13.094739592721332, -11.23520761616567, 15.699846684589728]",,,-13.094739592721332,1.320113673006534e-05
41,20,2,poisson,20,254.69132292538956,[1.31956251308079],,,,
41,20,2,gamma,20,322.3009803187532,"[1.437338930356365, 0.02429356111412342]",,,,
41,20,2,gammamix,20,322.3009803187532,"[1.437338930356365, 0.02429356111412342]",1.0,,,
41,20,2,lognormal,20,323.9486329631933,"[1.290244492031062, -0.7636141590473072]",,,,
41,20,2,compoundgamma,20,324.9186872848538,"[9.210340371976184, 1.5327318613261702, -6.281395900590261]",,5.630810289541291,,
41,20,2,logskewnormal,20,323.94863296319767,"[1.290244781906027, -0.7636142138584661, 1.0777483211410819e-07]",,,,
41,20,2,gig,20,324.9193503021867,"[-5.6289770397281025, -12.931677305797558, 16.553366383733426]",,,-5.6289770397281025,2.420159028260427e-06
41,20,3,poisson,20,395.0129103204895,[1.2381030200846834],,,,
41,20,3,gamma,20,403.38906376336644,"[3.074995685504756, 1.850008494602216]",,,,
41,20,3,gammamix,20,403.38906376336644,"[3.074995685504756, 1.850008494602216]",1.0,,,
41,20,3,lognormal,20,403.4665158169541,"[1.202600966137974, -1.5246756908856174]",,,,
41,20,3,compoundgamma,20,403.4991007963078,"[6.9803692002903635, 3.0420828719305084, -2.7105048053922363]",,21.948831558116375,,
41,20,3,logskewnormal,20,403.4665158169539,"[1.2026009871359313, -1.5246757833124738, 1.517696555860855e-07]",,,,
41,20,3,gig,20,403.50020085940525,"[-19.51783065266879, 2.160064947960124, 2.7326609013306595]",,,-19.51783065266879,8.671700849455181
41,40,0,poisson,40,58939.410225154155,[2.655136484840049],,,,
41,40,0,gamma,40,95416.32735440024,"[-0.6099901060803917, -3.4846770077545175]",,,,
41,40,0,gammamix,40,95456.83424493369,"[-1.2538874381788325, 2.6868027822038973, -0.6405869844247529, 1.2924726210605064, -4.823648104614873]",2.0,,,
41,40,0,lognormal,40,95441.89223437,"[1.720127178086669, -0.06545809902478432]",,,,
41,40,0,compoundgamma,40,95452.67129978424,"[9.062268083291734, 0.24335769479016, -6.755117689364431]",,2.275524791101816,,
41,40,0,logskewnormal,40,95455.4427851492,"[0.8920354664877526, 0.20053221686580744, 9.400195411208962]",,,,
41,40,0,gig,40,95452.67386965967,"[-2.2754854995354736, -13.91086991100487, 16.911079263653903]",,,-2.2754854995354736,9.090462072479209e-07
41,40,1,poisson,40,837.0167477513785,[1.2696574573941297],,,,
41,40,1,gamma,40,988.0845864615552,"[2.375081429648258, 1.0711193598518012]",,,,
41,40,1,gammamix,40,988.0845864615552,"[2.375081429648258, 1.0711193598518012]",1.0,,,
41,40,1,lognormal,40,988.8829295098776,"[1.2553903454541278, -1.199108533015617]",,,,
41,40,1,compoundgamma,40,989.3370764799449,"[9.210340371976184, 2.3862254552388094, -5.524333013878454]",,11.872378117230834,,
41,40,1,logskewnormal,40,988.8829295097869,"[1.2553911028026046, -1.1991090881930708, -5.451205834281327e-07]",,,,
41,40,1,gig,40,989.3378804935816,"[-11.860499305481126, -11.283875651351632, 15.661934622951753]",,,-11.860499305481126,1.2574046733266232e-05
41,40,2,poisson,40,348.7364439048537,[1.180598883430789],,,,
41,40,2,gamma,40,419.5676560210576,"[1.7716654538231633, 0.5231299013777923]",,,,
41,40,2,gammamix,40,427.6464192520594,"[-0.6455150161039274, 6.907755278982137, 0.9996362940636908, 5.817244149517699, -0.4997356158104729]",2.0,,,
41,40,2,lognormal,40,422.7113033037964,"[1.1632442330327946, -0.942387648625261]",,,,
41,40,2,compoundgamma,40,424.6735816008262,"[9.210340371976184, 1.9578732565474577, -6.0170719922856755]",,8.08424466168962,,
41,40,2,logskewnormal,40,424.9912627043996,"[0.8025898705603669, -0.6642499275225812, 2.179934260871568]",,,,
41,40,2,gig,40,424.67544078177104,"[-8.080741644481364, -13.140189716024414, 17.026102273514052]",,,-8.080741644481364,1.9646632212189537e-06
41,40,3,poisson,40,1484.4271431955613,[1.3004305086410768],,,,
41,40,3,gamma,40,1580.9475335481284,"[2.9459401042813154, 1.6465626781554]",,,,
41,40,3,gammamix,40,1580.9475335481284,"[2.9459401042813154, 1.6465626781554]",1.0,,,
41,40,3,lognormal,40,1580.828128053587,"[1.273865427592354, -1.475157032040413]",,,,
41,40,3,compoundgamma,40,1580.946906234361,"[2.9466378002168616, 8.783566473082482, 7.136306244225948]",,6527.110916376625,,
41,40,3,logskewnormal,40,1580.8281280535757,"[1.27386554191666, -1.4751577952291508, -6.228201383408751e-07]",,,,
41,40,3,gig,40,1580.947533548217,"[19.02845274487178, -7.520224097235613, -9.859929383858212]",,,19.02845274487178,0.0005420110890480826
41,100,0,poisson,100,68174.32273338099,[2.0419588062385334],,,,
41,100,0,gamma,100,117843.60437010786,"[-0.22317595217937936, -2.529276611963042]",,,,
41,100,0,gammamix,100,117947.00287285222,"[0.18774808127604248, -1.7109141857162071, 5.24813916787536, 2.059260888228165, -0.5792402804828105, 4.124307465969811, 0.31169348128374574, -4.920547999280639]",3.0,,,
41,100,0,lognormal,100,117908.22476651212,"[1.5643081762950066, -0.3443436144897022]",,,,
41,100,0,compoundgamma,100,117929.91985351607,"[9.210340371976184, 0.8912012829194483, -6.562631235002287]",,3.4380566886946347,,
41,100,0,logskewnormal,100,117937.92821661355,"[0.9047204092445885, -0.044391695312598206, 13.571149501368836]",,,,
41,100,0,gig,100,117929.92633217665,"[-3.4378374470974986, -13.39708179451113, 16.737815422595354]",,,-3.4378374470974986,1.5195720717133485e-06
41,100,1,poisson,100,2464.0463352514616,[1.3212995612532874],,,,
41,100,1,gamma,100,2828.442518471624,"[2.3283501647788287, 1.0203468636928188]",,,,
41,100,1,gammamix,100,2828.442518471624,"[2.3283501647788287, 1.0203468636928188]",1.0,,,
41,100,1,lognormal,100,2830.4424106021993,"[1.2577416976869622, -1.1741885950639117]",,,,
41,100,1,compoundgamma,100,2831.6875215845403,"[9.210340371976184, 2.3367072372364146, -5.568675709057408]",,11.347109829989831,,
41,100,1,logskewnormal,100,2833.0183081464543,"[0.9144398327398261, -0.792001007884306, 2.82238527210786]",,,,
41,100,1,gig,100,2831.689834707533,"[-11.336588882717699, -11.31302732529679, 15.64681997035124]",,,-11.336588882717699,1.2212783520124928e-05
41,100,2,poisson,100,1416.6987731643246,[1.2928273611335934],,,,
41,100,2,gamma,100,1735.2801494540597,"[1.6578795542106677, 0.3094066968029918]",,,,
41,100,2,gammamix,100,1757.2280533805115,"[-1.8849672772295498, 3.072591423201762, 1.4038613718096065, 1.8930579553659796, -0.6641615026648373]",2.0,,,
41,100,2,lognormal,100,1743.8831048072009,"[1.2512670450620014, -0.8893097485351799]",,,,
41,100,2,compoundgamma,100,1749.31608885138,"[9.210340371976184, 1.834538961246324, -6.044593598151386]",,7.262246341543596,,
41,100,2,logskewnormal,100,1752.989357383615,"[0.818213396242416, -0.5385741952326841, 4.685572249591491]",,,,
41,100,2,gig,100,1749.3211291010994,"[-7.259427120895216, -13.174984498218334, 17.03341854116312]",,,-7.259427120895216,1.8974788040154942e-06
41,100,3,poisson,100,2488.5031077798094,[1.281250351240937],,,,
41,100,3,gamma,100,2623.573631081189,"[3.158206411839678, 1.8959222539952731]",,,,
41,100,3,gammamix,100,2623.573631081189,"[3.158206411839678, 1.8959222539952731]",1.0,,,
41,100,3,lognormal,100,2624.0582852359807,"[1.241014849589741, -1.5858793178791433]",,,,
41,100,3,compoundgamma,100,2624.3415357407803,"[9.210340371976184, 3.1807513304238686, -4.767637835119714]",,25.06482739846855,,
41,100,3,logskewnormal,100,2624.058285235985,"[1.2410148808988728, -1.5858797474063082, -2.6345322324743262e-08]",,,,
41,100,3,gig,100,2624.3426692921685,"[-25.00872204713511, -8.780200406014313, 13.913716644440738]",,,-25.00872204713511,0.00015374727023347086
41,400,0,poisson,400,688965.7398497046,[2.278604377256607],,,,
41,400,0,gamma,400,1943261.0972679304,"[-0.5018345484094122, -3.1257368800567913]",,,,
41,400,0,gammamix,400,1943739.4277076027,"[0.4395976525058266, -0.4976948628644795, -3.442378234400291, 6.330067884196736, 2.599336292848644, 0.8231471452927235, 1.43185149556403, 5.241164387843816, 1.0661191393885163, -1.9136522302717185, -5.206835055436217]",4.0,,,
41,400,0,lognormal,400,1943550.429550464,"[1.605222089631695, -0.22922665186741636]",,,,
41,400,0,compoundgamma,400,1943643.5145011595,"[9.210340371976184, 0.6237010034109463, -6.735303932356948]",,2.86582068785549,,
41,400,0,logskewnormal,400,1943676.3885601102,"[0.8842814902126963, 0.06577733022240373, 26.12376938208541]",,,,
41,400,0,gig,400,1943643.5378714849,"[-2.8662883638754577, -12.73040748842007, 15.898682816484351]",,,-2.8662883638754577,2.9597448625728023e-06
41,400,1,poisson,356,12197.295273798534,[1.3948111372369565],,,,
41,400,1,gamma,356,14007.967246869517,"[2.444328656587106, 1.1329129159255389]",,,,
41,400,1,gammamix,356,14029.272618217568,"[-0.24027308101865075, 4.65273860828604, 3.1925005266958695, 3.5971798209384978, 1.632361086244436]",2.0,,,
41,400,1,lognormal,356,14012.685240820078,"[1.266750571007901, -1.2276098506703803]",,,,
41,400,1,compoundgamma,356,14015.279628064827,"[9.210340371976184, 2.4407138661125236, -5.460223225786893]",,12.48123388184294,,
41,400,1,logskewnormal,356,14019.735480202684,"[0.9065294656792712, -0.7843222863733819, 4.593378008880631]",,,,
41,400,1,gig,356,14015.284890397823,"[-12.467925483831143, -11.26403116646419, 15.706134902471591]",,,-12.467925483831143,1.282606452486211e-05
41,400,2,poisson,400,9119.247348181732,[1.3777963107209268],,,,
41,400,2,gamma,400,11963.17163939113,"[1.6560695539826453, 0.30636277781715826]",,,,
41,400,2,gammamix,400,12079.429275313698,"[-1.5783010949692238, 3.811538202523551, 1.379400144957908, 2.656572283292515, -0.5995153883131975]",2.0,,,
41,400,2,lognormal,400,12002.430975830674,"[1.2516878256507042, -0.9031306051803928]",,,,
41,400,2,compoundgamma,400,12027.571486796742,"[9.210340371976184, 1.8802933107926694, -6.002161469015115]",,7.555427357827617,,
41,400,2,logskewnormal,400,12049.990181376195,"[0.8277727378234017, -0.5516714524738087, 10.157059614735882]",,,,
41,400,2,gig,400,12027.596512787439,"[-7.552642108508765, -13.158803685187952, 17.05969250475077]",,,-7.552642108508765,1.928431296695292e-06
41,400,3,poisson,400,7369.635109628105,[1.182742390141542],,,,
41,400,3,gamma,400,7860.60173807992,"[3.16224330797895, 1.9276313735668225]",,,,
41,400,3,gammamix,400,7873.252637142302,"[0.13161099717292202, 6.1498740654929405, 3.288889781736907, 5.0712233675735225, 1.934649054900728]",2.0,,,
41,400,3,lognormal,400,7864.098128090316,"[1.2133795419650362, -1.5933200880695153]",,,,
41,400,3,compoundgamma,400,7866.520319123218,"[9.210340371976184, 3.2068183701300965, -4.769773351566612]",,25.700373627281106,,
41,400,3,logskewnormal,400,7870.894386241745,"[0.9793122685387544, -1.1932814934204334, 4.203356025505381]",,,,
41,400,3,gig,400,7866.530042336985,"[-25.643564669637904, -9.07522184697553, 14.206631232137854]",,,-25.643564669637904,0.00011446724486140708
42,10,0,poisson,10,376.0199524582418,[1.2331183834211046],,,,
42,10,0,gamma,10,400.9965923573384,"[2.3332849515666396, 1.0574703864275734]",,,,
42,10,0,gammamix,10,400.9965923573384,"[2.3332849515666396, 1.0574703864275734]",1.0,,,
42,10,0,lognormal,10,401.54073469225386,"[1.227190611679234, -1.2029877357049326]",,,,
42,10,0,compoundgamma,10,401.98479276771064,"[9.210340371976184, 2.4476036181564393, -5.491789128238451]",,12.560609862871614,,
42,10,0,logskewnormal,10,401.54073469226404,"[1.2271901724956336, -1.2029878046464193, -1.052289509241972e-07]",,,,
42,10,0,gig,10,401.98574950071196,"[-12.551212971606585, -11.649893266986696, 16.060771563910215]",,,-12.551212971606585,8.719983022670859e-06
42,10,1,poisson,10,125.63020128402337,[1.276110332492359],,,,
42,10,1,gamma,10,133.9619767201463,"[2.683537633464376, 1.4510216072524027]",,,,
42,10,1,gammamix,10,133.9619767201463,"[2.683537633464376, 1.4510216072524027]",1.0,,,
42,10,1,lognormal,10,134.07804004047443,"[1.1987384624352129, -1.354368920363764]",,,,
42,10,1,compoundgamma,10,134.1529759500242,"[9.210340371976184, 2.7240407526177495, -5.253843495946365]",,16.241786268630364,,
42,10,1,logskewnormal,10,134.07804004047443,"[1.1987384624352129, -1.354368920363764, 0.0]",,,,
42,10,1,gig,10,134.15317506520375,"[-16.215251773015616, -10.381119974117055, 15.029030761044888]",,,-16.215251773015616,3.10125072826445e-05
42,10,2,poisson,10,48.44113435941806,[1.1658942957514318],,,,
42,10,2,gamma,10,49.67295967425761,"[3.702752221230733, 2.5510811874307304]",,,,
42,10,2,gammamix,10,49.67295967425761,"[3.702752221230733, 2.5510811874307304]",1.0,,,
42,10,2,lognormal,10,49.63554390878345,"[1.139513972831808, -1.873183417476619]",,,,
42,10,2,compoundgamma,10,49.67265472210544,"[3.7068469113270486, 9.21024036697585, 6.6550597996766205]",,10000.0,,
42,10,2,logskewnormal,10,49.63554390878345,"[1.139513972831808, -1.873183417476619, 0.0]",,,,
42,10,2,gig,10,49.672959674250706,"[40.55873987191145, -8.307819656169809, -11.552047103576449]",,,40.55873987191145,0.0002465810892335696
42,10,3,poisson,10,169.87250859718117,[1.3517029163502716],,,,
42,10,3,gamma,10,170.41900502410857,"[4.454577741984145, 3.135281901488005]",,,,
42,10,3,gammamix,10,170.41900502410857,"[4.454577741984145, 3.135281901488005]",1.0,,,
42,10,3,lognormal,10,170.4017487946196,"[1.3140786506025315, -2.2429448553548648]",,,,
42,10,3,compoundgamma,10,170.41870468623225,"[4.464406799315709, 9.21024036697585, 6.065147920195104]",,10000.0,,
42,10,3,logskewnormal,10,170.4017487946196,"[1.3140786506025315, -2.2429448553548648, 0.0]",,,,
42,10,3,gig,10,170.4190050241118,"[86.01978666802476, -6.9077675368846, -10.736196238149653]",,,86.01978666802476,0.0009999877421726653
42,20,0,poisson,20,1744.1163888903047,[1.4933851170835375],,,,
42,20,0,gamma,20,2270.1442115443824,"[0.908947978816137, -0.6810099533036379]",,,,
42,20,0,gammamix,20,2281.2513566365765,"[-0.8659944217398367, 4.413678507906093, 0.8720855862666482, 3.2587236163247533, -1.3489606405330796]",2.0,,,
42,20,0,lognormal,20,2273.9368481344527,"[1.3763562055043597, -0.5798423812401415]",,,,
42,20,0,compoundgamma,20,2276.4070962866867,"[9.210340371976184, 1.252593823984031, -6.44281690203556]",,4.499408044274762,,
42,20,0,logskewnormal,20,2277.89870642857,"[0.8463703317272823, -0.3027901665052749, 4.033677273846553]",,,,
42,20,0,gig,20,2276.408573097807,"[-4.491416824636542, -12.933354802342064, 16.392154407760756]",,,-4.491416824636542,2.416102623107404e-06
42,20,1,poisson,20,403.5074921562651,[1.2798248905383252],,,,
42,20,1,gamma,20,435.840434613493,"[2.9372118338481945, 1.6860380688558483]",,,,
42,20,1,gammamix,20,435.840434613493,"[2.9372118338481945, 1.6860380688558483]",1.0,,,
42,20,1,lognormal,20,436.0978050607617,"[1.2242858859278456, -1.4806493216125047]",,,,
42,20,1,compoundgamma,20,436.29481363749846,"[9.210340371976184, 2.975430065662388, -4.985197376029018]",,20.59804988576832,,
42,20,1,logskewnormal,20,436.09780506077607,"[1.2242862243722208, -1.4806485807411067, -2.2052441019113747e-06]",,,,
42,20,1,gig,20,436.2955558046287,"[-20.563086325235872, -9.796091761185547, 14.712594627643371]",,,-20.563086325235872,5.5668741570676613e-05
42,20,2,poisson,20,122.49817537987072,[1.131294936098468],,,,
42,20,2,gamma,20,130.38270095294436,"[3.426852979049568, 2.259223632561476]",,,,
42,20,2,gammamix,20,130.38270095294436,"[3.426852979049568, 2.259223632561476]",1.0,,,
42,20,2,lognormal,20,130.45759338016214,"[1.1509215469065834, -1.7225158720474738]",,,,
42,20,2,compoundgamma,20,130.5151641117386,"[9.210340371976184, 3.4642686792190083, -4.579852098344095]",,32.95308327249812,,
42,20,2,logskewnormal,20,130.4575933802081,"[1.1509210193898052, -1.7225158690814153, -7.517911357967454e-08]",,,,
42,20,2,gig,20,130.51550527926872,"[-32.892342397134634, -8.703686712521282, 14.025406231445102]",,,-32.892342397134634,0.00016597278770704273
42,20,3,poisson,20,330.283654389924,[1.184104601109211],,,,
42,20,3,gamma,20,336.1675702961809,"[4.004541456469753, 2.794222880974199]",,,,
42,20,3,gammamix,20,336.1675702961809,"[4.004541456469753, 2.794222880974199]",1.0,,,
42,20,3,lognormal,20,336.1880933257632,"[1.201544656300572, -2.012762572067886]",,,,
42,20,3,compoundgamma,20,336.20148071415906,"[7.864871887643334, 4.068772574299606, -2.585425408738743]",,59.485132363222576,,
42,20,3,logskewnormal,20,336.1880933257501,"[1.2015444849035444, -2.012762139626027, -5.778322909148691e-07]",,,,
42,20,3,gig,20,336.2020441989945,"[-58.246261243722934, -6.957733201975749, 12.908926687099099]",,,-58.246261243722934,0.0009512504250306086
42,40,0,poisson,40,4926.223693928248,[1.3053129032493491],,,,
42,40,0,gamma,40,6396.461357763492,"[0.7913446243088833, -0.8994298694721695]",,,,
42,40,0,gammamix,40,6420.499127816014,"[-0.42025073952559566, 6.907755278982137, 0.8424242100502612, 5.784378134440018, -1.3647587537754466]",2.0,,,
42,40,0,lognormal,40,6403.197949218908,"[1.4475065139297396, -0.4904230177766378]",,,,
42,40,0,compoundgamma,40,6407.835380596912,"[9.210340371976184, 1.000097281438652, -6.588588007906185]",,3.718546279688869,,
42,40,0,logskewnormal,40,6412.67090295095,"[0.8509051203876097, -0.17986681292891502, 6.93474116077617]",,,,
42,40,0,gig,40,6407.837889914374,"[-3.7181962917775824, -12.718652015800219, 16.033396217850655]",,,-3.7181962917775824,2.9947433712322854e-06
42,40,1,poisson,40,1052.5353738055517,[1.3179865177660277],,,,
42,40,1,gamma,40,1140.668905902422,"[2.7976835311224084, 1.483509419422382]",,,,
42,40,1,gammamix,40,1148.7210617724882,"[-0.8333444670166729, 6.907755278982137, 4.761614155407837, 5.792545322062127, 3.1238570529945555]",2.0,,,
42,40,1,lognormal,40,1141.3213878874958,"[1.283028798490193, -1.407749627516313]",,,,
42,40,1,compoundgamma,40,1141.8356134274613,"[9.210340371976184, 2.8190328471122745, -5.078838580033239]",,17.760632736441213,,
42,40,1,logskewnormal,40,1141.32138788759,"[1.283028216129992, -1.4077499148997445, -1.1369826919728178e-07]",,,,
42,40,1,gig,40,1141.8373461793144,"[-17.734640934051583, -10.081684582004549, 14.904779251036276]",,,-17.734640934051583,4.183887687061054e-05
42,40,2,poisson,40,770.29571810404,[1.269522644543051],,,,
42,40,2,gamma,40,899.991713970053,"[1.9927662488481643, 0.6367689793833888]",,,,
42,40,2,gammamix,40,907.305928443844,"[-2.3854213058576907, 3.1591807498204774, 3.3334443637131383, 1.929927845284648, 1.167589599369284]",2.0,,,
42,40,2,lognormal,40,902.3433142346003,"[1.2857530267120718, -1.0358970110927537]",,,,
42,40,2,compoundgamma,40,903.9778915428892,"[9.210340371976184, 2.1082133334862383, -5.756530994484013]",,9.233517585213063,,
42,40,2,logskewnormal,40,905.1283503356892,"[0.9232272156132224, -0.7102085252365241, 2.7986483476852158]",,,,
42,40,2,gig,40,903.9800878220661,"[-9.228269730019983, -11.780793749109364, 15.927103775122196]",,,-9.228269730019983,7.650085382252437e-06
42,40,3,poisson,40,623.1696126747505,[1.2101752487941824],,,,
42,40,3,gamma,40,652.5559258515439,"[3.198236388647154, 1.9586476324440119]",,,,
42,40,3,gammamix,40,652.5559258515439,"[3.198236388647154, 1.9586476324440119]",1.0,,,
42,40,3,lognormal,40,652.709525829801,"[1.219149703594134, -1.616294998632548]",,,,
42,40,3,compoundgamma,40,652.7874056063315,"[7.432334722925654, 3.2815983167988696, -2.912283822474978]",,27.618283167370443,,
42,40,3,logskewnormal,40,652.7095258298336,"[1.219149383665091, -1.6162949998740388, -5.0704409505974565e-08]",,,,
42,40,3,gig,40,652.7881806111016,"[-27.236044712294277, -9.094708329452338, 14.293436547384792]",,,-27.236044712294277,0.00011225827334198122
42,100,0,poisson,100,35992.800118816886,[1.6071967224862402],,,,
42,100,0,gamma,100,50729.286228392855,"[0.7832871333051799, -0.9579235265842743]",,,,
42,100,0,gammamix,100,50776.112086620196,"[-0.6818637411453299, 3.729190901042058, 0.8879616916394011, 2.525874755090426, -1.4618512567509068]",2.0,,,
42,100,0,lognormal,100,50747.86932013109,"[1.4964065628850771, -0.5038905762908947]",,,,
42,100,0,compoundgamma,100,50758.993729960835,"[9.210340371976184, 1.026893591022117, -6.516795923222257]",,3.79237807948916,,
42,100,0,logskewnormal,100,50770.83517366371,"[0.8898516530642206, -0.16653057541012814, 11.405842517683471]",,,,
42,100,0,gig,100,50758.99944133474,"[-3.7919266269920384, -12.696091372500497, 16.08259937700682]",,,-3.7919266269920384,3.06307460827768e-06
42,100,1,poisson,100,2622.451320829181,[1.272490785622317],,,,
42,100,1,gamma,100,2977.511134726783,"[2.519569272758961, 1.1620786169326252]",,,,
42,100,1,gammamix,100,2989.099650965362,"[-0.6920629074227831, 5.006987580076691, 3.7037207700970085, 3.8714098167776188, 2.0337093769241856]",2.0,,,
42,100,1,lognormal,100,2979.2899761194913,"[1.3165147142595115, -1.2655948222233788]",,,,
42,100,1,compoundgamma,100,2980.5763497640264,"[9.210340371976184, 2.524227918935474, -5.329925455666267]",,13.481255001905447,,
42,100,1,logskewnormal,100,2984.267406475949,"[0.9761709023046443, -0.8373707392103881, 5.512600843479451]",,,,
42,100,1,gig,100,2980.579436526202,"[-13.466513530786894, -10.60445737188002, 15.176835943234929]",,,-13.466513530786894,2.4805196960698416e-05
42,100,2,poisson,100,2333.700151951017,[1.1718483175221661],,,,
42,100,2,gamma,100,2899.1663754991114,"[1.7922507563451173, 0.3991243752475997]",,,,
42,100,2,gammamix,100,2914.715512448725,"[-0.887179806781365, 3.655489546095108, 1.5380592379964195, 2.470408842801074, -0.23635281728006793]",2.0,,,
42,100,2,lognormal,100,2903.997301410765,"[1.3092414244018866, -0.9274823271359419]",,,,
42,100,2,compoundgamma,100,2907.1543995442967,"[9.210340371976184, 1.8684008081114807, -5.955035760491133]",,7.477928660526078,,
42,100,2,logskewnormal,100,2910.161892994161,"[0.8851456003334562, -0.566618091486729, 3.9672856459113115]",,,,
42,100,2,gig,100,2907.1577640305345,"[-7.4736974109947045, -11.333885387279258, 15.28168636052222]",,,-7.4736974109947045,1.1960686788782124e-05
42,100,3,poisson,100,1464.7749580249326,[1.234664363669486],,,,
42,100,3,gamma,100,1538.1012057527655,"[3.046160886550647, 1.7799856402155874]",,,,
42,100,3,gammamix,100,1546.6503660303242,"[-0.5213153744868011, 6.907755278982137, 2.619143795990435, 5.7594436108934755, 1.1941001513550715]",2.0,,,
42,100,3,lognormal,100,1539.4661043390925,"[1.241962584273369, -1.5309907468016946]",,,,
42,100,3,compoundgamma,100,1540.5596394708593,"[9.210340371976184, 3.07864650490323, -4.866835727145735]",,22.72897242639304,,
42,100,3,logskewnormal,100,1542.486324491901,"[1.0124677570642295, -1.1783859980846934, 2.9163538365406905]",,,,
42,100,3,gig,100,1540.563746439834,"[-22.687180177226857, -11.03509709539222, 16.069820804446955]",,,-22.687180177226857,1.6125686937861387e-05
42,400,0,poisson,400,187612.91503805155,[1.7017082016339082],,,,
42,400,0,gamma,400,384128.62912382156,"[0.13239804681072564, -1.8628716275546515]",,,,
42,400,0,gammamix,400,384468.83545869275,"[-0.42715876984835843, -4.088018723712892, 3.9392847730130254, 1.142044871949522, -0.6954666164672457, 2.757691287686298, -0.9638263204198056, -6.072265596633767]",3.0,,,
42,400,0,lognormal,400,384349.1155396899,"[1.498105382782883, -0.483735120373922]",,,,
42,400,0,compoundgamma,400,384411.051507658,"[9.210340371976184, 1.084489021361621, -6.466907822783439]",,3.957927994498388,,
42,400,0,logskewnormal,400,384453.2571482035,"[0.8956698973318985, -0.15384749968869252, 20.138307050953895]",,,,
42,400,0,gig,400,384411.0771387452,"[-3.9574717966123565, -12.680797267648416, 16.11720193145897]",,,-3.9574717966123565,3.1102816671821445e-06
42,400,1,poisson,356,9050.845121284096,[1.34295195791308],,,,
42,400,1,gamma,356,10036.484353591988,"[2.4636463393600363, 1.1352418135114537]",,,,
42,400,1,gammamix,356,10059.46867703097,"[-0.45406412017308717, 4.6473299888695, 3.383155097167373, 3.5517596811753633, 1.778274436169783]",2.0,,,
42,400,1,lognormal,356,10041.359769514158,"[1.285049557603578, -1.2367962491577573]",,,,
42,400,1,compoundgamma,356,10044.256084059885,"[9.18895851191259, 2.4622406784746587, -5.399445951231857]",,12.731067664029206,,
42,400,1,logskewnormal,356,10050.606764157586,"[0.9250625325840893, -0.7886565238139859, 6.255253662563599]",,,,
42,400,1,gig,356,10044.262308191948,"[-12.716986431751316, -10.659313497844924, 15.140771749440697]",,,-12.716986431751316,2.348112859706688e-05
42,400,2,poisson,400,6623.808757833232,[1.2418507652195572],,,,
42,400,2,gamma,400,8657.204626856255,"[1.6328187406903387, 0.28330635466741083]",,,,
42,400,2,gammamix,400,8763.543785112503,"[-1.6122473329955795, 3.5769616116885277, 1.540737874074194, 2.4305160345542354, -0.47281511087737454]",2.0,,,
42,400,2,lognormal,400,8693.60195703728,"[1.2491313103863528, -0.8821284673682781]",,,,
42,400,2,compoundgamma,400,8716.843513558097,"[9.210340371976184, 1.8194378712126988, -6.061103565338897]",,7.168390045514028,,
42,400,2,logskewnormal,400,8737.875023110872,"[0.8065596292087427, -0.5180057929936649, 9.718593680200511]",,,,
42,400,2,gig,400,8716.865822541225,"[-7.170588458578837, -12.759502300634624, 16.60215182433849]",,,-7.170588458578837,2.8748723041919145e-06
42,400,3,poisson,400,10888.259371484724,[1.2533331635989933],,,,
42,400,3,gamma,400,11782.340026154467,"[2.969972964935903, 1.73128197814853]",,,,
42,400,3,gammamix,400,11810.585888967888,"[-0.6461095410480358, 5.606826442919628, 2.4340474106337524, 4.46162650194126, 1.046122774487505]",2.0,,,
42,400,3,lognormal,400,11789.093871845584,"[1.2126846973991083, -1.5030839226455281]",,,,
42,400,3,compoundgamma,400,11794.226049733134,"[9.210340371976184, 3.035545251559555, -4.938096728479381]",,21.812322757735412,,
42,400,3,logskewnormal,400,11802.23092612235,"[0.9648215261884018, -1.1222797197082588, 4.056358814626607]",,,,
42,400,3,gig,400,11794.243657264866,"[-21.77498940711548, -10.430699697003384, 15.39429164530146]",,,-21.77498940711548,2.9512410239321512e-05
43,10,0,poisson,10,142402.148272413,[4.178974177305793],,,,
43,10,0,gamma,10,223978.5180937737,"[-1.2027856152877188, -5.639378279236981]",,,,
43,10,0,gammamix,10,223990.16545967967,"[-0.739934481946295, 2.9094642602452105, -0.8189281331116784, 1.641513732789429, -6.355388928597711]",2.0,,,
43,10,0,lognormal,10,223983.5104589912,"[2.1424374736527287, 0.5271150095919062]",,,,
43,10,0,compoundgamma,10,223986.54999137018,"[8.964152031016054, -9.273399337337754, -7.460787542561284]",,1.000093888811018,,
43,10,0,logskewnormal,10,223986.1003838239,"[0.5890755583164258, 0.7569390327178626, 3.8372034499491257]",,,,
43,10,0,gig,10,223986.57961911766,"[-0.9103441485089172, -5.732082116283918, 7.833664881442284]",,,-0.9103441485089172,0.0032403234747229396
43,10,1,poisson,10,403.1814913844691,[1.4655675420143985],,,,
43,10,1,gamma,10,423.05672577301755,"[2.7775509905918065, 1.3883023891012296]",,,,
43,10,1,gammamix,10,423.05672577301755,"[2.7775509905918065, 1.3883023891012296]",1.0,,,
43,10,1,lognormal,10,423.06344014945984,"[1.3570834854950184, -1.3933502753917102]",,,,
43,10,1,compoundgamma,10,423.0646249488259,"[3.156239673218954, 3.9544046556503316, 2.1864959284741747]",,53.16462878111711,,
43,10,1,logskewnormal,10,423.0634401496462,"[1.3570838187100551, -1.3933565893004656, -3.360926264879625e-06]",,,,
43,10,1,gig,10,423.06906160534834,"[5.123525545642214, 2.6950435001435156, 1.0276156857906786]",,,5.123525545642214,14.806162809486484
43,10,2,poisson,10,124.26366552524152,[1.1306663149581933],,,,
43,10,2,gamma,10,124.26357642933726,"[13.815510557964274, 12.684839175057357]",,,,
43,10,2,gammamix,10,124.26357642933726,"[13.815510557964274, 12.684839175057357]",1.0,,,
43,10,2,lognormal,10,124.26366537458517,"[1.1306656315871533, -10.100123456094892]",,,,
43,10,2,compoundgamma,10,124.24793824657965,"[9.20932081913035, 9.21024036697585, 1.1325857210618961]",,10000.0,,
43,10,2,logskewnormal,10,124.26366537481486,"[1.1306663230033327, -10.100123456411222, 2.2659573044465654e-11]",,,,
43,10,2,gig,10,124.26277975380071,"[0.32915668225541733, 11.512925238205757, 1.1307113001359275]",,,0.32915668225541733,99999.9773235554
43,10,3,poisson,10,42.345817202173045,[1.161625256496844],,,,
43,10,3,gamma,10,49.90829247596491,"[2.2687752179911223, 1.2013059518627505]",,,,
43,10,3,gammamix,10,49.90829247596491,"[2.2687752179911223, 1.2013059518627505]",1.0,,,
43,10,3,lognormal,10,49.83228303962355,"[1.0168029435123491, -1.1427120697395408]",,,,
43,10,3,compoundgamma,10,49.90810806945985,"[2.275223159503294, 9.106319210824104, 7.898670774726899]",,9013.062266574092,,
43,10,3,logskewnormal,10,49.832283039625025,"[1.0168030983993508, -1.1427125499819708, -7.566473433653863e-08]",,,,
43,10,3,gig,10,49.90829247596318,"[9.667557448184674, -10.59208127060845, -12.486534905471862]",,,9.667557448184674,2.5114096131278245e-05
43,20,0,poisson,20,106354.6298555481,[3.033005120150401],,,,
43,20,0,gamma,20,229509.58361680992,"[-1.0665007559420698, -4.8794651110737055]",,,,
43,20,0,gammamix,20,229531.22392503236,"[-0.7111716341479235, 3.0240346716671076, -0.9463248573361035, 1.7841172574630166, -5.818244435053821]",2.0,,,
43,20,0,lognormal,20,229522.51902452763,"[1.855118210339783, 0.2712641830520313]",,,,
43,20,0,compoundgamma,20,229528.83002052037,"[8.081940427094056, -0.9305031249566301, -6.29392605534404]",,1.3943552504824301,,
43,20,0,logskewnormal,20,229529.4951374185,"[0.7309412602026086, 0.5052562291391023, 7.069052757529427]",,,,
43,20,0,gig,20,229528.8327207903,"[-1.385528756496739, -13.76407071591467, 16.236957216651327]",,,-1.385528756496739,1.0527858509480914e-06
43,20,1,poisson,20,452.3232086420089,[1.3662536102364444],,,,
43,20,1,gamma,20,480.2127094220663,"[2.9710080761969073, 1.6833356868345726]",,,,
43,20,1,gammamix,20,480.2127094220663,"[2.9710080761969073, 1.6833356868345726]",1.0,,,
43,20,1,lognormal,20,480.48258965832133,"[1.2605632077563187, -1.504087124548566]",,,,
43,20,1,compoundgamma,20,480.66903481163104,"[9.210340371976184, 3.0377485392652805, -4.888959787216074]",,21.85822884618444,,
43,20,1,logskewnormal,20,480.48258965834253,"[1.260563544055523, -1.5040878158754585, -1.2577999850041457e-07]",,,,
43,20,1,gig,20,480.669649150479,"[-21.8191617942108, -9.978689392307224, 14.99133684806076]",,,-21.8191617942108,4.63778124846086e-05
43,20,2,poisson,20,225.99353004483265,[1.1691568338658926],,,,
43,20,2,gamma,20,230.72425738025214,"[3.5604957137697677, 2.3769254139291833]",,,,
43,20,2,gammamix,20,230.72425738025214,"[3.5604957137697677, 2.3769254139291833]",1.0,,,
43,20,2,lognormal,20,230.71673053243993,"[1.170022075210205, -1.7927335749612563]",,,,
43,20,2,compoundgamma,20,230.72422746396148,"[3.5636063226967294, 9.21024036697585, 6.830201689077729]",,10000.0,,
43,20,2,logskewnormal,20,230.71673053251294,"[1.1700217829357358, -1.7927370704662906, 1.352638080038073e-06]",,,,
43,20,2,gig,20,230.72566044544195,"[23.209816432580073, 3.2687915494974074, 0.3824987411785111]",,,23.209816432580073,26.279562596192726
43,20,3,poisson,20,267.6555782057364,[1.0964524606146797],,,,
43,20,3,gamma,20,272.2691901823729,"[3.551707121757293, 2.4091043786556834]",,,,
43,20,3,gammamix,20,272.2691901823729,"[3.551707121757293, 2.4091043786556834]",1.0,,,
43,20,3,lognormal,20,272.2793421660301,"[1.1306211057731959, -1.8146644593683319]",,,,
43,20,3,compoundgamma,20,272.29495158331935,"[9.210340371976184, 3.703408409274127, -4.361936759152602]",,41.58540053781666,,
43,20,3,logskewnormal,20,272.27934216603506,"[1.1306209044525788, -1.8146650344444415, 3.287359660740662e-08]",,,,
43,20,3,gig,20,272.2950674400317,"[-41.43971040765834, -8.466504618667226, 14.004468783966805]",,,-41.43971040765834,0.00021039904445657674
43,40,0,poisson,40,101634.13719928302,[2.808211382911079],,,,
43,40,0,gamma,40,231989.89345969915,"[-0.8668526862690916, -4.09831265250669]",,,,
43,40,0,gammamix,40,232031.62109940517,"[-1.131042118598061, 2.5237003167388514, -0.89221988567571, 1.20566515424039, -5.414002574438267]",2.0,,,
43,40,0,lognormal,40,232019.65516627906,"[1.678421790896136, 0.019601745548162453]",,,,
43,40,0,compoundgamma,40,232031.48382618348,"[9.210340371976184, 0.04868647974555075, -7.076531815640899]",,2.049891136998721,,
43,40,0,logskewnormal,40,232033.76346878667,"[0.7962254358016001, 0.27677155568982564, 10.167727493538687]",,,,
43,40,0,gig,40,232031.48589432286,"[-2.0530568676911543, -13.58405649430736, 16.413160048239632]",,,-2.0530568676911543,1.2604314256373387e-06
43,40,1,poisson,40,1100.2760889579813,[1.3705881067558037],,,,
43,40,1,gamma,40,1195.8600132916372,"[2.484866775789948, 1.2028639212255483]",,,,
43,40,1,gammamix,40,1195.8600132916372,"[2.484866775789948, 1.2028639212255483]",1.0,,,
43,40,1,lognormal,40,1196.123304738746,"[1.2393411761194042, -1.2509783951188302]",,,,
43,40,1,compoundgamma,40,1196.158104642762,"[4.615515961628166, 2.6288190903379935, -0.706658159343544]",,14.85739590321365,,
43,40,1,logskewnormal,40,1196.1233047396677,"[1.239346412888155, -1.2509903825987174, -2.1624864522377482e-05]",,,,
43,40,1,gig,40,1196.1883685616915,"[-6.737757073885984, 2.326132300139904, 1.8361370576569132]",,,-6.737757073885984,10.238266315389694
43,40,2,poisson,40,608.5159082561705,[1.2650330610871825],,,,
43,40,2,gamma,40,719.2383800518529,"[2.104084807518665, 0.8389376049583923]",,,,
43,40,2,gammamix,40,719.2383800518529,"[2.104084807518665, 0.8389376049583923]",1.0,,,
43,40,2,lognormal,40,722.5747028607638,"[1.2048476670828345, -1.139720279749883]",,,,
43,40,2,compoundgamma,40,724.6552618344924,"[9.210340371976184, 2.4123370540560387, -5.545741493560399]",,12.160012243674789,,
43,40,2,logskewnormal,40,724.745769652164,"[0.9327464201826667, -0.9044753681304978, 1.8644007378577052]",,,,
43,40,2,gig,40,724.6581617728722,"[-12.152595071197856, -12.371519545721156, 16.72859358565477]",,,-12.152595071197856,4.2375743244379325e-06
43,40,3,poisson,40,505.676171880098,[1.1402318834942036],,,,
43,40,3,gamma,40,539.2641779904793,"[2.834046129949818, 1.6378708808219815]",,,,
43,40,3,gammamix,40,539.2641779904793,"[2.834046129949818, 1.6378708808219815]",1.0,,,
43,40,3,lognormal,40,539.3715025220149,"[1.1690236646067658, -1.4442247126125227]",,,,
43,40,3,compoundgamma,40,539.4084985258884,"[7.031324548631675, 2.9531769863079176, -2.8802852184079533]",,20.16674960432329,,
43,40,3,logskewnormal,40,539.3715025238282,"[1.1690230945993052, -1.444235448828564, 2.064875011935832e-06]",,,,
43,40,3,gig,40,539.4084446227536,"[-19.87842806316044, -8.841212836531351, 13.670285205846051]",,,-19.87842806316044,0.0001446472068370272
43,100,0,poisson,100,106711.18274033742,[2.2496186280266692],,,,
43,100,0,gamma,100,257882.2274193014,"[-0.49156340686165284, -3.086901903355385]",,,,
43,100,0,gammamix,100,257976.078964853,"[-1.3422856860127523, 2.589946613101616, -0.6920160477065359, 1.2369269136042242, -4.597804413601842]",2.0,,,
43,100,0,lognormal,100,257957.24181873567,"[1.5882896700507267, -0.26354850324754503]",,,,
43,100,0,compoundgamma,100,257980.3296667001,"[9.210340371976184, 0.7117475529857133, -6.683269767826365]",,3.0375488737988086,,
43,100,0,logskewnormal,100,257988.1616264031,"[0.8699533400179459, 0.03984658400882275, 14.555347687659378]",,,,
43,100,0,gig,100,257980.33563657996,"[-3.037540470892571, -13.402199760500542, 16.622342351918547]",,,-3.037540470892571,1.511814821136675e-06
43,100,1,poisson,100,2276.3117593827337,[1.3226065418626323],,,,
43,100,1,gamma,100,2506.8515506233475,"[2.498664178769095, 1.200213437136047]",,,,
43,100,1,gammamix,100,2506.8515506233475,"[2.498664178769095, 1.200213437136047]",1.0,,,
43,100,1,lognormal,100,2508.399755280823,"[1.2563021875946168, -1.2560285386775973]",,,,
43,100,1,compoundgamma,100,2509.3315908221875,"[9.210340371976184, 2.507032938418825, -5.406826793840475]",,13.268474684685778,,
43,100,1,logskewnormal,100,2509.732689492149,"[0.9817682171132937, -0.9447908015659289, 1.8691019987701012]",,,,
43,100,1,gig,100,2509.33344184411,"[-13.252085598762767, -10.218057315155939, 14.713379509626419]",,,-13.252085598762767,3.650514621377977e-05
43,100,2,poisson,100,1627.5825625384448,[1.3221022288815447],,,,
43,100,2,gamma,100,1838.6003376020508,"[2.194066974013238, 0.8779639600541475]",,,,
43,100,2,gammamix,100,1862.4430616991926,"[-2.6207294035869566, 3.8800537532154458, 2.9071335705380146, 2.6576642594365665, 0.7469342112069416]",2.0,,,
43,100,2,lognormal,100,1844.777661844253,"[1.2600057403005445, -1.1498903346649525]",,,,
43,100,2,compoundgamma,100,1849.001611682957,"[9.210340371976184, 2.3733903736608464, -5.529404910860381]",,11.733721991993482,,
43,100,2,logskewnormal,100,1852.0096577045852,"[0.9391321977056999, -0.8228557090679176, 3.587958850147009]",,,,
43,100,2,gig,100,1849.0083205357487,"[-11.725737009808388, -12.380407262403008, 16.75373836767253]",,,-11.725737009808388,4.200078835882047e-06
43,100,3,poisson,100,2107.315490394861,[1.200926343477771],,,,
43,100,3,gamma,100,2197.2022513044476,"[3.0865528708365546, 1.8638730518943027]",,,,
43,100,3,gammamix,100,2197.2022513044476,"[3.0865528708365546, 1.8638730518943027]",1.0,,,
43,100,3,lognormal,100,2198.016963988341,"[1.2005140037368043, -1.5594239134097432]",,,,
43,100,3,compoundgamma,100,2198.6272222331804,"[9.210340371976184, 3.1488695174509167, -4.838654757486009]",,24.309698473189997,,
43,100,3,logskewnormal,100,2198.016963988385,"[1.2005140178664695, -1.5594230466893881, 6.705075060514987e-07]",,,,
43,100,3,gig,100,2198.6296011388167,"[-24.261113660372526, -9.00157921061119, 14.064326725117951]",,,-24.261113660372526,0.00012321506781980165
43,400,0,poisson,400,215381.73319555822,[1.8070630873926288],,,,
43,400,0,gamma,400,462990.9217143371,"[-0.18212250790482307, -2.4583193677619066]",,,,
43,400,0,gammamix,400,463421.7441184234,"[0.423295482667035, -0.40245602229404964, -3.7235299859490913, 6.907755278982137, 2.7168113504693987, 1.2138351218672168, 2.6197926075770366, 5.816284302107482, 1.2069520585108107, -1.2720550122226033, -3.6973547947980663]",4.0,,,
43,400,0,lognormal,400,463249.43090660055,"[1.5677791814804598, -0.37271197096660813]",,,,
43,400,0,compoundgamma,400,463328.66903650895,"[9.210340371976184, 0.9128342575792742, -6.5414402205844455]",,3.4913737310894946,,
43,400,0,logskewnormal,400,463364.0129098685,"[0.9061836086705646, -0.05091538693316751, 24.743471373075568]",,,,
43,400,0,gig,400,463328.69380378386,"[-3.4910339007723934, -13.33915114321042, 16.701041017027375]",,,-3.4910339007723934,1.6102016421956888e-06
43,400,1,poisson,356,19027.190661446555,[1.5118413585152677],,,,
43,400,1,gamma,356,21151.64992934002,"[2.446975981206043, 1.1101102160139533]",,,,
43,400,1,gammamix,356,21179.63176587962,"[0.037637015884962155, 6.907755278982137, 2.8248646904176016, 5.842095935688122, 1.2922407655006511]",2.0,,,
43,400,1,lognormal,356,21157.87163784977,"[1.291927604993336, -1.2336983627548461]",,,,
43,400,1,compoundgamma,356,21161.79336650115,"[9.210340371976184, 2.462552799631283, -5.414390897694991]",,12.734729749914454,,
43,400,1,logskewnormal,356,21170.390121607204,"[0.9319120727386534, -0.7916734785601682, 7.042560871950409]",,,,
43,400,1,gig,356,21161.801647160297,"[-12.721407189329021, -10.212489425479824, 14.700447107555215]",,,-12.721407189329021,3.6708969747415326e-05
43,400,2,poisson,400,5883.488839294101,[1.2339173361678633],,,,
43,400,2,gamma,400,7249.419886191046,"[1.838156830447629, 0.5111861972437906]",,,,
43,400,2,gammamix,400,7344.691290793861,"[-1.8509756806816537, 3.5858830642615387, 1.7444481580601776, 2.416833804750884, -0.2629276081000294]",2.0,,,
43,400,2,lognormal,400,7280.6577992489165,"[1.245894197724655, -0.9763237539845837]",,,,
43,400,2,compoundgamma,400,7301.319281154232,"[9.210340371976184, 2.013517656716479, -5.883923093237151]",,8.4896169651077,,
43,400,2,logskewnormal,400,7320.652910604553,"[0.8406380171700105, -0.6099035451523985, 9.188668875272462]",,,,
43,400,2,gig,400,7301.3429319206625,"[-8.48532471935844, -12.845955015367997, 16.86495546305293]",,,-8.48532471935844,2.6367722659229046e-06
43,400,3,poisson,400,7148.626457990618,[1.1758666221706018],,,,
43,400,3,gamma,400,7686.457365903373,"[3.089160812656718, 1.8432933560113196]",,,,
43,400,3,gammamix,400,7713.976102352182,"[-1.5897633106448905, 4.4125525183591465, 2.738895774372114, 3.2407323338387415, 1.208591440690888]",2.0,,,
43,400,3,lognormal,400,7693.783265370739,"[1.2228078341675, -1.5634479230037388]",,,,
43,400,3,compoundgamma,400,7699.665371031715,"[9.210340371976184, 3.1612186634132424, -4.805143669284326]",,24.59933806189087,,
43,400,3,logskewnormal,400,7693.783265375201,"[1.2228066088832963, -1.5634477852407802, -2.047293419049513e-07]",,,,
43,400,3,gig,400,7699.688656573107,"[-24.553072791181634, -10.198635187602905, 15.295012150078906]",,,-24.553072791181634,3.722108383044121e-05
44,10,0,poisson,10,4083.5005038042964,[1.1217828428559928],,,,
44,10,0,gamma,10,4138.894833341027,"[3.7132152436525314, 2.4197368510500636]",,,,
44,10,0,gammamix,10,4138.894833341027,"[3.7132152436525314, 2.4197368510500636]",1.0,,,
44,10,0,lognormal,10,4138.994441343725,"[1.2811567197208855, -1.8583734254138569]",,,,
44,10,0,compoundgamma,10,4139.07892248957,"[7.490826290209011, 3.7356400011271362, -2.4619645564110986]",,42.91484252720489,,
44,10,0,logskewnormal,10,4138.994441355831,"[1.281165110669272, -1.8583744450233297, 1.043926175413344e-06]",,,,
44,10,0,gig,10,4139.083246329715,"[-41.972097938390625, -7.193803751785486, 12.893048780304357]",,,-41.972097938390625,0.0007512262010244134
44,10,1,poisson,10,350.08612325854267,[1.2754414817140383],,,,
44,10,1,gamma,10,394.2108562352896,"[2.522411629422066, 1.196989289418888]",,,,
44,10,1,gammamix,10,394.2108562352896,"[2.522411629422066, 1.196989289418888]",1.0,,,
44,10,1,lognormal,10,394.54927425513625,"[1.2831841740537173, -1.2974641959132533]",,,,
44,10,1,compoundgamma,10,394.8192958859275,"[9.210340371976184, 2.64935853579741, -5.243730556112744]",,15.144962247666053,,
44,10,1,logskewnormal,10,394.5492742567529,"[1.2831806813411877, -1.2974515383099696, -1.884805168053003e-07]",,,,
44,10,1,gig,10,394.819978521119,"[-15.12973906477223, -10.722649002720548, 15.381318756167987]",,,-15.12973906477223,2.2040056664009475e-05
44,10,2,poisson,10,162.21939993385723,[1.4634839998110205],,,,
44,10,2,gamma,10,206.5555481045817,"[1.3162199446777392, -0.13401008904397307]",,,,
44,10,2,gammamix,10,206.5555481045817,"[1.3162199446777392, -0.13401008904397307]",1.0,,,
44,10,2,lognormal,10,207.29973291130847,"[1.308754793344347, -0.6881316734969029]",,,,
44,10,2,compoundgamma,10,207.80487344984286,"[9.210340371976184, 1.3338673741260345, -6.441862053272599]",,4.795694409165437,,
44,10,2,logskewnormal,10,207.2997329113702,"[1.3087532992656328, -0.6881304288195612, -5.990481777589011e-07]",,,,
44,10,2,gig,10,207.80526165702187,"[-4.7944378328965955, -12.767638382083755, 16.22892547628859]",,,-4.7944378328965955,2.851577003704388e-06
44,10,3,poisson,10,110.88152589781184,[1.341173925839421],,,,
44,10,3,gamma,10,144.2064792738016,"[1.4490148654420416, 0.0664074740144406]",,,,
44,10,3,gammamix,10,144.2064792738016,"[1.4490148654420416, 0.0664074740144406]",1.0,,,
44,10,3,lognormal,10,145.38580337164402,"[1.2582065446268254, -0.7949459415549911]",,,,
44,10,3,compoundgamma,10,146.25478001954184,"[9.210340371976184, 1.654665904519765, -6.2058117741539]",,6.231331865853478,,
44,10,3,logskewnormal,10,145.38580337164402,"[1.2582065446268254, -0.7949459415549911, 0.0]",,,,
44,10,3,gig,10,146.2555699598533,"[-6.229882366780121, -12.917853191609446, 16.615229977034648]",,,-6.229882366780121,2.453847905955669e-06
44,20,0,poisson,20,15670.722409112073,[1.3407493620020456],,,,
44,20,0,gamma,20,23325.977888736048,"[1.520404985442271, -0.07095671041908813]",,,,
44,20,0,gammamix,20,23332.47645983448,"[0.05583670505954397, 5.394105204960037, 1.5765405331120124, 4.228930822363802, -0.28431416691040634]",2.0,,,
44,20,0,lognormal,20,23328.319312364067,"[1.4773959973234114, -0.8426817672671237]",,,,
44,20,0,compoundgamma,20,23329.96259650926,"[9.210340371976184, 1.746061080379476, -5.90266809744153]",,6.731980341644182,,
44,20,0,logskewnormal,20,23332.171421496543,"[1.0228995958073572, -0.5126143965650032, 4.939914590821586]",,,,
44,20,0,gig,20,23329.964276494775,"[-6.723802079331043, -9.694879430943109, 13.694479210574727]",,,-6.723802079331043,6.159810622838292e-05
44,20,1,poisson,20,579.2732934142986,[1.297063227391948],,,,
44,20,1,gamma,20,654.2257768806944,"[2.2259609943961847, 0.8595575652752041]",,,,
44,20,1,gammamix,20,654.2257768806944,"[2.2259609943961847, 0.8595575652752041]",1.0,,,
44,20,1,lognormal,20,654.3302315292638,"[1.3127948278443429, -1.1193221268028426]",,,,
44,20,1,compoundgamma,20,654.3229359319248,"[3.5970515572463224, 2.527540284945565, 0.2971527174181297]",,13.522666033120474,,
44,20,1,logskewnormal,20,654.3302315292638,"[1.3127948278443429, -1.1193221268028426, 0.0]",,,,
44,20,1,gig,20,654.3606163495627,"[-2.5030342173238562, 2.170926544069763, 1.5815386978232833]",,,-2.5030342173238562,8.766402737464421
44,20,2,poisson,20,230.81270240532055,[1.3439831630481678],,,,
44,20,2,gamma,20,279.92727107803387,"[1.7288105970230827, 0.3855847666462273]",,,,
44,20,2,gammamix,20,279.92727107803387,"[1.7288105970230827, 0.3855847666462273]",1.0,,,
44,20,2,lognormal,20,281.30074745656503,"[1.2505577761159319, -0.9049000659932659]",,,,
44,20,2,compoundgamma,20,282.2006874389842,"[9.210340371976184, 1.8322897106693865, -6.049503834343601]",,7.24817680923042,,
44,20,2,logskewnormal,20,281.30074745659465,"[1.2505580953310789, -0.9049013750901196, 1.0304583598019482e-07]",,,,
44,20,2,gig,20,282.2015835232871,"[-7.245077550839429, -12.575798151261461, 16.429276488863497]",,,-7.245077550839429,3.4546197963855725e-06
44,20,3,poisson,20,312.08245587355657,[1.365436130999481],,,,
44,20,3,gamma,20,343.4288185750569,"[2.004034780165009, 0.6526582530313618]",,,,
44,20,3,gammamix,20,343.4288185750569,"[2.004034780165009, 0.6526582530313618]",1.0,,,
44,20,3,lognormal,20,344.9797512479397,"[1.2830829195808844, -1.0497687645616798]",,,,
44,20,3,compoundgamma,20,346.05273980225087,"[9.210340371976184, 2.1621817961143326, -5.706857735028822]",,9.690076966254646,,
44,20,3,logskewnormal,20,345.95998982268253,"[0.9984454057675205, -0.8298737504298038, 1.4992370692397574]",,,,
44,20,3,gig,20,346.0541246117977,"[-9.684933135405826, -12.466050292923416, 16.662078975249777]",,,-9.684933135405826,3.855344105045393e-06
44,40,0,poisson,40,20472.219161743466,[1.3716950354359903],,,,
44,40,0,gamma,40,30536.957012178405,"[1.0066392997873834, -0.7085691658065294]",,,,
44,40,0,gammamix,40,30549.341950982925,"[-0.37099815035821915, 3.544594476966705, 1.0591774024543494, 2.320768503430315, -1.1011978712660526]",2.0,,,
44,40,0,lognormal,40,30542.869898071112,"[1.52143680020472, -0.593234825670081]",,,,
44,40,0,compoundgamma,40,30546.294170647998,"[9.084590667794139, 1.180049685741648, -6.236700097373796]",,4.254535902902601,,
44,40,0,logskewnormal,40,30548.796898863948,"[0.9212189514366164, -0.22666760016280835, 4.809701533817325]",,,,
44,40,0,gig,40,30546.296388272163,"[-4.249791899528835, -11.42225119269548, 14.962094983948647]",,,-4.249791899528835,1.094912303873763e-05
44,40,1,poisson,40,1046.7710882248566,[1.3064318173960352],,,,
44,40,1,gamma,40,1171.0317249750015,"[2.299136584161136, 0.9846695096148961]",,,,
44,40,1,gammamix,40,1171.0317249750015,"[2.299136584161136, 0.9846695096148961]",1.0,,,
44,40,1,lognormal,40,1171.3764945552957,"[1.264456504757643, -1.1567207873126526]",,,,
44,40,1,compoundgamma,40,1171.481154500886,"[9.210340371976184, 2.3023217666435936, -5.592875779218585]",,10.997367083168882,,
44,40,1,logskewnormal,40,1171.3764945553498,"[1.2644570499342995, -1.1567207440302654, 1.3681063488777048e-07]",,,,
44,40,1,gig,40,1171.5089384564667,"[-6.928784224224867, 2.0344032400313545, 2.0477501131238887]",,,-6.928784224224867,7.647686930038597
44,40,2,poisson,40,663.3285795209864,[1.3904229426256542],,,,
44,40,2,gamma,40,778.9468989532526,"[1.7407872514771925, 0.38842396129302853]",,,,
44,40,2,gammamix,40,778.9468989532526,"[1.7407872514771925, 0.38842396129302853]",1.0,,,
44,40,2,lognormal,40,780.7452030104862,"[1.2630381402314952, -0.8961820512371907]",,,,
44,40,2,compoundgamma,40,781.8224786650153,"[9.210340371976184, 1.7883292726113165, -6.075789292094186]",,6.979454078720098,,
44,40,2,logskewnormal,40,782.0447802106364,"[0.8792685606894689, -0.6055728559049358, 1.9176164309738346]",,,,
44,40,2,gig,40,781.8235198724198,"[-6.969514422038308, -11.88056615011386, 15.706712938687604]",,,-6.969514422038308,6.92365914358454e-06
44,40,3,poisson,40,367.2788713535747,[1.1795106898111312],,,,
44,40,3,gamma,40,431.87671963277614,"[2.3705706032054774, 1.149008198418625]",,,,
44,40,3,gammamix,40,431.87671963277614,"[2.3705706032054774, 1.149008198418625]",1.0,,,
44,40,3,lognormal,40,434.62763757969384,"[1.1738251559255641, -1.2212505555556668]",,,,
44,40,3,compoundgamma,40,436.6495899067417,"[9.210340371976184, 2.511595555879916, -5.484118924760946]",,13.324578935290754,,
44,40,3,logskewnormal,40,437.91202465774006,"[0.8752027955750831, -0.8978938997456952, 2.953974598055742]",,,,
44,40,3,gig,40,436.65326703326025,"[-13.31460815098318, -12.345240560114917, 16.763790233357778]",,,-13.31460815098318,4.35040958373854e-06
44,100,0,poisson,100,56151.40261164888,[1.600787505340604],,,,
44,100,0,gamma,100,82828.15230924572,"[0.8775157615872111, -0.8783979135541592]",,,,
44,100,0,gammamix,100,82859.18387956012,"[-0.3389493315755089, 3.439071785873154, 1.0145386753724654, 2.238464215166516, -1.2112611901142076]",2.0,,,
44,100,0,lognormal,100,82842.61696148985,"[1.534343417909664, -0.5172865498797069]",,,,
44,100,0,compoundgamma,100,82851.35386264982,"[9.210340371976184, 0.9987406697222797, -6.502927982758172]",,3.7148607684234576,,
44,100,0,logskewnormal,100,82860.28992541229,"[0.8772069053366343, -0.13115624285276342, 9.165690822576552]",,,,
44,100,0,gig,100,82851.35839582363,"[-3.7145196019318827, -11.497638601980354, 14.898035671689517]",,,-3.7145196019318827,1.0154043047555068e-05
44,100,1,poisson,100,2291.7831210508184,[1.2771200871887327],,,,
44,100,1,gamma,100,2565.9401220007476,"[2.3726525182384806, 1.0506170855686268]",,,,
44,100,1,gammamix,100,2565.9401220007476,"[2.3726525182384806, 1.0506170855686268]",1.0,,,
44,100,1,lognormal,100,2567.538379032912,"[1.2748475587824308, -1.1945175322735528]",,,,
44,100,1,compoundgamma,100,2568.4880810396476,"[9.210340371976184, 2.3827677762060424, -5.506753094042694]",,11.834849841134508,,
44,100,1,logskewnormal,100,2569.3071185037925,"[0.9559697042777652, -0.8415354269205797, 2.4318350580359773]",,,,
44,100,1,gig,100,2568.489817803987,"[-11.823372648625906, -10.001167120220224, 14.396841559402882]",,,-11.823372648625906,4.5346973495638514e-05
44,100,2,poisson,100,3381.162776933023,[1.4827473981914654],,,,
44,100,2,gamma,100,4779.507585661846,"[1.5757461528642664, 0.17404677851256645]",,,,
44,100,2,gammamix,100,4805.834148067365,"[-1.9355790230590284, 3.075109168079992, 1.3341815408145214, 1.8497194384496434, -0.8285780654697715]",2.0,,,
44,100,2,lognormal,100,4790.496963144137,"[1.2954229929413152, -0.8755515262549066]",,,,
44,100,2,compoundgamma,100,4797.062713462688,"[9.210340371976184, 1.825036902971089, -6.009453739732011]",,7.203023924893752,,
44,100,2,logskewnormal,100,4801.811207300856,"[0.8557915623479543, -0.5236226957574411, 5.665732213961993]",,,,
44,100,2,gig,100,4797.068670865334,"[-7.200294969163699, -12.48024021428721, 16.373826539571546]",,,-7.200294969163699,3.801023390171455e-06
44,100,3,poisson,100,1187.3378759492616,[1.2379434621140806],,,,
44,100,3,gamma,100,1287.1411569896745,"[2.8567617009867066, 1.598508625749859]",,,,
44,100,3,gammamix,100,1287.1411569896745,"[2.8567617009867066, 1.598508625749859]",1.0,,,
44,100,3,lognormal,100,1290.1044701486098,"[1.2289360963135614, -1.437741656250886]",,,,
44,100,3,compoundgamma,100,1292.4199437002922,"[9.210340371976184, 2.909137362016977, -5.044978383336896]",,19.340970123417197,,
44,100,3,logskewnormal,100,1293.940006604995,"[0.9779322219763487, -1.0842168069867728, 2.8113663015664083]",,,,
44,100,3,gig,100,1292.4262327113656,"[-19.31394792382639, -11.037485261484367, 15.894514732728274]",,,-19.31394792382639,1.6087222067634738e-05
44,400,0,poisson,400,165472.22887334283,[1.6536787108846598],,,,
44,400,0,gamma,400,230188.15357350174,"[0.782768335448271, -0.9974247292047196]",,,,
44,400,0,gammamix,400,230378.84479778164,"[-0.41754624083725755, -1.617922595357558, 4.010843540879213, 2.2739607440327925, 1.1808375784784884, 2.836107867969319, 0.5049445582584653, -1.802363010319682]",3.0,,,
44,400,0,lognormal,400,230264.96188775197,"[1.5344437266492517, -0.5096338934311357]",,,,
44,400,0,compoundgamma,400,230310.14426059078,"[9.210340371976184, 1.0430248005927365, -6.466193673760893]",,3.8377877875586908,,
44,400,0,logskewnormal,400,230353.57507564314,"[0.9016009091308768, -0.14200222425952705, 19.594144837216895]",,,,
44,400,0,gig,400,230310.16679345726,"[-3.8372901277470692, -12.43965791670915, 15.87685546993097]",,,-3.8372901277470692,3.958450422575086e-06
44,400,1,poisson,356,14819.941239931055,[1.281721152740824],,,,
44,400,1,gamma,356,16288.274464004122,"[2.4916861352750397, 1.192399557453684]",,,,
44,400,1,gammamix,356,16306.51750000545,"[0.2400422028674053, 5.405124281429592, 2.6731593765385537, 4.355091395669743, 1.2174074443557523]",2.0,,,
44,400,1,lognormal,356,16293.102356723191,"[1.2568045738863745, -1.2524440995546482]",,,,
44,400,1,compoundgamma,356,16295.894459716712,"[9.210340371976184, 2.4977245834374147, -5.415368733379776]",,13.15480522582125,,
44,400,1,logskewnormal,356,16300.180977935051,"[0.9152705327534151, -0.8276046778406113, 4.2736606896886915]",,,,
44,400,1,gig,356,16295.900103123162,"[-13.140209007559841, -9.9471288302271, 14.434044838413316]",,,-13.140209007559841,4.7864864989244796e-05
44,400,2,poisson,400,10032.019547217304,[1.3306532480954945],,,,
44,400,2,gamma,400,14082.452543692492,"[1.5183184665765046, 0.13466278079665284]",,,,
44,400,2,gammamix,400,14218.799737853675,"[-1.7405773505265694, 3.622665786968936, 1.4445796198491414, 2.4556131983870575, -0.6936115563838082]",2.0,,,
44,400,2,lognormal,400,14128.51240258418,"[1.269995333867301, -0.8455178083387511]",,,,
44,400,2,compoundgamma,400,14157.906632012855,"[9.210340371976184, 1.7691808141684218, -6.0869319537234]",,6.866046010815256,,
44,400,2,logskewnormal,400,14185.24335594141,"[0.8222510891178757, -0.49391059059366893, 12.504991193490916]",,,,
44,400,2,gig,400,14157.933287569398,"[-6.863596912405474, -12.654420942953498, 16.470546044451034]",,,-6.863596912405474,3.193410969626662e-06
44,400,3,poisson,400,6068.130764778484,[1.1047783051555493],,,,
44,400,3,gamma,400,6735.212379723882,"[2.938231558136081, 1.6997495153353774]",,,,
44,400,3,gammamix,400,6768.023357750102,"[-0.7683783106548201, -4.068680186565198, 4.706009485986286, 3.89688190370821, 4.019010475631356, 3.605169473874779, 2.4636282589878893, 1.8415856476074033]",3.0,,,
44,400,3,lognormal,400,6744.219399824525,"[1.2116285574082208, -1.4819195986154834]",,,,
44,400,3,compoundgamma,400,6751.28574105327,"[9.210340371976184, 2.991285414466025, -4.982316936589443]",,20.911260271008192,,
44,400,3,logskewnormal,400,6760.314580159336,"[0.9496919044460871, -1.0762848200353992, 4.4122496346534446]",,,,
44,400,3,gig,400,6751.308115322384,"[-20.878041765455556, -10.662203490132281, 15.581699751053113]",,,-20.878041765455556,2.341336627997267e-05
45,10,0,poisson,10,26753.466380080397,[3.0203493717021894],,,,
45,10,0,gamma,10,57208.32531003133,"[-1.129399758362842, -5.0324392986265645]",,,,
45,10,0,gammamix,10,57208.32531003133,"[-1.129399758362842, -5.0324392986265645]",1.0,,,
45,10,0,lognormal,10,57214.010449548354,"[1.7959323700616534, 0.399212637066953]",,,,
45,10,0,compoundgamma,10,57217.81343701273,"[9.210340371976184, -1.3641558694178018, -7.631146839080399]",,1.2555963416389613,,
45,10,0,logskewnormal,10,57216.90840342731,"[0.5724231894312094, 0.5828105384036695, 3.374117787757132]",,,,
45,10,0,gig,10,57217.81384387135,"[-1.2561387915820252, -14.330123159636706, 16.602215298366286]",,,-1.2561387915820252,5.977321101907909e-07
45,10,1,poisson,10,88.7477734436738,[1.195911199654909],,,,
45,10,1,gamma,10,89.51618728585998,"[4.1365048125353345, 2.9890952788461047]",,,,
45,10,1,gammamix,10,89.51618728585998,"[4.1365048125353345, 2.9890952788461047]",1.0,,,
45,10,1,lognormal,10,89.4977538853248,"[1.1398847290153231, -2.0765760580476402]",,,,
45,10,1,compoundgamma,10,89.51595311670914,"[4.142588542978104, 9.21024036697585, 6.215058669138925]",,10000.0,,
45,10,1,logskewnormal,10,89.49775388812093,"[1.1398813581489515, -2.0765313801117857, 1.3814212796928042e-06]",,,,
45,10,1,gig,10,89.51618728591507,"[62.583400278918276, -8.413794825308992, -12.096033341085572]",,,62.583400278918276,0.0002217866164903133
45,10,2,poisson,10,2289.2275844586447,[2.378222507199666],,,,
45,10,2,gamma,10,2819.2684897692257,"[0.694991419205095, -0.9220077166689605]",,,,
45,10,2,gammamix,10,2828.1172578975575,"[-1.2602788664118891, 6.907755278982137, 0.6991431905916135, 5.823545090341743, -1.7818902698383874]",2.0,,,
45,10,2,lognormal,10,2821.499149353762,"[1.343268912068529, -0.48882989715346736]",,,,
45,10,2,compoundgamma,10,2823.0853431213623,"[9.210340371976184, 1.1043469195927924, -6.607458575444743]",,4.017253316191666,,
45,10,2,logskewnormal,10,2823.3505936243955,"[0.8028971053409666, -0.27469311844274374, 2.5404195621016417]",,,,
45,10,2,gig,10,2823.086188089168,"[-4.017153208740057, -13.241915696397008, 16.537866204952643]",,,-4.017153208740057,1.7746351660849616e-06
45,10,3,poisson,10,134.75383236417863,[1.3806605434016346],,,,
45,10,3,gamma,10,134.8285559622965,"[5.294888743389085, 3.9189745584196922]",,,,
45,10,3,gammamix,10,134.8285559622965,"[5.294888743389085, 3.9189745584196922]",1.0,,,
45,10,3,lognormal,10,134.82798412503425,"[1.3734362818748376, -2.6496287013106605]",,,,
45,10,3,compoundgamma,10,134.82851461708046,"[5.334982328588231, 8.538485104403982, 4.5794192328193715]",,5108.601015664012,,
45,10,3,logskewnormal,10,134.82798412506432,"[1.3734367328678763, -2.649628678689776, 2.5432600880790564e-08]",,,,
45,10,3,gig,10,134.82855596247282,"[199.32537724023567, -6.907110671696145, -11.519281928780265]",,,199.32537724023567,0.0010006448150899165
45,20,0,poisson,20,23232.22002625567,[2.431348655428234],,,,
45,20,0,gamma,20,58266.83254931154,"[-0.9807028488562873, -4.257668653400004]",,,,
45,20,0,gammamix,20,58266.83254931154,"[-0.9807028488562873, -4.257668653400004]",1.0,,,
45,20,0,lognormal,20,58281.861949742066,"[1.5045175232550865, 0.09966145708746155]",,,,
45,20,0,compoundgamma,20,58290.39723714736,"[9.210340371976184, 0.22619545378919415, -7.127823674576661]",,2.253820705338231,,
45,20,0,logskewnormal,20,58289.67554720317,"[0.7135138669456353, 0.265538106668884, 5.47757731749558]",,,,
45,20,0,gig,20,58290.39872912309,"[-2.2539286016590068, -13.53091297263985, 16.30654062082991]",,,-2.2539286016590068,1.3292270200211094e-06
45,20,1,poisson,20,585.7699626924535,[1.4166215950870933],,,,
45,20,1,gamma,20,630.2701051266164,"[2.804239834215881, 1.5367755446842415]",,,,
45,20,1,gammamix,20,630.2701051266164,"[2.804239834215881, 1.5367755446842415]",1.0,,,
45,20,1,lognormal,20,630.5691645688503,"[1.2363557928141744, -1.4183918394995492]",,,,
45,20,1,compoundgamma,20,630.7892796880349,"[9.210340371976184, 2.856969500288827, -5.088564442381075]",,18.408689886012922,,
45,20,1,logskewnormal,20,630.5691645688606,"[1.2363554587464258, -1.4183915790973998, 1.387294182769618e-07]",,,,
45,20,1,gig,20,630.7899843969109,"[-18.381700843858823, -10.43021438398646, 15.243582202269652]",,,-18.381700843858823,2.9526736472243923e-05
45,20,2,poisson,20,2214.249656291897,[2.0509015929244883],,,,
45,20,2,gamma,20,3017.9708080490973,"[0.9024517153498562, -0.6524165706612246]",,,,
45,20,2,gammamix,20,3030.293036483526,"[-0.9257900821280638, 6.907755278982137, 0.8608266892388385, 5.840923869375056, -1.3524211553923786]",2.0,,,
45,20,2,lognormal,20,3021.727508641565,"[1.3358555825981078, -0.5735946442433293]",,,,
45,20,2,compoundgamma,20,3024.302513398145,"[9.210239019393478, 1.2411321662117807, -6.496184904470493]",,4.4595280091077365,,
45,20,2,logskewnormal,20,3025.9191689335994,"[0.7972486956322964, -0.2946221551868244, 4.168822975296981]",,,,
45,20,2,gig,20,3024.304065922198,"[-4.459139842821172, -13.193300729867893, 16.600355059169896]",,,-4.459139842821172,1.863040495496633e-06
45,20,3,poisson,20,774.3629630752987,[1.1798752527468754],,,,
45,20,3,gamma,20,782.5981333921782,"[3.9797042238788194, 2.6806838749915722]",,,,
45,20,3,gammamix,20,782.5981333921782,"[3.9797042238788194, 2.6806838749915722]",1.0,,,
45,20,3,lognormal,20,782.5943751914689,"[1.2896215916655573, -1.9970739466051441]",,,,
45,20,3,compoundgamma,20,782.5979659370367,"[3.9961393610585736, 8.122543577730072, 5.425418184626865]",,3370.5806443669762,,
45,20,3,logskewnormal,20,782.5943751914712,"[1.2896214845374991, -1.9970739551879637, -1.1601792646400121e-08]",,,,
45,20,3,gig,20,782.5994031364428,"[26.971523102983582, 3.8310249043167297, 0.7384567679227755]",,,26.971523102983582,46.10977212946717
45,40,0,poisson,40,25105.16987760594,[1.6772368459025069],,,,
45,40,0,gamma,40,65787.94443079608,"[-0.6791207133611961, -3.4361144655161224]",,,,
45,40,0,gammamix,40,65787.94443079608,"[-0.6791207133611961, -3.4361144655161224]",1.0,,,
45,40,0,lognormal,40,65819.67242895234,"[1.50775661063768, -0.17114059910310878]",,,,
45,40,0,compoundgamma,40,65833.1502927645,"[9.210340371976184, 0.7651368969304968, -6.718629522777318]",,3.1492885855265884,,
45,40,0,logskewnormal,40,65832.66704920391,"[0.8137207259001629, 0.06436730183725488, 7.019980845959531]",,,,
45,40,0,gig,40,65833.15325900658,"[-3.149306418427795, -13.829924280167308, 17.014759318079395]",,,-3.149306418427795,9.856896581960222e-07
45,40,1,poisson,40,685.5940020780961,[1.2656311515219278],,,,
45,40,1,gamma,40,763.4083798389238,"[2.958992413029521, 1.7528655413823035]",,,,
45,40,1,gammamix,40,763.4083798389238,"[2.958992413029521, 1.7528655413823035]",1.0,,,
45,40,1,lognormal,40,764.1122506221187,"[1.179300769527325, -1.4945145699322737]",,,,
45,40,1,compoundgamma,40,764.6602506911266,"[9.210340371976184, 3.0084790565860606, -4.9983492109148715]",,21.25656739115217,,
45,40,1,logskewnormal,40,764.1122506221338,"[1.1793007040797938, -1.4945135962168086, -1.0562169043560319e-07]",,,,
45,40,1,gig,40,764.6622528145424,"[-21.22079766984239, -10.6258838497818, 15.529247386522181]",,,-21.22079766984239,2.4279362463916008e-05
45,40,2,poisson,40,2123.381211843187,[1.6077221556505972],,,,
45,40,2,gamma,40,3283.257051609502,"[1.2956414889405, -0.13336205472309537]",,,,
45,40,2,gammamix,40,3300.353955685585,"[-2.449061935411949, 3.005248605083238, 1.5112954052382859, 1.7889899485398564, -1.0844399654421826]",2.0,,,
45,40,2,lognormal,40,3289.865463572848,"[1.284283562312732, -0.7749455817162605]",,,,
45,40,2,compoundgamma,40,3293.937745159921,"[9.210340371976184, 1.666284372878495, -6.167884129501388]",,6.2924663866538975,,
45,40,2,logskewnormal,40,3296.2918535798085,"[0.8195437614542539, -0.45560485577929816, 4.592119240483057]",,,,
45,40,2,gig,40,3293.9409184726273,"[-6.291075274453179, -13.032135006521191, 16.7674553984224]",,,-6.291075274453179,2.1888483795744742e-06
45,40,3,poisson,40,1058.5219560420037,[1.2049413274040666],,,,
45,40,3,gamma,40,1086.7240440140733,"[3.348955090848498, 2.0490640503045245]",,,,
45,40,3,gammamix,40,1086.7240440140733,"[3.348955090848498, 2.0490640503045245]",1.0,,,
45,40,3,lognormal,40,1086.560674135853,"[1.2825685529944604, -1.688810379029254]",,,,
45,40,3,compoundgamma,40,1086.7232364717095,"[3.35183207699309, 9.21024036697585, 7.15829837024275]",,10000.0,,
45,40,3,logskewnormal,40,1086.5606741358515,"[1.2825686741108986, -1.6888103287715177, -3.6403215840310235e-07]",,,,
45,40,3,gig,40,1086.724044014321,"[28.47281947206089, -8.305107449506636, -11.047312718306086]",,,28.47281947206089,0.00024725077586054575
45,100,0,poisson,100,37411.33387910849,[1.594623527864271],,,,
45,100,0,gamma,100,84676.05896516202,"[-0.2609750455856156, -2.546424829773639]",,,,
45,100,0,gammamix,100,84797.18053625636,"[-0.37011192115996794, -0.13134388478887282, -2.0625537479657217, 5.668994008117368, 6.491114213150759, 2.4950754361949254, -0.4726344997737414, 4.594623880804287, 5.115822214636961, 0.6379067348713067, -5.257025400003084]",4.0,,,
45,100,0,lognormal,100,84743.89547395725,"[1.5115111656465379, -0.3522224089521011]",,,,
45,100,0,compoundgamma,100,84767.96456433187,"[9.210340371976184, 0.978059476446219, -6.542117300904611]",,3.6592908152709067,,
45,100,0,logskewnormal,100,84773.26861675047,"[0.8790572866556609, -0.0672958052951971, 11.477451450735236]",,,,
45,100,0,gig,100,84767.9718043761,"[-3.65925248718003, -13.749841568823845, 17.111133742087404]",,,-3.65925248718003,1.0678731810375047e-06
45,100,1,poisson,100,2332.4907617473455,[1.3369677494578653],,,,
45,100,1,gamma,100,2594.889694584909,"[2.639443140315888, 1.3583466051911526]",,,,
45,100,1,gammamix,100,2594.889694584909,"[2.639443140315888, 1.3583466051911526]",1.0,,,
45,100,1,lognormal,100,2596.1685001072465,"[1.2438214156733944, -1.32699099797618]",,,,
45,100,1,compoundgamma,100,2596.9001255627745,"[9.210340371976184, 2.646866122370455, -5.285424430261951]",,15.10975105249204,,
45,100,1,logskewnormal,100,2596.16850010762,"[1.2438206085467818, -1.3269910627561496, -1.7083500343522738e-07]",,,,
45,100,1,gig,100,2596.901861930592,"[-15.090120813388948, -10.870383326891215, 15.48705085667921]",,,-15.090120813388948,1.901308128731985e-05
45,100,2,poisson,100,3400.704647803835,[1.533360201976762],,,,
45,100,2,gamma,100,5035.033578818982,"[1.4144666096054141, 0.04750814928528285]",,,,
45,100,2,gammamix,100,5071.852011960132,"[-2.448037177608138, 3.1426400743197425, 1.484415107678718, 1.9601364403740236, -0.9630397952672232]",2.0,,,
45,100,2,lognormal,100,5048.807559604844,"[1.2408651907798398, -0.8198989861978393]",,,,
45,100,2,compoundgamma,100,5056.969378373682,"[9.210340371976184, 1.7513147385625654, -6.131626560648133]",,6.762173449759688,,
45,100,2,logskewnormal,100,5060.840649573377,"[0.7956679373830527, -0.49323661982781636, 4.9477042935969875]",,,,
45,100,2,gig,100,5056.975876703524,"[-6.760245025480396, -13.017660043825137, 16.789170673946344]",,,-6.760245025480396,2.2207622973738023e-06
45,100,3,poisson,100,3714.433822511106,[1.278255586374343],,,,
45,100,3,gamma,100,4345.279427101378,"[2.8783884308527288, 1.5927411002302163]",,,,
45,100,3,gammamix,100,4345.279427101378,"[2.8783884308527288, 1.5927411002302163]",1.0,,,
45,100,3,lognormal,100,4346.813906994445,"[1.2566020642812619, -1.4551037003313991]",,,,
45,100,3,compoundgamma,100,4347.880900436439,"[9.210340371976184, 2.931673994219246, -4.995900878936341]",,19.75900669632593,,
45,100,3,logskewnormal,100,4348.498449676947,"[1.0335210279040208, -1.1533202488660848, 1.9072142443878812]",,,,
45,100,3,gig,100,4347.884065399853,"[-19.727118500658513, -10.24758208974195, 15.153464562932983]",,,-19.727118500658513,3.544309555286879e-05
45,400,0,poisson,400,668132.8093874173,[2.2872497237922715],,,,
45,400,0,gamma,400,1887123.2134821776,"[-0.45217068555449536, -2.9527208123141704]",,,,
45,400,0,gammamix,400,1887621.10458835,"[0.6151593064626547, -0.7718199164206974, -3.341888376907619, 6.907755278982137, 2.4675480870746984, 0.9805426820980256, 0.02249202943582127, 5.80882175883967, 0.9511096749814345, -1.6912471077782254, -6.442526796224436]",4.0,,,
45,400,0,lognormal,400,1887434.3293800938,"[1.5383231832439686, -0.32017312227203837]",,,,
45,400,0,compoundgamma,400,1887527.893061872,"[9.210340371976184, 0.8723274272622416, -6.602863671691972]",,3.392472684785497,,
45,400,0,logskewnormal,400,1887553.0365195503,"[0.8760838220698621, -0.022533945824561908, 19.0778153510655]",,,,
45,400,0,gig,400,1887527.920113196,"[-3.4002587732778182, -13.794166440960076, 17.09708553942282]",,,-3.4002587732778182,1.0215735319822722e-06
45,400,1,poisson,356,16717.519481570234,[1.4437651168393033],,,,
45,400,1,gamma,356,18706.890095910385,"[2.497853678418068, 1.1831628131187706]",,,,
45,400,1,gammamix,356,18729.103062991224,"[0.37038920514824447, 6.907755278982137, 2.639186344061782, 5.855880226036702, 1.1824178599499446]",2.0,,,
45,400,1,lognormal,356,18712.488201211683,"[1.2720871315614264, -1.2591319361005386]",,,,
45,400,1,compoundgamma,356,18715.71572255253,"[9.189303073514758, 2.513224594726008, -5.364517452753026]",,13.34467251530563,,
45,400,1,logskewnormal,356,18720.52466116068,"[0.9272344900973656, -0.8254663341729108, 4.4351106444066035]",,,,
45,400,1,gig,356,18715.722436986973,"[-13.32926169385959, -10.977823232608348, 15.494505585093725]",,,-13.32926169385959,1.7076228076437704e-05
45,400,2,poisson,400,9494.995918251674,[1.3007410337720662],,,,
45,400,2,gamma,400,12775.299976064949,"[1.759333847452851, 0.4047797241182641]",,,,
45,400,2,gammamix,400,12896.064161563412,"[-2.1666737079633096, 3.4949273800975797, 1.6302392997887722, 2.293424016812511, -0.5433196477025781]",2.0,,,
45,400,2,lognormal,400,12816.168357900315,"[1.2660906882975873, -0.9619250648764526]",,,,
45,400,2,compoundgamma,400,12842.465365299708,"[9.210340371976184, 2.0131050188894437, -5.864404631676921]",,8.486527103378648,,
45,400,2,logskewnormal,400,12865.146716957479,"[0.8641047006116385, -0.6077249020530819, 10.370692067154195]",,,,
45,400,2,gig,400,12842.494485050223,"[-8.483016653128406, -12.883750337862956, 16.92235237710768]",,,-8.483016653128406,2.5389744003537693e-06
45,400,3,poisson,400,8878.37869737804,[1.1935214851863212],,,,
45,400,3,gamma,400,9975.45099124969,"[3.0221335040158337, 1.79810923885688]",,,,
45,400,3,gammamix,400,9991.605433144898,"[0.09472054114716888, 5.941058787294953, 2.9124213260865592, 4.864740853313875, 1.576170553080166]",2.0,,,
45,400,3,lognormal,400,9981.765667992908,"[1.1993024160973644, -1.528282847561299]",,,,
45,400,3,compoundgamma,400,9986.436030238083,"[9.210340371976184, 3.0831498788811382, -4.905066268660257]",,22.8270467823874,,
45,400,3,logskewnormal,400,9993.00100748142,"[0.9522074589909674, -1.1332373668279008, 3.9489359486786744]",,,,
45,400,3,gig,400,9986.45256275778,"[-22.785044229027598, -9.939817512338312, 14.936309651247091]",,,-22.785044229027598,4.821610267344001e-05
46,10,0,poisson,10,5366.67216025019,[1.3218008131108827],,,,
46,10,0,gamma,10,6234.785636287158,"[0.02597035181121929, -2.0749703108815294]",,,,
46,10,0,gammamix,10,6243.7828588397815,"[-1.2185799143987939, 3.830572936691256, 0.07012258686170068, 2.638795266423222, -3.1196156885491324]",2.0,,,
46,10,0,lognormal,10,6238.05855597953,"[1.5383172305506199, -0.18425994637401807]",,,,
46,10,0,compoundgamma,10,6240.2266622945335,"[9.210340371976184, 0.4464806208717711, -6.940261341782218]",,2.562802401514398,,
46,10,0,logskewnormal,10,6240.1859635443525,"[0.8063704855401883, 0.030192857733456768, 2.7551730465531294]",,,,
46,10,0,gig,10,6240.227340284851,"[-2.5531538760573333, -12.986921108413217, 15.946319627825861]",,,-2.5531538760573333,2.2900861788669725e-06
46,10,1,poisson,10,16.173540149709282,[1.0551997957327963],,,,
46,10,1,gamma,10,19.954048530735264,"[2.776069081596893, 1.7233939421720832]",,,,
46,10,1,gammamix,10,19.954048530735264,"[2.776069081596893, 1.7233939421720832]",1.0,,,
46,10,1,lognormal,10,19.955290123398136,"[1.021811113486602, -1.3880228245954713]",,,,
46,10,1,compoundgamma,10,19.954287913086816,"[2.871521204872776, 5.18037324453455, 3.36155025436247]",,178.74914250961913,,
46,10,1,logskewnormal,10,19.955290123398136,"[1.021811113486602, -1.3880228245954713, 0.0]",,,,
46,10,1,gig,10,19.967716698111886,"[3.848202804967249, 2.7084552359298115, 0.7753699028525525]",,,3.848202804967249,15.006076752979244
46,10,2,poisson,10,55.97739994577506,[1.1608545975453306],,,,
46,10,2,gamma,10,62.371926692939546,"[2.234169159433892, 1.1526538309584395]",,,,
46,10,2,gammamix,10,62.371926692939546,"[2.234169159433892, 1.1526538309584395]",1.0,,,
46,10,2,lognormal,10,62.18572626602139,"[1.0313426118780107, -1.112529711428815]",,,,
46,10,2,compoundgamma,10,62.37158199699282,"[2.234958295434393, 9.21024036697585, 8.056804480606564]",,10000.0,,
46,10,2,logskewnormal,10,62.18572626602181,"[1.0313426729614312, -1.112529965529483, 1.3173758357725254e-07]",,,,
46,10,2,gig,10,62.37192669293859,"[9.338723220056668, -11.466411371532953, -13.312212736490167]",,,9.338723220056668,1.0476128434303914e-05
46,10,3,poisson,10,95.68142526524353,[1.235668535136068],,,,
46,10,3,gamma,10,95.68133948929608,"[13.237723062449136, 12.002070853107751]",,,,
46,10,3,gammamix,10,95.68133948929608,"[13.237723062449136, 12.002070853107751]",1.0,,,
46,10,3,lognormal,10,95.6814251457517,"[1.2356695113019935, -9.907516509900317]",,,,
46,10,3,compoundgamma,10,95.67172365815846,"[9.210340371976184, 9.210238163081113, 1.2355114238434]",,9999.977963280819,,
46,10,3,logskewnormal,10,95.68142514595019,"[1.2356685509863656, -9.907521529698045, -4.0492298495596633e-07]",,,,
46,10,3,gig,10,95.68094401643611,"[-7.482242476594731, 11.512925457347384, 1.2357356298382798]",,,-7.482242476594731,99999.99923771557
46,20,0,poisson,20,6143.426146706251,[1.3399604972998866],,,,
46,20,0,gamma,20,7092.726119006962,"[0.4809911127146499, -1.3920484632177805]",,,,
46,20,0,gammamix,20,7100.783774026902,"[-0.27396948435199975, 4.110642501529105, 0.3041529812860091, 2.9069270391031883, -2.0510605181592916]",2.0,,,
46,20,0,lognormal,20,7098.985198939112,"[1.5319439936582877, -0.45149217535905295]",,,,
46,20,0,compoundgamma,20,7102.456504186919,"[9.210340371976184, 1.0511868003881981, -6.462609236475487]",,3.8610445928096815,,
46,20,0,logskewnormal,20,7102.943708685555,"[0.9204544125372275, -0.16706387649876864, 3.6249274225377786]",,,,
46,20,0,gig,20,7102.457896723034,"[-3.8563015663957483, -12.75575562113516, 16.195331071098405]",,,-3.8563015663957483,2.8856637327057833e-06
46,20,1,poisson,20,150.49434834561515,[1.1982797738413902],,,,
46,20,1,gamma,20,166.61730191569217,"[2.6559538219865746, 1.5029988982432732]",,,,
46,20,1,gammamix,20,166.61730191569217,"[2.6559538219865746, 1.5029988982432732]",1.0,,,
46,20,1,lognormal,20,166.6281478093561,"[1.1176105144382307, -1.3274006152308453]",,,,
46,20,1,compoundgamma,20,166.61933605767354,"[2.855543652066244, 4.371207440545295, 2.6684979713312167]",,80.13912982787964,,
46,20,1,logskewnormal,20,166.62814780937757,"[1.1176100739716643, -1.327399831109863, -4.540290196852951e-08]",,,,
46,20,1,gig,20,166.65912887069067,"[2.350838664065253, 2.602463285705179, 0.9499542239347234]",,,2.350838664065253,13.496943949478307
46,20,2,poisson,20,379.7794646270775,[1.4276795772827449],,,,
46,20,2,gamma,20,496.1483094707297,"[1.3798816301685295, 0.060156450339750346]",,,,
46,20,2,gammamix,20,496.1483094707297,"[1.3798816301685295, 0.060156450339750346]",1.0,,,
46,20,2,lognormal,20,497.43372327595455,"[1.1924636574466547, -0.7392782917535904]",,,,
46,20,2,compoundgamma,20,497.9425408070816,"[9.210340371976184, 1.4811296975409125, -6.421449623317544]",,5.397911185082687,,
46,20,2,logskewnormal,20,497.43372327595563,"[1.1924638047895644, -0.7392782904433756, 5.613126383731513e-08]",,,,
46,20,2,gig,20,497.9426886336147,"[-5.395878561716519, -12.303199521746969, 15.784789139173247]",,,-5.395878561716519,4.537204330825506e-06
46,20,3,poisson,20,198.6053420569988,[1.200611456623231],,,,
46,20,3,gamma,20,199.17291625127643,"[5.1170550201403, 3.8950661492850633]",,,,
46,20,3,gammamix,20,199.17291625127643,"[5.1170550201403, 3.8950661492850633]",1.0,,,
46,20,3,lognormal,20,199.1843501302102,"[1.2192485026704578, -2.5418086832413844]",,,,
46,20,3,compoundgamma,20,199.1951176981877,"[9.210340371976184, 5.0667527199057405, -2.9208971268987796]",,159.65828204387967,,
46,20,3,logskewnormal,20,199.1843501302102,"[1.2192485026704578, -2.5418086832413844, 0.0]",,,,
46,20,3,gig,20,199.1954726748255,"[-157.1165620588656, -6.899380422780329, 13.865824249540895]",,,-157.1165620588656,0.0010084100234149056
46,40,0,poisson,40,9507.474362677982,[1.3179013061382947],,,,
46,40,0,gamma,40,11714.431496836365,"[0.8195105829667567, -0.8666583545806195]",,,,
46,40,0,gammamix,40,11745.850405652356,"[0.061222945323522904, -2.0820411452701864, 6.907755278982137, 2.8715938557328053, 0.6519482000008986, 5.812800417913922, 1.2457781160067327, -2.662891609967401]",3.0,,,
46,40,0,lognormal,40,11725.894701957592,"[1.448308357749974, -0.6209570511377122]",,,,
46,40,0,compoundgamma,40,11731.999486583944,"[9.210340371976184, 1.4052186824615405, -6.239851970623573]",,5.076418084944443,,
46,40,0,logskewnormal,40,11735.921502425048,"[0.9202811164088905, -0.3093090380611166, 7.585632402121912]",,,,
46,40,0,gig,40,11732.002874921413,"[-5.075769825855093, -12.753297469721748, 16.416759092215592]",,,-5.075769825855093,2.892765856560643e-06
46,40,1,poisson,40,778.7273503184703,[1.3288544553709756],,,,
46,40,1,gamma,40,814.0780834750592,"[2.618961788673753, 1.3625349729256415]",,,,
46,40,1,gammamix,40,814.0780834750592,"[2.618961788673753, 1.3625349729256415]",1.0,,,
46,40,1,lognormal,40,813.9134105701576,"[1.2204985458475515, -1.3080629542566455]",,,,
46,40,1,compoundgamma,40,814.0776714846179,"[2.6202626743651565, 9.21024036697585, 7.846405742931115]",,10000.0,,
46,40,1,logskewnormal,40,813.9134105701673,"[1.2204954060492983, -1.3080635030298664, 1.4931137594403004e-05]",,,,
46,40,1,gig,40,814.078803980577,"[12.805578734697823, 1.5405823496723838, -0.480052401413631]",,,12.805578734697823,4.667307484711711
46,40,2,poisson,40,929.7463043309164,[1.3961424389991122],,,,
46,40,2,gamma,40,1207.6839348491883,"[1.1387073427976913, -0.2732737785049892]",,,,
46,40,2,gammamix,40,1218.3936841689797,"[-1.9382363637375926, 2.5284340057404724, 3.8100779962164837, 1.3907332379385493, 1.395126381362464]",2.0,,,
46,40,2,lognormal,40,1211.0911080227318,"[1.2452062888095186, -0.6116995456109586]",,,,
46,40,2,compoundgamma,40,1213.0528233563455,"[9.210340371976184, 1.1856019317390554, -6.630492839948225]",,4.272656144311805,,
46,40,2,logskewnormal,40,1213.5962088632896,"[0.7017093784357077, -0.29113862459071804, 2.5741418772525146]",,,,
46,40,2,gig,40,1213.0538970869852,"[-4.271922671940148, -12.706733119084639, 15.979487347112299]",,,-4.271922671940148,3.030650972574075e-06
46,40,3,poisson,40,238.9358875843011,[1.0764594840269763],,,,
46,40,3,gamma,40,296.4716850334302,"[3.0083278584467092, 1.7472677151590492]",,,,
46,40,3,gammamix,40,296.4716850334302,"[3.0083278584467092, 1.7472677151590492]",1.0,,,
46,40,3,lognormal,40,297.4129838045328,"[1.236159176346147, -1.4912337611173676]",,,,
46,40,3,compoundgamma,40,298.23680099836724,"[9.210340371976184, 2.9749935169527233, -4.974077616737047]",,20.589496249554006,,
46,40,3,logskewnormal,40,298.3335068825861,"[1.047677263779376, -1.2375547343826916, 1.4109538198977114]",,,,
46,40,3,gig,40,298.2394279490812,"[-20.556113269564385, -10.833368766139419, 15.761065240515718]",,,-20.556113269564385,1.9730029038444608e-05
46,100,0,poisson,100,30813.720135746953,[1.376447334714821],,,,
46,100,0,gamma,100,40837.98806913819,"[0.8152475049113066, -0.8953955103405042]",,,,
46,100,0,gammamix,100,40894.07660958687,"[0.47051178961430107, -1.0577588194330567, 6.907755278982137, 2.4457212812782565, 0.5157827898035926, 5.806814878685676, 0.9170611839175853, -2.325303406118267]",3.0,,,
46,100,0,lognormal,100,40863.783325130345,"[1.4729598604703453, -0.5911841409200966]",,,,
46,100,0,compoundgamma,100,40877.48203194908,"[9.210340371976184, 1.30021048895801, -6.306653419324817]",,4.670069095342342,,
46,100,0,logskewnormal,100,40887.11751862546,"[0.916364526984296, -0.25513880655858323, 10.204152703141169]",,,,
46,100,0,gig,100,40877.48937934167,"[-4.669333135423205, -12.791810429722267, 16.388424873011978]",,,-4.669333135423205,2.783474947500962e-06
46,100,1,poisson,100,2426.7653766542976,[1.3727177663422359],,,,
46,100,1,gamma,100,2610.179291274576,"[2.6736104230820366, 1.3675824831237022]",,,,
46,100,1,gammamix,100,2610.179291274576,"[2.6736104230820366, 1.3675824831237022]",1.0,,,
46,100,1,lognormal,100,2610.912587424552,"[1.2709695225693065, -1.3451643111772]",,,,
46,100,1,compoundgamma,100,2611.2348619578966,"[9.210340371976184, 2.692576523126946, -5.2131301128091465]",,15.769681364077668,,
46,100,1,logskewnormal,100,2610.912587425202,"[1.2709684717560628, -1.3451646234664478, -2.1840780869956364e-07]",,,,
46,100,1,gig,100,2611.2370354229474,"[-14.693451019198292, 1.6550600405869367, 2.996662583426044]",,,-14.693451019198292,5.233394128800563
46,100,2,poisson,100,3837.3823366199576,[1.5717196568265728],,,,
46,100,2,gamma,100,5333.882278165,"[1.2871832919291428, -0.12707226505110958]",,,,
46,100,2,gammamix,100,5363.606786616547,"[-2.0570673847605034, 2.936312231396941, 2.0203050931151347, 1.7545739304317178, -0.3720118541698879]",2.0,,,
46,100,2,lognormal,100,5345.066366405722,"[1.2712248523079919, -0.7221041298937889]",,,,
46,100,2,compoundgamma,100,5351.644233639669,"[9.210340371976184, 1.485932763515663, -6.341072501496913]",,5.419085452651251,,
46,100,2,logskewnormal,100,5355.040731003463,"[0.7657374382399054, -0.376077416563641, 4.468092372823076]",,,,
46,100,2,gig,100,5351.648644980007,"[-5.417671435235535, -12.841412155262425, 16.40349719112431]",,,-5.417671435235535,2.6487780030018125e-06
46,100,3,poisson,100,984.7139357576986,[1.156801582127022],,,,
46,100,3,gamma,100,1113.5052851239645,"[3.041226103809418, 1.7834505660254634]",,,,
46,100,3,gammamix,100,1120.4188740677644,"[-1.8589029337964034, 4.124107441829968, 2.7178630701583684, 2.9411945379788844, 1.0954111943445544]",2.0,,,
46,100,3,lognormal,100,1115.3092085424903,"[1.2333727355962605, -1.5207440773183964]",,,,
46,100,3,compoundgamma,100,1116.8278114296436,"[9.210340371976184, 3.04534435246367, -4.908173916740963]",,22.017267304699242,,
46,100,3,logskewnormal,100,1118.5578226732412,"[0.9992913929184649, -1.1532023715053012, 2.615347839001338]",,,,
46,100,3,gig,100,1116.8332768209978,"[-21.9783209290209, -10.80554384657826, 15.798997538727262]",,,-21.9783209290209,2.028672459705647e-05
46,400,0,poisson,400,116706.61121301743,[1.4568452889784682],,,,
46,400,0,gamma,400,190416.84055214428,"[0.31406384328980175, -1.6223605273000103]",,,,
46,400,0,gammamix,400,190723.0995193029,"[-0.20703036139219422, -0.013723860519785358, -1.5244035147161006, 5.979703306665105, 4.0481828100235, 1.9933205323291796, -0.09309994344959913, 4.893002281006355, 2.70615435622616, 0.09991654881198739, -3.7325759379266117]",4.0,,,
46,400,0,lognormal,400,190588.29827036732,"[1.5287080986715536, -0.47124146146858015]",,,,
46,400,0,compoundgamma,400,190650.24086060346,"[9.16086910899582, 1.0499036526391383, -6.416509687288518]",,3.857375804182771,,
46,400,0,logskewnormal,400,190694.03626383276,"[0.9168160326971084, -0.1394689474546831, 24.799854004478444]",,,,
46,400,0,gig,400,190650.26781424275,"[-3.856873253824496, -12.91707633772532, 16.354391945173955]",,,-3.856873253824496,2.4557549278752505e-06
46,400,1,poisson,356,15322.606008358669,[1.2875540668910908],,,,
46,400,1,gamma,356,17422.439099316107,"[2.5033512339780595, 1.207206329042855]",,,,
46,400,1,gammamix,356,17447.21514426398,"[-0.52464370234459, 4.89712429914998, 3.2877360557010666, 3.8179366102799426, 1.708909859607394]",2.0,,,
46,400,1,lognormal,356,17427.92866255595,"[1.2543196327422916, -1.2614991796327548]",,,,
46,400,1,compoundgamma,356,17431.348275396325,"[9.210340371976184, 2.5209663715848625, -5.3953184219912735]",,13.440613111474686,,
46,400,1,logskewnormal,356,17438.483975311065,"[0.9102077900495241, -0.8271092486934779, 6.0885540423396876]",,,,
46,400,1,gig,356,17431.35577308407,"[-13.426382831124595, -9.640526322301572, 14.147546495967285]",,,-13.426382831124595,6.50388143591284e-05
46,400,2,poisson,400,8116.017905706503,[1.3785809266585736],,,,
46,400,2,gamma,400,10910.598911043653,"[1.5978938485234773, 0.25380526636094897]",,,,
46,400,2,gammamix,400,11042.443377473313,"[-0.43198104263520587, -1.7524729045266052, 6.907755278982137, 4.029222251121141, 2.0038086615204698, 5.881439421295572, 2.6681229901249672, -0.2784963444654629]",3.0,,,
46,400,2,lognormal,400,10952.768278508605,"[1.2397341308615144, -0.8784230797450494]",,,,
46,400,2,compoundgamma,400,10979.70491200341,"[9.210340371976184, 1.83248389944808, -6.058493512033525]",,7.249390252868822,,
46,400,2,logskewnormal,400,11003.474644278975,"[0.8027712064512897, -0.5230938680542168, 11.19513768303322]",,,,
46,400,2,gig,400,10979.730543100875,"[-7.246910882528435, -13.147066605918946, 16.991650703652997]",,,-7.246910882528435,1.9511987983065426e-06
46,400,3,poisson,400,6630.293245439522,[1.159015091266297],,,,
46,400,3,gamma,400,7117.077411911769,"[3.2084601748874406, 1.9902156306184253]",,,,
46,400,3,gammamix,400,7144.780083775704,"[-2.2234654631271975, 4.1881332131067195, 2.6183997247914124, 3.0223051676270085, 1.0338196985860317]",2.0,,,
46,400,3,lognormal,400,7124.570086602052,"[1.197506044127777, -1.6153933919720687]",,,,
46,400,3,compoundgamma,400,7130.680790695682,"[9.210340371976184, 3.2546330200671805, -4.739159813373716]",,26.910104300737753,,
46,400,3,logskewnormal,400,7140.987955612829,"[0.963748870887709, -1.1986654492768667, 4.875939537187469]",,,,
46,400,3,gig,400,7130.707127988472,"[-26.85371314574805, -10.429649868745287, 15.591793316336458]",,,-26.85371314574805,2.9543409470642687e-05
47,10,0,poisson,10,5413.002108165264,[1.565031535299088],,,,
47,10,0,gamma,10,5518.023665031822,"[2.116610461830399, 0.5961713999845885]",,,,
47,10,0,gammamix,10,5518.023665031822,"[2.116610461830399, 0.5961713999845885]",1.0,,,
47,10,0,lognormal,10,5517.808715243882,"[1.4619906541602508, -1.0349615849426788]",,,,
47,10,0,compoundgamma,10,5518.0233218234625,"[2.117184990789082, 9.21024036697585, 8.613510863273742]",,10000.0,,
47,10,0,logskewnormal,10,5517.808715250782,"[1.4619990444184552, -1.0349722463154827, 1.65427605890191e-05]",,,,
47,10,0,gig,10,5518.02366503653,"[8.303230641475306, -9.151335402701871, -10.440679971358655]",,,8.303230641475306,0.00010607805120364101
47,10,1,poisson,10,11.980169825338576,[1.0414538748281612],,,,
47,10,1,gamma,10,13.971321606492452,"[3.037684049969263, 1.9845509603858564]",,,,
47,10,1,gammamix,10,13.971321606492452,"[3.037684049969263, 1.9845509603858564]",1.0,,,
47,10,1,lognormal,10,14.052414635841686,"[1.0293213131695047, -1.5050598832500481]",,,,
47,10,1,compoundgamma,10,14.116040795829036,"[9.210340371976184, 2.9886782994612027, -5.16666074762793]",,20.859416935724518,,
47,10,1,logskewnormal,10,14.052414635841686,"[1.0293213131695047, -1.5050598832500481, 0.0]",,,,
47,10,1,gig,10,14.116283478426972,"[-20.82140977520638, -9.35853058419615, 14.09344444635566]",,,-20.82140977520638,8.622670856057908e-05
47,10,2,poisson,10,414.3281774210574,[1.5778635668355052],,,,
47,10,2,gamma,10,452.75638022639316,"[1.679000130080951, 0.003216039773605351]",,,,
47,10,2,gammamix,10,458.7275745596833,"[-1.386294308545492, 4.612910232598085, 6.907755278982137, 3.197274015689811, 4.538680475469959]",2.0,,,
47,10,2,lognormal,10,453.2734233342581,"[1.5817906491922455, -0.864055031145078]",,,,
47,10,2,compoundgamma,10,453.6391638758728,"[9.210340371976184, 1.7173904868021201, -5.821207502417081]",,6.569974561104598,,
47,10,2,logskewnormal,10,453.27342333435644,"[1.581789342056577, -0.8640525665527158, -4.395480878340848e-07]",,,,
47,10,2,gig,10,453.6395509791671,"[-6.5682293488222925, -11.497018763063455, 15.578960568919852]",,,-6.5682293488222925,1.0160338869595996e-05
47,10,3,poisson,10,18.572184116576892,[1.030953640194295],,,,
47,10,3,gamma,10,23.14650351950388,"[3.7873145489801536, 2.744851465029401]",,,,
47,10,3,gammamix,10,23.14650351950388,"[3.7873145489801536, 2.744851465029401]",1.0,,,
47,10,3,lognormal,10,23.045672698649653,"[1.0301001689537226, -1.8872143588092878]",,,,
47,10,3,compoundgamma,10,23.14563608056388,"[3.7911556922371785, 9.21024036697585, 6.461543805360184]",,10000.0,,
47,10,3,logskewnormal,10,23.04567269865406,"[1.0300999656685756, -1.887214334643103, -2.457191063559854e-08]",,,,
47,10,3,gig,10,23.146503519501266,"[44.1377076047809, -8.841013346280993, -12.27901194058294]",,,44.1377076047809,0.00014467606542294025
47,20,0,poisson,20,5960.959013663026,[1.5075316316443617],,,,
47,20,0,gamma,20,6985.494804793481,"[0.12179199753689832, -1.8474696595169826]",,,,
47,20,0,gammamix,20,6994.784052046536,"[0.24418840900563243, 6.905558687469086, 0.08698375201772976, 5.880332585483478, -2.2838067140665124]",2.0,,,
47,20,0,lognormal,20,6992.807504147804,"[1.4678653397196981, -0.2861621860595256]",,,,
47,20,0,compoundgamma,20,6996.555077630046,"[9.210340371976184, 0.6698585023664239, -6.833098709479036]",,2.9539608202421603,,
47,20,0,logskewnormal,20,6996.896605802466,"[0.7547943071286651, -0.005619041463520922, 3.9249541123383356]",,,,
47,20,0,gig,20,6996.5561503288955,"[-2.953803008882622, -12.80115206602354, 15.871437048894286]",,,-2.953803008882622,2.75759381118101e-06
47,20,1,poisson,20,239.40401225523294,[1.3026599396399912],,,,
47,20,1,gamma,20,268.22608034464145,"[2.3583687133279296, 1.1067084538486864]",,,,
47,20,1,gammamix,20,268.22608034464145,"[2.3583687133279296, 1.1067084538486864]",1.0,,,
47,20,1,lognormal,20,268.4305109799282,"[1.2032306622960123, -1.1788034749880927]",,,,
47,20,1,compoundgamma,20,268.5303189781521,"[9.210340371976184, 2.3343566578328474, -5.624902252769479]",,11.322816689400385,,
47,20,1,logskewnormal,20,268.43051097993884,"[1.2032303100648434, -1.1788034256248627, -8.646094958643238e-08]",,,,
47,20,1,gig,20,268.5344467079,"[-9.187706279125862, 1.7879646768116833, 2.380974600187155]",,,-9.187706279125862,5.977274392255307
47,20,2,poisson,20,442.5631859470843,[1.382840126251803],,,,
47,20,2,gamma,20,503.1076375800556,"[1.6787008672210815, 0.2547716515268738]",,,,
47,20,2,gammamix,20,513.000002705093,"[-0.33509932935235287, -1.657655749744085, 6.907755278982137, 6.907755278982137, 6.907755278982137, 5.834689142912857, 5.431406925885257, 4.53868046798581]",3.0,,,
47,20,2,lognormal,20,504.6162334194425,"[1.3295923959326583, -0.882068873588076]",,,,
47,20,2,compoundgamma,20,505.6558145189422,"[9.210340371976184, 1.7856492014783925, -6.010862650536783]",,6.963450171836881,,
47,20,2,logskewnormal,20,504.6162334194423,"[1.3295924017964762, -0.8820689801765291, 0.0]",,,,
47,20,2,gig,20,505.6568665719948,"[-6.960763332533593, -11.593412770515226, 15.485578760514143]",,,-6.960763332533593,9.22666616259256e-06
47,20,3,poisson,20,164.90172756297397,[1.0875274562436166],,,,
47,20,3,gamma,20,172.0735436264798,"[3.380110285348509, 2.287010921996959]",,,,
47,20,3,gammamix,20,172.0735436264798,"[3.380110285348509, 2.287010921996959]",1.0,,,
47,20,3,lognormal,20,172.05865248043517,"[1.0768843892356244, -1.6673655630976536]",,,,
47,20,3,compoundgamma,20,172.07417082760853,"[3.5030848954793607, 5.428937041842881, 3.019401768734705]",,228.9068611675233,,
47,20,3,logskewnormal,20,172.05865248043506,"[1.0768844151486894, -1.6673654914787766, 0.0]",,,,
47,20,3,gig,20,172.07354362645697,"[29.374017277431573, -9.033422173186707, -12.013580440325022]",,,29.374017277431573,0.00011935334566522464
47,40,0,poisson,40,20541.58252771026,[1.5939448468327386],,,,
47,40,0,gamma,40,25784.275418064546,"[0.34287160081070556, -1.626554254165088]",,,,
47,40,0,gammamix,40,25805.163845628318,"[-1.5965479297002887, 2.2330528419465394, 0.5864289644653968, 0.846845726133133, -2.553024583208267]",2.0,,,
47,40,0,lognormal,40,25794.645531318078,"[1.5758992035619739, -0.3162408340193058]",,,,
47,40,0,compoundgamma,40,25800.328124207,"[9.210013670401603, 0.61905677199729, -6.766579225227355]",,2.8571754755269994,,
47,40,0,logskewnormal,40,25803.37422355359,"[0.8328217249007567, 0.017449330538992405, 7.210482953174152]",,,,
47,40,0,gig,40,25800.33005103591,"[-2.8536052916309083, -12.773366468383834, 15.90854037918589]",,,-2.8536052916309083,2.8352896168483304e-06
47,40,1,poisson,40,623.2479921906136,[1.2173110154081637],,,,
47,40,1,gamma,40,689.7553483338775,"[2.7133627635308883, 1.4633464344631406]",,,,
47,40,1,gammamix,40,689.7553483338775,"[2.7133627635308883, 1.4633464344631406]",1.0,,,
47,40,1,lognormal,40,690.4221671359232,"[1.216384183084926, -1.367580148230526]",,,,
47,40,1,compoundgamma,40,690.9218261204874,"[9.210340371976184, 2.74484659427622, -5.216990713141298]",,16.562226414453075,,
47,40,1,logskewnormal,40,690.4221671359232,"[1.216384183084926, -1.367580148230526, 0.0]",,,,
47,40,1,gig,40,690.923269741701,"[-16.540413088528197, -10.571668529869267, 15.256760062695479]",,,-16.540413088528197,2.563201171918525e-05
47,40,2,poisson,40,667.1787705736219,[1.3439065827699084],,,,
47,40,2,gamma,40,755.6487428499279,"[1.8302914814619462, 0.49092204393983735]",,,,
47,40,2,gammamix,40,762.3844343903788,"[-1.501578620411989, 3.3259583295784356, 0.8452036191314894, 2.0991411802612943, -0.9188623104091953]",2.0,,,
47,40,2,lognormal,40,757.6698351715607,"[1.2607656974878725, -0.9547380604603756]",,,,
47,40,2,compoundgamma,40,758.9369434473942,"[9.210340371976184, 1.948171808419757, -5.927550528468064]",,8.015849531916247,,
47,40,2,logskewnormal,40,759.0808252082852,"[0.9205431796149762, -0.6928508618836803, 1.7836385601257996]",,,,
47,40,2,gig,40,758.9381935122703,"[-8.011848392476882, -12.43710260372534, 16.41246687739071]",,,-8.011848392476882,3.968578436947965e-06
47,40,3,poisson,40,196.22648660182563,[1.0667891377133512],,,,
47,40,3,gamma,40,207.39614751121292,"[3.634060718132836, 2.5535996187948107]",,,,
47,40,3,gammamix,40,207.39614751121292,"[3.634060718132836, 2.5535996187948107]",1.0,,,
47,40,3,lognormal,40,207.37539373796727,"[1.067494655257001, -1.8039729892200638]",,,,
47,40,3,compoundgamma,40,207.39608013059222,"[3.635969682887359, 9.121365447023544, 6.565872758896151]",,9149.685136581485,,
47,40,3,logskewnormal,40,207.37539373796707,"[1.0674947807233066, -1.8039731503023853, -1.111803372459279e-06]",,,,
47,40,3,gig,40,207.39614751170507,"[37.86600646184662, -8.920895097052783, -12.167633856344018]",,,37.86600646184662,0.00013356863437694635
47,100,0,poisson,100,40446.02428243256,[1.4664947092619842],,,,
47,100,0,gamma,100,53585.07759189192,"[0.7187332521341744, -1.0956423563723867]",,,,
47,100,0,gammamix,100,53636.9175281339,"[0.4493417801068703, -1.0963075787193843, 5.119025022328662, 2.5944835099505608, 0.9414454129983462, 4.037417319492991, 0.9716585849846253, -2.0968701479140868]",3.0,,,
47,100,0,lognormal,100,53607.173750795366,"[1.5514095608988105, -0.499134130298354]",,,,
47,100,0,compoundgamma,100,53619.22142275029,"[9.210340371976184, 1.034670579698355, -6.456203737055216]",,3.8141790352064677,,
47,100,0,logskewnormal,100,53628.164374276246,"[0.8935420185770572, -0.12269286486131353, 10.89799548988578]",,,,
47,100,0,gig,100,53619.22698182814,"[-3.8137256571885647, -12.619965336471157, 16.06706486404239]",,,-3.8137256571885647,3.3053594323096413e-06
47,100,1,poisson,100,3432.095330203239,[1.3394417298193293],,,,
47,100,1,gamma,100,3641.776534304276,"[2.513525946418984, 1.2008893344540663]",,,,
47,100,1,gammamix,100,3649.9123426938013,"[0.0020724202331358077, 6.907755278982137, 3.0075275349758854, 5.859367674570545, 1.4888463984191795]",2.0,,,
47,100,1,lognormal,100,3643.204171139003,"[1.2712727614566885, -1.265501198779701]",,,,
47,100,1,compoundgamma,100,3644.1089989290185,"[9.210340371976184, 2.528090590671601, -5.371487880598803]",,13.52955922445111,,
47,100,1,logskewnormal,100,3645.7275384657364,"[0.9500313292315581, -0.872250744215085, 3.365720198204956]",,,,
47,100,1,gig,100,3644.111107944505,"[-13.514425567886097, -10.692151419924794, 15.222941354063481]",,,-13.514425567886097,2.272257987037981e-05
47,100,2,poisson,100,1534.0543122034603,[1.2567884687317477],,,,
47,100,2,gamma,100,1817.6863923592064,"[1.8070600245774122, 0.44469759677690346]",,,,
47,100,2,gammamix,100,1836.8980115620368,"[-2.4122644366060673, 2.9295079664540538, 4.435696519886864, 1.7045923540744004, 2.168461914859558]",2.0,,,
47,100,2,lognormal,100,1823.5907860556144,"[1.2794624696883723, -0.9414509717333537]",,,,
47,100,2,compoundgamma,100,1827.5778703373219,"[9.210340371976184, 1.909468242532312, -5.94704681781346]",,7.749498747735463,,
47,100,2,logskewnormal,100,1831.247411142464,"[0.8609415189467345, -0.5784330493174641, 4.403012396437352]",,,,
47,100,2,gig,100,1827.5822529467252,"[-7.745867991361498, -12.88346684772549, 16.83936493760509]",,,-7.745867991361498,2.539694276589634e-06
47,100,3,poisson,100,1569.9925120773182,[1.214890844795691],,,,
47,100,3,gamma,100,1680.6095472318705,"[3.029801488351431, 1.8373446857273006]",,,,
47,100,3,gammamix,100,1680.6095472318705,"[3.029801488351431, 1.8373446857273006]",1.0,,,
47,100,3,lognormal,100,1681.3794447015619,"[1.1672015382899892, -1.5176646701252479]",,,,
47,100,3,compoundgamma,100,1681.8639180491664,"[9.210340371976184, 3.0367764886030506, -4.983170222597716]",,21.837963442116983,,
47,100,3,logskewnormal,100,1681.3794447015653,"[1.1672014672734474, -1.5176646716253144, -1.2421847415389379e-08]",,,,
47,100,3,gig,100,1681.8654650438043,"[-21.800539410335084, -9.587309362218164, 14.505820750475573]",,,-21.800539410335084,6.859373443172863e-05
47,400,0,poisson,400,227836.34050099883,[1.7323290020989188],,,,
47,400,0,gamma,400,431747.48565617733,"[0.05466863941020664, -2.063549194985586]",,,,
47,400,0,gammamix,400,432077.50432058907,"[0.17704086556706322, -0.21462476026979194, -1.1054901672572914, 5.9655884507367425, 3.2887887275051004, 2.0905308561961298, -0.21908263287162472, 4.878657449643137, 1.8731291830034187, 0.155662038757086, -3.9789004346756185]",4.0,,,
47,400,0,lognormal,400,431947.78975815605,"[1.5759153525112406, -0.38196230729943575]",,,,
47,400,0,compoundgamma,400,432014.75538903964,"[9.210340371976184, 0.8568429299139614, -6.5787841634476285]",,3.355711794306915,,
47,400,0,logskewnormal,400,432055.82268825104,"[0.8998062623074953, -0.04513195395401795, 24.854219421985825]",,,,
47,400,0,gig,400,432014.77901904925,"[-3.3572772604321823, -13.28633918718873, 16.611458948818317]",,,-3.3572772604321823,1.6975251067620667e-06
47,400,1,poisson,356,20230.801309188617,[1.3301209358090924],,,,
47,400,1,gamma,356,23210.831080781216,"[2.3580222575193366, 1.0471971417341186]",,,,
47,400,1,gammamix,356,23232.037262081132,"[0.21244602683054192, 5.557268779481204, 2.393083807642306, 4.481353673834817, 0.929083536095035]",2.0,,,
47,400,1,lognormal,356,23216.745421865227,"[1.262596756497484, -1.190706614827506]",,,,
47,400,1,compoundgamma,356,23220.05760279071,"[9.210340371976184, 2.379063348432777, -5.522716876733118]",,11.794787172908542,,
47,400,1,logskewnormal,356,23224.522489942694,"[0.9103859504384927, -0.784961856962038, 4.049402847236431]",,,,
47,400,1,gig,356,23220.06325641249,"[-11.783401664768638, -9.691031401402844, 14.070757133990865]",,,-11.783401664768638,6.18355941980887e-05
47,400,2,poisson,400,6849.384883337026,[1.243153284935107],,,,
47,400,2,gamma,400,8946.814573052034,"[1.616289544070224, 0.2594848723487017]",,,,
47,400,2,gammamix,400,9059.975950166141,"[-1.7687416820412993, 3.492605241912141, 1.4868270613672767, 2.3297578368052463, -0.5919654954274974]",2.0,,,
47,400,2,lognormal,400,8986.248707401162,"[1.2546591752363434, -0.88188386310195]",,,,
47,400,2,compoundgamma,400,9011.242710890463,"[9.210340371976184, 1.830916459270046, -6.044966606425491]",,7.2396023804544605,,
47,400,2,logskewnormal,400,9032.69404123424,"[0.8137425429591579, -0.519870659698148, 10.072828900806124]",,,,
47,400,2,gig,400,9011.266437134811,"[-7.23708368775435, -12.930956334806801, 16.789049074868114]",,,-7.23708368775435,2.4219045218623395e-06
47,400,3,poisson,400,8557.456534678058,[1.1302068795027245],,,,
47,400,3,gamma,400,9164.584469208934,"[3.41771970923871, 2.1928992815191783]",,,,
47,400,3,gammamix,400,9164.584469208934,"[3.41771970923871, 2.1928992815191783]",1.0,,,
47,400,3,lognormal,400,9166.961817810752,"[1.2081033587956884, -1.7118851030176256]",,,,
47,400,3,compoundgamma,400,9168.77345323239,"[9.210340371976184, 3.4312627782092693, -4.555056173583634]",,31.915657729765602,,
47,400,3,logskewnormal,400,9172.161673454226,"[0.9986147629040287, -1.303985026336579, 3.4266268007250567]",,,,
47,400,3,gig,400,9168.783050202726,"[-31.824983968735687, -8.929419375281807, 14.274910287074851]",,,-31.824983968735687,0.00013243489718555953
48,10,0,poisson,10,916.6025833120079,[1.2508490923130837],,,,
48,10,0,gamma,10,1083.245034351156,"[1.5568130911525015, 0.03170940405297164]",,,,
48,10,0,gammamix,10,1083.245034351156,"[1.5568130911525015, 0.03170940405297164]",1.0,,,
48,10,0,lognormal,10,1083.6628314686423,"[1.4170485153748815, -0.7936916937864841]",,,,
48,10,0,compoundgamma,10,1083.9391506691775,"[9.210340371976184, 1.5435542192917975, -6.144387524439934]",,5.68119874531369,,
48,10,0,logskewnormal,10,1083.6628314686498,"[1.417048034372472, -0.7936913049915009, -1.7353672234036505e-07]",,,,
48,10,0,gig,10,1083.93942259194,"[-5.679079098660962, -10.292582738799565, 14.051229011942358]",,,-5.679079098660962,3.3883488104569404e-05
48,10,1,poisson,10,337.8976225773807,[1.4686513489284059],,,,
48,10,1,gamma,10,364.67848045549954,"[2.5091264332179786, 1.0740460845307365]",,,,
48,10,1,gammamix,10,364.67848045549954,"[2.5091264332179786, 1.0740460845307365]",1.0,,,
48,10,1,lognormal,10,364.60768159399555,"[1.3916641681025521, -1.2342559229187988]",,,,
48,10,1,compoundgamma,10,364.678308248101,"[2.5085800934685416, 9.21024036697585, 8.136725895366993]",,10000.0,,
48,10,1,logskewnormal,10,364.60768159487964,"[1.3916684431946067, -1.2342646261416366, -2.8265670062534485e-06]",,,,
48,10,1,gig,10,364.6790410342932,"[11.168288591353711, 1.5610458259256352, -0.15651665619104202]",,,11.168288591353711,4.763800747163779
48,10,2,poisson,10,129.9756614402608,[1.3402504226184837],,,,
48,10,2,gamma,10,146.45183528977765,"[2.0001542904558307, 0.5955231363647323]",,,,
48,10,2,gammamix,10,152.00013482479795,"[-1.3862728300704201, 6.907755278982137, 6.907755278982137, 5.752531439365322, 4.855476656056609]",2.0,,,
48,10,2,lognormal,10,146.9619850993857,"[1.334317598712663, -1.0165313647166612]",,,,
48,10,2,compoundgamma,10,147.3718494460925,"[9.210340371976184, 2.0238908507523843, -5.788286536484359]",,8.567712565271808,,
48,10,2,logskewnormal,10,146.96198509939617,"[1.3343175529868865, -1.0165299987861107, -3.2946504939751313e-07]",,,,
48,10,2,gig,10,147.3724772511272,"[-8.563117984596305, -11.44406579115427, 15.558651080125399]",,,-8.563117984596305,1.0712858691422396e-05
48,10,3,poisson,10,102.4461363703555,[1.1748227583111868],,,,
48,10,3,gamma,10,102.72384964753155,"[5.117140331469702, 3.964208333520672]",,,,
48,10,3,gammamix,10,102.72384964753155,"[5.117140331469702, 3.964208333520672]",1.0,,,
48,10,3,lognormal,10,102.71940015463649,"[1.1503315764220001, -2.571809016598178]",,,,
48,10,3,compoundgamma,10,102.72355659829304,"[5.151789603588119, 8.535931892522758, 4.537086640236312]",,5095.576861853644,,
48,10,3,logskewnormal,10,102.71940015477635,"[1.1503322114499912, -2.571805786351855, 2.878036968674319e-07]",,,,
48,10,3,gig,10,102.72384964822731,"[166.85475954248076, -6.91049551871569, -11.567836576456717]",,,166.85475954248076,0.0009972635112963232
48,20,0,poisson,20,9648.988583685576,[1.4944142541343295],,,,
48,20,0,gamma,20,13533.259703393102,"[0.7107846443026515, -1.0703205192184493]",,,,
48,20,0,gammamix,20,13542.639186006963,"[0.024570321701592457, 6.907755278982137, 0.6650424767810239, 5.761127524757258, -1.4857307187718125]",2.0,,,
48,20,0,lognormal,20,13537.155335539985,"[1.5163943554963162, -0.4751878032031965]",,,,
48,20,0,compoundgamma,20,13539.449298265872,"[9.210340371976184, 0.9764869496270637, -6.53838289615995]",,3.655112295422291,,
48,20,0,logskewnormal,20,13540.452677871275,"[0.9058115976597456, -0.18071855352731075, 3.6614260880259346]",,,,
48,20,0,gig,20,13539.450355151152,"[-3.654686681655757, -12.20119806087659, 15.566123082552133]",,,-3.654686681655757,5.024432423847696e-06
48,20,1,poisson,20,477.41936815417563,[1.2828313792382557],,,,
48,20,1,gamma,20,520.5024394034933,"[2.7696818551245888, 1.44304627726954]",,,,
48,20,1,gammamix,20,520.5024394034933,"[2.7696818551245888, 1.44304627726954]",1.0,,,
48,20,1,lognormal,20,520.8080792871743,"[1.293172531113264, -1.388706244533575]",,,,
48,20,1,compoundgamma,20,521.0211929214964,"[9.210340371976184, 2.767602452216064, -5.119920164996278]",,16.920418252547343,,
48,20,1,logskewnormal,20,520.8080792872819,"[1.2931734599607032, -1.3887064751256026, 1.848319266654285e-07]",,,,
48,20,1,gig,20,521.021827280092,"[-16.895719192533402, -9.75678486837813, 14.538794185535691]",,,-16.895719192533402,5.790048086191334e-05
48,20,2,poisson,20,243.62538086962715,[1.240498895231616],,,,
48,20,2,gamma,20,268.06836688839195,"[2.127435449899509, 0.827029714845199]",,,,
48,20,2,gammamix,20,268.06836688839195,"[2.127435449899509, 0.827029714845199]",1.0,,,
48,20,2,lognormal,20,268.5617671505153,"[1.2430521898447886, -1.085713228408744]",,,,
48,20,2,compoundgamma,20,268.9076096059341,"[9.210340371976184, 2.19804608284002, -5.711478231999217]",,10.00739658728681,,
48,20,2,logskewnormal,20,268.5617671505743,"[1.2430507080928312, -1.0857144199077216, 2.2884573312554826e-06]",,,,
48,20,2,gig,20,268.90809302392626,"[-10.000466817383693, -11.476423583590265, 15.667662362518803]",,,-10.000466817383693,1.0371762553385399e-05
48,20,3,poisson,20,160.10513694039628,[1.157274201316696],,,,
48,20,3,gamma,20,160.56795660636737,"[5.3550928914614175, 4.200630910913747]",,,,
48,20,3,gammamix,20,160.56795660636737,"[5.3550928914614175, 4.200630910913747]",1.0,,,
48,20,3,lognormal,20,160.5712563281159,"[1.152079104261685, -2.6778648904719398]",,,,
48,20,3,compoundgamma,20,160.57306272393785,"[7.207205014325233, 5.527605791484612, -0.52517327361104]",,252.54094802224023,,
48,20,3,logskewnormal,20,160.57125632812117,"[1.152078983146712, -2.677864890124128, -6.639814600467996e-09]",,,,
48,20,3,gig,20,160.57387818375912,"[-213.28149219369723, -7.364736750556606, 14.570218798539342]",,,-213.28149219369723,0.0006331920720062253
48,40,0,poisson,40,11927.49792276429,[1.4653362173363098],,,,
48,40,0,gamma,40,16744.22621851993,"[0.9007106435374338, -0.8146469233738055]",,,,
48,40,0,gammamix,40,16761.480601295843,"[-0.4367994314326451, 4.219554220284372, 1.06087080546775, 3.0616588177190405, -1.1578523861326862]",2.0,,,
48,40,0,lognormal,40,16750.37061366724,"[1.4981440850148111, -0.5407467930659134]",,,,
48,40,0,compoundgamma,40,16754.02980887357,"[9.210340371976184, 1.0690669237387833, -6.480697773635623]",,3.912660497288832,,
48,40,0,logskewnormal,40,16757.515828967807,"[0.8794749704110891, -0.18792264990449276, 5.862102783998924]",,,,
48,40,0,gig,40,16754.03182075082,"[-3.912075869765909, -12.079246769173647, 15.501814541472285]",,,-3.912075869765909,5.676096660224343e-06
48,40,1,poisson,40,864.594110941987,[1.3021999688717185],,,,
48,40,1,gamma,40,948.7064417878282,"[2.5133497005577836, 1.1903894737022949]",,,,
48,40,1,gammamix,40,948.7064417878282,"[2.5133497005577836, 1.1903894737022949]",1.0,,,
48,40,1,lognormal,40,949.239866751296,"[1.281337963768345, -1.260633026742089]",,,,
48,40,1,compoundgamma,40,949.582623206854,"[9.210340371976184, 2.5082792160623133, -5.380796509020166]",,13.283774142110605,,
48,40,1,logskewnormal,40,949.239866751287,"[1.281338137288195, -1.2606354753895384, -8.776289586391171e-08]",,,,
48,40,1,gig,40,949.5834476086739,"[-13.26831071497137, -9.936045031923026, 14.457484811173833]",,,-13.26831071497137,4.839834050467353e-05
48,40,2,poisson,40,615.1287431146338,[1.3207136304038758],,,,
48,40,2,gamma,40,721.665563198027,"[1.7548062713698893, 0.37492411287298605]",,,,
48,40,2,gammamix,40,727.7878608574667,"[-0.15404435108432624, 6.907755278982137, 1.5614478080355654, 5.805154236415608, -0.07127537117300961]",2.0,,,
48,40,2,lognormal,40,723.4299512462904,"[1.2926466045872387, -0.9022191120567061]",,,,
48,40,2,compoundgamma,40,724.5841386342787,"[9.210340371976184, 1.8013493320870442, -6.033798693654863]",,7.057815957617613,,
48,40,2,logskewnormal,40,725.2899615413601,"[0.8843944914527894, -0.5800217233777695, 2.4422123660158435]",,,,
48,40,2,gig,40,724.5853513214118,"[-7.054560776545843, -12.282592992202996, 16.151741167747176]",,,-7.054560776545843,4.631670331404523e-06
48,40,3,poisson,40,723.6650298268651,[1.187916133426867],,,,
48,40,3,gamma,40,723.6644647866488,"[13.815510557964274, 12.627609178358908]",,,,
48,40,3,gammamix,40,723.6644647866488,"[13.815510557964274, 12.627609178358908]",1.0,,,
48,40,3,lognormal,40,723.6650290104839,"[1.1879159095719607, -10.178433133217563]",,,,
48,40,3,compoundgamma,40,723.5754663315051,"[9.210162617779112, 9.21024036697585, 1.185612776239832]",,10000.0,,
48,40,3,logskewnormal,40,723.6650296811281,"[1.1879161313134132, -11.03992993932338, -1.9749102570907107e-05]",,,,
48,40,3,gig,40,723.6594500238134,"[-8.206020423781268, 11.512925459566668, 1.1878515506880418]",,,-8.206020423781268,99999.99945964401
48,100,0,poisson,100,26730.304622644366,[1.3514832954982823],,,,
48,100,0,gamma,100,37956.032847761264,"[0.9424399192709587, -0.7757904382097981]",,,,
48,100,0,gammamix,100,37986.62314975438,"[-0.17164662748735005, 3.8467520718073787, 1.0757118431171182, 2.6897962964043307, -1.057604651933387]",2.0,,,
48,100,0,lognormal,100,37970.3351099501,"[1.5104967946724468, -0.553117970837557]",,,,
48,100,0,compoundgamma,100,37978.7812851053,"[9.210340371976184, 1.080212668343934, -6.4587941830941595]",,3.945305857784511,,
48,100,0,logskewnormal,100,37988.14674651891,"[0.8723657025739863, -0.16362220256792268, 9.43632448411288]",,,,
48,100,0,gig,100,37978.78596905795,"[-3.9442232149150387, -11.865353133815375, 15.309726053617128]",,,-3.9442232149150387,7.0297941528478545e-06
48,100,1,poisson,100,2096.971667766526,[1.3332228933364891],,,,
48,100,1,gamma,100,2364.7575699529157,"[2.3058276732040768, 0.9886495589976513]",,,,
48,100,1,gammamix,100,2364.7575699529157,"[2.3058276732040768, 0.9886495589976513]",1.0,,,
48,100,1,lognormal,100,2366.076779766662,"[1.2660198631789648, -1.1561646691913974]",,,,
48,100,1,compoundgamma,100,2366.668194207193,"[9.210340371976184, 2.2887568024089635, -5.60582265521978]",,10.86266881033182,,
48,100,1,logskewnormal,100,2366.0767797667086,"[1.2660201792887908, -1.1561645845597317, 7.937104918698028e-08]",,,,
48,100,1,gig,100,2366.6724650571978,"[-10.065838823552394, 1.297743236249449, 2.9580644649056755]",,,-10.065838823552394,3.6610252687168554
48,100,2,poisson,100,1806.3396165855384,[1.1465589952604898],,,,
48,100,2,gamma,100,2264.7069606516843,"[1.9092593922908894, 0.5855537413108507]",,,,
48,100,2,gammamix,100,2282.6436323100743,"[-2.496141466129864, 3.022361400672775, 4.82381665378321, 1.8186698443333804, 2.5948001869839765]",2.0,,,
48,100,2,lognormal,100,2269.962923219892,"[1.2490252239360358, -0.9933587078888562]",,,,
48,100,2,compoundgamma,100,2273.330535511576,"[9.210340371976184, 2.019572551917022, -5.87473498106478]",,8.53510337969275,,
48,100,2,logskewnormal,100,2275.3476046656106,"[0.8642090910116487, -0.6489991058930803, 3.1556774159156755]",,,,
48,100,2,gig,100,2273.334341037494,"[-8.53042606950337, -11.570261652767844, 15.598389026840112]",,,-8.53042606950337,9.442765617407877e-06
48,100,3,poisson,100,15387.28394681403,[1.153087500590113],,,,
48,100,3,gamma,100,15530.386518975636,"[3.2633288734420116, 2.030423175675784]",,,,
48,100,3,gammamix,100,15541.330733830404,"[-1.131089509774726, 5.5441578229856745, 2.9840357096016916, 4.416374815967822, 1.4717216731609652]",2.0,,,
48,100,3,lognormal,100,15532.346198202971,"[1.213820188091091, -1.6180910219625948]",,,,
48,100,3,compoundgamma,100,15534.171556501187,"[9.210340371976184, 3.2267616863135906, -4.7497509419187365]",,26.197925918622694,,
48,100,3,logskewnormal,100,15538.768316326474,"[0.9848673532574858, -1.1980707100670225, 5.06954221185079]",,,,
48,100,3,gig,100,15534.179871313823,"[-26.145284253271246, -8.771886448031925, 13.923526370274086]",,,-26.145284253271246,0.00015503084698609648
48,400,0,poisson,400,158658.94182072603,[1.5400162755467115],,,,
48,400,0,gamma,400,252391.01351394597,"[0.3899612123573129, -1.5053263759965898]",,,,
48,400,0,gammamix,400,252659.40837950347,"[0.2856625534964464, -1.4119358619902154, 5.674244452395416, 2.0769701567558743, -0.06641603080245273, 4.569636929314838, 0.39242504476226325, -3.4133537539176984]",3.0,,,
48,400,0,lognormal,400,252558.51527998463,"[1.5210320740671024, -0.5103114933655588]",,,,
48,400,0,compoundgamma,400,252612.6394391487,"[9.210340371976184, 1.1048866149993277, -6.426421538651222]",,4.018882153445224,,
48,400,0,logskewnormal,400,252652.13984854292,"[0.90898266083923, -0.15955046516354704, 20.80440426041299]",,,,
48,400,0,gig,400,252612.6628251461,"[-4.018132118071305, -12.749741442723984, 16.22656042549345]",,,-4.018132118071305,2.903070921730518e-06
48,400,1,poisson,356,10804.316994269993,[1.361723425433392],,,,
48,400,1,gamma,356,12184.975935572365,"[2.402935134314501, 1.0927485530033134]",,,,
48,400,1,gammamix,356,12200.650583018565,"[-0.4304945802086162, 4.146909879326576, 3.24049362505933, 3.0712324506628144, 1.656929256290202]",2.0,,,
48,400,1,lognormal,356,12189.202443087695,"[1.263974411166012, -1.204835402138772]",,,,
48,400,1,compoundgamma,356,12191.25606097681,"[9.210340371976184, 2.393705606009944, -5.507615576160053]",,11.954010073833366,,
48,400,1,logskewnormal,356,12193.317205524676,"[0.9250293059554714, -0.8086748404275161, 2.969245199856265]",,,,
48,400,1,gig,356,12191.259472727994,"[-11.941744258715808, -8.615933576927851, 13.010685650669059]",,,-11.941744258715808,0.0001811955764958657
48,400,2,poisson,400,6616.4663016809645,[1.2579418463873129],,,,
48,400,2,gamma,400,8792.154429016653,"[1.668364124436953, 0.3345550645982154]",,,,
48,400,2,gammamix,400,8911.387961135715,"[-1.8233363085512884, 3.6591657968728435, 1.5015856388653748, 2.510424042454484, -0.5554104304072521]",2.0,,,
48,400,2,lognormal,400,8831.786695009296,"[1.2364323679117242, -0.9105299588387487]",,,,
48,400,2,compoundgamma,400,8857.15268544983,"[9.210340371976184, 1.8963653086592076, -6.00306944436772]",,7.661637389798717,,
48,400,2,logskewnormal,400,8879.550606323985,"[0.8105674279319602, -0.5535370392106286, 10.154858461981688]",,,,
48,400,2,gig,400,8857.178300983665,"[-7.658773895247124, -13.102809502567812, 17.002784529804753]",,,-7.658773895247124,2.0394926080923965e-06
48,400,3,poisson,400,24134.25785029183,[1.1785884004639064],,,,
48,400,3,gamma,400,25332.816379459473,"[3.0868064725922966, 1.8430754608684905]",,,,
48,400,3,gammamix,400,25363.18136138335,"[-1.0164545433596788, 5.1572443516861926, 3.136443702888083, 4.0255555901958395, 1.6423665364249436]",2.0,,,
48,400,3,lognormal,400,25339.44146947219,"[1.2206401056984253, -1.5536004216861738]",,,,
48,400,3,compoundgamma,400,25344.895524262647,"[9.210340371976184, 3.124980376619595, -4.8426358300068015]",,23.759448471829458,,
48,400,3,logskewnormal,400,25359.09005552013,"[0.9747874558986969, -1.143151878945384, 8.577490623042703]",,,,
48,400,3,gig,400,25344.91729337123,"[-23.71508097266426, -8.936756104273169, 13.99559975708665]",,,-23.71508097266426,0.00013146681386086965
49,10,0,poisson,10,794.8507644587908,[1.3570758151207507],,,,
49,10,0,gamma,10,835.0245436577279,"[3.565943587948845, 2.2267128204853917]",,,,
49,10,0,gammamix,10,835.0245436577279,"[3.565943587948845, 2.2267128204853917]",1.0,,,
49,10,0,lognormal,10,835.1651721515146,"[1.3235110262980252, -1.7919682247860096]",,,,
49,10,0,compoundgamma,10,835.2760090099764,"[9.210340371976184, 3.593462630402776, -4.281061528184137]",,37.35975861016087,,
49,10,0,logskewnormal,10,835.1651721591373,"[1.323515208395124, -1.7919961997968223, -1.676888940040219e-06]",,,,
49,10,0,gig,10,835.2767397781331,"[-37.26580538560362, -8.973920694459132, 14.593730879913254]",,,-37.26580538560362,0.00012667058065782706
49,10,1,poisson,10,490.337722280535,[1.5802813281426449],,,,
49,10,1,gamma,10,503.2725700969767,"[2.545305699808218, 1.0338399020421836]",,,,
49,10,1,gammamix,10,503.2725700969767,"[2.545305699808218, 1.0338399020421836]",1.0,,,
49,10,1,lognormal,10,503.58133034318234,"[1.4716454825476393, -1.2800406092454577]",,,,
49,10,1,compoundgamma,10,503.81939251055223,"[9.210340371976184, 2.5570029122318205, -5.143164762254845]",,13.89710557591338,,
49,10,1,logskewnormal,10,503.58133034318234,"[1.4716454825476393, -1.2800406092454577, 0.0]",,,,
49,10,1,gig,10,503.81995425218173,"[-13.882530742564233, -10.748965398131178, 15.508155470313415]",,,-13.882530742564233,2.1467607257663974e-05
49,10,2,poisson,10,269.1786638465779,[1.5206550557960885],,,,
49,10,2,gamma,10,293.4089730413018,"[2.0353122431580504, 0.6342443429300285]",,,,
49,10,2,gammamix,10,293.4089730413018,"[2.0353122431580504, 0.6342443429300285]",1.0,,,
49,10,2,lognormal,10,293.4401280128853,"[1.333386669540879, -1.003607950776142]",,,,
49,10,2,compoundgamma,10,293.41110540228584,"[2.58366905919451, 2.841220178382359, 1.6585145992585169]",,18.136662570713447,,
49,10,2,logskewnormal,10,293.44012801290046,"[1.3333869198227044, -1.003609243771159, 3.240704600591322e-07]",,,,
49,10,2,gig,10,293.49596255093473,"[0.08055162871707382, 1.9474480932937706, 1.3220050049510486]",,,0.08055162871707382,7.010773892368449
49,10,3,poisson,10,63.858213893321114,[1.1451323043030026],,,,
49,10,3,gamma,10,64.47458930510385,"[3.813501139846436, 2.6496631717267984]",,,,
49,10,3,gammamix,10,64.47458930510385,"[3.813501139846436, 2.6496631717267984]",1.0,,,
49,10,3,lognormal,10,64.55939269696816,"[1.1533566778296136, -1.871527642929867]",,,,
49,10,3,compoundgamma,10,64.64256875351249,"[9.210340371976184, 3.6943380410777973, -4.349608312716339]",,41.21894048776854,,
49,10,3,logskewnormal,10,64.55939269696816,"[1.1533566778296136, -1.871527642929867, 0.0]",,,,
49,10,3,gig,10,64.64322867192602,"[-41.072389722693195, -8.699744053307867, 14.24997520963767]",,,-41.072389722693195,0.0001666284535317882
49,20,0,poisson,20,6057.1334271848955,[1.3009905300727935],,,,
49,20,0,gamma,20,10484.606496674627,"[1.241698159489799, -0.42315626244990273]",,,,
49,20,0,gammamix,20,10496.896530187196,"[-2.197222938998283, 3.0989364926912666, 3.7186294734295404, 1.7179847221345554, 0.926400959398832]",2.0,,,
49,20,0,lognormal,20,10487.775330851082,"[1.5104082312571032, -0.731296859197734]",,,,
49,20,0,compoundgamma,20,10490.062408891894,"[9.210340371976184, 1.5629471672659565, -6.038466862417212]",,5.772866974726773,,
49,20,0,logskewnormal,20,10491.811247386122,"[1.0262504310215876, -0.42763822738708973, 3.953417358703206]",,,,
49,20,0,gig,20,10490.064294605108,"[-5.770325904184754, -11.772129216319001, 15.636607735359382]",,,-5.770325904184754,7.716657790816229e-06
49,20,1,poisson,20,544.6361399090915,[1.2370044124930772],,,,
49,20,1,gamma,20,620.6922728005629,"[2.539279649651373, 1.1596341356392141]",,,,
49,20,1,gammamix,20,620.6922728005629,"[2.539279649651373, 1.1596341356392141]",1.0,,,
49,20,1,lognormal,20,621.4319202649099,"[1.3375416642992806, -1.2800207818834919]",,,,
49,20,1,compoundgamma,20,622.0341198052403,"[9.210340371976184, 2.5626660650308692, -5.274096435111692]",,13.970351059882637,,
49,20,1,logskewnormal,20,621.4319202649098,"[1.33754164998112, -1.2800206963193823, 1.2467129233951815e-08]",,,,
49,20,1,gig,20,622.0355881573801,"[-13.955970465244093, -10.850147946776591, 15.478416819222703]",,,-13.955970465244093,1.9401737253077075e-05
49,20,2,poisson,20,360.4862537316185,[1.3939740477941185],,,,
49,20,2,gamma,20,390.54977510532933,"[2.498992848381056, 1.1716006503349703]",,,,
49,20,2,gammamix,20,390.54977510532933,"[2.498992848381056, 1.1716006503349703]",1.0,,,
49,20,2,lognormal,20,390.8935877393174,"[1.28501956117175, -1.2567453905102122]",,,,
49,20,2,compoundgamma,20,391.1229654016108,"[9.210340371976184, 2.50494546196439, -5.380239751173995]",,13.242891244354432,,
49,20,2,logskewnormal,20,390.89358773933543,"[1.2850187535615119, -1.256746282763346, 1.6432604213857476e-06]",,,,
49,20,2,gig,20,391.12350661561794,"[-13.22849118966062, -10.616878340231505, 15.138947711732532]",,,-13.22849118966062,2.449899797495261e-05
49,20,3,poisson,20,123.27496848063622,[1.1650267315671168],,,,
49,20,3,gamma,20,125.13762596137562,"[3.732238999339413, 2.561151012431967]",,,,
49,20,3,gammamix,20,125.13762596137562,"[3.732238999339413, 2.561151012431967]",1.0,,,
49,20,3,lognormal,20,125.23132928031734,"[1.1592302666687284, -1.8550430927030086]",,,,
49,20,3,compoundgamma,20,125.31467396424878,"[9.210340371976184, 3.6916132921507363, -4.346837231377488]",,41.10950313518905,,
49,20,3,logskewnormal,20,125.23132928031735,"[1.1592302937207584, -1.8550430792386605, 4.1520985393039954e-08]",,,,
49,20,3,gig,20,125.3153718167312,"[-41.24899959958748, -8.702335061428755, 14.262444313485384]",,,-41.24899959958748,0.00016619727668808724
49,40,0,poisson,40,15170.69467124464,[1.4557680307409915],,,,
49,40,0,gamma,40,25361.980323452328,"[0.9063712313721031, -0.9014131966809955]",,,,
49,40,0,gammamix,40,25377.402204575657,"[-1.0430857324695846, 2.9412717870252614, 1.1497831538038499, 1.5961245177093237, -1.366096390838025]",2.0,,,
49,40,0,lognormal,40,25368.018234697913,"[1.5915173809642353, -0.5386487148936095]",,,,
49,40,0,compoundgamma,40,25371.99144909324,"[9.210340371976184, 1.0750897156065065, -6.383036721202131]",,3.9302557784157806,,
49,40,0,logskewnormal,40,25376.035519386245,"[0.9587082060016477, -0.17483240483166274, 6.8428720138318635]",,,,
49,40,0,gig,40,25371.99370635337,"[-3.9316378947241475, -11.950075506047817, 15.470887696594874]",,,-3.9316378947241475,6.4587451643176e-06
49,40,1,poisson,40,945.1245016549962,[1.2851054303634981],,,,
49,40,1,gamma,40,1085.3470813549588,"[2.406944360599778, 1.0591356318792535]",,,,
49,40,1,gammamix,40,1092.1755061573283,"[-0.46403399086523667, 6.907755278982137, 2.97927055582028, 5.83675319398259, 1.349468686285548]",2.0,,,
49,40,1,lognormal,40,1086.4611267964576,"[1.3003255622807717, -1.2156482351505897]",,,,
49,40,1,compoundgamma,40,1087.292862632879,"[9.210340371976184, 2.4314495477302516, -5.436586089656803]",,12.375359261083798,,
49,40,1,logskewnormal,40,1088.6443144898258,"[0.9662343801587353, -0.8405655054554184, 3.2317118418148625]",,,,
49,40,1,gig,40,1087.2946510623176,"[-12.362187053721305, -10.886855811037488, 15.352598995265149]",,,-12.362187053721305,1.870245403234808e-05
49,40,2,poisson,40,1211.3562668417499,[1.5511175008379208],,,,
49,40,2,gamma,40,1517.3207188972683,"[1.6983342534333827, 0.29559478516746024]",,,,
49,40,2,gammamix,40,1528.4617700353197,"[-1.2739494849078492, 3.936653177401165, 1.6486870076043862, 2.7661361617649334, -0.3047717449955223]",2.0,,,
49,40,2,lognormal,40,1521.0528104868454,"[1.3068333641357497, -0.9135540317826419]",,,,
49,40,2,compoundgamma,40,1523.6121535525679,"[9.210340371976184, 1.8795814063206955, -5.949909310291878]",,7.550762180553191,,
49,40,2,logskewnormal,40,1525.840080021237,"[0.8830471537389383, -0.5694561796378299, 3.9875159029678895]",,,,
49,40,2,gig,40,1523.6149244750973,"[-7.547844995103575, -12.03344927171199, 15.98656758611918]",,,-7.547844995103575,5.942092156451552e-06
49,40,3,poisson,40,1004.6186516552496,[1.0658118998791517],,,,
49,40,3,gamma,40,1033.018851376894,"[3.319241979988809, 2.0914323576418092]",,,,
49,40,3,gammamix,40,1033.018851376894,"[3.319241979988809, 2.0914323576418092]",1.0,,,
49,40,3,lognormal,40,1033.342776966253,"[1.210531809041904, -1.6556964189423289]",,,,
49,40,3,compoundgamma,40,1033.6228740545255,"[9.210340371976184, 3.3103696526407314, -4.67031338856836]",,28.3952503270751,,
49,40,3,logskewnormal,40,1033.3427769662535,"[1.2105317731170822, -1.655696415795329, -5.473622806821511e-09]",,,,
49,40,3,gig,40,1033.6243155192064,"[-28.326446015928408, -9.241649466635359, 14.472311242308995]",,,-28.326446015928408,9.691759596610253e-05
49,100,0,poisson,100,24074.342148690506,[1.4086977701161278],,,,
49,100,0,gamma,100,36106.4274561397,"[0.9664742667076969, -0.740783828620588]",,,,
49,100,0,gammamix,100,36151.674534771904,"[-1.2944760500152845, 3.0745785000825405, 1.0050675803235538, 1.7658420601027662, -1.4851891647534208]",2.0,,,
49,100,0,lognormal,100,36125.16568035133,"[1.5042567542411738, -0.6078721570620332]",,,,
49,100,0,compoundgamma,100,36136.704285643915,"[9.210340371976184, 1.2831326898569273, -6.290900891501924]",,4.607924549053763,,
49,100,0,logskewnormal,100,36149.48009158444,"[0.9369895387748937, -0.2531128676886252, 13.666620840607319]",,,,
49,100,0,gig,100,36136.71138129487,"[-4.6073356860646815, -12.325919992931736, 15.938315202747448]",,,-4.6073356860646815,4.435279188804138e-06
49,100,1,poisson,100,4129.513634274231,[1.4608832181109632],,,,
49,100,1,gamma,100,4794.760047022438,"[2.2684401075794596, 0.9450699412308857]",,,,
49,100,1,gammamix,100,4803.428548520289,"[-0.07805805435145785, 5.322055125976727, 2.1317583096550705, 4.221318335438098, 0.6364001841396351]",2.0,,,
49,100,1,lognormal,100,4797.335821473522,"[1.269360653263309, -1.154063728900671]",,,,
49,100,1,compoundgamma,100,4798.983786486637,"[9.210340371976184, 2.3159076989126914, -5.577270758475486]",,11.134117472579698,,
49,100,1,logskewnormal,100,4800.780837984879,"[0.923712695106181, -0.7871161019104506, 3.0488957967958483]",,,,
49,100,1,gig,100,4798.986550842498,"[-11.124552529960082, -10.96039850940872, 15.285676435465179]",,,-11.124552529960082,1.7376384097320004e-05
49,100,2,poisson,100,3083.276422698008,[1.5155118580000013],,,,
49,100,2,gamma,100,3821.5532707024145,"[1.5291229961232282, 0.13766479443194163]",,,,
49,100,2,gammamix,100,3847.602528316249,"[-1.0898762988023216, 3.8960358879577064, 1.3278978877059784, 2.7566982179666186, -0.5746450273129983]",2.0,,,
49,100,2,lognormal,100,3830.8048076721666,"[1.279289754855023, -0.8294886748250806]",,,,
49,100,2,compoundgamma,100,3836.6699531167706,"[9.210340371976184, 1.7028730927843898, -6.138470352066365]",,6.489697164926281,,
49,100,2,logskewnormal,100,3841.2590844109172,"[0.8127645176404902, -0.4704321335613011, 5.1100115716786005]",,,,
49,100,2,gig,100,3836.6750490115187,"[-6.487511002132726, -12.509491208102506, 16.274098471882024]",,,-6.487511002132726,3.6914500556152686e-06
49,100,3,poisson,100,2362.949708861818,[1.0779465515045956],,,,
49,100,3,gamma,100,2560.965739065229,"[3.0876387503666254, 1.8619381038352125]",,,,
49,100,3,gammamix,100,2568.557373781665,"[0.12569369051722856, 6.907755278982137, 2.9141276622246286, 5.843033760676383, 1.5763003181080966]",2.0,,,
49,100,3,lognormal,100,2563.0193981661155,"[1.2022655663799078, -1.566923826762278]",,,,
49,100,3,compoundgamma,100,2564.621548386242,"[9.210340371976184, 3.1723131420049415, -4.81521949187571]",,24.86261819013546,,
49,100,3,logskewnormal,100,2567.4499056332315,"[0.9716007609408811, -1.1962156387175185, 3.5873932358761924]",,,,
49,100,3,gig,100,2564.6279358196443,"[-24.81543943540014, -9.24046578719143, 14.32674602380139]",,,-24.81543943540014,9.703238325447701e-05
49,400,0,poisson,400,605081.239035396,[2.1651279524525946],,,,
49,400,0,gamma,400,1812429.153065174,"[-0.35491456208920497, -2.75405486280059]",,,,
49,400,0,gammamix,400,1812900.277469054,"[0.5455355998308782, -0.5133578028615218, -4.092131451868817, 6.753146345928567, 2.5983767297700355, 0.9785817240695471, 2.471981118278904, 5.681075768503461, 1.0813430709711358, -1.5936066051001931, -4.517428454896227]",4.0,,,
49,400,0,lognormal,400,1812737.5535986586,"[1.5389079646727586, -0.3820291026124709]",,,,
49,400,0,compoundgamma,400,1812818.8521219534,"[9.191559784711973, 0.952195357349416, -6.517721057952996]",,3.5913924516174074,,
49,400,0,logskewnormal,400,1812849.74541183,"[0.8895162898730253, -0.06479390375099925, 23.343331768400507]",,,,
49,400,0,gig,400,1812818.877800949,"[-3.5961638658503112, -14.347991554267576, 17.71628766254692]",,,-3.5961638658503112,5.871464529599105e-07
49,400,1,poisson,356,17660.648068869083,[1.308036350249753],,,,
49,400,1,gamma,356,19988.961986263996,"[2.405456953895945, 1.0784187862690153]",,,,
49,400,1,gammamix,356,20007.116275813394,"[0.5065735782662282, 5.980564499472045, 2.4610276406125218, 4.917277757233372, 1.0101726527759896]",2.0,,,
49,400,1,lognormal,356,19994.116992205876,"[1.280457007769876, -1.2112100459919148]",,,,
49,400,1,compoundgamma,356,19996.817184190993,"[9.210340371976184, 2.4129392390351097, -5.47316391280614]",,12.166734659279884,,
49,400,1,logskewnormal,356,19999.81581471322,"[0.93553286299952, -0.8047659212253718, 3.3586109871532646]",,,,
49,400,1,gig,356,19996.821835433817,"[-12.154215282728805, -10.913759631341332, 15.342960347594065]",,,-12.154215282728805,1.8205994839325153e-05
49,400,2,poisson,400,8068.577485416937,[1.3779901379844908],,,,
49,400,2,gamma,400,10440.098008403325,"[1.6033849308364676, 0.24246166979501668]",,,,
49,400,2,gammamix,400,10554.127501727007,"[-1.4868816345319054, 3.7146708601810094, 1.3681657230756292, 2.5656514065120275, -0.6098066210073652]",2.0,,,
49,400,2,lognormal,400,10479.903171459704,"[1.257071378252104, -0.8765004289439495]",,,,
49,400,2,compoundgamma,400,10505.244531003833,"[9.210340371976184, 1.8196159835973087, -6.053332272283324]",,7.169488810023117,,
49,400,2,logskewnormal,400,10528.967799008286,"[0.8142666597745811, -0.5156999776196629, 11.010917332470509]",,,,
49,400,2,gig,400,10505.268658901226,"[-7.166937609401948, -13.351450956901763, 17.20118027934487]",,,-7.166937609401948,1.5905177641637947e-06
49,400,3,poisson,400,9681.006836014863,[1.1425648224901315],,,,
49,400,3,gamma,400,10480.142271230465,"[2.9487390654700696, 1.7056947530316084]",,,,
49,400,3,gammamix,400,10514.485042353574,"[-0.2807431660540688, 6.423516378568126, 2.745052776477374, 5.331923746829279, 1.345221750376929]",2.0,,,
49,400,3,lognormal,400,10490.866059709162,"[1.2162524666029983, -1.4979511087697572]",,,,
49,400,3,compoundgamma,400,10499.06740296207,"[9.210340371976184, 3.0361359468600995, -4.934129780821864]",,21.824620130624442,,
49,400,3,logskewnormal,400,10514.550883146923,"[0.9607913903564679, -1.1006215214270203, 6.872195385408944]",,,,
49,400,3,gig,400,10499.095098199323,"[-21.789642034303405, -9.806873595156492, 14.774543562510894]",,,-21.789642034303405,5.507175453245301e-05
