setting,agent,episode,spent,rounds,act_seconds,observe_seconds,nlpd,regret_top1,regret_top2,regret_top3,regret_top4,regret_top5,rate_rmse,rate_dex,touched
bulk,eig,0,30.0,30.0,204.03741570009151,0.0005933999200351536,3.2096042844964976,0.1419859063633485,0.3030603582697473,0.29329822549449425,0.35998729883416747,0.41714862477941217,1.1317003446621716,0.572207694806025,0.3125
bulk,eig,0,60.0,60.0,205.47858810023172,0.0012175998417660594,3.17331907442275,0.0,0.0,0.09812097291781519,0.090778918156877,0.07256974881141376,0.7913729371007763,0.5524900930187717,0.5520833333333334
bulk,eig,0,120.0,120.0,208.2205165004125,0.002394400187768042,3.0624753383805428,0.0,0.0,0.051527828461635616,0.08311315108860873,0.07256974881141376,0.6802830685412727,0.49748396496711755,0.8125
bulk,eig,0,180.0,180.0,210.21806420065695,0.0033270001877099276,2.999329295844157,0.0,0.0,0.051527828461635616,0.05131229914848856,0.07256974881141376,0.6663004656178652,0.44111404198093307,1.0
bulk,eig,0,240.0,240.0,212.35979190049693,0.004207200196105987,3.0021924396745803,0.0,0.0,0.051527828461635616,0.05131229914848856,0.07256974881141376,0.6430443418908073,0.4373571831680859,1.0
bulk,eig,1,30.0,30.0,216.20759250002448,0.000350800110027194,3.110888519486966,0.0,0.0,0.1412068578851704,0.11413275709333726,0.14309020292380847,0.8487895271720521,0.5828350782894044,0.3125
bulk,eig,1,60.0,60.0,217.18724629998906,0.0006502002361230552,3.0674006668207006,0.0,0.13409788713761417,0.1005113274049868,0.07976230726472622,0.14309020292380847,0.8061352896518216,0.5243626586212384,0.5729166666666666
bulk,eig,1,120.0,120.0,219.00395560008474,0.0013370005181059241,2.9572876466857054,0.0,0.009994916171171098,1.1102230246251565e-16,0.07976230726472633,0.09527590233873218,0.6844159820222834,0.4359277009881808,0.8229166666666666
bulk,eig,1,180.0,180.0,221.34067469998263,0.002109800698235631,2.8484664311289207,0.0,0.009994916171171098,1.1102230246251565e-16,1.1102230246251565e-16,0.04137570656200562,0.4565028613631924,0.38178890201722604,0.9895833333333334
bulk,eig,1,240.0,240.0,223.51351400004933,0.003180300642270595,2.805032665035501,0.0,0.009994916171171098,0.01416553478668392,0.0,0.024192165130384025,0.42053641204332937,0.3732370429378476,1.0
bulk,eig,2,30.0,30.0,210.22680410009343,0.0007711999351158738,3.2020971832100167,0.0,0.0,0.16069794862858844,0.19378051910959715,0.21074877038007767,0.8146699722249244,0.5669124447134449,0.3125
bulk,eig,2,60.0,60.0,211.40557060029823,0.0012102999025955796,3.154961356147048,0.0,0.0,0.1303561321671276,0.16637225032802894,0.15190138622867633,0.6853999724306289,0.5103033683465084,0.5833333333333334
bulk,eig,2,120.0,120.0,213.33232690038858,0.001958399952854961,3.0693333539751575,0.0,0.0,0.0,0.050807553513752324,0.08021142641548229,0.551469206090711,0.4505719214260645,0.875
bulk,eig,2,180.0,180.0,215.07231049996335,0.0026945999707095325,3.0326159991567923,0.0,0.0,0.0,0.05208034001929096,0.07983420757187643,0.473157033568448,0.42226115618367954,1.0
bulk,eig,2,240.0,240.0,216.83132429997204,0.003478699829429388,2.990718090631733,0.0,0.0,0.0,0.05208034001929096,0.08021142641548229,0.44131757709838065,0.4055401257366702,1.0
bulk,eig,3,30.0,30.0,213.23071700014407,0.0002994000678882003,3.2631315309255666,0.6934524701891533,0.2333036911759817,0.049110539941082165,0.11771354438354709,0.09015031721027644,1.0244566968031652,0.5474784724138916,0.3125
bulk,eig,3,60.0,60.0,214.19970980024664,0.0006007998599670827,3.2314211517303186,0.0,0.0,0.04911053994108194,0.04218096150325856,0.09015031721027633,0.8506027838768665,0.49507945448388946,0.5625
bulk,eig,3,120.0,120.0,216.16770640033064,0.0011988001060672104,3.168471269976781,0.0,0.0,0.04911053994108194,0.04218096150325856,0.09015031721027633,0.6691686485105033,0.4480825973009676,0.84375
bulk,eig,3,180.0,180.0,217.81476490042405,0.0017589001217857003,3.1327865270936592,0.0,0.0,0.02980108744103438,0.10112868757825311,0.09015031721027622,0.6529965498386321,0.40038079567918,1.0
bulk,eig,3,240.0,240.0,219.50250070076436,0.0024972003884613514,3.0739669384114308,0.0,0.0,0.02980108744103438,0.04218096150325845,0.09015031721027622,0.6275075977685994,0.3825959755434928,1.0
bulk,eig,4,30.0,30.0,212.23333660018397,0.00043999997433274984,3.165963903554509,0.0,0.0,0.0,0.057794955997924835,0.1038682892440661,0.9746916934236355,0.5549410116405988,0.3125
bulk,eig,4,60.0,60.0,213.32837650028523,0.000817099935375154,3.117640217008603,0.0,0.0,0.0,0.057794955997924835,0.09605931150393554,1.0940257443375823,0.49148741076989944,0.5833333333333334
bulk,eig,4,120.0,120.0,215.3038617001148,0.0014617997803725302,2.9635866510539834,0.0,0.0,0.051839241915331735,0.0,0.0,0.8568346021616355,0.41864907881924196,0.84375
bulk,eig,4,180.0,180.0,216.92717080021976,0.0020911000901833177,2.907012772206359,0.0,0.0,0.0,0.0,0.0,0.6444900274667731,0.3880018910394391,1.0
bulk,eig,4,240.0,240.0,218.6525863002753,0.002809300203807652,2.8990464514210075,0.0,0.0,0.051839241915331735,0.0,0.0,0.5659232110313542,0.38498134218110147,1.0
bulk,eig,5,30.0,30.0,214.46228709985735,0.0003449998330324888,3.18120107296505,0.5423764954059687,0.5299531322178976,0.5765115344136806,0.5372262185040395,0.5397345330180314,1.291247183479486,0.5795105174520494,0.3125
bulk,eig,5,60.0,60.0,215.5336128998315,0.0007482998189516366,3.1119250550514934,0.3348133350506597,0.3257151326169606,0.35984560252208364,0.40317036239439696,0.4206326341520662,1.129475228567267,0.5209852920437916,0.5729166666666666
bulk,eig,5,120.0,120.0,217.30501379986526,0.0014048998127691448,3.006479585417145,0.3348133350506597,0.0,0.06145177569479343,0.09984571560893896,0.005340936488760106,0.7412863589727942,0.45396960559873617,0.8333333333333334
bulk,eig,5,180.0,180.0,219.19910149998032,0.002195799257606268,2.894644305761075,0.0,0.0,0.06145177569479343,0.09984571560893896,0.005340936488760106,0.49088320759599463,0.4100967334616365,1.0
bulk,eig,5,240.0,240.0,221.09897219995037,0.002993699279613793,2.830767197228468,0.0,0.0,0.06145177569479343,0.09984571560893896,0.005340936488760106,0.43833907814577405,0.39403811132300814,1.0
bulk,eig,6,30.0,30.0,222.30760139995255,0.0004192999913357198,3.2312443058612534,0.0,0.11620560986709161,0.2068405487699574,0.1395092334919008,0.10482152681591628,1.1874158359184785,0.6086190637027595,0.3020833333333333
bulk,eig,6,60.0,60.0,223.59392069996102,0.0008632998797111213,3.169823172493294,0.0,0.11620560986709161,0.2068405487699574,0.1978277425724705,0.12390258543303923,1.0255612206748004,0.5499400509682454,0.5833333333333334
bulk,eig,6,120.0,120.0,226.37023799994495,0.0017934999195858836,3.033920651456525,0.0,0.054854258347196705,0.039439265980589555,0.0,0.017507079618267696,0.6721611958231885,0.46827637130386357,0.8229166666666666
bulk,eig,6,180.0,180.0,229.14377499948023,0.0028943996294401586,2.9391924578158712,0.0,0.004780149589788452,0.0432041975146088,0.0,0.017507079618267696,0.5919181338297748,0.42521369627306244,1.0
bulk,eig,6,240.0,240.0,231.72677689918783,0.0038781993207521737,2.8329777096600908,0.0,0.054854258347196705,0.039439265980589555,0.0,0.017507079618267696,0.42951338200909234,0.39860958857765366,1.0
bulk,eig,7,30.0,30.0,217.78414230013732,0.0002867999137379229,3.108665534986828,0.6713828167356015,0.5044979112215051,0.3949397670529734,0.3694987037864206,0.3559712861276959,0.8117813711474076,0.5183235649393609,0.3125
bulk,eig,7,60.0,60.0,219.018918100046,0.0006641999934799969,3.0789318944067765,0.3740439027225396,0.3074701637067846,0.3949397670529734,0.3694987037864206,0.3559712861276959,0.6809533976198621,0.4696937638747853,0.6041666666666666
bulk,eig,7,120.0,120.0,221.3961510002846,0.0013868999085389078,2.9540852043692785,0.0,0.1559949781898572,0.07119741508081112,0.11209074221166437,0.16774044684353762,0.45893189472328844,0.38967275646029403,0.84375
bulk,eig,7,180.0,180.0,223.83476850035368,0.0023207999183796346,2.902612575509096,0.0,0.1559949781898572,0.07119741508081112,0.11209074221166437,0.1203808766120733,0.41705086369484046,0.35626544499510726,0.9791666666666666
bulk,eig,7,240.0,240.0,225.8336160001927,0.003581199678592384,2.8776269387837594,0.0,0.1559949781898572,0.22041012637159896,0.11209074221166437,0.1203808766120733,0.3961954367608375,0.3377533837129484,1.0
bulk,eig,8,30.0,30.0,212.70705080014886,0.0003703000256791711,3.119666755008877,0.0,0.0,0.0,0.0,0.04196268691994054,0.9545286548414709,0.5577642815411678,0.3020833333333333
bulk,eig,8,60.0,60.0,213.7950331000029,0.0007228000904433429,3.0730460924190264,0.0,0.0,0.0,0.0,0.04196268691994054,0.9603190545396685,0.5191840861565724,0.5416666666666666
bulk,eig,8,120.0,120.0,215.78481870004907,0.0013579998048953712,3.012627316359527,0.0,0.0,0.0,0.013477887330978322,0.0,0.7395632574932395,0.4503045499962956,0.8125
bulk,eig,8,180.0,180.0,217.4493069999735,0.001978099928237498,3.0037602216504475,0.0,0.0,0.0,0.013477887330978322,0.0,0.7074474329800587,0.4143529454448116,0.96875
bulk,eig,8,240.0,240.0,219.31537830008892,0.0027887997566722333,2.950731662766909,0.0,0.0,0.0,0.013477887330978322,0.0,0.5753804087802544,0.40044415225621105,1.0
bulk,eig,9,30.0,30.0,208.97974990005605,0.0006280001252889633,3.245595287767854,0.2785345721766399,0.0,0.04988883946136524,0.13262726323598917,0.05309983615220881,1.0707274319561946,0.6038332439304002,0.3125
bulk,eig,9,60.0,60.0,210.08449870016193,0.001076900283806026,3.16532230906288,0.2785345721766399,0.0,0.04988883946136524,0.13262726323598917,0.05309983615220881,1.0040023434049052,0.5548087177996167,0.5104166666666666
bulk,eig,9,120.0,120.0,212.16819230018882,0.0018893001251854002,3.0744510658511843,0.2785345721766399,0.0,0.04988883946136524,0.0,0.05275588958795652,0.7730585808571757,0.4924685223494261,0.8020833333333334
bulk,eig,9,180.0,180.0,213.88024330005283,0.002636200108099729,2.9651011074659857,0.0,0.0,0.04988883946136524,0.0,0.03728535271679212,0.5483945383404433,0.43987468272727065,0.9583333333333334
bulk,eig,9,240.0,240.0,215.58124730020063,0.0033226002124138176,2.900536750693655,0.0,0.0,0.0,0.0,0.03728535271679212,0.48514887107872956,0.4183824287981884,1.0
bulk,eig,10,30.0,30.0,210.2659346999135,0.0005391998565755785,3.160045749505437,0.21976430256018553,0.43487802594439595,0.49125627060650523,0.4586426268529903,0.2796452394537735,0.9412017085517173,0.5727415168904527,0.3125
bulk,eig,10,60.0,60.0,211.54404259991134,0.0009268998401239514,3.0711244705819056,0.0,0.01569963375519612,0.2189257084580548,0.232855507817592,0.22323412553906274,0.6943543553499285,0.5123805457960827,0.5833333333333334
bulk,eig,10,120.0,120.0,213.62067619961454,0.0016080999048426747,2.9659320114378978,0.0,0.01569963375519612,-2.220446049250313e-16,0.02898400057632955,0.008269056456349788,0.4578772654534089,0.46095686277402537,0.8020833333333334
bulk,eig,10,180.0,180.0,215.34145539958263,0.002368600049521774,2.8946713336104444,0.1913694655711885,0.0,0.0,0.02898400057632966,0.00826905645635001,0.4040660778708736,0.4258286411798645,0.96875
bulk,eig,10,240.0,240.0,217.01715329941362,0.002946999971754849,2.8349201493921483,0.0,0.0,0.0,0.02898400057632966,0.00826905645635001,0.3687244474193469,0.40227868947085926,1.0
bulk,eig,11,30.0,30.0,220.77098929986823,0.00040199997602030635,3.1928281801377825,0.5955844820428887,0.3414672335336677,0.37667407454551105,0.39625315863622423,0.3913854817292227,1.194973659572866,0.5802805334479624,0.3125
bulk,eig,11,60.0,60.0,222.36044370016316,0.0008120001293718815,3.062183680511275,0.0,0.19480460605077665,0.09161121647607207,0.16926050553102867,0.18925133423154405,0.7842720248167866,0.5241795385781335,0.5625
bulk,eig,11,120.0,120.0,224.76977230008924,0.00185410026460886,2.9994749494587833,0.0,0.0,0.09161121647607207,0.16926050553102867,0.1543178896518772,0.6392263756965485,0.4416960931125294,0.8229166666666666
bulk,eig,11,180.0,180.0,226.96094160003122,0.0029973004129715264,2.96302472376203,0.0,0.19480460605077665,0.09161121647607207,0.1771158403016122,0.1610968017457065,0.5963954481517946,0.40706685321549124,1.0
bulk,eig,11,240.0,240.0,229.00813059997745,0.004151200409978628,2.8950160074922486,0.2558078094946533,0.0,0.09161121647607207,0.1771158403016122,0.15284551796894807,0.4923449537195395,0.39029707431895516,1.0
bulk,eig,12,30.0,30.0,198.77756770013366,0.0005363000673241913,3.209529547128408,0.16232208603999354,0.03238764078072254,0.22364899537813243,0.26295527042915123,0.31804896704295704,0.9835030739182208,0.5922899273377056,0.3020833333333333
bulk,eig,12,60.0,60.0,200.2833018998499,0.00116129987873137,3.1427860944288413,0.16232208603999354,0.03238764078072254,0.15731170651904414,0.21546316373940588,0.28612554297980763,0.8606666325676579,0.5294118905325239,0.5416666666666666
bulk,eig,12,120.0,120.0,202.96534239960602,0.002354599884711206,3.0783108226598177,0.0,0.03238764078072254,0.20894966601263287,0.2567167360001623,0.2785095919169035,0.7753230163501899,0.4654136181405344,0.8229166666666666
bulk,eig,12,180.0,180.0,205.2538912993623,0.0037317999522201717,2.998564045252829,0.0,0.03238764078072254,0.20894966601263287,0.07304970139314193,0.12540514640506573,0.6237625978946385,0.4271334297171791,1.0
bulk,eig,12,240.0,240.0,207.97309679933824,0.004950499744154513,2.989656538625064,0.0,0.03238764078072254,-2.220446049250313e-16,0.07304970139314193,0.07938511896206035,0.547258959754477,0.42550284985150566,1.0
bulk,eig,13,30.0,30.0,216.20025989983696,0.00042399991070851684,3.152172529070126,0.0,0.17051315527527855,0.2186936850634842,0.23284219502850179,0.21881236110545987,1.0589431524251565,0.6326232339606868,0.3125
bulk,eig,13,60.0,60.0,217.37145889981184,0.0009547997615300119,3.1001751898953622,0.0,0.10849165406239225,0.1544584963751915,0.19084611224148462,0.21815152493521983,1.0272094493805546,0.5569892459230201,0.5729166666666666
bulk,eig,13,120.0,120.0,219.38037039968185,0.0018282998353242874,2.9515159785672083,0.0,0.0,0.06329163261265613,0.11276875347098725,0.05883475354424461,0.6916404633744988,0.48054739330197965,0.8229166666666666
bulk,eig,13,180.0,180.0,221.23570719955023,0.0025014994316734374,2.857917675710933,0.0,0.031517428287886506,0.0,0.04554798960294737,0.05883475354424461,0.4409648997608154,0.4336991759656022,1.0
bulk,eig,13,240.0,240.0,223.27892709930893,0.0032195994863286614,2.8241473921763185,0.0,0.031517428287886506,0.0,0.05856437149794391,0.05302607293563577,0.3918763857531118,0.4241257778619748,1.0
bulk,eig,14,30.0,30.0,210.7645491999574,0.00048260000767186284,3.0999366026798167,0.0,0.21142111729533908,0.06273154742100173,0.1397618145368379,0.07809215195067187,0.8319650256107992,0.5772430447242568,0.3125
bulk,eig,14,60.0,60.0,212.45079809980234,0.0010504999663680792,3.0611197535436854,0.0,0.21142111729533908,0.06273154742100173,0.1397618145368379,0.07809215195067187,0.7205720157660838,0.5121135947374894,0.5833333333333334
bulk,eig,14,120.0,120.0,215.1095330999815,0.002361900231335312,2.932389425774121,0.0,0.0,0.06273154742100173,0.051270488957540605,0.0,0.47704495365547256,0.44923968727239183,0.8229166666666666
bulk,eig,14,180.0,180.0,216.950831099879,0.003167100076097995,2.881383221783985,0.0,0.0,0.0021238540543825346,0.051270488957540605,0.07962398987889685,0.4184642423357689,0.400426954208846,1.0
bulk,eig,14,240.0,240.0,218.68251149950083,0.0039975004037842155,2.8018036736809577,0.0,0.0,0.0021238540543825346,0.0,0.0,0.34992881609078985,0.3784787257488052,1.0
bulk,eig,15,30.0,30.0,217.3194837999763,0.00036640005419030786,3.5197269009079193,0.0,0.0,0.0,0.03712017172502291,0.06813667097229348,1.064223930141453,0.5297149483187975,0.3125
bulk,eig,15,60.0,60.0,218.37759600003483,0.0007692000945098698,3.4300688597860423,0.0,0.0,0.0,0.03712017172502291,0.06813667097229348,0.7657705929979431,0.4933093262868663,0.59375
bulk,eig,15,120.0,120.0,220.36174180015223,0.0014198002172634006,3.2444308855822306,0.0,0.0,0.0,0.03712017172502291,0.017323258839714528,0.6607735414221417,0.40503461232191024,0.8333333333333334
bulk,eig,15,180.0,180.0,222.01548910018755,0.002180500130634755,3.1264523779072775,0.0,0.0,0.0,0.024542979053203573,0.005658373391603688,0.554226355359932,0.3643189397390424,0.9583333333333334
bulk,eig,15,240.0,240.0,223.82895490020746,0.002934400225058198,3.0871269587726275,0.0,0.0,0.0,0.024542979053203573,0.022762713960204684,0.5316013031456513,0.35899380597516983,1.0
bulk,eig,16,30.0,30.0,207.05759249982657,0.0005298001342453063,3.2806320587813054,0.7612096729939878,0.44994983408849487,0.3885970861602531,0.4680305457861508,0.5077738672890888,1.6350230290815948,0.6142406719419874,0.3125
bulk,eig,16,60.0,60.0,208.3511325995787,0.0012503000907599926,3.135508915896344,0.0,0.0,0.14222250852011908,0.11872239330047596,0.20388539105496883,1.0026101815950585,0.538463741650557,0.5625
bulk,eig,16,120.0,120.0,210.75884259969462,0.0022361003211699426,3.0106007823938534,0.0,0.0,0.14222250852011908,0.11872239330047596,0.20388539105496883,0.6845833862832481,0.4829878020257582,0.7916666666666666
bulk,eig,16,180.0,180.0,213.16683339932933,0.003219500242266804,2.925678133805903,0.0,0.0,0.05037921940374224,0.11872239330047596,0.05297643829374721,0.5853317421126034,0.4353110234437493,0.9583333333333334
bulk,eig,16,240.0,240.0,214.83632769912947,0.004061600600834936,2.864677302585237,0.0,0.0,0.14222250852011908,0.11872239330047596,0.05297643829374721,0.5528543913333132,0.4115595023968812,1.0
bulk,eig,17,30.0,30.0,207.34028250025585,0.0005252000410109758,3.2175769398673872,0.0,0.0,0.0,0.040565608017942956,0.04889644084976197,0.7131125809467391,0.4898927601381333,0.3125
bulk,eig,17,60.0,60.0,208.95501999999397,0.0010241999989375472,3.1575718637613868,0.0,0.0,0.05792340053811418,0.10262462261756944,0.13196481752860656,0.6409696072101515,0.43710556937435396,0.53125
bulk,eig,17,120.0,120.0,211.76769919961225,0.0019365999614819884,3.12599790043488,0.0,0.0,0.06829193733675532,0.08018938430628797,0.09392496971042974,0.6864327120126172,0.38713021857138663,0.8125
bulk,eig,17,180.0,180.0,214.24281149962917,0.0029098999802954495,3.062132798326649,0.0,0.0,0.03323486981016366,0.07645673365033945,0.1112997034765727,0.5218314171087058,0.3639222459600799,0.9375
bulk,eig,17,240.0,240.0,216.20281289954437,0.003716600069310516,3.040224075422392,0.0,0.0,0.0,0.04998782097099852,0.04604381764284138,0.47441762550235717,0.343277706498386,1.0
bulk,eig,18,30.0,30.0,216.87473210005555,0.00030080025317147374,3.184398056959117,0.7594624338216631,0.6628611002955355,0.5986863374742991,0.6197149109033294,0.6007450174928031,0.9913450179480026,0.6081752028332483,0.3125
bulk,eig,18,60.0,60.0,217.90601940033957,0.0006113001727499068,3.1201032554674115,0.40536025593833713,0.45075614143098797,0.4422881390370744,0.4743507638083104,0.24654010542645,0.8528772384668221,0.5544293445620456,0.5833333333333334
bulk,eig,18,120.0,120.0,219.97812980035087,0.001259900105651468,2.9980779124764267,0.40536025593833713,0.04482090638421232,0.033717390745559905,0.1215028937710293,0.10454953255160448,0.6446956186279391,0.47650722491837205,0.8020833333333334
bulk,eig,18,180.0,180.0,222.14421870029764,0.002062099927570671,2.9301186809066926,0.33053324269773776,0.2428082225448862,0.0,0.04543160208505015,0.0,0.5400497396870344,0.4390899842605711,1.0
bulk,eig,18,240.0,240.0,224.85673659999156,0.0029613993247039616,2.9111369147106085,0.0,0.04482090638421232,0.0,0.04543160208505015,0.0,0.5122575911906628,0.435949672782811,1.0
bulk,eig,19,30.0,30.0,193.97687460004818,0.000613700074609369,3.292183314853096,0.0,0.0,0.10614598625102656,0.19581997975299903,0.23439635204693454,0.9026956834898717,0.5736495101985484,0.3125
bulk,eig,19,60.0,60.0,195.2197053001728,0.0011814001481980085,3.269057212794559,0.0,0.0,0.1381525252938114,0.19581997975299903,0.23439635204693454,0.8664946810773371,0.5507744225076209,0.5625
bulk,eig,19,120.0,120.0,197.3759882004233,0.0022484001237899065,3.1365927242996974,0.0,0.0,0.10614598625102656,0.14264175319242312,0.13608188054808934,0.8231285598884657,0.4903685878525718,0.8020833333333334
bulk,eig,19,180.0,180.0,199.74670540040825,0.003465600195340812,3.0469057681655833,0.2743184219509164,0.0,0.019160339630237444,0.09504980863610613,0.12425482163057255,0.6829402446051706,0.43294980636089897,0.9791666666666666
bulk,eig,19,240.0,240.0,201.78999990026932,0.004645200329832733,2.9431881861563753,0.2743184219509164,0.0,0.10614598625102656,0.14264175319242312,0.12425482163057255,0.5872479250846647,0.4148934268375774,1.0
bulk,eig,20,30.0,30.0,209.36457250005333,0.0005274001159705222,3.236146198910191,0.0,0.08651446227664827,0.08304171440997565,0.1283026833082167,0.10550638918352018,1.5909518600358579,0.5268847083076396,0.3125
bulk,eig,20,60.0,60.0,210.4544891002006,0.0010286002652719617,3.1437201984219976,0.0,0.0,0.009420542829390088,0.06371413304471707,0.10550638918352018,1.0950465454963865,0.4813936191752663,0.5729166666666666
bulk,eig,20,120.0,120.0,212.4401243001921,0.0018690003780648112,3.1169399335840473,0.0,0.0,0.06769904186325404,0.05939300984078111,0.10165677142409513,1.0773839517720951,0.41537555338215976,0.8333333333333334
bulk,eig,20,180.0,180.0,214.0825625002035,0.002556500432547182,3.026105961390647,0.0,0.0,0.009181820535113516,0.05939300984078111,0.10212463934468063,0.7595136748328539,0.3808153424996817,0.9895833333333334
bulk,eig,20,240.0,240.0,215.80266930011567,0.0032543003908358514,3.0076718649820133,0.0,0.0,0.009181820535113516,0.05939300984078111,0.10165677142409513,0.655409280435225,0.3708935070839486,1.0
bulk,eig,21,30.0,30.0,210.01838920009322,0.0003302000113762915,3.2000821019081265,0.0,0.01102913629152058,0.007846699964304427,0.01242623547347621,0.0,0.7293737482163031,0.5564385930242195,0.3125
bulk,eig,21,60.0,60.0,211.06376169994473,0.0007220998522825539,3.120174351588247,0.0,0.004890268971063372,0.007846699964304538,0.0,0.0,0.6497638934432599,0.5145666104121703,0.5520833333333334
bulk,eig,21,120.0,120.0,212.98717649991158,0.0014289998216554523,3.0844195003207218,0.0,0.004890268971063372,0.007846699964304538,0.0,0.0,0.5689592120252494,0.4541756239852972,0.8229166666666666
bulk,eig,21,180.0,180.0,215.33563010010403,0.0023102996638044715,3.0137469123995877,0.0,0.004890268971063372,0.007846699964304538,0.0,0.10711311958407876,0.514718336411007,0.40975984433911905,0.9895833333333334
bulk,eig,21,240.0,240.0,218.05483990034554,0.00327329954598099,2.967907453790746,0.0,0.004890268971063372,-2.220446049250313e-16,-2.220446049250313e-16,-2.220446049250313e-16,0.5088635880513912,0.4052107075400551,1.0
bulk,eig,22,30.0,30.0,207.34002840012545,0.00034850003430619836,3.5461885870235155,0.0,0.3819845801065104,0.40565521337504284,0.3521877571970602,0.35020130920796544,2.4343059934764435,0.5551087182415616,0.3125
bulk,eig,22,60.0,60.0,208.49053860013373,0.0007356998976320028,3.4374500851040057,0.0,0.3048491510866297,0.3384277256286531,0.3521877571970603,0.3220856225743789,2.1167391265103643,0.5035730118640211,0.5625
bulk,eig,22,120.0,120.0,210.37322600011248,0.0014772001886740327,3.2726114073038146,0.0,0.0,0.0,0.010305618283016904,0.04643608485538775,0.8141920307532572,0.4300506068504929,0.8125
bulk,eig,22,180.0,180.0,212.36399280029582,0.0023315001744776964,3.1517376918023885,0.0,0.0,0.020543402010223755,0.0,0.0,0.5494191366404991,0.3884973944574149,0.9791666666666666
bulk,eig,22,240.0,240.0,214.1618127002148,0.0032054001349024475,3.0985397844773304,0.0,0.0,0.020543402010223755,0.0,0.0,0.4814801972240963,0.36984152213445604,1.0
bulk,eig,23,30.0,30.0,205.47070230002282,0.00042810000013560057,3.2803237552149036,0.0,0.0,0.04842216513930142,0.0,0.03505285953875803,1.2326827584781352,0.552675858362229,0.3020833333333333
bulk,eig,23,60.0,60.0,206.76147980004316,0.0007936999900266528,3.1755034329077336,0.0,0.0,0.04842216513930142,0.0,0.03356753692846226,0.8078049577074211,0.49099938710151025,0.53125
bulk,eig,23,120.0,120.0,208.76679900009185,0.0014300999464467168,3.0961503459520756,0.0,0.0,0.04842216513930142,0.0,0.0034999151229940795,0.561938729997379,0.4385427136115104,0.8333333333333334
bulk,eig,23,180.0,180.0,210.921729499707,0.0023685998748987913,3.0447992181776624,0.0,0.0,0.0,0.0,0.00958255421519838,0.5945724411864634,0.4088774735652908,1.0
bulk,eig,23,240.0,240.0,213.24365749995923,0.0034169001737609506,3.003135849252678,0.0,0.0,0.0,0.0,0.0034999151229940795,0.6061036964594396,0.3982847187097297,1.0
bulk,eig,24,30.0,30.0,183.4972800000687,0.0006252999301068485,3.170476310559808,0.5335309876643433,0.6230614794804794,0.37380672776942003,0.36992376971486796,0.3835399814625219,0.936450723622901,0.5509080036458671,0.3020833333333333
bulk,eig,24,60.0,60.0,185.16707290004706,0.0011782997753471136,3.1234930670911836,0.3133228403882854,0.3945989660706194,0.40201163392813255,0.2341363784822853,0.2690930056299583,0.8652631119237231,0.502454894989572,0.5520833333333334
bulk,eig,24,120.0,120.0,188.75797459983733,0.002210599952377379,3.1066538222087625,0.3133228403882854,0.4313297310329651,0.19612968306281597,0.20441945419961793,0.26087727888828616,0.7793945494456609,0.44580164689891866,0.8229166666666666
bulk,eig,24,180.0,180.0,191.58185409987345,0.003441300126723945,3.045260383334721,0.3133228403882854,0.3326719590855888,0.12361413512083097,0.16761294883541522,0.06048250886173623,0.6612873494419422,0.40502748555865054,0.9895833333333334
bulk,eig,24,240.0,240.0,194.3327946998761,0.005808900168631226,2.9576215529990715,0.3133228403882854,0.11449552435351973,0.12361413512083086,0.00901849662076859,0.007601145109528362,0.5234713189090364,0.3906795362532063,1.0
bulk,eig,25,30.0,30.0,216.9403055999428,0.0005574000533670187,3.1185912637503566,0.0,0.0,0.10830087873484273,0.09739995087729147,0.12151499338400618,0.700680104243893,0.5420011688896689,0.3125
bulk,eig,25,60.0,60.0,218.26465060008923,0.0011133000371046364,3.044891654716031,0.0,0.0,0.10830087873484273,0.13621904069516888,0.16099799592775677,0.6005818047972731,0.49876910214970055,0.5729166666666666
bulk,eig,25,120.0,120.0,220.4521764004603,0.0022538998746313155,2.95476221295108,0.0,0.0,0.0,0.0,0.0,0.44833038404165165,0.4254756159236232,0.8333333333333334
bulk,eig,25,180.0,180.0,222.58616640040418,0.0034246997674927115,2.8659310229361505,0.0,0.0,0.0,0.03170507256356292,0.035386029302516,0.45972667419551005,0.38433664367290604,0.9583333333333334
bulk,eig,25,240.0,240.0,224.60162620036863,0.004572700010612607,2.8311236897602967,0.0,0.0,0.0,0.009958236095370387,0.041866048264636135,0.372637302300143,0.3718726759097602,1.0
bulk,eig,26,30.0,30.0,201.19566420011688,0.0005344999372027814,3.3406546346742245,0.30960974962972854,0.40763569968347324,0.3711127501842908,0.291992427082143,0.12927706407568873,1.062872172790181,0.5088027744311352,0.3125
bulk,eig,26,60.0,60.0,202.53110049996758,0.0011125003220513463,3.2410496385369716,0.30960974962972854,0.40763569968347324,0.3711127501842908,0.291992427082143,0.12927706407568873,0.9275177299919878,0.45447422009458366,0.5833333333333334
bulk,eig,26,120.0,120.0,205.04600679990835,0.002209900412708521,3.151757614812825,0.0,0.0,0.13245186067683523,0.10810823734889108,0.08673871610142525,0.677004302599853,0.399440254609259,0.8333333333333334
bulk,eig,26,180.0,180.0,207.36604949983303,0.0034780006972141564,3.0913875121624455,0.0,0.0,0.13245186067683523,0.16064401850444943,0.13028401300177028,0.5873684857143879,0.3517856326640656,1.0
bulk,eig,26,240.0,240.0,209.37050820002332,0.004633000702597201,3.0221531683282428,0.0,0.0,0.001537632384483234,0.10464703495413497,0.13028401300177028,0.5271893009900878,0.34072227264208677,1.0
bulk,eig,27,30.0,30.0,217.72187250020215,0.00031670002499595284,3.1667412104609762,0.21785638481389136,0.14745465975996241,0.0756479823579419,0.13337109378936396,0.1518121837565849,0.8672557572974644,0.5921162066179312,0.3020833333333333
bulk,eig,27,60.0,60.0,219.05859370017424,0.0006198001792654395,3.101897663607371,0.21785638481389136,0.11020952662534278,0.0756479823579419,0.1840571202043545,0.25860677504080365,0.7245198868169,0.5312790905196679,0.5729166666666666
bulk,eig,27,120.0,120.0,220.95467820006888,0.0013000002363696694,3.0200761194254517,0.0,0.037245133134619635,0.06757376679950544,0.0,0.057197055005752895,0.5534498874939767,0.47671415210663126,0.8125
bulk,eig,27,180.0,180.0,223.24249389994657,0.002232700353488326,3.0041733399725885,0.0,0.037245133134619635,0.06757376679950544,0.0,0.0,0.5872277387772203,0.4402490221345286,0.9791666666666666
bulk,eig,27,240.0,240.0,226.1129970997572,0.003311200183816254,2.9385692657965037,0.0,0.037245133134619635,0.06757376679950544,0.0,0.0991263543265739,0.5228172484446013,0.4168261145943533,1.0
bulk,eig,28,30.0,30.0,211.4473278002697,0.00045410008169710636,3.3125392072485256,0.6356449631964014,0.42370183547621587,0.4950875796265687,0.47725108073774225,0.38579660977872954,1.1848645912798055,0.5609854482765764,0.3125
bulk,eig,28,60.0,60.0,212.8045272002346,0.0008927001617848873,3.2420157539372325,0.4997823705862072,0.42370183547621587,0.037143087776809525,0.009746287568244694,0.07336746934469984,0.9846018774538097,0.5061539748717937,0.5729166666666666
bulk,eig,28,120.0,120.0,215.31603020016337,0.0017250001546926796,3.1121128965150944,0.0,0.0,0.0,0.009746287568244694,0.04752510944977539,0.6588718077207799,0.4379928454947014,0.8229166666666666
bulk,eig,28,180.0,180.0,217.3236639002571,0.0023629001807421446,3.0017877258085974,0.0,0.04261714568147823,0.0,0.06868021231837651,0.05937019618707373,0.5906743082206153,0.3808051906708363,0.96875
bulk,eig,28,240.0,240.0,219.04686330020195,0.0029602001304738224,2.9364196635740165,0.0,0.04261714568147823,0.0,0.009746287568244694,0.05586461907104889,0.5042770333475262,0.3653052214535581,1.0
bulk,eig,29,30.0,30.0,210.34482649998972,0.0003825999447144568,3.091810586950144,0.0,0.09242521024766526,0.000794431615735891,1.1102230246251565e-16,0.0080359755221735,1.0347240930411103,0.6115690253008104,0.3125
bulk,eig,29,60.0,60.0,211.49575750000076,0.0007343002362176776,3.0540315203260087,0.0,0.09242521024766526,0.000794431615735891,1.1102230246251565e-16,0.0080359755221735,0.6568622176389339,0.562006871937051,0.59375
bulk,eig,29,120.0,120.0,213.4584302000003,0.0014515002258121967,2.954596457357946,0.0,0.0,0.00079443161573578,0.0,0.008035975522173278,0.4835522394162045,0.48065642859845104,0.8125
bulk,eig,29,180.0,180.0,215.18456750008045,0.002059300197288394,2.8632945090027797,0.0,0.0,0.00079443161573578,0.008680371024676448,0.0,0.3802925286679438,0.4453165242528542,1.0
bulk,eig,29,240.0,240.0,216.87136589974398,0.002696600218769163,2.817201255120807,0.0,0.0,0.00079443161573578,0.008680371024676448,0.0,0.3795683344610082,0.42458492726628494,1.0
bulk,eig,30,30.0,30.0,209.85250180005096,0.0003920000744983554,3.2939249473741063,0.0,0.06508524388206216,0.0245066728743909,0.19832750492406304,0.25312056309133335,0.9009185080647071,0.5688308806180469,0.3125
bulk,eig,30,60.0,60.0,211.0811964002205,0.0007763000321574509,3.191153813102673,0.0,0.0,0.024506672874391122,0.08454661313088407,0.1335946296011875,0.7611485497594314,0.5231422553847288,0.5520833333333334
bulk,eig,30,120.0,120.0,213.0551076004631,0.00181269965833053,3.0926252482529186,0.0,0.0,0.024506672874391122,0.15020982802161176,0.2322141259945225,0.6430574969161117,0.45980109375125977,0.8020833333333334
bulk,eig,30,180.0,180.0,214.6354811001802,0.002508799603674561,2.9954360523863506,0.0,0.06508524388206216,0.0245066728743909,0.15020982802161165,0.13402638480408968,0.5585154918913755,0.4079104847571595,0.9583333333333334
bulk,eig,30,240.0,240.0,216.3271729001426,0.003204299893695861,2.921817217390366,0.0,0.06508524388206216,0.0245066728743909,0.08454661313088396,0.13402638480408968,0.4600929814722562,0.38588921042519103,1.0
bulk,eig,31,30.0,30.0,212.15342380001675,0.00035880011273548007,3.1011976554560725,0.06274080504417423,0.09456689760901471,0.2886490572381005,0.4005718245755441,0.20734496661200574,1.0750883899087533,0.5899102149979056,0.3125
bulk,eig,31,60.0,60.0,213.30948930000886,0.0006771001499146223,3.0344705335779305,0.06274080504417423,0.09456689760901471,0.3030542534442924,0.4005718245755441,0.20734496661200574,0.7484759653990762,0.5405293462991319,0.59375
bulk,eig,31,120.0,120.0,215.32656829984626,0.0014821000513620675,2.987901456262494,0.06274080504417423,0.09456689760901471,0.0,0.16507801479423156,0.20734496661200574,0.628094493946153,0.4788875650494536,0.8229166666666666
bulk,eig,31,180.0,180.0,217.69741059991065,0.021376500197220594,2.8861855713746927,0.06274080504417423,0.09456689760901471,0.0,0.0,0.048854029630156504,0.4523298618304718,0.43266499264811314,0.9895833333333334
bulk,eig,31,240.0,240.0,220.38726069993572,0.02230099990265444,2.872436308711784,0.06274080504417423,0.09456689760901471,0.0,0.16507801479423156,0.048854029630156504,0.4547706337584265,0.41664099405096344,1.0
bulk,eig,32,30.0,30.0,206.72752009995747,0.0003299000090919435,3.2992873044209943,0.8714783640981083,0.8242525126188422,0.763074299893486,0.6332883016817763,0.5490190674145689,1.1566776085726056,0.5877378446481515,0.3125
bulk,eig,32,60.0,60.0,207.89636129979044,0.0008330000564455986,3.2182707809552347,0.7231031587836108,0.7544665842411924,0.7526060013690521,0.703119486318307,0.5951734854630043,1.1017640033770448,0.5177395027070089,0.59375
bulk,eig,32,120.0,120.0,210.04340349975973,0.0015941996243782341,3.094239945404071,0.0,0.0,0.0747281488445043,0.13184934260118097,0.11430465859212857,0.6987501050129995,0.46097639310447497,0.8229166666666666
bulk,eig,32,180.0,180.0,211.77564039983554,0.00222109945025295,2.9880098684900758,0.0,0.0061217202250237746,0.0,0.0,0.04615441804843545,0.4375748994990635,0.41333898573754674,0.96875
bulk,eig,32,240.0,240.0,213.92711859970586,0.0031485993531532586,2.94561887316742,0.0,0.0061217202250237746,0.0,0.0,0.04615441804843545,0.38559405139813635,0.3973826157011427,1.0
bulk,eig,33,30.0,30.0,197.4553990000859,0.0005104999290779233,3.562814280365316,0.0,0.027815983603494576,0.053264260071504865,0.10326642977642053,0.16078465000931363,1.385641788949893,0.5023819771219673,0.3020833333333333
bulk,eig,33,60.0,60.0,198.71993770007975,0.0010486999526619911,3.481347171840152,0.0,0.0,0.030943290942523016,0.004773073089081481,0.046028072216948934,0.9964657901382529,0.47374433542264627,0.5416666666666666
bulk,eig,33,120.0,120.0,201.11698859994067,0.0022514000884257257,3.332225478897209,0.0,0.0,0.0,0.004773073089081481,0.0,0.7399693607610526,0.40604716096601123,0.7916666666666666
bulk,eig,33,180.0,180.0,203.24236789974384,0.003636399982497096,3.2934762517306395,0.0,0.0,0.0,0.004773073089081481,0.050630711633390946,0.696410105713415,0.37054407671130307,0.9166666666666666
bulk,eig,33,240.0,240.0,204.9281532994355,0.004444299964234233,3.2493861867032794,0.0,0.0,0.0,0.004773073089081481,0.050630711633390946,0.73197162658781,0.3546739779863766,1.0
bulk,eig,34,30.0,30.0,202.7563875998021,0.0004607000737451017,3.0941339489622535,0.09694839895613083,0.0,0.06691769435343764,0.16625810731097246,0.2022264227496141,0.8540615240564111,0.576790066702664,0.3125
bulk,eig,34,60.0,60.0,204.1743351998739,0.0011528999893926084,3.096187253428244,0.5480023794920852,0.2879598110694911,0.06691769435343764,0.16625810731097246,0.2022264227496141,0.8304244313731488,0.5425990122755834,0.59375
bulk,eig,34,120.0,120.0,206.6419528995175,0.002116400224622339,2.94523030352261,0.09694839895613083,0.0,0.06691769435343764,0.173707151208793,0.12226565482035079,0.5225124809040325,0.47035926248650783,0.8333333333333334
bulk,eig,34,180.0,180.0,208.48319239955163,0.0028725002775900066,2.88691787649586,0.0,0.0,0.05056151128698938,0.03209407357767513,0.10319635212462053,0.4417250082021205,0.42076813291713133,1.0
bulk,eig,34,240.0,240.0,210.1425271994667,0.003974199993535876,2.8430083356524545,0.0,0.0,0.05056151128698938,0.03209407357767513,0.09676500944647493,0.4221007546603611,0.4111757776078707,1.0
bulk,eig,35,30.0,30.0,207.33501550008077,0.00031480012694373727,3.0586342381365923,0.5464059612061848,0.28019429645802607,0.3209413452175034,0.3437072637124341,0.4148939021539967,0.7951981784309478,0.6199601191688799,0.3125
bulk,eig,35,60.0,60.0,208.42730780033162,0.0006213001324795187,3.005056900683942,0.0,0.002499023648485754,0.1754218901676824,0.1483658108495708,0.19103472558831003,0.6401299103004734,0.5754097666636204,0.5729166666666666
bulk,eig,35,120.0,120.0,210.6165139002842,0.0013382999459281564,2.905680139948538,0.0,0.002499023648485754,0.0,0.0,0.02937541760549256,0.4911579307485754,0.4944725366386783,0.84375
bulk,eig,35,180.0,180.0,212.88953200023388,0.0025438999873586,2.8372743884927196,0.0,0.1968063634606393,0.13214871376243065,0.0,0.02937541760549256,0.40202656822539845,0.4445752515460656,1.0
bulk,eig,35,240.0,240.0,215.65116470016073,0.0034122998476959765,2.813455297593945,0.0,0.002499023648485754,0.13214871376243054,0.0,0.04746966279959197,0.4032038857348401,0.4332449244483682,1.0
bulk,eig,36,30.0,30.0,197.48497739998857,0.0006524001364596188,3.170734544597588,0.8512659633103727,0.7308858854303821,0.7291271190761826,0.7097531640925709,0.6525314886268332,1.4446161071981747,0.5636069446560766,0.3125
bulk,eig,36,60.0,60.0,198.99288900004467,0.0012804001453332603,3.081181714899674,0.5930543431281756,0.6534355323616247,0.6247067628468355,0.6178003725299295,0.5690018786391577,1.3472961766077425,0.5178838037036596,0.5625
bulk,eig,36,120.0,120.0,201.7040545999771,0.002631500014103949,2.97415707841578,0.0,0.0,0.06544674339413936,0.1351432380359654,0.14419674389095305,0.6543662996057831,0.4371323855063632,0.8125
bulk,eig,36,180.0,180.0,204.13866460014833,0.003932500025257468,2.912032812745531,0.0,0.0,0.06544674339413936,0.1351432380359654,0.14419674389095305,0.5539388177987203,0.405617384841524,0.96875
bulk,eig,36,240.0,240.0,206.58634490030818,0.005408499855548143,2.8441797928981263,0.0,0.0,0.0,0.0271372050733234,0.03856037127558931,0.419725138225937,0.38040819655001845,1.0
bulk,eig,37,30.0,30.0,193.46294179995311,0.0006060999003238976,3.048638820033941,0.47890656822479993,0.2712777036835742,0.34605557834148715,0.2956017312313658,0.3636123038112983,0.8062290546675058,0.587352728824523,0.3125
bulk,eig,37,60.0,60.0,194.90217449999182,0.001294500136282295,3.019296626377639,0.0,0.13837320129121722,0.1349235923591925,0.2179234557637394,0.16169239756993792,0.6635547958664344,0.5500744549812797,0.5729166666666666
bulk,eig,37,120.0,120.0,197.47686429973692,0.002489799982868135,2.901062309539867,0.2346261350567539,0.21612087440240535,0.007568759662925029,0.0,0.07960088907197893,0.5098920773189345,0.46605342159938673,0.84375
bulk,eig,37,180.0,180.0,200.07238489965675,0.003785100008826703,2.8624653806050744,0.2346261350567539,0.0,0.007568759662925029,0.0,0.0,0.4435328012148476,0.4390885388829984,0.9895833333333334
bulk,eig,37,240.0,240.0,202.52808269974776,0.0051865000277757645,2.836981138189652,0.2346261350567539,0.0,0.007568759662925029,0.0,0.0,0.41425901766114315,0.4226347598982611,1.0
bulk,eig,38,30.0,30.0,203.71658969984856,0.001410899800248444,3.062343197746218,0.0,0.0,0.0709663591351386,0.1053398768810978,0.14881358162017433,0.8882007479693513,0.6413541391905494,0.3125
bulk,eig,38,60.0,60.0,205.1434292998747,0.002069499809294939,3.0044409360491877,0.0,0.0,0.0709663591351386,0.1053398768810978,0.0916434309320534,0.7533102124779888,0.5937896227869076,0.5625
bulk,eig,38,120.0,120.0,207.79003189940704,0.003377899352926761,2.917626932966307,0.0,0.0,0.0709663591351386,0.08978380002691755,0.07284342509569974,0.6131524500968103,0.4843131718974287,0.84375
bulk,eig,38,180.0,180.0,210.0105939990608,0.004577399115078151,2.8691868632952713,0.0,0.0,0.0709663591351386,0.05924126523726403,0.07284342509569974,0.5268274851343412,0.45417984442663106,1.0
bulk,eig,38,240.0,240.0,212.35655859927647,0.0057790991850197315,2.8315061161884327,0.0,0.0,0.0,0.05924126523726403,0.07284342509569974,0.4826495040364954,0.4413914164236385,1.0
bulk,eig,39,30.0,30.0,204.3400955001125,0.0005577999399974942,3.144325963827361,0.0,0.07035752438611154,0.18741802264882823,0.12365681432160303,0.1620206014987201,0.8555887352655247,0.5686952683223879,0.3125
bulk,eig,39,60.0,60.0,205.718131099944,0.0011705001234076917,3.089940857424836,0.0,0.07035752438611154,0.052905575388039416,0.0129817478916332,0.0669578315453585,0.7742187445502398,0.5378153549928697,0.5520833333333334
bulk,eig,39,120.0,120.0,208.10156999988249,0.0024161000037565827,2.9936183585442357,0.0,0.005934953009078203,0.052905575388039416,0.0129817478916332,0.0669578315453585,0.5677073854997827,0.4691828913328608,0.8125
bulk,eig,39,180.0,180.0,210.47127330000512,0.0035413004807196558,2.9583406935116088,0.0,0.005934953009078203,0.052905575388039416,0.12148442248522018,0.06695783154535861,0.5731299234371139,0.41790839965553467,0.9895833333333334
bulk,eig,39,240.0,240.0,212.60039319976931,0.004795100656338036,2.8725099132554615,0.0,0.005934953009078203,0.052905575388039416,0.0129817478916332,0.04678155722770627,0.43890771461388356,0.4041516213093133,1.0
bulk,eig,40,30.0,30.0,203.3257624998223,0.0005043000564910471,3.171423232799478,0.0,0.2992658470036381,0.3166081511942582,0.33758975427389437,0.28147076678523375,1.1742061045772387,0.5754841979811651,0.3125
bulk,eig,40,60.0,60.0,204.81896590004908,0.0010411998955532908,3.0959111254466145,0.0,0.2992658470036381,0.3166081511942582,0.27269512630306725,0.3084511974256917,1.0345521296674687,0.5195520500557154,0.5416666666666666
bulk,eig,40,120.0,120.0,207.2917336000828,0.002264900307636708,3.01066593748237,0.0,0.0,0.045786263781075864,0.037245245061709675,0.05982518295123507,0.652514376181343,0.43557241990308637,0.8333333333333334
bulk,eig,40,180.0,180.0,209.42539790010778,0.003293500281870365,2.957453331617762,0.0,0.24867597642446881,0.0029456069432038934,0.039806126723031965,0.01252738129712172,0.5795926801076124,0.39030568333481647,0.9895833333333334
bulk,eig,40,240.0,240.0,211.25879649969283,0.0041085005505010486,2.8831170282516716,0.0,0.24867597642446881,0.0029456069432038934,0.039806126723031965,0.01252738129712172,0.5249625983274532,0.3756515641447579,1.0
bulk,eig,41,30.0,30.0,208.74211379990447,0.0005905998405069113,3.313376917940472,0.04885743558879829,0.10518562052059677,0.28198529605181055,0.42584135711605353,0.3952919126927915,0.9559970392790242,0.5759367935711189,0.3125
bulk,eig,41,60.0,60.0,210.0698896999238,0.0012665998074226081,3.285613383737939,0.20523214136174073,0.10518562052059677,0.28198529605181055,0.42584135711605353,0.3952919126927915,0.9212165597301638,0.54800309851301,0.59375
bulk,eig,41,120.0,120.0,211.96516869985498,0.0021195996087044477,3.1574646300106117,0.0,0.0,0.005204431082027061,0.1612146396243741,0.043268620535836244,0.6755445828394537,0.4738481054328738,0.8020833333333334
bulk,eig,41,180.0,180.0,213.83700919989496,0.0030045995954424143,3.0578547656022033,0.0,0.0,0.005204431082027061,0.1612146396243741,0.043268620535836244,0.5427399316758087,0.42017749826772677,0.9791666666666666
bulk,eig,41,240.0,240.0,215.59939859970473,0.0038702994352206588,2.9861400897826003,0.0,0.0,0.0,0.0,0.013239410232943616,0.47324972302814317,0.401800420322981,1.0
bulk,eig,42,30.0,30.0,209.95555199997034,0.00041019998025149107,3.1672011065778896,0.0,0.18344492626458775,0.12533450419781966,0.07807067293445857,0.16352077406871912,1.0561729981346835,0.6158476820961782,0.3125
bulk,eig,42,60.0,60.0,211.00157179986127,0.0008376999176107347,3.100627886242832,0.0,0.0028005526034621253,-2.220446049250313e-16,0.10555006278834023,0.09249095556972975,0.945351590041671,0.5627992282883552,0.5416666666666666
bulk,eig,42,120.0,120.0,213.0201551001519,0.0016974002355709672,2.9428441985088356,0.0,0.0,0.025338251261279865,0.0,0.02407952168778249,0.6868020103360748,0.471059386574039,0.8125
bulk,eig,42,180.0,180.0,214.80807860009372,0.002499100170098245,2.8576185304703485,0.0,0.03932052416323106,0.025338251261279643,-2.220446049250313e-16,0.0,0.5574873516424658,0.4333289113677298,0.9791666666666666
bulk,eig,42,240.0,240.0,216.59987240028568,0.003417100291699171,2.8389892778240715,0.0,0.0,0.025338251261279865,0.0,0.0,0.5443287912407002,0.4245036217586396,1.0
bulk,eig,43,30.0,30.0,210.05512420041487,0.0005350998835638165,3.237710420353866,0.06499276227661721,0.30766667912059076,0.36111352191782,0.30185382609916034,0.3052893457536052,1.4814303213040438,0.610268297352316,0.3125
bulk,eig,43,60.0,60.0,211.07201820035698,0.0009249997674487531,3.066074562984421,0.22331329724422333,0.11540695708557702,0.0,0.0,0.005166448760045239,0.798466045270555,0.5552231831210269,0.5208333333333334
bulk,eig,43,120.0,120.0,213.27684010053053,0.001769099966622889,2.966205522695624,0.22331329724422333,0.08181909187785608,0.0,0.0,0.008402336188999437,0.5610526122677739,0.45087479285984855,0.84375
bulk,eig,43,180.0,180.0,215.0836624004878,0.002642899693455547,2.9112387647409146,0.22331329724422333,0.08181909187785608,0.0,0.0,0.008402336188999437,0.5075354716365831,0.41138498328950085,1.0
bulk,eig,43,240.0,240.0,216.97464040049817,0.0035548998857848346,2.846076877839865,0.0,0.0,0.0,0.0,0.005166448760045239,0.35760799158429213,0.4013622928802875,1.0
bulk,eig,44,30.0,30.0,205.12239879998378,0.0005629999795928597,3.008056623640736,0.5317911584081663,0.3192804546709932,0.38010387443295135,0.34519900875535203,0.33209371366751506,1.0267019809685773,0.6257087345711027,0.3125
bulk,eig,44,60.0,60.0,206.41347790003056,0.001157099788542837,2.9774515705711195,0.3344074132061807,0.3192804546709932,0.2979542708223587,0.34519900875535203,0.33209371366751506,0.9952669857992202,0.5987555075460844,0.5625
bulk,eig,44,120.0,120.0,208.47368530009408,0.00199489964870736,2.8697892296359324,0.0,0.11850661846540711,0.0,0.0,0.0,0.5067302199791481,0.5057215281204305,0.8229166666666666
bulk,eig,44,180.0,180.0,210.1497405001428,0.002877799852285534,2.7970513226229397,0.0,0.11850661846540711,0.0,0.0,0.029652471694154525,0.42109487515941624,0.45277812204366297,1.0
bulk,eig,44,240.0,240.0,211.86739569989732,0.003736299811862409,2.759398097273332,0.0,0.0,0.0,0.0,0.02785998259794542,0.37203167143481713,0.44842611918079484,1.0
bulk,eig,45,30.0,30.0,205.3902729000547,0.0003923000767827034,3.073074975830201,0.0,0.17705719377845475,0.24479061890063547,0.26096341634576126,0.3212372107216426,0.9086012334608369,0.5372404128426408,0.3125
bulk,eig,45,60.0,60.0,206.58297840005253,0.0008107000030577183,3.038704474578409,0.0,0.15385138543865517,0.24377624589047409,0.3152651668648634,0.3078281108565989,0.8880158476327285,0.4689263716305331,0.5833333333333334
bulk,eig,45,120.0,120.0,208.57794380013365,0.001939200155902654,2.8948128685627155,0.0,0.0676514116811846,0.1186387717155093,0.13205127807095296,0.11538813018016603,0.5444547238999855,0.4156043786897489,0.8229166666666666
bulk,eig,45,180.0,180.0,210.49231160036288,0.0027884000446647406,2.854064729456597,0.0,0.15385138543865517,0.1182405104046158,0.131709485925957,0.11538813018016603,0.4815960770148787,0.3706003882215356,0.96875
bulk,eig,45,240.0,240.0,212.50338220025878,0.0038010001881048083,2.819210983885609,0.0,0.0676514116811846,0.1182405104046158,0.131709485925957,0.11538813018016603,0.44422036293024614,0.3540933749843701,1.0
bulk,eig,46,30.0,30.0,204.09686809999403,0.00040289986645802855,3.0882933912750747,0.0,0.06237032183653379,0.02098900127441139,0.046501280253066546,0.0,0.7419881765141834,0.5708174325823394,0.3125
bulk,eig,46,60.0,60.0,205.17594070010819,0.0007659998373128474,3.038645862798663,0.0,0.06237032183653379,0.02098900127441139,0.046501280253066546,0.0,0.6219530579898569,0.5203631477830528,0.5625
bulk,eig,46,120.0,120.0,207.27136300021084,0.001594799803569913,2.9323612836952164,0.0,0.06237032183653379,0.04982573845784477,0.07093625991151009,0.09674978582939942,0.4585489971467159,0.4566211864794704,0.875
bulk,eig,46,180.0,180.0,209.05602680024458,0.00243979983497411,2.887154805952598,0.0,0.06237032183653379,0.04982573845784477,0.0,0.0,0.43595692932333024,0.4218223480485377,1.0
bulk,eig,46,240.0,240.0,211.00318540027365,0.0034697000519372523,2.849529937206979,0.0,0.06237032183653379,0.02098900127441139,0.0,0.0,0.35991564117937386,0.41743373424306723,1.0
bulk,eig,47,30.0,30.0,217.04379090026487,0.0005845001433044672,3.3237445138010977,0.007429293762375999,0.08425184153325405,0.1951911807879757,0.32793547823466207,0.3538675815825919,1.277343264314758,0.6000056181528497,0.3125
bulk,eig,47,60.0,60.0,218.3266519003082,0.001120000146329403,3.170200109525808,0.0,0.08052334460257093,0.012284294104503712,0.0,0.013096937198803782,0.6888635572933425,0.5572891837297079,0.5520833333333334
bulk,eig,47,120.0,120.0,220.55449730035616,0.0023118002573028207,3.088419973984884,0.0,0.0628923930757258,0.0,0.0,0.013096937198803782,0.5177424721098509,0.4748634719573685,0.8229166666666666
bulk,eig,47,180.0,180.0,222.67352460045367,0.01231310039293021,3.0362106838941583,0.13274683385024943,0.06662089000640892,0.0,0.0,0.0,0.484910857778268,0.43672504790676003,0.9895833333333334
bulk,eig,47,240.0,240.0,224.6793829004746,0.013399700343143195,3.0009693695351953,0.007429293762375999,0.06662089000640892,0.05870212952855469,0.0,0.0,0.485529579233605,0.4311203686227871,1.0
bulk,eig,48,30.0,30.0,192.96811140008504,0.0006199999479576945,3.3225505896291465,0.0,0.0,0.07926557574964221,0.14737350038780028,0.18699899072956572,0.8135440497789802,0.5283908644013501,0.3125
bulk,eig,48,60.0,60.0,194.30439770017983,0.001175900048110634,3.242714417615689,0.0,0.0,0.07926557574964221,0.14737350038780028,0.18699899072956572,0.7327151919824625,0.491701444093595,0.5729166666666666
bulk,eig,48,120.0,120.0,196.7623057999299,0.0024128000950440764,3.176541920751255,0.0,0.0,0.0,0.04682638281886109,0.0745468859816455,0.66561644926976,0.44290982138347307,0.8020833333333334
bulk,eig,48,180.0,180.0,198.79913460003445,0.0035050998558290303,3.143151849104525,0.0,0.0,0.0,0.04682638281886109,0.10075647721304337,0.5717712066710906,0.4139750219598679,0.9791666666666666
bulk,eig,48,240.0,240.0,200.85652810003376,0.004769000050146133,3.070049008056438,0.0,0.0,0.0,0.04682638281886109,0.13600072516939743,0.48355782438287037,0.39528880610205863,1.0
bulk,eig,49,30.0,30.0,183.76441299996804,0.0005136003601364791,3.203845091857669,0.8681961270535818,0.7838138063877731,0.7255845729652569,0.71060273289408,0.6808020409072548,1.3687373247828103,0.5759668512483027,0.3125
bulk,eig,49,60.0,60.0,184.92452749982476,0.0010548001737333834,3.126514478228653,0.0,0.23486567875821784,0.3060440863853001,0.3704782401975504,0.3811332761427896,0.8986542230834584,0.4989962939527345,0.59375
bulk,eig,49,120.0,120.0,187.51004119962454,0.0022632998879998922,2.9689174243344723,0.0,0.0,0.09563253814132944,0.16420924559882377,0.17009327674163766,0.665853050172438,0.41567494130621674,0.8645833333333334
bulk,eig,49,180.0,180.0,189.9208266994101,0.0033179999445565045,2.850177881436838,0.0,0.0,0.0,0.07838345075437747,0.09891873837376042,0.4067866307691513,0.38502944728336747,0.9895833333333334
bulk,eig,49,240.0,240.0,192.20135509967804,0.006105199747253209,2.8024218578726554,0.0,0.0,0.0,0.05269856508197612,0.07591209600147397,0.3562100178870627,0.3674633728331845,1.0
bulk,eig@logskewnormal-poisson-m8k,0,30.0,30.0,1068.5329805999645,2.1302240998484194,3.21831684167468,0.1419859063633485,0.3030603582697473,0.29329822549449425,0.35998729883416747,0.41714862477941217,1.1330904682473688,0.6083248390514482,0.3125
bulk,eig@logskewnormal-poisson-m8k,0,60.0,60.0,1323.9853731999174,4.073996899824124,3.1714939451796647,0.0,0.0,0.09812097291781519,0.090778918156877,0.07256974881141376,0.8040823687559123,0.5843232237707005,0.5729166666666666
bulk,eig@logskewnormal-poisson-m8k,0,120.0,120.0,1834.0187997000176,8.195136099937372,3.0845822148684383,0.0,0.0,0.09812097291781519,0.08311315108860873,0.07256974881141376,0.7286728339815235,0.4735129604808158,0.9375
bulk,eig@logskewnormal-poisson-m8k,0,180.0,177.0,2320.2373255000566,12.2368123998167,2.9898142060262067,0.0,0.0,0.051527828461635616,0.05131229914848856,0.07256974881141376,0.6369974803066082,0.435372548655511,1.0
bulk,eig@logskewnormal-poisson-m8k,0,240.0,226.0,2747.2437893995084,15.526459899672773,2.9734474394541413,0.0,0.0,0.051527828461635616,0.05131229914848856,0.07256974881141376,0.6432471526508605,0.43023322993921603,1.0
bulk,eig@logskewnormal-poisson-m8k,1,30.0,30.0,1069.9749775999808,2.008895499864593,3.1295848881345374,0.0,0.0,0.1412068578851704,0.11413275709333726,0.14309020292380847,0.8438134353660541,0.5984335609899761,0.3125
bulk,eig@logskewnormal-poisson-m8k,1,60.0,60.0,1324.3982274997397,3.9648144998936914,3.067751889931877,0.0,0.0,0.1412068578851704,0.11413275709333726,0.14309020292380847,0.7823968259397176,0.5297765807535975,0.6145833333333334
bulk,eig@logskewnormal-poisson-m8k,1,120.0,120.0,1833.9327684997115,8.246571199968457,2.978901003454362,0.0,0.0,0.0,0.06048083775577395,0.09527590233873218,0.6900580371609519,0.433143513516861,0.90625
bulk,eig@logskewnormal-poisson-m8k,1,180.0,177.0,2319.934769699641,12.385248999751639,2.848497317286279,0.0,0.009994916171171098,1.1102230246251565e-16,1.1102230246251565e-16,0.04137570656200562,0.46370127373879505,0.3770637747469161,0.9895833333333334
bulk,eig@logskewnormal-poisson-m8k,1,240.0,232.0,2797.4561365998816,16.208326899854,2.811668785720929,0.0,0.009994916171171098,0.01416553478668392,0.0,0.0413757065620054,0.4170136370093749,0.3706138118228948,1.0
bulk,eig@logskewnormal-poisson-m8k,2,30.0,30.0,1071.618873600033,2.0343446997576393,3.213199689766538,0.0,0.0,0.16069794862858844,0.19378051910959715,0.21074877038007767,0.8289832964685181,0.5917134247379006,0.3125
bulk,eig@logskewnormal-poisson-m8k,2,60.0,60.0,1325.8381827000412,3.9551598998368718,3.1656284499897662,0.0,0.0,0.16069794862858844,0.19378051910959715,0.21074877038007767,0.7335459531604989,0.5369292255533656,0.6041666666666666
bulk,eig@logskewnormal-poisson-m8k,2,120.0,119.0,1826.2103871003492,8.061735899827909,3.0956857925562145,0.0,0.0,0.0,0.05551045069714444,0.08334319007111846,0.5819163652471907,0.452692668965487,0.9375
bulk,eig@logskewnormal-poisson-m8k,2,180.0,176.0,2312.2141436002566,12.158287299971562,3.022419575377414,0.0,0.0,0.0,0.0,0.03695481824582958,0.46063153017919617,0.4156016206223915,1.0
bulk,eig@logskewnormal-poisson-m8k,2,240.0,229.0,2770.928071500326,15.847113800409716,2.9899127290926657,0.0,0.0,0.0,0.0,0.03228375472536393,0.4446983843914219,0.39668980655745933,1.0
bulk,eig@logskewnormal-poisson-m8k,3,30.0,30.0,1074.9168070000596,2.224682300060522,3.266470043388018,0.0,0.0,0.1177423243450092,0.10112868757825333,0.09015031721027633,0.9137831546397062,0.5784136913722793,0.3125
bulk,eig@logskewnormal-poisson-m8k,3,60.0,60.0,1329.5257352000917,4.21879009983968,3.232608966550492,0.6934524701891533,0.2333036911759817,0.049110539941082165,0.04218096150325856,0.09015031721027633,0.923892448345275,0.5258904177023346,0.6041666666666666
bulk,eig@logskewnormal-poisson-m8k,3,120.0,120.0,1839.2083033997915,8.365243899694178,3.1871872469399847,0.0,0.0,0.04911053994108194,0.04218096150325856,0.06120469998450817,0.7352739607498187,0.4580044953596087,0.9166666666666666
bulk,eig@logskewnormal-poisson-m8k,3,180.0,177.0,2325.1730175000266,12.320214599603787,3.1263205785127233,0.0,0.0,0.02980108744103438,0.10112868757825311,0.09015031721027622,0.6256397032750971,0.398558407574991,1.0
bulk,eig@logskewnormal-poisson-m8k,3,240.0,229.0,2776.1854431002284,15.89356499974383,3.0704332323557324,0.0,0.0,0.02980108744103438,0.04218096150325845,0.09015031721027622,0.6219282131077182,0.37476254642218587,1.0
bulk,eig@logskewnormal-poisson-m8k,4,30.0,30.0,1073.5720312000485,2.072165400139056,3.1766105798961526,0.0,0.0,0.0,0.08602608672409662,0.08597651408634044,0.9596464046678498,0.5879116845909006,0.3125
bulk,eig@logskewnormal-poisson-m8k,4,60.0,60.0,1327.2109086999553,4.037574000249151,3.087970512379125,0.0,0.0,0.0,0.057794955997924835,0.1038682892440661,1.0166796745141042,0.5255787318196755,0.59375
bulk,eig@logskewnormal-poisson-m8k,4,120.0,120.0,1837.73371819983,8.330482700199354,3.015444624616108,0.0,0.0,0.0,0.05119163460375409,0.0536439663106848,0.9832369659039191,0.4109656242420055,0.96875
bulk,eig@logskewnormal-poisson-m8k,4,180.0,174.0,2298.8756748999003,12.22585610015085,2.9049165816546605,0.0,0.0,0.051839241915331735,0.0,0.0,0.6302543327277716,0.38288716940393724,1.0
bulk,eig@logskewnormal-poisson-m8k,4,240.0,225.0,2733.4583079998265,15.827898600138724,2.8985270935516074,0.0,0.0,0.051839241915331735,0.0,0.0,0.5085923150675816,0.3780060092097491,1.0
bulk,eig@logskewnormal-poisson-m8k,5,30.0,30.0,1075.7516017998569,2.1323519002180547,3.177544782525189,0.5423764954059687,0.5299531322178976,0.5765115344136806,0.5372262185040395,0.5397345330180314,1.2951199578926553,0.6075062186980832,0.3125
bulk,eig@logskewnormal-poisson-m8k,5,60.0,60.0,1329.1941123998258,4.078776000009384,3.0812558844529545,0.3348133350506597,0.0,0.06145177569479343,0.09984571560893896,0.14304185541072278,0.8173878774021565,0.5393092292515576,0.5833333333333334
bulk,eig@logskewnormal-poisson-m8k,5,120.0,120.0,1839.7965326000121,8.363508100272156,3.011574621870068,0.3348133350506597,0.0,0.06145177569479343,0.09984571560893896,0.005340936488760106,0.7505295872718697,0.4544261603597738,0.9270833333333334
bulk,eig@logskewnormal-poisson-m8k,5,180.0,177.0,2325.5481013000244,12.480144200148061,2.9110366808973773,0.0,0.0,0.06145177569479343,0.09984571560893896,0.005340936488760106,0.5226347439609904,0.40426827927467607,1.0
bulk,eig@logskewnormal-poisson-m8k,5,240.0,232.0,2802.7715230999747,16.2635186999687,2.8417878239401873,0.0,0.0,0.12004719568778255,0.09984571560893896,0.005340936488760106,0.42875702549464867,0.3907889445632645,1.0
bulk,eig@logskewnormal-poisson-m8k,6,30.0,30.0,1079.7126020000433,2.1394357997342013,3.2332940361579428,0.0,0.11620560986709161,0.2068405487699574,0.1395092334919008,0.10482152681591628,1.1692168814979014,0.6298967086920211,0.3125
bulk,eig@logskewnormal-poisson-m8k,6,60.0,60.0,1335.1206657001749,4.2251968997879885,3.159932269318201,0.0,0.11620560986709161,0.2068405487699574,0.1978277425724705,0.12390258543303923,1.0000951909109395,0.567335484710224,0.59375
bulk,eig@logskewnormal-poisson-m8k,6,120.0,120.0,1847.6989662004053,8.26253149996046,3.0551611262178224,0.0,0.054854258347196705,0.039439265980589555,0.07482094644649273,0.06645086118837873,0.7762062092048971,0.4528508261206021,0.9270833333333334
bulk,eig@logskewnormal-poisson-m8k,6,180.0,177.0,2335.0286201006384,12.300285400007851,2.9482385474687938,0.0,0.004780149589788452,0.0432041975146088,0.0,0.017507079618267696,0.6242396317280082,0.4187314739734472,1.0
bulk,eig@logskewnormal-poisson-m8k,6,240.0,228.0,2771.350086600636,15.669707699737046,2.9115968079072645,0.0,0.004780149589788452,0.0432041975146088,0.0,0.0,0.5851880092113255,0.4075260322094825,1.0
bulk,eig@logskewnormal-poisson-m8k,7,30.0,30.0,1076.3088656998589,2.1043722999747843,3.126456307271214,0.6713828167356015,0.5044979112215051,0.3949397670529734,0.3694987037864206,0.3559712861276959,0.8471889720766034,0.5614007388877764,0.3125
bulk,eig@logskewnormal-poisson-m8k,7,60.0,60.0,1330.910672799684,4.063997899822425,3.083522143225702,0.6713828167356015,0.5044979112215051,0.3949397670529734,0.3694987037864206,0.3559712861276959,0.7171996681414304,0.5012349837876612,0.625
bulk,eig@logskewnormal-poisson-m8k,7,120.0,120.0,1839.2555886995979,8.335870500013698,2.9609421455223264,0.0,0.1559949781898572,0.07119741508081112,0.11209074221166437,0.07475961113935048,0.48132453205412906,0.3767959000488977,0.9895833333333334
bulk,eig@logskewnormal-poisson-m8k,7,180.0,177.0,2325.4554086995777,12.389794199843891,2.895970866534769,0.0,0.0,0.07119741508081112,0.11209074221166437,0.1203808766120733,0.4069914075894821,0.34707266736155973,1.0
bulk,eig@logskewnormal-poisson-m8k,7,240.0,235.0,2828.5362127994886,16.512873200001195,2.857249010620573,0.0,0.1559949781898572,0.07119741508081112,0.11209074221166437,0.1203808766120733,0.37604663015029377,0.3315103526716123,1.0
bulk,eig@logskewnormal-poisson-m8k,8,30.0,30.0,1077.243182299775,2.1131075002485886,3.1137362679705967,0.0,0.0,0.0,0.0,0.04196268691994054,0.870132017072529,0.6006133618310532,0.3125
bulk,eig@logskewnormal-poisson-m8k,8,60.0,60.0,1332.231595199788,4.0744136000867,3.08129873503448,0.0,0.0,0.0,0.0,0.04196268691994054,0.9300058683406416,0.5656190932381914,0.5520833333333334
bulk,eig@logskewnormal-poisson-m8k,8,120.0,120.0,1841.379329699499,8.23023370030569,3.0116553629145693,0.0,0.0,0.0,0.013477887330978322,0.0,0.7422240521273997,0.4762297258531658,0.8645833333333334
bulk,eig@logskewnormal-poisson-m8k,8,180.0,177.0,2327.211254699505,12.36294600047404,3.029052165457926,0.0,0.0,0.0,0.013477887330978322,0.0,0.7162423414351757,0.41495232938722604,1.0
bulk,eig@logskewnormal-poisson-m8k,8,240.0,225.0,2735.1343164994614,15.623087500280235,2.9755938549092504,0.0,0.0,0.0,0.013477887330978322,0.014156909092402303,0.6085596152430838,0.400118351257418,1.0
bulk,eig@logskewnormal-poisson-m8k,9,30.0,30.0,1079.6775937000057,2.1244030001107603,3.254263812564897,0.2785345721766399,0.0,0.04988883946136524,0.13262726323598917,0.05309983615220881,1.0734350220871691,0.6205222065100443,0.3125
bulk,eig@logskewnormal-poisson-m8k,9,60.0,60.0,1334.599083300156,4.061825799988583,3.2080628487847065,0.2785345721766399,0.0,0.04988883946136524,0.13262726323598917,0.05309983615220881,1.0462209749744336,0.5855414341787719,0.5625
bulk,eig@logskewnormal-poisson-m8k,9,120.0,120.0,1845.11900000053,8.300652900186833,3.0689978201321755,0.2785345721766399,0.0,0.04988883946136524,0.0,0.06870718743168969,0.8992313814181147,0.476343052258307,0.9166666666666666
bulk,eig@logskewnormal-poisson-m8k,9,180.0,179.0,2351.147381300223,12.483984600112308,3.015692570023429,0.2785345721766399,0.0,0.04988883946136524,0.0,0.03728535271679212,0.7627476944274021,0.43502784880167567,1.0
bulk,eig@logskewnormal-poisson-m8k,9,240.0,231.0,2797.2132529005175,15.931253000162542,2.9216818262430153,0.0,0.0,0.04988883946136524,0.0,0.03728535271679212,0.5041271916460238,0.414329641824484,1.0
bulk,eig@logskewnormal-poisson-m8k,10,30.0,30.0,1071.9015674997936,2.0516756998258643,3.1583700537469137,0.21976430256018553,0.43487802594439595,0.49125627060650523,0.4586426268529903,0.2796452394537735,0.951343679813226,0.6065783162925258,0.3125
bulk,eig@logskewnormal-poisson-m8k,10,60.0,60.0,1326.5215176998172,3.953495899681002,3.080011372839291,0.0,0.01569963375519612,0.2189257084580548,0.232855507817592,0.22323412553906274,0.7028796963051301,0.5419494158278534,0.59375
bulk,eig@logskewnormal-poisson-m8k,10,120.0,120.0,1836.1287120995694,7.93301769963,2.994120024717326,0.0,0.01569963375519612,-2.220446049250313e-16,0.02898400057632955,0.008269056456349788,0.5147643748076685,0.47379360883992355,0.8333333333333334
bulk,eig@logskewnormal-poisson-m8k,10,180.0,179.0,2339.008461199701,12.232850199739914,2.9008297671793826,0.0,0.01569963375519612,-2.220446049250313e-16,0.06279161508554743,0.06417468922714464,0.41526066404510564,0.41420278376556297,1.0
bulk,eig@logskewnormal-poisson-m8k,10,240.0,234.0,2807.5096523998654,16.017566399648786,2.865164707353514,0.0,0.0,0.0,0.02898400057632966,0.00826905645635001,0.41610157915573004,0.400897904698796,1.0
bulk,eig@logskewnormal-poisson-m8k,11,30.0,30.0,1067.2449156999937,2.1447807998629287,3.1561081262318744,0.5955844820428887,0.3414672335336677,0.09161121647607195,0.16926050553102845,0.18925133423154394,1.1161059236471906,0.622563609004143,0.3125
bulk,eig@logskewnormal-poisson-m8k,11,60.0,60.0,1322.6622653001104,4.121217200066894,3.065650409888987,0.0,0.19480460605077665,0.09161121647607207,0.16926050553102867,0.1054339914479846,0.8028052914831144,0.5529694756488994,0.5833333333333334
bulk,eig@logskewnormal-poisson-m8k,11,120.0,120.0,1832.3860240001231,8.212712600303348,2.9957653452777273,0.0,0.0,0.09161121647607207,0.16926050553102867,0.1543178896518772,0.6347997414211863,0.4577556380660845,0.8541666666666666
bulk,eig@logskewnormal-poisson-m8k,11,180.0,177.0,2320.221808700473,12.282957900490146,2.9419351988508855,0.0,0.0,0.09161121647607207,0.1771158403016122,0.1610968017457065,0.545532556787892,0.40340271250175047,1.0
bulk,eig@logskewnormal-poisson-m8k,11,240.0,229.0,2772.114786000573,15.9439427004545,2.8973468111155136,0.2558078094946533,0.0,0.09161121647607207,0.1771158403016122,0.15284551796894807,0.4997309472957106,0.3898013382571334,1.0
bulk,eig@logskewnormal-poisson-m8k,12,30.0,30.0,1068.376916000212,2.146340899867937,3.249048031062383,0.0,0.3222942113237721,0.4158483283839689,0.46174511317513833,0.4142140535949763,1.1038343359325724,0.6183151902280034,0.3125
bulk,eig@logskewnormal-poisson-m8k,12,60.0,60.0,1322.1763740002643,4.129545299743768,3.163083499494713,0.16232208603999354,0.03238764078072254,0.15731170651904414,0.24769433862016021,0.2771384468659942,0.897300257057385,0.5589144176154394,0.5520833333333334
bulk,eig@logskewnormal-poisson-m8k,12,120.0,120.0,1832.0097240000614,8.402971999661531,3.088295125162516,0.0,0.03238764078072254,0.20894966601263287,0.2567167360001623,0.28491049565023674,0.7455496533809173,0.47536010344249496,0.9166666666666666
bulk,eig@logskewnormal-poisson-m8k,12,180.0,180.0,2342.074211500061,12.454426899494138,3.0308597613750146,0.0,0.03238764078072254,0.20894966601263287,0.2567167360001623,0.2785095919169035,0.6932950206799919,0.42659282295517664,1.0
bulk,eig@logskewnormal-poisson-m8k,12,240.0,226.0,2741.9974127000896,15.730307799356524,2.981501044771079,0.0,0.03238764078072254,-2.220446049250313e-16,0.07304970139314193,0.07938511896206035,0.5307305934312532,0.42080247493784395,1.0
bulk,eig@logskewnormal-poisson-m8k,13,30.0,30.0,1072.063301300106,1.9905496999854222,3.164260894191347,0.0,0.17051315527527855,0.2186936850634842,0.23284219502850179,0.1675531245744042,1.058757378929207,0.6686042244448217,0.3125
bulk,eig@logskewnormal-poisson-m8k,13,60.0,60.0,1325.9815140002174,4.054827900079545,3.1042175064852198,0.0,0.11087561601322549,0.20545533368474622,0.23452095415718355,0.21815152493521983,1.0060564445284261,0.5721223485145462,0.6041666666666666
bulk,eig@logskewnormal-poisson-m8k,13,120.0,120.0,1835.7483908000286,8.217597400012892,2.941660959747369,0.0,0.0,0.06329163261265613,0.04554798960294737,0.05883475354424461,0.6559704822819551,0.45766425967807733,0.9166666666666666
bulk,eig@logskewnormal-poisson-m8k,13,180.0,177.0,2319.9425704002497,12.149407700111624,2.8857520188359733,0.0,0.031517428287886506,0.0,0.04554798960294737,0.05883475354424461,0.47232202860087125,0.432427560570593,1.0
bulk,eig@logskewnormal-poisson-m8k,13,240.0,223.0,2720.21954979992,15.392938500270247,2.8322755909350477,0.0,0.031517428287886506,0.0,0.05856437149794391,0.05302607293563577,0.39666077398540495,0.4193240158528587,1.0
bulk,eig@logskewnormal-poisson-m8k,14,30.0,30.0,1072.4791836998775,2.2374930999358185,3.138798210289076,0.6360584414356751,0.3677446822649605,0.39515423986618237,0.321223704566158,0.300747414171078,1.072009754839715,0.6089551695310648,0.3125
bulk,eig@logskewnormal-poisson-m8k,14,60.0,60.0,1326.0026128998725,4.245855999877676,3.0569913245203373,0.0,0.21142111729533908,0.06273154742100173,0.04953466319969879,0.07809215195067187,0.7211184970956398,0.542909359790912,0.5833333333333334
bulk,eig@logskewnormal-poisson-m8k,14,120.0,120.0,1834.5961936998065,8.321463200089056,2.935635535817967,0.0,0.0,0.0021238540543825346,0.0,0.0,0.5108179389784664,0.4629952098948919,0.8645833333333334
bulk,eig@logskewnormal-poisson-m8k,14,180.0,180.0,2341.67322389927,12.503460400213953,2.8677014096826405,0.0,0.0,0.0021238540543825346,0.051270488957540605,0.0,0.4246024985240403,0.3946136826374448,1.0
bulk,eig@logskewnormal-poisson-m8k,14,240.0,232.0,2791.960733799089,16.21833580028033,2.8234344853516284,0.0,0.0,0.0021238540543825346,0.0,0.0,0.39313278802542717,0.37647398255642045,1.0
bulk,eig@logskewnormal-poisson-m8k,15,30.0,30.0,1070.447649200214,2.0510967999580316,3.5191471346334624,0.0,0.0,0.0,0.03712017172502291,0.06813667097229348,1.0516126672647608,0.5586469425678807,0.3125
bulk,eig@logskewnormal-poisson-m8k,15,60.0,60.0,1323.925081900321,4.191246499773115,3.428503334661395,0.0,0.0,0.0,0.03712017172502291,0.06822278769522994,0.9088700897623858,0.5083698817088113,0.6041666666666666
bulk,eig@logskewnormal-poisson-m8k,15,120.0,120.0,1832.3437217003666,8.385706799977925,3.2414303838915752,0.0,0.0,0.0,0.03712017172502291,0.017323258839714528,0.6792507874199675,0.40463874037256126,0.8645833333333334
bulk,eig@logskewnormal-poisson-m8k,15,180.0,180.0,2342.094551300106,12.63386179995723,3.1555436727297335,0.0,0.0,0.0,0.024542979053203573,0.005658373391603688,0.6110258081058798,0.36140353693182264,1.0
bulk,eig@logskewnormal-poisson-m8k,15,240.0,228.0,2751.583827800292,15.814518200058956,3.120561311985359,0.0,0.0,0.0,0.0,0.005658373391603688,0.4966492959979277,0.35784921310306905,1.0
bulk,eig@logskewnormal-poisson-m8k,16,30.0,30.0,1068.187875699834,1.9808459000196308,3.2718056478754978,0.7612096729939878,0.44994983408849487,0.3885970861602531,0.4680305457861508,0.5077738672890888,1.6604982148729626,0.6527404643026857,0.3125
bulk,eig@logskewnormal-poisson-m8k,16,60.0,60.0,1321.4509716999019,3.8888493998674676,3.1515983639408347,0.30823435120041587,0.0,0.14222250852011908,0.11872239330047596,0.21452863681366663,1.0894529830820436,0.5724041025796887,0.59375
bulk,eig@logskewnormal-poisson-m8k,16,120.0,120.0,1831.6965066000703,8.077007999585476,3.044805338963469,0.0,0.0,0.05037921940374224,0.11872239330047596,0.20388539105496883,0.779621111890897,0.4755136278501388,0.9479166666666666
bulk,eig@logskewnormal-poisson-m8k,16,180.0,177.0,2314.5310499999323,11.984244099294301,2.917813331639783,0.0,0.0,0.05037921940374224,0.11872239330047596,0.05297643829374721,0.5754559506390553,0.4254456677695581,1.0
bulk,eig@logskewnormal-poisson-m8k,16,240.0,229.0,2765.114790999971,15.610740599338897,2.866658305403046,0.0,0.0,0.05037921940374224,0.11872239330047596,0.05297643829374721,0.5385365803463579,0.40755538692151677,1.0
bulk,eig@logskewnormal-poisson-m8k,17,30.0,30.0,1072.04154009989,2.0666586000588723,3.223747882727421,0.0,0.0,0.0,0.040565608017942956,0.04889644084976197,0.7664164517572284,0.513669406487825,0.3125
bulk,eig@logskewnormal-poisson-m8k,17,60.0,60.0,1326.0084643998998,3.9762927002157085,3.148367753398487,0.0,0.0,0.05792340053811418,0.0707671713532323,0.09639049818949541,0.6123289806369521,0.45993183631344503,0.5729166666666666
bulk,eig@logskewnormal-poisson-m8k,17,120.0,120.0,1835.0659981999197,8.060794100514613,3.1404799956975555,0.0,0.0,0.06829193733675532,0.10956925332530343,0.08463706630173262,0.6844572160843364,0.38346891468803684,0.90625
bulk,eig@logskewnormal-poisson-m8k,17,180.0,180.0,2344.032438199676,12.10090740059968,3.045460053035539,0.0,0.0,0.06829193733675532,0.08018938430628797,0.1112997034765727,0.6005349847453011,0.3412428086729399,1.0
bulk,eig@logskewnormal-poisson-m8k,17,240.0,234.0,2802.2917041998007,15.949303000699729,3.0555950061871826,0.0,0.0,0.03323486981016366,0.07645673365033945,0.1112997034765727,0.4983213308157107,0.34539757484340816,1.0
bulk,eig@logskewnormal-poisson-m8k,18,30.0,30.0,1068.6212607000489,2.076602500048466,3.1772965173261523,0.6776953805282718,0.5998247324721586,0.6263313021915067,0.6201888001285808,0.3720292855793237,1.0091726720723917,0.6241229370646361,0.3125
bulk,eig@logskewnormal-poisson-m8k,18,60.0,60.0,1324.235771500098,4.180471900035627,3.135623811744214,0.40536025593833713,0.49973408779364614,0.48876877964245646,0.47387687458305894,0.47525583733992927,0.9133351860443403,0.5767830172647204,0.59375
bulk,eig@logskewnormal-poisson-m8k,18,120.0,120.0,1834.1026438000263,8.338788199878763,3.051157020743758,0.40536025593833713,0.04482090638421232,0.15333295391422597,0.12150289377102952,0.1399483514953067,0.7116415587048476,0.48324403458621207,0.9375
bulk,eig@logskewnormal-poisson-m8k,18,180.0,177.0,2317.1667846000637,12.260631600220222,2.9421471967505712,0.40536025593833713,0.2428082225448862,0.0,0.04543160208505015,0.0,0.5680318953194741,0.43742896227671985,1.0
bulk,eig@logskewnormal-poisson-m8k,18,240.0,229.0,2767.979634000163,15.797865500149783,2.8654768496500247,0.0,0.04482090638421232,0.0,0.04543160208505015,0.0,0.49361564842396455,0.4163927440771586,1.0
bulk,eig@logskewnormal-poisson-m8k,19,30.0,30.0,1068.8980203000247,2.07693049981026,3.2957883133492722,0.0,0.0,0.10614598625102656,0.19581997975299903,0.23439635204693454,0.9197259459723466,0.6010272683334916,0.3125
bulk,eig@logskewnormal-poisson-m8k,19,60.0,60.0,1324.182135299896,3.9765365996863693,3.230041885048697,0.0,0.0,0.10614598625102656,0.10862700746803933,0.18240528101135234,0.8545422774318262,0.5624490518644922,0.59375
bulk,eig@logskewnormal-poisson-m8k,19,120.0,120.0,1833.5271185000893,7.997309299593326,3.116998853649712,0.0,0.0,0.0,0.052750562958057357,0.05777792284460048,0.7968247793935438,0.488761170020276,0.84375
bulk,eig@logskewnormal-poisson-m8k,19,180.0,177.0,2317.73437189986,11.929934699379373,3.0306729133140906,0.2743184219509164,0.0,0.019160339630237444,0.09504980863610613,0.12425482163057255,0.6712934866359007,0.44137529760303446,0.9583333333333334
bulk,eig@logskewnormal-poisson-m8k,19,240.0,228.0,2753.4550044997595,15.455968899535947,2.9773700632859903,0.2743184219509164,0.0,0.019160339630237444,0.06897676043841727,0.11647295634349686,0.6258028639847542,0.41661554029461123,1.0
bulk,eig@logskewnormal-poisson-m8k,20,30.0,30.0,1069.7675619999063,1.9849149000365287,3.228453569513307,0.0,0.08651446227664827,0.08304171440997565,0.1283026833082167,0.10550638918352018,1.5816426158794934,0.5469245601143685,0.3125
bulk,eig@logskewnormal-poisson-m8k,20,60.0,60.0,1324.7720083997701,3.983237100124825,3.1881674717676827,0.0,0.08651446227664827,0.08304171440997565,0.1283026833082167,0.10550638918352018,1.5707708851777935,0.5021562410911018,0.6145833333333334
bulk,eig@logskewnormal-poisson-m8k,20,120.0,120.0,1835.5830938996514,8.190771000110544,3.115957482433281,0.0,0.08171042833693487,0.06769904186325404,0.11431723864414778,0.15105573356379132,1.0616770308222598,0.4152667373984526,0.9270833333333334
bulk,eig@logskewnormal-poisson-m8k,20,180.0,177.0,2320.9275715996628,12.204878800199367,3.051939435487468,0.0,0.0,0.009181820535113516,0.05939300984078111,0.10165677142409513,0.7050257826130976,0.3789537897492458,1.0
bulk,eig@logskewnormal-poisson-m8k,20,240.0,229.0,2771.1576589997276,15.681000800279435,2.987753867567371,0.0,0.0,0.009181820535113516,0.06297952681629593,0.10165677142409513,0.6147679719946199,0.3623693359189394,1.0
bulk,eig@logskewnormal-poisson-m8k,21,30.0,30.0,1073.1448400000809,2.115221200103406,3.1926309143379163,0.0,0.01102913629152058,0.007846699964304427,0.01242623547347621,0.0,0.7459687799181424,0.5828443985191316,0.3125
bulk,eig@logskewnormal-poisson-m8k,21,60.0,60.0,1328.4394741997821,4.173232500266749,3.133137340255504,0.0,0.004890268971063372,0.007846699964304538,0.01242623547347621,0.0,0.6604714814154823,0.54839550798852,0.5625
bulk,eig@logskewnormal-poisson-m8k,21,120.0,120.0,1841.089424599486,8.360893800097983,3.07833716059976,0.0,0.004890268971063372,0.007846699964304538,0.0,0.0,0.5666796437785834,0.44376519951335863,0.875
bulk,eig@logskewnormal-poisson-m8k,21,180.0,177.0,2328.049180299451,12.306752399948891,3.0061537200694146,0.0,0.004890268971063372,0.007846699964304538,0.0,0.0,0.5085674464283074,0.40746170448320956,1.0
bulk,eig@logskewnormal-poisson-m8k,21,240.0,232.0,2807.02612699935,16.15371340001002,2.9450054390632654,0.0,0.004890268971063372,0.007846699964304538,0.0,0.0,0.4510934213086127,0.3978119672399001,1.0
bulk,eig@logskewnormal-poisson-m8k,22,30.0,30.0,1068.5170827999827,2.0063332999125123,3.5364290495678996,0.0,0.3819845801065104,0.40565521337504284,0.3521877571970602,0.35020130920796544,2.390350448779105,0.5814921552818189,0.3125
bulk,eig@logskewnormal-poisson-m8k,22,60.0,60.0,1322.4904199998127,3.992086899757851,3.3704557859674282,0.0,0.0,0.0,0.04371022209708675,0.06502458681663015,0.9159215177520529,0.5126257148347789,0.5729166666666666
bulk,eig@logskewnormal-poisson-m8k,22,120.0,120.0,1830.52205399971,8.170193299825769,3.2427275757774443,0.0,0.0,0.0,0.003785622163953728,0.04040857584201307,0.7467555877217769,0.4294375960282065,0.9166666666666666
bulk,eig@logskewnormal-poisson-m8k,22,180.0,174.0,2288.9419271997176,12.051447899953928,3.15318564092172,0.0,0.0,0.0,0.003785622163953728,0.009527184672344258,0.53731924701368,0.38354540973034856,1.0
bulk,eig@logskewnormal-poisson-m8k,22,240.0,225.0,2722.958502299851,15.562936200061813,3.0961176412250353,0.0,0.0,0.020543402010223755,0.02257272363855478,0.0,0.5049849594377258,0.36739216577815964,1.0
bulk,eig@logskewnormal-poisson-m8k,23,30.0,30.0,1087.6811498000752,2.0927272001863457,3.308330849281401,0.0,0.0,0.04842216513930142,0.09128235294387554,0.11333767646875736,1.137391849898461,0.5812587683736253,0.3125
bulk,eig@logskewnormal-poisson-m8k,23,60.0,60.0,1346.4965889001032,4.11614720034413,3.220819823268266,0.0,0.0,0.04842216513930142,0.0,0.03505285953875803,0.8360626940188328,0.521543735733955,0.5833333333333334
bulk,eig@logskewnormal-poisson-m8k,23,120.0,120.0,1863.3841424000566,8.329606100451201,3.112013601454978,0.0,0.0,0.04842216513930142,0.0,0.0034999151229940795,0.5418112097055228,0.45302563446522964,0.90625
bulk,eig@logskewnormal-poisson-m8k,23,180.0,180.0,2380.501891799853,12.429516300268006,3.030585329252174,0.0,0.0,0.04842216513930142,0.0,0.0034999151229940795,0.5274346374574153,0.4020597906256498,1.0
bulk,eig@logskewnormal-poisson-m8k,23,240.0,232.0,2837.457779099932,16.003673900209833,3.001923463632425,0.0,0.0,0.0,0.0,0.00958255421519838,0.5653106845708536,0.3932114917207442,1.0
bulk,eig@logskewnormal-poisson-m8k,24,30.0,30.0,1065.8313541000243,2.067188599903602,3.189309972822818,0.7484900403220508,0.39295681269234095,0.40080461648105137,0.4141460924774998,0.325626249652605,0.9648130093075586,0.5723286057415622,0.3125
bulk,eig@logskewnormal-poisson-m8k,24,60.0,60.0,1319.4430783000425,4.0475326998275705,3.107813824796979,0.5335309876643433,0.23010466678813823,0.3370565712552882,0.3402068454322006,0.20595146097398886,0.7587137360345816,0.5284913071985557,0.5729166666666666
bulk,eig@logskewnormal-poisson-m8k,24,120.0,120.0,1815.5589252996724,7.946758099889848,3.05404611047271,0.3133228403882854,0.4313297310329651,0.35141820888180264,0.16350858132416635,0.05702318583399446,0.7175463636973576,0.4077087177585029,0.9375
bulk,eig@logskewnormal-poisson-m8k,24,180.0,179.0,2300.5117002996267,11.786042899417225,3.042940983928523,0.3133228403882854,0.4313297310329651,0.19612968306281597,0.21634664110628932,0.18234549306376624,0.6767864854900945,0.3992555154541415,1.0
bulk,eig@logskewnormal-poisson-m8k,24,240.0,231.0,2729.150759699405,15.118152399605606,2.964447986833512,0.3133228403882854,0.11449552435351973,0.12361413512083086,0.00901849662076859,0.06048250886173623,0.5394797329412926,0.38391425458123624,1.0
bulk,eig@logskewnormal-poisson-m8k,25,30.0,30.0,1067.6671894999454,2.3781953001162037,3.13293348285028,0.0,0.0,0.10830087873484273,0.18172216760941617,0.1629629003399885,0.7536248608651624,0.5716974102317296,0.3125
bulk,eig@logskewnormal-poisson-m8k,25,60.0,60.0,1321.539807400084,4.401581600308418,3.04911453946262,0.0,0.0,0.10830087873484273,0.09739995087729147,0.12151499338400618,0.5899049067762193,0.5123574031614615,0.6041666666666666
bulk,eig@logskewnormal-poisson-m8k,25,120.0,120.0,1817.4148085000343,8.42244630039204,2.960783593893256,0.0,0.0,0.0,0.002815147181113198,0.028879529534832193,0.45047987210374224,0.44042112303018816,0.8645833333333334
bulk,eig@logskewnormal-poisson-m8k,25,180.0,177.0,2285.343202499789,12.250584000779781,2.8892216070214984,0.0,0.0,0.0,0.03170507256356292,0.026315267112821727,0.4956732718208613,0.3805457154980902,0.9895833333333334
bulk,eig@logskewnormal-poisson-m8k,25,240.0,228.0,2704.5865805000067,15.51346190070035,2.847958926524233,0.0,0.0,0.06616308367517565,0.009958236095370387,0.035386029302516,0.47628525739400274,0.36956170963667556,1.0
bulk,eig@logskewnormal-poisson-m8k,26,30.0,30.0,1065.7828125999658,2.1441924002720043,3.3452837970529665,0.30960974962972854,0.40763569968347324,0.3711127501842908,0.291992427082143,0.338185188046185,1.074724672660721,0.544890182168332,0.3125
bulk,eig@logskewnormal-poisson-m8k,26,60.0,60.0,1320.0599145999295,4.122209000168368,3.2558019993213043,0.30960974962972854,0.40763569968347324,0.3711127501842908,0.291992427082143,0.338185188046185,0.9060077021740894,0.48359375040692604,0.5833333333333334
bulk,eig@logskewnormal-poisson-m8k,26,120.0,120.0,1815.8581521998858,8.011370900145266,3.1499211842508488,0.0,0.22447695893593866,0.23690110762898908,0.16064401850444943,0.13315289745721537,0.7193798067547245,0.371454418508126,0.9583333333333334
bulk,eig@logskewnormal-poisson-m8k,26,180.0,177.0,2285.3411427994724,11.586853400222026,3.091378488966741,0.0,0.0,0.13245186067683523,0.10464703495413497,0.13028401300177028,0.5704850254093721,0.34900235762567366,1.0
bulk,eig@logskewnormal-poisson-m8k,26,240.0,232.0,2746.324079799524,15.155553700285964,3.025137696761623,0.0,0.0,0.005918479845335778,0.10810823734889108,0.13315289745721526,0.5095778877031253,0.3277135576998776,1.0
bulk,eig@logskewnormal-poisson-m8k,27,30.0,30.0,1065.8025334000122,2.081175399944186,3.1593918930199862,0.21785638481389136,0.14745465975996241,0.23716709810641023,0.13337109378936396,0.1518121837565849,0.8446326579212555,0.6131123927071261,0.3125
bulk,eig@logskewnormal-poisson-m8k,27,60.0,60.0,1319.9563346999348,4.093902099935804,3.074502570618742,0.0,0.09844641746063654,0.04200865223490846,0.10691654974404752,0.057197055005752895,0.6934233960604428,0.5504659663803361,0.5833333333333334
bulk,eig@logskewnormal-poisson-m8k,27,120.0,120.0,1815.2502603001776,7.974313400103711,3.012165205839642,0.0,0.09844641746063654,0.04200865223490846,1.1102230246251565e-16,0.05719705500575312,0.5220820359407745,0.4606221589889272,0.8854166666666666
bulk,eig@logskewnormal-poisson-m8k,27,180.0,177.0,2284.0913767001475,11.679369300079998,2.98072042466285,0.0,0.037245133134619635,0.06757376679950544,0.0,0.057197055005752895,0.5516113268691654,0.42831223475543734,1.0
bulk,eig@logskewnormal-poisson-m8k,27,240.0,229.0,2719.83066710009,14.968099199992139,2.9304357414189326,0.0,0.037245133134619635,0.06757376679950544,0.0,0.0991263543265739,0.5077736360490999,0.4114530135398408,1.0
bulk,eig@logskewnormal-poisson-m8k,28,30.0,30.0,1068.5627624998451,2.1041993997059762,3.319999425324037,0.6356449631964014,0.42370183547621587,0.4950875796265687,0.47725108073774225,0.38579660977872954,1.1832821690932416,0.5841702961001183,0.3125
bulk,eig@logskewnormal-poisson-m8k,28,60.0,60.0,1322.4396201000782,4.031696799385827,3.241704073203664,0.4997823705862072,0.42370183547621587,0.4950875796265687,0.14880036704897237,0.1760690811818164,0.989791326632905,0.523417665224199,0.6041666666666666
bulk,eig@logskewnormal-poisson-m8k,28,120.0,120.0,1818.711363900511,7.927177099219989,3.1173656471097444,0.0,0.0,0.037143087776809414,0.009746287568244694,0.05937019618707373,0.6559380306838757,0.41890255327387393,0.8958333333333334
bulk,eig@logskewnormal-poisson-m8k,28,180.0,177.0,2289.4980300003663,11.587494799110573,2.9882961940472406,0.0,0.04261714568147823,0.0,0.06868021231837651,0.05937019618707373,0.5208789255161571,0.36771317899829,1.0
bulk,eig@logskewnormal-poisson-m8k,28,240.0,229.0,2726.72676480026,14.826751299144235,2.9644623606807694,0.0,0.04261714568147823,0.0,0.009746287568244694,0.05586461907104889,0.5166294803931223,0.3604317221299386,1.0
bulk,eig@logskewnormal-poisson-m8k,29,30.0,30.0,1066.3839426002232,2.151228300004732,3.1041303953653334,0.0,0.09242521024766526,0.000794431615735891,0.052008278919728146,0.11487323961487272,1.0757076075230456,0.6410631578935168,0.3125
bulk,eig@logskewnormal-poisson-m8k,29,60.0,60.0,1319.7760848000762,4.163801899936516,3.0397042773783114,0.0,0.09242521024766526,0.000794431615735891,1.1102230246251565e-16,0.0080359755221735,0.6345862088791928,0.5873340565626249,0.5833333333333334
bulk,eig@logskewnormal-poisson-m8k,29,120.0,120.0,1813.9809734001756,8.11852649989305,2.935582478718967,0.0,0.0,0.00079443161573578,0.0,0.008035975522173278,0.4714808143003659,0.48347902708518253,0.9479166666666666
bulk,eig@logskewnormal-poisson-m8k,29,180.0,177.0,2281.864119299804,11.833176500047557,2.8823046219953894,0.0,0.0,0.00079443161573578,0.0,0.0,0.4072654163162067,0.44049453010979156,1.0
bulk,eig@logskewnormal-poisson-m8k,29,240.0,226.0,2693.5177323999233,14.996185799944215,2.8782826327460413,0.0,0.0,0.00079443161573578,0.008680371024676448,0.0,0.3913178834316315,0.43264983775730737,1.0
bulk,eig@logskewnormal-poisson-m8k,30,30.0,30.0,1069.6680739001604,2.1311601999914274,3.2822098362321093,0.0,0.06508524388206216,0.0245066728743909,0.17443640690257023,0.23475158371776972,0.8694441418657426,0.5842588867519827,0.3125
bulk,eig@logskewnormal-poisson-m8k,30,60.0,60.0,1323.509167300188,4.097133500210475,3.203336696897684,0.0,0.06508524388206216,0.0245066728743909,0.17443640690257023,0.23475158371776972,0.7766680886494467,0.5414400033507367,0.59375
bulk,eig@logskewnormal-poisson-m8k,30,120.0,120.0,1817.638078599819,7.961740200407803,3.079034868033188,0.0,0.06508524388206216,0.0245066728743909,0.15020982802161165,0.13402638480408968,0.6633721386273587,0.4186938140090101,0.9583333333333334
bulk,eig@logskewnormal-poisson-m8k,30,180.0,180.0,2311.970887199859,11.852661700570025,2.989729161835154,0.0,0.06508524388206216,0.0245066728743909,0.1583683210555833,0.14106679369787534,0.5383179446109932,0.3929077799157847,1.0
bulk,eig@logskewnormal-poisson-m8k,30,240.0,234.0,2757.615790099837,15.416220500366762,2.9257668784205015,0.0,0.06508524388206216,0.0245066728743909,0.08454661313088396,0.13402638480408968,0.46744274033324096,0.3764636440864992,1.0
bulk,eig@logskewnormal-poisson-m8k,31,30.0,30.0,1066.336050700047,2.1909284000867046,3.1171687333437155,0.06274080504417423,0.09456689760901471,0.2886490572381005,0.4005718245755441,0.20734496661200574,1.1207070357106,0.6315785000772127,0.3125
bulk,eig@logskewnormal-poisson-m8k,31,60.0,60.0,1320.798425600049,4.286486999830231,3.0350926606116624,0.06274080504417423,0.09456689760901471,0.2886490572381005,0.4005718245755441,0.20734496661200574,0.745335052768525,0.5664744367256731,0.59375
bulk,eig@logskewnormal-poisson-m8k,31,120.0,120.0,1816.919386799913,8.23110829963116,2.9779244109264753,0.06274080504417423,0.09456689760901471,0.0,0.16507801479423156,0.20734496661200574,0.6443513744486231,0.47721413151181546,0.8854166666666666
bulk,eig@logskewnormal-poisson-m8k,31,180.0,177.0,2286.582789800188,11.955945999652613,2.8901940588251676,0.06274080504417423,0.09456689760901471,0.0,0.0,0.048854029630156504,0.48197403560120955,0.42498559180486545,1.0
bulk,eig@logskewnormal-poisson-m8k,31,240.0,232.0,2747.5962684001424,15.444825299549848,2.8762533681826916,0.06274080504417423,0.09456689760901471,0.0,0.0,0.048854029630156504,0.4919893759644449,0.410852395534988,1.0
bulk,eig@logskewnormal-poisson-m8k,32,30.0,30.0,1067.5000252000173,2.0233297999948263,3.2913005370809834,0.8714783640981083,0.887193704154281,0.8482135956406935,0.7824658501161963,0.6639615343490617,1.1772454283224265,0.6105063148925164,0.3125
bulk,eig@logskewnormal-poisson-m8k,32,60.0,60.0,1321.7436554000597,4.0037736999220215,3.2248763350359155,0.7231031587836108,0.7544665842411924,0.7526060013690521,0.703119486318307,0.5951734854630043,1.099660700499924,0.5516711650874597,0.5833333333333334
bulk,eig@logskewnormal-poisson-m8k,32,120.0,120.0,1815.032265299873,7.955667199741583,3.08686769794043,0.0,0.0,0.0747281488445043,0.13184934260118097,0.16799084057771185,0.6975781819410756,0.45125057151541226,0.90625
bulk,eig@logskewnormal-poisson-m8k,32,180.0,177.0,2284.7241540998803,11.666477499820758,2.999474801317237,0.0,0.0061217202250237746,0.0,0.0,0.04615441804843545,0.46370211855192744,0.40569778878514257,1.0
bulk,eig@logskewnormal-poisson-m8k,32,240.0,228.0,2704.604024500062,14.881724399805535,2.9648692595388226,0.0,0.0061217202250237746,0.0,0.0,0.034685941599486014,0.3985261724139846,0.3991564311373149,1.0
bulk,eig@logskewnormal-poisson-m8k,33,30.0,30.0,1065.0998016000958,2.0793104998301715,3.572921842827254,0.0,0.0,0.0,0.05782688318142193,0.12099975319608658,1.3697656812836647,0.525692920741674,0.3125
bulk,eig@logskewnormal-poisson-m8k,33,60.0,60.0,1318.8923736001016,4.0123930998379365,3.4317237900984026,0.0,0.0,0.030943290942523016,0.004773073089081481,0.050630711633390946,0.7995027737066709,0.47386705881858565,0.5729166666666666
bulk,eig@logskewnormal-poisson-m8k,33,120.0,120.0,1812.6635672999546,8.001483600004576,3.346099531962795,0.0,0.0,0.030943290942523016,0.004773073089081481,0.09218370049105828,0.7682197281110249,0.40462303359229507,0.84375
bulk,eig@logskewnormal-poisson-m8k,33,180.0,177.0,2281.433069199731,11.750654100091197,3.2810876794033006,0.0,0.0,0.0,0.004773073089081481,0.050630711633390946,0.7358850479556397,0.35532912552520907,1.0
bulk,eig@logskewnormal-poisson-m8k,33,240.0,231.0,2726.902690699615,15.318752599938307,3.258545021085817,0.0,0.0,0.0,0.004773073089081481,0.050630711633390946,0.6654471597094654,0.354094110620793,1.0
bulk,eig@logskewnormal-poisson-m8k,34,30.0,30.0,1071.647345899837,1.9780581001541577,3.0989935760370493,0.09694839895613083,0.0,0.06691769435343764,0.16625810731097246,0.2022264227496141,0.8761232894653587,0.6093325448313368,0.3125
bulk,eig@logskewnormal-poisson-m8k,34,60.0,60.0,1327.9705310997088,3.8987316001439467,3.097132993943468,0.09694839895613083,0.0,0.06691769435343764,0.16625810731097246,0.2022264227496141,0.8217157334406207,0.5562949952175745,0.6041666666666666
bulk,eig@logskewnormal-poisson-m8k,34,120.0,120.0,1822.9389447998838,7.69601540005533,2.993657774984905,0.09694839895613083,0.2879598110694911,0.06691769435343764,0.05418091920075396,0.12226565482035079,0.6689660814692056,0.433422270019597,0.9583333333333334
bulk,eig@logskewnormal-poisson-m8k,34,180.0,170.0,2236.533470899856,10.96148549998179,2.916618703972507,0.09694839895613083,0.0,0.05056151128698938,0.16046412121921516,0.10319635212462053,0.49836538154183385,0.4168969960677464,1.0
bulk,eig@logskewnormal-poisson-m8k,34,240.0,220.0,2658.1417894996703,14.005573800182901,2.8532610896776553,0.09694839895613083,0.0,0.0,0.03209407357767513,0.08639211060740892,0.46518821840437036,0.4064139672759633,1.0
bulk,eig@logskewnormal-poisson-m8k,35,30.0,24.0,1029.6344363001408,1.6382110999547876,3.143513825770357,0.8377634031195382,0.8301213488544879,0.7852749502868815,0.7363929754729485,0.727705264043016,1.249168752067962,0.646540082530501,0.25
bulk,eig@logskewnormal-poisson-m8k,35,60.0,54.0,1286.1761843001004,3.8261964002158493,3.026902248317999,0.5464059612061848,0.28019429645802607,0.3209413452175034,0.3437072637124341,0.19103472558831003,0.7661978845774172,0.5971519151504628,0.5625
bulk,eig@logskewnormal-poisson-m8k,35,120.0,114.0,1786.1385011000675,7.698599000286777,2.902436743924413,0.0,0.002499023648485754,0.13447850695146657,0.1483658108495708,0.12585895146006432,0.4953669795012114,0.4677346413482244,0.9479166666666666
bulk,eig@logskewnormal-poisson-m8k,35,180.0,170.0,2253.4459369002725,11.446176400291733,2.846321115321045,0.0,0.0,0.13047070521127246,0.0,0.02937541760549256,0.40721022744130725,0.43530232752132353,1.0
bulk,eig@logskewnormal-poisson-m8k,35,240.0,219.0,2663.203632700315,14.534470100246836,2.780504088578342,0.0,0.0,0.13047070521127246,0.0,0.02937541760549256,0.3693064921412729,0.42036124284223114,1.0
bulk,eig@logskewnormal-poisson-m8k,36,30.0,30.0,1034.1883581001312,1.8887840998359025,3.171238660770666,0.8512659633103727,0.8538543730677491,0.743144214833839,0.7319250972833493,0.7095033791973224,1.4626074015693138,0.5877033414737967,0.3125
bulk,eig@logskewnormal-poisson-m8k,36,60.0,60.0,1280.6379608002608,3.790639299841132,3.048088269344651,0.0,0.0,0.08249685670946383,0.07264691046367511,0.11954539707038292,0.6729031251619783,0.5172909786318787,0.6041666666666666
bulk,eig@logskewnormal-poisson-m8k,36,120.0,120.0,1774.3793008002685,7.756488100101706,2.9930843985687203,0.0,0.0,0.12265020175265351,0.07751069423811507,0.07124191684870651,0.6815573507199539,0.4366532790806606,0.9166666666666666
bulk,eig@logskewnormal-poisson-m8k,36,180.0,177.0,2242.8100056004478,11.382182599860243,2.9036172269422234,0.0,0.0,0.0,0.0271372050733234,0.07820453207532263,0.539396936224694,0.39240084655115626,1.0
bulk,eig@logskewnormal-poisson-m8k,36,240.0,228.0,2660.256294700259,14.562784100009594,2.85154604196866,0.0,0.0,0.06544674339413936,0.0997841155369984,0.10455258309121973,0.4517066033347692,0.3755945570596222,1.0
bulk,eig@logskewnormal-poisson-m8k,37,30.0,30.0,1032.5011764001101,1.9166278999764472,3.0547337390862714,0.47890656822479993,0.2712777036835742,0.34605557834148715,0.2956017312313658,0.3636123038112983,0.8027154699422484,0.6245026773831668,0.3125
bulk,eig@logskewnormal-poisson-m8k,37,60.0,60.0,1278.3052822999307,3.7892897998099215,3.017660560808428,0.2346261350567539,0.0,0.14667898636616816,0.1488827642251026,0.12570803596972768,0.6643870902579972,0.5907002634882956,0.6041666666666666
bulk,eig@logskewnormal-poisson-m8k,37,120.0,120.0,1770.6370569997234,7.672898999822792,2.942410490039355,0.2346261350567539,0.0,0.20227624371808517,0.15483974909934817,0.20691683030688546,0.5686927349760557,0.47146676649280805,0.9479166666666666
bulk,eig@logskewnormal-poisson-m8k,37,180.0,176.0,2231.2536521998118,11.366037700150628,2.852520657122126,0.2346261350567539,0.0,0.007568759662925029,0.0,0.0,0.43898917849702024,0.4250537803762547,1.0
bulk,eig@logskewnormal-poisson-m8k,37,240.0,229.0,2673.158865199832,14.719673200102989,2.814508619258851,0.2346261350567539,0.0,0.0,0.0,0.07960088907197893,0.4368595563448185,0.4113225737734578,1.0
bulk,eig@logskewnormal-poisson-m8k,38,30.0,30.0,1033.0817902000854,1.9512216000002809,3.0656780941793023,0.0,0.0,0.0709663591351386,0.1053398768810978,0.14881358162017433,0.9044941104427124,0.675186859688876,0.3020833333333333
bulk,eig@logskewnormal-poisson-m8k,38,60.0,60.0,1279.1149728000164,3.784058600082062,3.0022123519851114,0.0,0.0,0.0709663591351386,0.1053398768810978,0.14881358162017433,0.8006894270115255,0.6083303963227706,0.59375
bulk,eig@logskewnormal-poisson-m8k,38,120.0,120.0,1773.1185048996122,7.666149900178425,2.9034199000327177,0.0,0.0,0.0709663591351386,0.1053398768810978,0.08711261365308842,0.6482617629595484,0.4696460265793727,0.9791666666666666
bulk,eig@logskewnormal-poisson-m8k,38,180.0,176.0,2232.251993699698,11.29327550000744,2.8462588671168034,0.0,0.0,0.0709663591351386,0.05924126523726403,0.07284342509569974,0.5128657252094652,0.44627781190354365,1.0
bulk,eig@logskewnormal-poisson-m8k,38,240.0,228.0,2657.6513730997103,14.590935400105081,2.8226551503744624,0.0,0.0,0.0709663591351386,0.05924126523726403,0.07284342509569974,0.4867082205876773,0.4320066093573166,1.0
bulk,eig@logskewnormal-poisson-m8k,39,30.0,30.0,1037.2781913999352,1.9763929998734966,3.159638884454781,0.0,0.07035752438611154,0.048442767655875185,0.12365681432160303,0.0719777364329316,0.8870420498329146,0.5973997484660258,0.3125
bulk,eig@logskewnormal-poisson-m8k,39,60.0,60.0,1284.2580844000913,3.8624570998363197,3.104389562824014,0.0,0.07035752438611154,0.048442767655875185,0.0129817478916332,0.0669578315453585,0.8021074857844916,0.567956214447342,0.5520833333333334
bulk,eig@logskewnormal-poisson-m8k,39,120.0,120.0,1779.5666960003437,7.8071140996180475,2.9956073561000154,0.0,0.07035752438611154,0.052905575388039416,0.0129817478916332,0.0669578315453585,0.7378316355281527,0.4689739318898589,0.90625
bulk,eig@logskewnormal-poisson-m8k,39,180.0,174.0,2225.3118734001764,11.362106699496508,2.972441379331414,0.0,0.005934953009078203,0.052905575388039416,0.0129817478916332,0.0669578315453585,0.5866620337388623,0.4159429051983096,1.0
bulk,eig@logskewnormal-poisson-m8k,39,240.0,223.0,2636.4593327002367,14.78067229950102,2.8778943933342815,0.0,0.005934953009078203,0.052905575388039416,0.0129817478916332,0.04678155722770627,0.5286908309410341,0.39574722973784565,1.0
bulk,eig@logskewnormal-poisson-m8k,40,30.0,30.0,1035.55417329981,2.009984399948735,3.180131167218223,0.0,0.2992658470036381,0.3166081511942582,0.3502032144117746,0.29286261764050425,1.1694680438851521,0.604089792098108,0.3125
bulk,eig@logskewnormal-poisson-m8k,40,60.0,60.0,1281.682423499995,3.8505829999339767,3.127839335451101,0.0,0.2992658470036381,0.3166081511942582,0.3502032144117746,0.29286261764050425,1.1222953311927988,0.5430224120990933,0.5729166666666666
bulk,eig@logskewnormal-poisson-m8k,40,120.0,119.0,1765.7186144000152,7.631239699956495,3.0101761367743385,0.0,0.2992658470036381,0.045786263781075864,0.07434131086339657,0.09332850751964639,0.6863173975614922,0.4425520595039794,0.8541666666666666
bulk,eig@logskewnormal-poisson-m8k,40,180.0,171.0,2193.4558532002848,11.045861499675084,2.969590692871133,0.0,0.2992658470036381,0.25637075525850817,0.039806126723031965,0.01252738129712172,0.6090286230287235,0.38839930506718434,0.9895833333333334
bulk,eig@logskewnormal-poisson-m8k,40,240.0,222.0,2611.989518500224,14.223045199585613,2.899347155869446,0.0,0.24867597642446881,0.0029456069432038934,0.039806126723031965,0.04250890068701618,0.5436548135137568,0.3708457180462724,1.0
bulk,eig@logskewnormal-poisson-m8k,41,30.0,30.0,1036.576770899992,1.9332595999585465,3.324608210567359,0.04885743558879829,0.10518562052059677,0.28198529605181055,0.42584135711605353,0.3952919126927915,0.9650285284700348,0.6011888906512617,0.3125
bulk,eig@logskewnormal-poisson-m8k,41,60.0,60.0,1282.113682400086,3.7818982998724096,3.2670393442629027,0.04885743558879829,0.10518562052059677,0.005204431082027061,0.1612146396243741,0.23251588729353723,0.8455895418527389,0.5619368345256794,0.6145833333333334
bulk,eig@logskewnormal-poisson-m8k,41,120.0,120.0,1776.3262110997457,7.6928116997587495,3.1317745816671505,0.04885743558879829,0.0,0.005204431082027061,0.0,0.043268620535836244,0.6600351001321735,0.4580924816984819,0.9166666666666666
bulk,eig@logskewnormal-poisson-m8k,41,180.0,176.0,2236.4543519994477,11.33606159989722,3.04603432624962,0.0,0.0,0.005204431082027061,0.0,0.043268620535836244,0.5458443284963291,0.4140029938782876,1.0
bulk,eig@logskewnormal-poisson-m8k,41,240.0,231.0,2685.5652218995383,14.758994099975098,2.997679760033764,0.0,0.0,0.005204431082027061,0.0,0.043268620535836244,0.49659020326609726,0.40118458552126557,1.0
bulk,eig@logskewnormal-poisson-m8k,42,30.0,30.0,1035.598934300011,2.012057099957019,3.1731869397629793,0.0,0.18344492626458775,0.12533450419781966,0.07807067293445857,0.16352077406871912,1.0754397265697562,0.6499516270920529,0.3125
bulk,eig@logskewnormal-poisson-m8k,42,60.0,60.0,1281.6539143997943,3.8298809998086654,3.1123722453933573,0.0,0.18344492626458775,0.1272775808900023,0.07807067293445857,0.12524023669732154,0.9655025297916877,0.5697576530287668,0.6041666666666666
bulk,eig@logskewnormal-poisson-m8k,42,120.0,120.0,1775.2423520000302,7.790056599827949,2.9991832324793695,0.0,0.0028005526034621253,-2.220446049250313e-16,0.10555006278834023,0.02407952168778249,0.8260509994710085,0.4712062816116015,0.9270833333333334
bulk,eig@logskewnormal-poisson-m8k,42,180.0,177.0,2245.238948599843,11.557487099955324,2.89120119583245,0.0,0.0,0.025338251261279865,0.0,0.02407952168778249,0.6280998545038423,0.42826493053676884,1.0
bulk,eig@logskewnormal-poisson-m8k,42,240.0,229.0,2677.044739200035,14.91478560003452,2.7780724393569636,0.0,0.0,0.025338251261279865,0.0,0.008953307623098317,0.43712670188846064,0.39581288093591066,1.0
bulk,eig@logskewnormal-poisson-m8k,43,30.0,30.0,1035.0612009001197,2.0131450000335462,3.2318687196443903,0.06499276227661721,0.30766667912059076,0.36111352191782,0.30185382609916034,0.3052893457536052,1.4442179498524652,0.6394491354967354,0.3020833333333333
bulk,eig@logskewnormal-poisson-m8k,43,60.0,60.0,1280.7052528003696,3.8798749000416137,3.0840163344948213,0.22331329724422333,0.11540695708557702,0.0,0.03936274888306324,0.005166448760045239,0.80420404309838,0.5822687814157068,0.5416666666666666
bulk,eig@logskewnormal-poisson-m8k,43,120.0,120.0,1774.4305517004104,7.621702499862295,2.9921291466426485,0.22331329724422333,0.08181909187785608,0.0,0.0,0.005166448760045239,0.5829335525622849,0.46133651255928765,0.8958333333333334
bulk,eig@logskewnormal-poisson-m8k,43,180.0,176.0,2234.779157600249,11.31485329970019,2.9114525314629254,0.0,0.08181909187785608,0.0,0.0,0.008402336188999437,0.4806474699932192,0.4095946291474493,1.0
bulk,eig@logskewnormal-poisson-m8k,43,240.0,228.0,2659.5993006006465,14.542138499906287,2.840728933720399,0.0,0.08181909187785608,0.0,0.0,0.008402336188999437,0.38833979964547993,0.39763583544411657,1.0
bulk,eig@logskewnormal-poisson-m8k,44,30.0,30.0,1049.3084001000389,2.0061679998761974,3.0168720097718498,0.5317911584081663,0.3192804546709932,0.38010387443295135,0.34519900875535203,0.33209371366751506,1.0436784563210428,0.6665623869531944,0.3125
bulk,eig@logskewnormal-poisson-m8k,44,60.0,60.0,1297.7777617000975,3.8548463998013176,2.9766930025264267,0.3344074132061807,0.3817111421576327,0.2979542708223587,0.34519900875535203,0.33209371366751506,1.0025991822063551,0.6284803663451479,0.5520833333333334
bulk,eig@logskewnormal-poisson-m8k,44,120.0,120.0,1796.2463027000776,7.72721689986065,2.864591434233919,0.0,0.0,0.0,0.03038007492765238,0.08650734164987217,0.5103988133593138,0.4912749199604599,0.9375
bulk,eig@logskewnormal-poisson-m8k,44,180.0,175.0,2254.0678805997595,11.407314599957317,2.784408199833108,0.0,0.0,0.0,0.0,0.059890267558345034,0.3768620718096004,0.44464329745103864,1.0
bulk,eig@logskewnormal-poisson-m8k,44,240.0,229.0,2704.4690166996443,14.952465899987146,2.749577033481787,0.0,0.0,0.0,0.06217877511153547,0.02785998259794542,0.3778230914072886,0.4400716322196217,1.0
bulk,eig@logskewnormal-poisson-m8k,45,30.0,30.0,1034.176505499985,1.9207799999858253,3.077027063178464,0.0,0.17705719377845475,0.24479061890063547,0.26096341634576126,0.3212372107216426,0.9243817255059775,0.5554766994284491,0.3125
bulk,eig@logskewnormal-poisson-m8k,45,60.0,60.0,1281.003036200127,3.823521900048945,3.0293325484279783,0.0,0.0676514116811846,0.13607503698119727,0.15322729653764977,0.17851630189825918,0.8502096500166866,0.49192072778350643,0.6041666666666666
bulk,eig@logskewnormal-poisson-m8k,45,120.0,120.0,1774.1235059002647,7.808021100179758,2.9099308921641174,0.0,0.0676514116811846,0.1182405104046158,0.131709485925957,0.11538813018016603,0.5693040028037846,0.4197926421559378,0.8333333333333334
bulk,eig@logskewnormal-poisson-m8k,45,180.0,179.0,2259.2264377003303,11.862022500310559,2.8209891907575795,0.0,0.0,0.0,0.030234206828564036,0.026188165663679763,0.3976010199158177,0.35328744901629017,1.0
bulk,eig@logskewnormal-poisson-m8k,45,240.0,231.0,2681.1644773003063,15.217382200295106,2.823008200634444,0.0,0.0,0.06624788502806023,0.0,0.026188165663679763,0.4203455548390843,0.34872134972652724,1.0
bulk,eig@logskewnormal-poisson-m8k,46,30.0,30.0,1032.0893165999441,1.8901749000651762,3.098845457053887,0.0,0.06237032183653379,0.10470383600876665,0.046501280253066546,0.0,0.774148479283641,0.604641158937082,0.3125
bulk,eig@logskewnormal-poisson-m8k,46,60.0,60.0,1278.122342699964,3.7536636003642343,3.0397681740635485,0.683352034826912,0.06237032183653379,0.10470383600876665,0.046501280253066546,0.0,0.7099044246170522,0.5483833938776905,0.6041666666666666
bulk,eig@logskewnormal-poisson-m8k,46,120.0,120.0,1772.9497010998894,7.833003500418272,2.9370414741265036,0.0,0.06237032183653379,0.04982573845784477,0.07093625991151009,0.09674978582939942,0.4734761212117102,0.45172145620255005,0.90625
bulk,eig@logskewnormal-poisson-m8k,46,180.0,177.0,2240.7504517998314,11.50424650037894,2.8833121870350666,0.0,0.06237032183653379,0.04982573845784477,0.0,0.06658169106683076,0.44492776140710927,0.4244494894616651,0.9895833333333334
bulk,eig@logskewnormal-poisson-m8k,46,240.0,231.0,2676.6602167999954,14.957933700177819,2.877112055816978,0.0,0.06237032183653379,0.02098900127441139,0.0,0.0,0.39454031011303425,0.4166097350335688,1.0
bulk,eig@logskewnormal-poisson-m8k,47,30.0,30.0,1033.884510600008,1.9089879000093788,3.3423075557903132,0.16787775138573646,0.49224548180348104,0.5594498091009342,0.3898972018192711,0.44916611064282574,1.3919642597112094,0.6357688065059436,0.3125
bulk,eig@logskewnormal-poisson-m8k,47,60.0,60.0,1279.642074100033,3.7771660000435077,3.1927461154686867,0.0,0.0628923930757258,0.056104314385423404,0.0,0.013096937198803782,0.8263934557386782,0.5867018935510563,0.5729166666666666
bulk,eig@logskewnormal-poisson-m8k,47,120.0,120.0,1772.447423000005,7.73887390026357,3.0932755867925574,0.0,0.0628923930757258,0.0,0.0,0.013096937198803782,0.5370800804308908,0.4561117476860185,0.9479166666666666
bulk,eig@logskewnormal-poisson-m8k,47,180.0,174.0,2216.405115600035,11.141353900486138,3.02963711809687,0.0,0.0,0.0,0.0,0.0,0.4341812215755629,0.43490853960092307,1.0
bulk,eig@logskewnormal-poisson-m8k,47,240.0,223.0,2624.2866617998225,14.304562600329518,2.9661930534627774,0.007429293762375999,0.06662089000640892,0.05870212952855469,0.0,0.0,0.45073067999554917,0.41614740250329196,1.0
bulk,eig@logskewnormal-poisson-m8k,48,30.0,30.0,922.2722387001268,1.90401640010532,3.3345034274427428,0.0,0.0,0.07926557574964221,0.14737350038780028,0.18699899072956572,0.8348644990406591,0.5552227397761326,0.3125
bulk,eig@logskewnormal-poisson-m8k,48,60.0,60.0,1144.4432263001218,3.7169981001643464,3.260434998277107,0.0,0.0,0.07926557574964221,0.11143926920070857,0.15028252177193324,0.7703406933206832,0.5095186033565727,0.625
bulk,eig@logskewnormal-poisson-m8k,48,120.0,120.0,1585.7903339002514,7.6106629998539574,3.183803998085471,0.0,0.0,0.0,0.04682638281886109,0.0745468859816455,0.671012091566947,0.4466688346957792,0.8541666666666666
bulk,eig@logskewnormal-poisson-m8k,48,180.0,177.0,2029.1169151999638,11.194291099673137,3.1438334637719088,0.0,0.0,0.0,0.04682638281886109,0.13600072516939743,0.5841690141583881,0.4151072528018913,0.9895833333333334
bulk,eig@logskewnormal-poisson-m8k,48,240.0,228.0,2434.241694900207,14.453413899813313,3.101237213534672,0.0,0.0,0.0,0.04682638281886109,0.13600072516939743,0.5413301047778175,0.3969860141387324,1.0
bulk,eig@logskewnormal-poisson-m8k,49,30.0,30.0,922.7818791001337,1.978009199781809,3.2116532366391772,0.8681961270535818,0.7838138063877731,0.7255845729652569,0.71060273289408,0.6808020409072548,1.3737490255683127,0.6025658774059077,0.3125
bulk,eig@logskewnormal-poisson-m8k,49,60.0,60.0,1146.0664649001556,3.8674591995659284,3.13304370917434,0.0,0.23486567875821784,0.3060440863853001,0.3704782401975504,0.3811332761427896,0.9115639277044938,0.5340209285106771,0.59375
bulk,eig@logskewnormal-poisson-m8k,49,120.0,120.0,1586.3647997002117,7.7309584995382465,2.936028279383841,0.0,0.0,0.13420635900755373,0.08474915528303761,0.09891873837376042,0.5650700985077072,0.39504535629226684,0.9375
bulk,eig@logskewnormal-poisson-m8k,49,180.0,176.0,2021.289177400642,11.39977139950497,2.8690892191119786,0.0,0.05926324740827971,-2.220446049250313e-16,0.0847491552830375,0.07591209600147386,0.42558352726678583,0.3883722607394055,1.0
bulk,eig@logskewnormal-poisson-m8k,49,240.0,225.0,2410.6837915008073,14.555609199625906,2.8020730309813238,0.0,0.0,0.0,0.08474915528303761,0.07591209600147397,0.36937650841353764,0.36371521701660464,1.0
bulk,eig@logskewnormal-quad,0,30.0,30.0,195.11203670012765,0.0005919000832363963,3.2066082482102973,0.1419859063633485,0.3030603582697473,0.29329822549449425,0.35998729883416747,0.41714862477941217,1.132062260753008,0.6073216247990396,0.3125
bulk,eig@logskewnormal-quad,0,60.0,60.0,218.05671070009703,0.0011755999876186252,3.171350456719652,0.0,0.0,0.09812097291781519,0.08311315108860873,0.07256974881141376,0.805126052788841,0.5794080554558058,0.5833333333333334
bulk,eig@logskewnormal-quad,0,120.0,120.0,264.3034125000704,0.002233100007288158,3.0680850933365647,0.0,0.0,0.060577810480701766,0.090778918156877,0.07256974881141376,0.696138299593106,0.48131805548217116,0.90625
bulk,eig@logskewnormal-quad,0,180.0,180.0,317.3506152003538,0.0032999999821186066,2.9905949561786884,0.0,0.0,0.051527828461635616,0.05131229914848856,0.07256974881141376,0.6599308716968519,0.43328883921267286,1.0
bulk,eig@logskewnormal-quad,0,240.0,240.0,362.7321216004202,0.004563499649520963,2.991649654278037,0.0,0.0,0.051527828461635616,0.05131229914848856,0.07256974881141376,0.6542132779506109,0.4281919378646075,1.0
bulk,eig@logskewnormal-quad,1,30.0,30.0,195.0196037000278,0.0006409001653082669,3.1175444339138334,0.0,0.0,0.1412068578851704,0.11413275709333726,0.14309020292380847,0.8501554757095793,0.6116556682001774,0.3125
bulk,eig@logskewnormal-quad,1,60.0,60.0,214.8631021999754,0.0011096002999693155,3.0569143542023043,0.0,0.0,0.1412068578851704,0.11413275709333726,0.14309020292380847,0.7807331887421883,0.557025949646638,0.6041666666666666
bulk,eig@logskewnormal-quad,1,120.0,120.0,264.5509867001092,0.0022070007980801165,2.9807878498037375,0.0,0.009994916171171098,1.1102230246251565e-16,0.060480837755774064,0.09527590233873218,0.7262152853197301,0.4200104081753618,0.9166666666666666
bulk,eig@logskewnormal-quad,1,180.0,180.0,318.9538094000891,0.003387800825294107,2.8370428995453065,0.0,0.009994916171171098,1.1102230246251565e-16,1.1102230246251565e-16,0.04137570656200562,0.4535463285031776,0.37718508355542046,1.0
bulk,eig@logskewnormal-quad,1,240.0,240.0,364.7551213001716,0.0045235007419250906,2.7995415097524785,0.0,0.009994916171171098,1.1102230246251565e-16,1.1102230246251565e-16,0.024192165130384247,0.41787400050560064,0.36933913762639964,1.0
bulk,eig@logskewnormal-quad,2,30.0,30.0,193.596164500108,0.0008531998610123992,3.2123145775690745,0.0,0.0,0.16069794862858844,0.19378051910959715,0.21074877038007767,0.8274110546182064,0.5921569017354474,0.3125
bulk,eig@logskewnormal-quad,2,60.0,60.0,210.42797490017256,0.0014315997250378132,3.1665342367815916,0.0,0.0,0.16069794862858844,0.19378051910959715,0.21074877038007767,0.734401386734747,0.5328331597328939,0.6145833333333334
bulk,eig@logskewnormal-quad,2,120.0,120.0,255.96752920001745,0.0025091995485126972,3.091435324207959,0.0,0.0,0.0,0.050807553513752324,0.08021142641548229,0.5752118661626785,0.4462525304185547,0.9479166666666666
bulk,eig@logskewnormal-quad,2,180.0,180.0,309.8337381001911,0.0036739992792718112,3.0338404934167778,0.0,0.0,0.0,0.05208034001929096,0.07983420757187643,0.47398812104066496,0.42079496749517276,1.0
bulk,eig@logskewnormal-quad,2,240.0,240.0,346.042854000465,0.004756199254188687,2.982378897450985,0.0,0.0,0.0,0.05208034001929096,0.03382305459019341,0.43902204356770774,0.4026165430045291,1.0
bulk,eig@logskewnormal-quad,3,30.0,30.0,193.4794634997961,0.0006894002435728908,3.2740224158483113,0.6934524701891533,0.2333036911759817,0.049110539941082165,0.11771354438354709,0.09015031721027644,1.0315401557131294,0.5745077987400876,0.3125
bulk,eig@logskewnormal-quad,3,60.0,60.0,213.50019960000645,0.0012658002669923007,3.221983414749958,0.0,0.0,0.04911053994108194,0.04218096150325856,0.09015031721027633,0.8116735319030749,0.5209277576743437,0.5833333333333334
bulk,eig@logskewnormal-quad,3,120.0,120.0,260.7025893998216,0.0023891004966571927,3.1626450317173007,0.0,0.0,0.04911053994108194,0.04218096150325856,0.06120469998450817,0.7133585795901869,0.449439470695238,0.9375
bulk,eig@logskewnormal-quad,3,180.0,180.0,314.51822469983017,0.0036016004742123187,3.1360830311329786,0.0,0.0,0.02980108744103438,0.10112868757825311,0.09015031721027622,0.6379092951736073,0.3975605319953806,1.0
bulk,eig@logskewnormal-quad,3,240.0,240.0,359.4508248998318,0.0046135003212839365,3.0742320076421876,0.0,0.0,0.02980108744103438,0.04218096150325845,0.09015031721027622,0.6202255479305495,0.3804172311708216,1.0
bulk,eig@logskewnormal-quad,4,30.0,30.0,191.56745749997208,0.0005261999322101474,3.1739379938626744,0.0,0.0,0.0,0.057794955997924835,0.1038682892440661,0.9426748543778564,0.5848012539543543,0.3125
bulk,eig@logskewnormal-quad,4,60.0,60.0,211.58340099989437,0.001132700010202825,3.1239483129886634,0.0,0.0,0.0,0.057794955997924835,0.1038682892440661,1.0874791654576894,0.517823091158247,0.59375
bulk,eig@logskewnormal-quad,4,120.0,120.0,259.9682980000507,0.0022322002914734185,3.0105523970027783,0.0,0.0,0.0,0.05119163460375409,0.0536439663106848,0.9558131258108971,0.4204350710093773,0.9166666666666666
bulk,eig@logskewnormal-quad,4,180.0,180.0,315.54244880029,0.0033719002967700362,2.9110641339627517,0.0,0.0,0.0,0.0,0.0,0.6304005996777008,0.3844146205633734,1.0
bulk,eig@logskewnormal-quad,4,240.0,240.0,359.43818000046303,0.004823000228498131,2.9016459324154447,0.0,0.0,0.051839241915331735,0.0,0.0,0.5423334935044236,0.38113470492142565,1.0
bulk,eig@logskewnormal-quad,5,30.0,30.0,191.96282040019287,0.0005815001204609871,3.17506460794038,0.5423764954059687,0.5299531322178976,0.5765115344136806,0.5372262185040395,0.5397345330180314,1.2944065132893363,0.6108783192524303,0.3125
bulk,eig@logskewnormal-quad,5,60.0,60.0,211.1728740002727,0.001134800084400922,3.0697336171584912,0.3348133350506597,0.0,0.06145177569479343,0.09984571560893896,0.14304185541072278,0.8338790675151926,0.5404160499425361,0.59375
bulk,eig@logskewnormal-quad,5,120.0,120.0,260.21540890051983,0.002192000101786107,3.016017927780607,0.3348133350506597,0.0,0.06145177569479343,0.09984571560893896,0.005340936488760106,0.7443658332935816,0.4616579915303503,0.90625
bulk,eig@logskewnormal-quad,5,180.0,180.0,316.0369362006895,0.003239800047595054,2.8923556395795216,0.0,0.0,0.06145177569479343,0.09984571560893896,0.005340936488760106,0.498688177933047,0.40458745616190583,1.0
bulk,eig@logskewnormal-quad,5,240.0,240.0,359.9687470009085,0.004375400138087571,2.8218117444125377,0.0,0.0,0.06145177569479343,0.09984571560893896,0.005340936488760106,0.3936981203766534,0.38810979164769993,1.0
bulk,eig@logskewnormal-quad,6,30.0,30.0,192.6863267001463,0.000718100112862885,3.2333186251328248,0.0,0.11620560986709161,0.2068405487699574,0.1395092334919008,0.10482152681591628,1.1709070997486697,0.634148766532386,0.3125
bulk,eig@logskewnormal-quad,6,60.0,60.0,212.35605469997972,0.0013725002645514905,3.1786283388509524,0.0,0.11620560986709161,0.2068405487699574,0.1978277425724705,0.12390258543303923,1.0229405034189278,0.583277141561797,0.59375
bulk,eig@logskewnormal-quad,6,120.0,120.0,259.81566609977745,0.002637500176206231,3.067360442574394,0.0,0.054854258347196705,0.039439265980589555,0.07482094644649273,0.06645086118837873,0.7829893640217513,0.4553778383774154,0.9270833333333334
bulk,eig@logskewnormal-quad,6,180.0,180.0,317.5816497996566,0.003931700193788856,2.9504442878691877,0.0,0.054854258347196705,0.0432041975146088,0.0,0.017507079618267696,0.6068249345865661,0.4224693462126153,1.0
bulk,eig@logskewnormal-quad,6,240.0,240.0,358.96787559927907,0.004989900276996195,2.833875040770838,0.0,0.054854258347196705,0.039439265980589555,0.0,0.017507079618267696,0.4226977686703101,0.39330934341109597,1.0
bulk,eig@logskewnormal-quad,7,30.0,30.0,191.76784890005365,0.0006534002022817731,3.1144774032651577,0.6713828167356015,0.5044979112215051,0.3949397670529734,0.3694987037864206,0.3559712861276959,0.8271701915146134,0.5478314569330861,0.3125
bulk,eig@logskewnormal-quad,7,60.0,60.0,209.70723810006166,0.001377600128762424,3.094570687340592,0.6713828167356015,0.5044979112215051,0.3949397670529734,0.3694987037864206,0.3559712861276959,0.7410064818941546,0.4958887359886334,0.6145833333333334
bulk,eig@logskewnormal-quad,7,120.0,120.0,258.2716417001793,0.0024927001795731485,2.94041545117598,0.0,0.21284965782332954,0.11105390808359061,0.11209074221166437,0.07475961113935048,0.48971116229383455,0.37877112085192566,0.9479166666666666
bulk,eig@logskewnormal-quad,7,180.0,180.0,312.47527780011296,0.003631500178016722,2.9028660924888547,0.0,0.1559949781898572,0.07119741508081112,0.11209074221166437,0.1203808766120733,0.42557413682055845,0.3486235717156662,1.0
bulk,eig@logskewnormal-quad,7,240.0,240.0,352.4705322997179,0.0048781001241877675,2.867691253276012,0.0,0.1559949781898572,0.22041012637159896,0.11209074221166437,0.1203808766120733,0.3855762864558663,0.33313812918641095,1.0
bulk,eig@logskewnormal-quad,8,30.0,30.0,195.8613236999954,0.0006848998600617051,3.1197588330053243,0.0,0.0,0.0,0.0,0.04196268691994054,0.8569665801013092,0.588176321822007,0.3125
bulk,eig@logskewnormal-quad,8,60.0,60.0,219.64257719978923,0.0014242997858673334,3.081351941593661,0.0,0.0,0.0,0.0,0.04196268691994054,0.9253787525652982,0.5505414774238475,0.5625
bulk,eig@logskewnormal-quad,8,120.0,120.0,267.37521989969537,0.0025121996295638382,3.0075358064458477,0.0,0.0,0.0,0.013477887330978322,0.0,0.7303496277710302,0.4575276296646445,0.8645833333333334
bulk,eig@logskewnormal-quad,8,180.0,180.0,320.9898607993964,0.0035843997029587626,3.00889070105429,0.0,0.0,0.0,0.013477887330978322,0.0,0.7050022133172209,0.41413525135180185,1.0
bulk,eig@logskewnormal-quad,8,240.0,240.0,366.4409317994723,0.0046043998445384204,2.9612218475427983,0.0,0.0,0.0,0.013477887330978322,0.0,0.5699079679120314,0.4001816712899683,1.0
bulk,eig@logskewnormal-quad,9,30.0,30.0,195.4531318001682,0.0006540999165736139,3.2597173068902685,0.2785345721766399,0.0,0.04988883946136524,0.13262726323598917,0.05309983615220881,1.0884293586862899,0.6323281124228272,0.3125
bulk,eig@logskewnormal-quad,9,60.0,60.0,219.0953335998929,0.001221899758093059,3.1969472011683124,0.2785345721766399,0.0,0.04988883946136524,0.13262726323598917,0.05309983615220881,1.024397354027541,0.5816818070575708,0.5520833333333334
bulk,eig@logskewnormal-quad,9,120.0,120.0,268.01622119982494,0.0022172999451868236,3.06411245069927,0.2785345721766399,0.0,0.04988883946136524,0.0,0.05827911903401495,0.7817194626730849,0.4924366236406625,0.90625
bulk,eig@logskewnormal-quad,9,180.0,180.0,320.8570220998372,0.0032906995620578527,2.9913396929486,0.0,0.0,0.04988883946136524,0.0,0.0505708462947102,0.6067444190059886,0.4326787376987793,1.0
bulk,eig@logskewnormal-quad,9,240.0,240.0,366.59475920017576,0.004333799704909325,2.902377044947734,0.0,0.0,0.0,0.0,0.03728535271679212,0.4798588470942777,0.41533276072379327,1.0
bulk,eig@logskewnormal-quad,10,30.0,30.0,190.97688469977584,0.0005454001948237419,3.1626357900899174,0.21976430256018553,0.43487802594439595,0.49125627060650523,0.4586426268529903,0.2796452394537735,0.9472852581963341,0.602351479692793,0.3125
bulk,eig@logskewnormal-quad,10,60.0,60.0,211.61614339973312,0.0010815003188326955,3.086866206010669,0.0,0.01569963375519612,0.2189257084580548,0.232855507817592,0.22323412553906274,0.6975858608970504,0.5462215006790738,0.59375
bulk,eig@logskewnormal-quad,10,120.0,120.0,262.68025189929176,0.0025254003703594208,2.9958264360810034,0.0,0.01569963375519612,-2.220446049250313e-16,0.02898400057632955,0.008269056456349788,0.5211611350532274,0.46980459898711135,0.8854166666666666
bulk,eig@logskewnormal-quad,10,180.0,180.0,314.9021153994836,0.0036003004061058164,2.904141718948056,0.1913694655711885,0.0,0.0,0.06279161508554765,0.06417468922714487,0.43354502948612333,0.4139355570119111,1.0
bulk,eig@logskewnormal-quad,10,240.0,240.0,360.1602310993476,0.004872600140515715,2.84877793008582,0.0,0.0,0.0,0.02898400057632966,0.00826905645635001,0.3843638538661891,0.3990164544273748,1.0
bulk,eig@logskewnormal-quad,11,30.0,30.0,191.74711610021768,0.0005181998130865395,3.1924082817866206,0.5955844820428887,0.3414672335336677,0.37667407454551105,0.39625315863622423,0.3913854817292227,1.2098385264914873,0.6096866005219597,0.3125
bulk,eig@logskewnormal-quad,11,60.0,60.0,213.64554640016286,0.0009895000257529318,3.0622595914790764,0.0,0.19480460605077665,0.09161121647607207,0.16926050553102867,0.18925133423154405,0.7922616684012548,0.5469784553975786,0.5833333333333334
bulk,eig@logskewnormal-quad,11,120.0,120.0,263.2916700002388,0.002016500220634043,3.0127066841112367,0.0,0.0,0.09161121647607207,0.1771158403016122,0.19549780968403874,0.6645914920137488,0.44503809179990594,0.8645833333333334
bulk,eig@logskewnormal-quad,11,180.0,180.0,318.3778356005787,0.003101400623563677,2.948265205815431,0.0,0.19480460605077665,0.09161121647607207,0.1771158403016122,0.1610968017457065,0.5759439047985527,0.40298191208173795,1.0
bulk,eig@logskewnormal-quad,11,240.0,240.0,360.6373159007053,0.0042110009817406535,2.878432111581373,0.0,0.0,0.09161121647607207,0.1771158403016122,0.15284551796894807,0.4635407594438309,0.38567204631077306,1.0
bulk,eig@logskewnormal-quad,12,30.0,30.0,191.70059920009226,0.0005074999062344432,3.2097910483479297,0.16232208603999354,0.03238764078072254,0.22364899537813243,0.26295527042915123,0.31804896704295704,0.9940707919615842,0.6217752213004548,0.3125
bulk,eig@logskewnormal-quad,12,60.0,60.0,213.5132322999998,0.0010098996572196484,3.1513712256927064,0.16232208603999354,0.03238764078072254,0.22364899537813243,0.26295527042915123,0.31804896704295704,0.858519323370298,0.5471943186454082,0.59375
bulk,eig@logskewnormal-quad,12,120.0,120.0,261.98781589994906,0.002123099460732192,3.0791673212524544,0.0,0.03238764078072254,0.20894966601263287,0.25821588923844985,0.279800988384194,0.7671762460495986,0.46891562173452556,0.8958333333333334
bulk,eig@logskewnormal-quad,12,180.0,180.0,317.35253500018734,0.0032211997313424945,2.9977656907560757,0.0,0.03238764078072254,0.20894966601263287,0.07304970139314193,0.12540514640506573,0.6164523841086182,0.4240498504063731,1.0
bulk,eig@logskewnormal-quad,12,240.0,240.0,361.29803710011765,0.004267299547791481,2.9981151034181863,0.0,0.03238764078072254,-2.220446049250313e-16,0.07304970139314193,0.07938511896206035,0.5242390388266177,0.42435776589572377,1.0
bulk,eig@logskewnormal-quad,13,30.0,30.0,192.79326179990312,0.0004983999533578753,3.159718759926473,0.0,0.17051315527527855,0.2186936850634842,0.23284219502850179,0.21881236110545987,1.059535604968923,0.6597559640910763,0.3125
bulk,eig@logskewnormal-quad,13,60.0,60.0,211.6880375999026,0.0010674999793991446,3.091019537996514,0.0,0.11087561601322549,0.20545533368474622,0.23452095415718355,0.21815152493521983,0.99400872079118,0.5810718732115852,0.59375
bulk,eig@logskewnormal-quad,13,120.0,120.0,261.5838706997456,0.0021382999839261174,2.950821280230867,0.0,0.0,0.06329163261265613,0.04554798960294737,0.05883475354424461,0.6680470605182454,0.4745842526776467,0.8958333333333334
bulk,eig@logskewnormal-quad,13,180.0,180.0,316.6920073995716,0.0035913997562602162,2.8574563771769497,0.0,0.0,0.0,0.04554798960294737,0.05883475354424461,0.429585532087427,0.4310525977933092,1.0
bulk,eig@logskewnormal-quad,13,240.0,240.0,358.7885890995385,0.004700099758338183,2.8215838875142674,0.0,0.031517428287886506,0.0,0.05856437149794391,0.05302607293563577,0.3759606557944747,0.417087211589451,1.0
bulk,eig@logskewnormal-quad,14,30.0,30.0,191.8698820999707,0.0004955999902449548,3.108153296011745,0.0,0.21142111729533908,0.06273154742100173,0.1397618145368379,0.07809215195067187,0.8446962179971651,0.6048988967112919,0.3125
bulk,eig@logskewnormal-quad,14,60.0,60.0,211.61353020003298,0.0010422001359984279,3.0662267489234636,0.0,0.21142111729533908,0.06273154742100173,0.1397618145368379,0.07809215195067187,0.7397627323521958,0.5470230942408366,0.6041666666666666
bulk,eig@logskewnormal-quad,14,120.0,120.0,262.37618039979134,0.0021491001825779676,2.935042227324836,0.0,0.0,0.0021238540543825346,0.0,0.0,0.5150735257918447,0.46002483724771914,0.8854166666666666
bulk,eig@logskewnormal-quad,14,180.0,180.0,316.50773460033815,0.0032606003805994987,2.8920054077345996,0.0,0.0,0.0021238540543825346,0.051270488957540605,0.07962398987889685,0.4385862111747159,0.3990320795991225,1.0
bulk,eig@logskewnormal-quad,14,240.0,240.0,360.54927119996864,0.004322600434534252,2.8045436013136698,0.0,0.0,0.0021238540543825346,0.0,0.0,0.3626752020458094,0.3735644563439951,1.0
bulk,eig@logskewnormal-quad,15,30.0,30.0,193.8195178999449,0.0012910000514239073,3.5144685865505956,0.0,0.0,0.0,0.03712017172502291,0.06813667097229348,1.0428470175828546,0.5526846027612501,0.3125
bulk,eig@logskewnormal-quad,15,60.0,60.0,214.78487749991473,0.001883000135421753,3.4243271812463516,0.0,0.0,0.0,0.03712017172502291,0.06813667097229348,0.7603693305876379,0.5174380512806688,0.59375
bulk,eig@logskewnormal-quad,15,120.0,120.0,267.2876483000582,0.0028927000239491463,3.2049866909480627,0.0,0.0,0.0,0.03712017172502291,0.017323258839714528,0.6396008543182287,0.3870246792707415,0.8958333333333334
bulk,eig@logskewnormal-quad,15,180.0,180.0,322.38739019993227,0.0039829001179896295,3.135008745202855,0.0,0.0,0.0,0.024542979053203573,0.04008597279991921,0.5788996599988475,0.3594942466769357,1.0
bulk,eig@logskewnormal-quad,15,240.0,240.0,369.6813892997452,0.00495630013756454,3.1000349942506795,0.0,0.0,0.0,0.024542979053203573,0.022762713960204684,0.5638525193589506,0.3557821424706952,1.0
bulk,eig@logskewnormal-quad,16,30.0,30.0,192.83860980003374,0.0006049001240171492,3.2799056332361167,0.7612096729939878,0.44994983408849487,0.3885970861602531,0.4680305457861508,0.5077738672890888,1.6587296890079775,0.6447307477412074,0.3125
bulk,eig@logskewnormal-quad,16,60.0,60.0,214.2690794999362,0.0011977000976912677,3.145081135188473,0.0,0.0,0.14222250852011908,0.11872239330047596,0.21452863681366663,0.9819375045817065,0.5680418332447217,0.5833333333333334
bulk,eig@logskewnormal-quad,16,120.0,120.0,265.1805852999678,0.002331699710339308,3.0257009388019696,0.0,0.0,0.14222250852011908,0.11872239330047596,0.20388539105496883,0.7346230472762965,0.49336928611217734,0.8645833333333334
bulk,eig@logskewnormal-quad,16,180.0,180.0,318.7528896999429,0.0035663997405208647,2.918015624590501,0.0,0.0,0.05037921940374224,0.11872239330047596,0.05297643829374721,0.5709137609347247,0.42439187887554464,1.0
bulk,eig@logskewnormal-quad,16,240.0,240.0,362.1414266000502,0.004620799678377807,2.8816898397996673,0.0,0.0,0.14222250852011908,0.11872239330047596,0.05297643829374721,0.5827085964276401,0.40794504946976323,1.0
bulk,eig@logskewnormal-quad,17,30.0,30.0,195.30092260008678,0.000570800038985908,3.225230620252019,0.0,0.0,0.0,0.040565608017942956,0.04889644084976197,0.7620589036566258,0.5183756309675356,0.3125
bulk,eig@logskewnormal-quad,17,60.0,60.0,218.46341890026815,0.0011273000272922218,3.1679039912878024,0.0,0.0,0.05792340053811418,0.10262462261756944,0.10605904357608265,0.6830215753475879,0.46289423377565353,0.5625
bulk,eig@logskewnormal-quad,17,120.0,120.0,267.1665419001947,0.0022864998318254948,3.1174158701891064,0.0,0.0,0.06829193733675532,0.10956925332530343,0.08463706630173262,0.6680005029458609,0.3909771918472129,0.8645833333333334
bulk,eig@logskewnormal-quad,17,180.0,180.0,321.1800253999536,0.0034455000422894955,3.046733906900215,0.0,0.0,0.03323486981016366,0.07645673365033945,0.1112997034765727,0.526116979706812,0.34412448303145704,1.0
bulk,eig@logskewnormal-quad,17,240.0,240.0,367.4702450000332,0.0044704999891109765,3.03906000085804,0.0,0.0,0.0,0.04998782097099852,0.08348102189120066,0.48664369812641745,0.33837989697757515,1.0
bulk,eig@logskewnormal-quad,18,30.0,30.0,195.32830700010527,0.0004921999061480165,3.1855257965614086,0.7594624338216631,0.6628611002955355,0.5986863374742991,0.6197149109033294,0.6007450174928031,0.9891737602124088,0.6377160694592914,0.3125
bulk,eig@logskewnormal-quad,18,60.0,60.0,213.36803860013606,0.0010163000551983714,3.1379216524093927,0.40536025593833713,0.49973408779364614,0.48876877964245646,0.47387687458305894,0.49369769158161037,0.9331126430626064,0.5856457257626067,0.6041666666666666
bulk,eig@logskewnormal-quad,18,120.0,120.0,263.31704270018963,0.0022325001191347837,3.0261857130305825,0.40536025593833713,0.04482090638421232,0.033717390745559905,0.11328863080326368,0.1399483514953065,0.6889514902275077,0.49728770658386806,0.8541666666666666
bulk,eig@logskewnormal-quad,18,180.0,180.0,314.9723839002545,0.0034051002585329115,2.935573935137819,0.33053324269773776,0.2428082225448862,0.0,0.04543160208505015,0.0,0.5501746610933277,0.4369962524602019,1.0
bulk,eig@logskewnormal-quad,18,240.0,240.0,355.11375520023284,0.004463400691747665,2.9193352167992437,0.40536025593833713,0.04482090638421232,0.0,0.04543160208505015,0.0,0.5361907055880529,0.4331973082351144,1.0
bulk,eig@logskewnormal-quad,19,30.0,30.0,196.87512339983368,0.0006952999974600971,3.2921657932612036,0.0,0.0,0.10614598625102656,0.19581997975299903,0.23439635204693454,0.9118282630878805,0.6063221416476475,0.3125
bulk,eig@logskewnormal-quad,19,60.0,60.0,217.56916509970324,0.001331899838987738,3.2477244124110123,0.0,0.0,0.10614598625102656,0.10862700746803933,0.18240528101135234,0.8459462762230853,0.5809313419086071,0.5833333333333334
bulk,eig@logskewnormal-quad,19,120.0,120.0,266.0639268999221,0.0024282001540996134,3.1284531189330202,0.0,0.0,0.1381525252938114,0.10592878951863327,0.10410132330786348,0.8149259741959813,0.4760239427104586,0.8958333333333334
bulk,eig@logskewnormal-quad,19,180.0,180.0,319.3245259000105,0.0035234999377280474,3.0371268083336034,0.2743184219509164,0.0,0.019160339630237444,0.09504980863610613,0.12425482163057255,0.6768210819686402,0.4216766091845676,1.0
bulk,eig@logskewnormal-quad,19,240.0,240.0,363.6508611999452,0.006267799937631935,2.9346173207008346,0.2743184219509164,0.0,0.10614598625102656,0.14264175319242312,0.12425482163057255,0.5790704330278955,0.4094539882469133,1.0
bulk,eig@logskewnormal-quad,20,30.0,30.0,190.41160500008846,0.0005522999563254416,3.2421095547321372,0.0,0.08651446227664827,0.08304171440997565,0.1283026833082167,0.10550638918352018,1.6007381684982651,0.5566011715393776,0.3125
bulk,eig@logskewnormal-quad,20,60.0,60.0,210.4478866001009,0.0011075999354943633,3.146979496961329,0.0,0.08651446227664827,0.08304171440997565,0.1283026833082167,0.10550638918352018,1.0877114500051022,0.5118968102301928,0.59375
bulk,eig@logskewnormal-quad,20,120.0,120.0,256.6410425999202,0.00225019984645769,3.118045582565823,0.0,0.08721791592256556,0.14191883106454983,0.11484241154555341,0.15105573356379132,1.0699759097306194,0.4142238348384532,0.8958333333333334
bulk,eig@logskewnormal-quad,20,180.0,180.0,312.18605509994086,0.0033415000652894378,3.037343909224869,0.0,0.0,0.009181820535113516,0.05939300984078111,0.10212463934468063,0.759523543197785,0.3751775546987874,1.0
bulk,eig@logskewnormal-quad,20,240.0,240.0,358.125131899782,0.004556100058835,3.006042606508043,0.0,0.0,0.009181820535113516,0.05939300984078111,0.10165677142409513,0.6370855474131728,0.3669396626203334,1.0
bulk,eig@logskewnormal-quad,21,30.0,30.0,190.18519680009922,0.00045140000293031335,3.2086152238407704,0.0,0.01102913629152058,0.007846699964304427,0.01242623547347621,0.0,0.7436333275234988,0.5849075308457676,0.3125
bulk,eig@logskewnormal-quad,21,60.0,60.0,211.129808200174,0.0009527001529932022,3.140400544502736,0.0,0.01102913629152058,0.007846699964304427,0.01242623547347621,0.0,0.6327316559359427,0.5377931115096759,0.5833333333333334
bulk,eig@logskewnormal-quad,21,120.0,120.0,257.3799114000285,0.0019487005192786455,3.0794646379510433,0.0,0.004890268971063372,0.007846699964304538,0.0,0.0,0.5842234290680727,0.45439045763642666,0.90625
bulk,eig@logskewnormal-quad,21,180.0,180.0,310.6960167999496,0.002941300394013524,3.016080402739283,0.0,0.004890268971063372,0.007846699964304538,0.0,0.10711311958407876,0.5161239056322652,0.40811497402177294,1.0
bulk,eig@logskewnormal-quad,21,240.0,240.0,356.2487726996187,0.0040853003156371415,2.966964015314938,0.0,0.004890268971063372,-2.220446049250313e-16,-2.220446049250313e-16,-2.220446049250313e-16,0.5098250633966812,0.39805877273586476,1.0
bulk,eig@logskewnormal-quad,22,30.0,30.0,190.22355859994423,0.0005691999103873968,3.5338378555314023,0.0,0.3819845801065104,0.40565521337504284,0.3521877571970602,0.35020130920796544,2.385765218340327,0.5754170981418868,0.3125
bulk,eig@logskewnormal-quad,22,60.0,60.0,212.7685697998386,0.001054599997587502,3.362152983970283,0.0,0.0,0.0,0.04371022209708675,0.06502458681663015,0.9205346533228029,0.5164576008872903,0.5729166666666666
bulk,eig@logskewnormal-quad,22,120.0,120.0,262.90729759959504,0.0021869002375751734,3.236702585187049,0.0,0.0,0.0,0.003785622163953728,0.04040857584201307,0.7205809788583533,0.4260009024177324,0.90625
bulk,eig@logskewnormal-quad,22,180.0,180.0,317.6696629996295,0.003342100069858134,3.1478152376991217,0.0,0.0,0.0,0.003785622163953728,0.009527184672344258,0.5297324995752434,0.38152281200600285,1.0
bulk,eig@logskewnormal-quad,22,240.0,240.0,367.251063799602,0.00443289999384433,3.0888491259816537,0.0,0.0,0.020543402010223755,0.02257272363855478,0.0,0.4695101813297555,0.3654967207891304,1.0
bulk,eig@logskewnormal-quad,23,30.0,30.0,193.3401142001385,0.0004918997292406857,3.28295538448183,0.0,0.0,0.04842216513930142,0.0,0.03505285953875803,1.075243073450132,0.5798693038804279,0.3125
bulk,eig@logskewnormal-quad,23,60.0,60.0,215.27244080009405,0.0010416997829452157,3.221078072723611,0.0,0.0,0.04842216513930142,0.0,0.03505285953875803,0.808278254092179,0.524703954142783,0.5729166666666666
bulk,eig@logskewnormal-quad,23,120.0,120.0,261.84182620001957,0.0022459998726844788,3.1152746958410287,0.0,0.0,0.04842216513930142,0.0,0.0034999151229940795,0.5423458120048024,0.44306281579192863,0.90625
bulk,eig@logskewnormal-quad,23,180.0,180.0,318.13460340030724,0.003292399982456118,3.0524593321135125,0.0,0.0,0.04842216513930142,0.0,0.00958255421519838,0.5636638964348358,0.4060164556403946,1.0
bulk,eig@logskewnormal-quad,23,240.0,240.0,360.2557845005649,0.0049766001757234335,2.9865359365420665,0.0,0.0,0.0,0.0,0.00958255421519838,0.4830311755035603,0.3905176456200524,1.0
bulk,eig@logskewnormal-quad,24,30.0,30.0,189.35624580015428,0.0006379999103955925,3.176085550663648,0.7484900403220508,0.6230614794804794,0.37380672776942003,0.36992376971486796,0.3835399814625219,0.9299392840088305,0.5720715725089344,0.3125
bulk,eig@logskewnormal-quad,24,60.0,60.0,206.31964360014535,0.0011951999040320516,3.122936833818454,0.5335309876643433,0.6230614794804794,0.37380672776942003,0.36992376971486796,0.3835399814625219,0.836685561489748,0.5234920181848258,0.6041666666666666
bulk,eig@logskewnormal-quad,24,120.0,120.0,257.29518610052764,0.0023360001505352557,3.083617388697963,0.3133228403882854,0.4313297310329651,0.35141820888180264,0.16350858132416635,0.05702318583399446,0.708627875814287,0.4168332466039535,0.9375
bulk,eig@logskewnormal-quad,24,180.0,180.0,312.4992525004782,0.0033623999333940446,3.0547848188959583,0.3133228403882854,0.3326719590855888,0.12361413512083097,0.16761294883541522,0.06048250886173623,0.6608291534263466,0.40257426649312766,1.0
bulk,eig@logskewnormal-quad,24,240.0,240.0,354.31452950043604,0.004446899809408933,2.9604272891934595,0.3133228403882854,0.11449552435351973,0.12361413512083086,0.00901849662076859,0.007601145109528362,0.5270842379596515,0.3881711257292229,1.0
bulk,eig@logskewnormal-quad,25,30.0,30.0,190.5309381998377,0.0005488998722285032,3.1311505882603896,0.0,0.0,0.10830087873484273,0.09739995087729147,0.12151499338400618,0.7228326743402229,0.5736158391266091,0.3125
bulk,eig@logskewnormal-quad,25,60.0,60.0,210.08778109995183,0.001105599687434733,3.051951161156866,0.0,0.0,0.10830087873484273,0.09739995087729147,0.12151499338400618,0.5948702148561429,0.5180210474993195,0.6041666666666666
bulk,eig@logskewnormal-quad,25,120.0,120.0,259.4297921998077,0.002246499643661082,2.9701347410639287,0.0,0.0,0.10830087873484273,0.04785468916974911,0.04358989895031096,0.4735449581193045,0.4276424574051232,0.8958333333333334
bulk,eig@logskewnormal-quad,25,180.0,180.0,313.44289289979497,0.003456399601418525,2.8750197884245883,0.0,0.0,0.06616308367517565,0.009958236095370387,0.00907076218969427,0.47961198813186023,0.37686699528413087,1.0
bulk,eig@logskewnormal-quad,25,240.0,240.0,356.73287669970887,0.004506099270656705,2.8409567680405012,0.0,0.0,0.0,0.009958236095370387,0.006506499767683804,0.3811418463691752,0.3695501417629398,1.0
bulk,eig@logskewnormal-quad,26,30.0,30.0,191.57457149995025,0.0005933999200351536,3.345283797052973,0.30960974962972854,0.40763569968347324,0.3711127501842908,0.291992427082143,0.12927706407568873,1.0722629770770844,0.5398150858520092,0.3125
bulk,eig@logskewnormal-quad,26,60.0,60.0,212.65910769975744,0.0011136000393889844,3.2339044972169675,0.30960974962972854,0.40763569968347324,0.3711127501842908,0.291992427082143,0.12927706407568873,0.8864706294711779,0.4795336875754402,0.6041666666666666
bulk,eig@logskewnormal-quad,26,120.0,120.0,260.9849199997843,0.0021882002474740148,3.1637193444130447,0.30960974962972854,0.40763569968347324,0.3046181574878566,0.2966684759053554,0.13315289745721537,0.7519525192434544,0.3905299735210538,0.9166666666666666
bulk,eig@logskewnormal-quad,26,180.0,180.0,316.3517947997898,0.0032804004731588066,3.0940833750290886,0.0,0.0,0.13245186067683523,0.16064401850444943,0.13028401300177028,0.586976524755003,0.34803933820673627,1.0
bulk,eig@logskewnormal-quad,26,240.0,240.0,363.1674891997827,0.004485300509259105,3.016523780872936,0.0,0.0,0.001537632384483234,0.10464703495413497,0.13028401300177028,0.5177694796055191,0.3363593509233657,1.0
bulk,eig@logskewnormal-quad,27,30.0,30.0,191.76401880016783,0.0005681999609805644,3.1654876993469365,0.21785638481389136,0.14745465975996241,0.23716709810641023,0.13337109378936396,0.1518121837565849,0.8585952263572674,0.6195064072769028,0.3125
bulk,eig@logskewnormal-quad,27,60.0,60.0,210.20937180012697,0.0010842999326996505,3.1164518453500585,0.21785638481389136,0.11020952662534278,0.21160198354181314,0.13337109378936396,0.1518121837565849,0.7577868739269109,0.5574040695513537,0.6041666666666666
bulk,eig@logskewnormal-quad,27,120.0,120.0,258.63769230025355,0.0022748999763280153,3.0312379519698394,0.0,0.037245133134619635,0.06757376679950544,0.0,0.0991263543265739,0.5806727770354014,0.45809562622313976,0.90625
bulk,eig@logskewnormal-quad,27,180.0,180.0,315.7637304003001,0.0034775997628457844,3.0026153205267363,0.0,0.037245133134619635,0.06757376679950544,0.0,0.0,0.5912922430253121,0.4308902870571696,1.0
bulk,eig@logskewnormal-quad,27,240.0,240.0,359.8604478001944,0.004484199802391231,2.9405292861302743,0.0,0.037245133134619635,0.06757376679950544,0.0,0.0991263543265739,0.5287348535789764,0.41031508197506195,1.0
bulk,eig@logskewnormal-quad,28,30.0,30.0,189.36344230012037,0.0005573000526055694,3.320296303336853,0.6356449631964014,0.42370183547621587,0.4950875796265687,0.47725108073774225,0.38579660977872954,1.1819996261404901,0.5850158535687523,0.3125
bulk,eig@logskewnormal-quad,28,60.0,60.0,209.42269010009477,0.0011479999520815909,3.2447848953033174,0.0,0.0905619224480666,0.037143087776809525,0.1488003670489726,0.17606908118181652,0.8395719307882573,0.5219093791278853,0.6041666666666666
bulk,eig@logskewnormal-quad,28,120.0,120.0,259.952842500119,0.0021405001753009856,3.071287431672497,0.0,0.0,0.037143087776809414,0.009746287568244694,0.04752510944977539,0.6452876656801088,0.4180853409243621,0.90625
bulk,eig@logskewnormal-quad,28,180.0,180.0,314.5856742998003,0.003168900264427066,2.9899889168301628,0.0,0.04261714568147823,0.0,0.009746287568244694,0.04752510944977539,0.5467630588713069,0.36599358383434627,1.0
bulk,eig@logskewnormal-quad,28,240.0,240.0,361.7031282997341,0.004154900263529271,2.9305603355471246,0.0,0.04261714568147823,0.0,0.009746287568244694,0.05586461907104889,0.49176873991119063,0.3582092816443219,1.0
bulk,eig@logskewnormal-quad,29,30.0,30.0,193.4858307999093,0.0005656000575982034,3.1004517864964556,0.0,0.09242521024766526,0.000794431615735891,1.1102230246251565e-16,0.0080359755221735,1.0382971546310882,0.6399727079260312,0.3125
bulk,eig@logskewnormal-quad,29,60.0,60.0,212.2816677998635,0.0011153999366797507,3.063684221113388,0.0,0.0,0.00079443161573578,0.0,0.008035975522173278,0.6387784046240284,0.5846366854512626,0.6041666666666666
bulk,eig@logskewnormal-quad,29,120.0,120.0,261.23788430012064,0.0022156998747959733,2.9695516663105543,0.0,0.09242521024766526,0.000794431615735891,1.1102230246251565e-16,0.0080359755221735,0.4912459512382538,0.4957821525868881,0.90625
bulk,eig@logskewnormal-quad,29,180.0,180.0,314.40931130049285,0.003280799719505012,2.8678432625046177,0.0,0.0,0.00079443161573578,0.008680371024676448,0.0,0.3756501445363601,0.4416669347454475,1.0
bulk,eig@logskewnormal-quad,29,240.0,240.0,353.61074880039087,0.004403799772262573,2.836081912944664,0.0,0.0,0.00079443161573578,0.008680371024676448,0.0,0.36995904935578144,0.4226327369750842,1.0
bulk,eig@logskewnormal-quad,30,30.0,30.0,191.43475559994113,0.0005692999111488461,3.295470826615835,0.0,0.06508524388206216,0.0245066728743909,0.19832750492406304,0.25312056309133335,0.9165038163181038,0.5989494477315969,0.3125
bulk,eig@logskewnormal-quad,30,60.0,60.0,210.78014559973963,0.0011048997403122485,3.194064243798947,0.0,0.06508524388206216,0.0245066728743909,0.17443640690257023,0.23475158371776972,0.7623059924580043,0.5440700145341547,0.5833333333333334
bulk,eig@logskewnormal-quad,30,120.0,120.0,257.41945699974895,0.002443699981085956,3.1050845282974215,0.0,0.06508524388206216,0.0245066728743909,0.19832750492406304,0.2322141259945223,0.6785269373830078,0.4329759522097646,0.90625
bulk,eig@logskewnormal-quad,30,180.0,180.0,312.8228892994812,0.0037302999407984316,3.0048243102276513,0.0,0.06508524388206216,0.0245066728743909,0.15020982802161165,0.197731165437393,0.5652085846129468,0.39632383926812825,1.0
bulk,eig@logskewnormal-quad,30,240.0,240.0,359.804224299558,0.004923199885524809,2.9332651086098807,0.0,0.06508524388206216,0.0245066728743909,0.08454661313088396,0.13402638480408968,0.4662494259322773,0.3825656441483036,1.0
bulk,eig@logskewnormal-quad,31,30.0,30.0,191.8738232999458,0.0005414001061581075,3.1077507649729603,0.06274080504417423,0.09456689760901471,0.2886490572381005,0.4005718245755441,0.20734496661200574,1.1190940464520498,0.6226928859266723,0.3125
bulk,eig@logskewnormal-quad,31,60.0,60.0,210.0833244000096,0.0010628001182340086,3.040005210057203,0.06274080504417423,0.09456689760901471,0.2886490572381005,0.4005718245755441,0.20734496661200574,0.7811558175162455,0.5684302017635042,0.6041666666666666
bulk,eig@logskewnormal-quad,31,120.0,120.0,255.9758185999235,0.0021304000983946025,2.985195310069612,0.06274080504417423,0.09456689760901471,0.0,0.16507801479423156,0.20734496661200574,0.6505620896520786,0.4740724229533052,0.8958333333333334
bulk,eig@logskewnormal-quad,31,180.0,180.0,309.7721801997395,0.003295999951660633,2.885873934746827,0.06274080504417423,0.09456689760901471,0.0,0.0,0.048854029630156504,0.45905536961220306,0.4228207873439084,1.0
bulk,eig@logskewnormal-quad,31,240.0,240.0,351.98170709970873,0.004422600090038031,2.8662389436339644,0.06274080504417423,0.09456689760901471,0.0,0.0,0.048854029630156504,0.4521603547034739,0.40836384636717754,1.0
bulk,eig@logskewnormal-quad,32,30.0,30.0,188.37887360010063,0.0004935999750159681,3.302328261820616,0.8714783640981083,0.8242525126188422,0.763074299893486,0.6332883016817763,0.5490190674145689,1.1620933321588152,0.6139425066957163,0.3125
bulk,eig@logskewnormal-quad,32,60.0,60.0,207.33541630022228,0.0010874001309275627,3.2298296138841494,0.7231031587836108,0.7544665842411924,0.7526060013690521,0.703119486318307,0.5951734854630043,1.1094798257221323,0.5530280802106812,0.59375
bulk,eig@logskewnormal-quad,32,120.0,120.0,255.46523360040737,0.0022282999707385898,3.086321151471368,0.0,0.0,0.0747281488445043,0.13184934260118097,0.11430465859212857,0.689576178229934,0.4377214056565965,0.9375
bulk,eig@logskewnormal-quad,32,180.0,180.0,313.06926690082764,0.003429899865295738,2.9970651036449474,0.0,0.0061217202250237746,0.0,0.0,0.04615441804843545,0.4593694968128811,0.40566183372650394,1.0
bulk,eig@logskewnormal-quad,32,240.0,240.0,358.0092471005046,0.004546899697743356,2.954161521358531,0.0,0.0061217202250237746,0.0,0.0,0.04615441804843545,0.4159468284096627,0.3948988922702142,1.0
bulk,eig@logskewnormal-quad,33,30.0,30.0,190.1179288001149,0.0005606000777333975,3.5679490308232986,0.0,0.027815983603494576,0.053264260071504865,0.10326642977642053,0.16078465000931363,1.3402881040843098,0.5252109258141664,0.3125
bulk,eig@logskewnormal-quad,33,60.0,60.0,212.5445467000245,0.001207000168506056,3.4839819574199162,0.0,0.0,0.030943290942523016,0.004773073089081481,0.050630711633390946,1.0063767534473527,0.4872448683171621,0.5833333333333334
bulk,eig@logskewnormal-quad,33,120.0,120.0,267.3300636999775,0.0022975002648308873,3.345812072132994,0.0,0.0,0.0,0.004773073089081481,0.09218370049105828,0.7482778070649548,0.40207723218024477,0.875
bulk,eig@logskewnormal-quad,33,180.0,180.0,321.65478390001226,0.0034899006714113057,3.2740249225789335,0.0,0.0,0.0,0.004773073089081481,0.09180365798090895,0.6905600318773851,0.35586268598323056,1.0
bulk,eig@logskewnormal-quad,33,240.0,240.0,376.22058419982204,0.004656100645661354,3.2445227508410035,0.0,0.0,0.0,0.004773073089081481,0.050630711633390946,0.709367103844522,0.3484859579802004,1.0
bulk,eig@logskewnormal-quad,34,30.0,30.0,189.46455869986676,0.0005568001070059836,3.100698089930003,0.09694839895613083,0.0,0.06691769435343764,0.16625810731097246,0.2022264227496141,0.8769205590823981,0.6111525475583021,0.3125
bulk,eig@logskewnormal-quad,34,60.0,60.0,206.6990299000172,0.0010531998705118895,3.103951664786807,0.09694839895613083,0.0,0.06691769435343764,0.16625810731097246,0.2022264227496141,0.8439126246705566,0.5760818255813677,0.6041666666666666
bulk,eig@logskewnormal-quad,34,120.0,120.0,252.50388239999302,0.0021878000115975738,2.961796239560135,0.09694839895613083,0.0,0.06691769435343764,0.05418091920075396,0.12226565482035079,0.5491518096335495,0.44074356101139284,0.9479166666666666
bulk,eig@logskewnormal-quad,34,180.0,180.0,309.3287339004455,0.0032771999249234796,2.9035924233110726,0.0,0.0,0.0,0.03209407357767513,0.10319635212462053,0.4422698469102828,0.41852262206000385,1.0
bulk,eig@logskewnormal-quad,34,240.0,240.0,347.0209000004688,0.004310100164730102,2.852204751412014,0.0,0.0,0.05056151128698938,0.03209407357767513,0.10319635212462053,0.4312195824119578,0.40665040846979944,1.0
bulk,eig@logskewnormal-quad,35,30.0,30.0,190.86114299990004,0.0005287000094540417,3.0617510371628343,0.5464059612061848,0.28019429645802607,0.3209413452175034,0.3437072637124341,0.4148939021539967,0.805907272395492,0.6544258032847863,0.3125
bulk,eig@logskewnormal-quad,35,60.0,60.0,209.99519679992227,0.0010556000634096563,3.0106246552368803,0.5464059612061848,0.28019429645802607,0.1754218901676824,0.1483658108495708,0.19103472558831003,0.659787901679616,0.6068246399459085,0.59375
bulk,eig@logskewnormal-quad,35,120.0,120.0,255.69853699981468,0.0026157000684179366,2.899159209407569,0.0,0.002499023648485754,0.13447850695146657,0.1483658108495708,0.03104696114894978,0.49361436598021335,0.48869319927587923,0.9166666666666666
bulk,eig@logskewnormal-quad,35,180.0,180.0,307.29672989959363,0.004702099948190153,2.85126643234223,0.0,0.0,0.13047070521127246,0.0,0.02937541760549256,0.4193322526516477,0.4423679534654904,1.0
bulk,eig@logskewnormal-quad,35,240.0,240.0,348.1867684997851,0.00580960011575371,2.79373620757161,0.0,0.1968063634606393,0.13047070521127258,1.1102230246251565e-16,0.02937541760549256,0.37920985320259576,0.42506025965644006,1.0
bulk,eig@logskewnormal-quad,36,30.0,30.0,188.3779199999408,0.0005340000498108566,3.1712572018283964,0.8512659633103727,0.7308858854303821,0.7291271190761826,0.7097531640925709,0.6525314886268332,1.4476621227013882,0.5947599272404556,0.3125
bulk,eig@logskewnormal-quad,36,60.0,60.0,208.71767539985012,0.001223800063598901,3.038287677814882,0.0,0.0,0.08249685670946383,0.07264691046367511,0.11954539707038292,0.6790573154421505,0.5262527888230234,0.6041666666666666
bulk,eig@logskewnormal-quad,36,120.0,120.0,257.6782890998875,0.0024025002494454384,2.981145625202777,0.0,0.0,0.12265020175265351,0.07751069423811507,0.07124191684870651,0.642088983907276,0.4441902068290818,0.90625
bulk,eig@logskewnormal-quad,36,180.0,180.0,313.12012420024257,0.00369930051965639,2.923231554682523,0.0,0.0,0.06544674339413936,0.1351432380359654,0.1689747724023436,0.5675261715958045,0.39628910528024386,1.0
bulk,eig@logskewnormal-quad,36,240.0,240.0,354.68824740033597,0.0050123006803914905,2.8423978401621413,0.0,0.0,0.0,0.0271372050733234,0.03856037127558931,0.4339844826547837,0.37617210470531254,1.0
bulk,eig@logskewnormal-quad,37,30.0,30.0,190.9923998998711,0.0005244000349193811,3.0519134919500566,0.47890656822479993,0.2712777036835742,0.34605557834148715,0.2956017312313658,0.3636123038112983,0.8159313697867336,0.6243861336822337,0.3125
bulk,eig@logskewnormal-quad,37,60.0,60.0,209.60367669985862,0.0010593000915832818,3.0276956667297106,0.47890656822479993,0.13837320129121722,0.24837690300120996,0.2179234557637394,0.29802523940277503,0.7170630692935803,0.5863702738526763,0.6041666666666666
bulk,eig@logskewnormal-quad,37,120.0,120.0,257.38113189983414,0.0022538001649081707,2.9612248718996894,0.0,0.13837320129121722,0.3039741603531271,0.2357142977696769,0.27520264382062354,0.6070007053411104,0.4782976947376217,0.9270833333333334
bulk,eig@logskewnormal-quad,37,180.0,180.0,311.74872750003124,0.003484099986962974,2.859665205334938,0.2346261350567539,0.0,0.007568759662925029,0.0,0.0,0.45076856333929277,0.42746435172656766,1.0
bulk,eig@logskewnormal-quad,37,240.0,240.0,353.0388654001872,0.004621800035238266,2.834550605600406,0.0,0.0,0.007568759662925029,0.0,0.0757624081078947,0.40999294685429305,0.419048480773401,1.0
bulk,eig@logskewnormal-quad,38,30.0,30.0,192.44960269983858,0.0005186001653783023,3.0652640193769707,0.0,0.0,0.0709663591351386,0.1053398768810978,0.14881358162017433,0.9203192275656149,0.6743367232401001,0.3125
bulk,eig@logskewnormal-quad,38,60.0,60.0,211.69616749946726,0.0010157002252526581,3.0015984738866632,0.0,0.0,0.0709663591351386,0.1053398768810978,0.14881358162017433,0.7926264798564044,0.6114985955088408,0.59375
bulk,eig@logskewnormal-quad,38,120.0,120.0,258.19518969918136,0.0021343003609217703,2.898412993027021,0.0,0.0,0.0709663591351386,0.1053398768810978,0.08711261365308842,0.6247513966428694,0.4736064909213301,0.9270833333333334
bulk,eig@logskewnormal-quad,38,180.0,180.0,314.61033779906575,0.0033042001887224615,2.8544487391212807,0.0,0.0,0.0709663591351386,0.05924126523726403,0.07284342509569974,0.5269609699330196,0.4456009702180031,1.0
bulk,eig@logskewnormal-quad,38,240.0,240.0,355.0963548991713,0.004252000362612307,2.824272312849438,0.0,0.0,0.0,0.05924126523726403,0.07284342509569974,0.486142404778666,0.4369330271926416,1.0
bulk,eig@logskewnormal-quad,39,30.0,30.0,192.88056969997706,0.0005251998663879931,3.1525110757505517,0.0,0.07035752438611154,0.048442767655875185,0.12365681432160303,0.1620206014987201,0.8964994282110305,0.6016798705647592,0.3125
bulk,eig@logskewnormal-quad,39,60.0,60.0,214.72084319993155,0.0010576000204309821,3.099837269656483,0.0,0.07035752438611154,0.048442767655875185,0.12365681432160303,0.1620206014987201,0.813376385932313,0.5623930348496017,0.5729166666666666
bulk,eig@logskewnormal-quad,39,120.0,120.0,265.46235780010466,0.0021507999626919627,2.9940459524381393,0.0,0.07035752438611154,0.052905575388039416,0.0129817478916332,0.0669578315453585,0.5867100992519203,0.48654758258546527,0.8645833333333334
bulk,eig@logskewnormal-quad,39,180.0,180.0,318.46576960006496,0.003206200140994042,2.967015665403975,0.0,0.005934953009078203,0.052905575388039416,0.0129817478916332,0.0669578315453585,0.5891208302653802,0.4145062416334989,1.0
bulk,eig@logskewnormal-quad,39,240.0,240.0,363.99534750002204,0.0046755000948905945,2.872244508052397,0.0,0.005934953009078203,0.052905575388039416,0.0129817478916332,0.04678155722770627,0.45466142145062155,0.39905507885940267,1.0
bulk,eig@logskewnormal-quad,40,30.0,30.0,197.99045879987534,0.0005055999499745667,3.1758290064293515,0.0,0.2992658470036381,0.3166081511942582,0.33758975427389437,0.28147076678523375,1.1847553976658898,0.6066123153122036,0.3125
bulk,eig@logskewnormal-quad,40,60.0,60.0,217.00748499989277,0.0009775000507943332,3.1292574910084148,0.0,0.2992658470036381,0.3166081511942582,0.27269512630306725,0.29286261764050436,1.0393869138465563,0.5416169639033156,0.59375
bulk,eig@logskewnormal-quad,40,120.0,120.0,268.07298480015015,0.0020861998782493174,3.018957901856423,0.0,0.2992658470036381,0.045786263781075864,0.0921759253934129,0.0933285075196465,0.702969375446493,0.4426300543482032,0.875
bulk,eig@logskewnormal-quad,40,180.0,180.0,323.2068969999673,0.0035820999182760715,2.9503411559326054,0.0,0.24867597642446881,0.0029456069432038934,0.039806126723031965,0.01252738129712172,0.5808614949286568,0.38575529284142696,1.0
bulk,eig@logskewnormal-quad,40,240.0,240.0,369.26380680012517,0.004676799930166453,2.9008142784562145,0.0,0.24867597642446881,0.0029456069432038934,0.039806126723031965,0.04250890068701618,0.5784147573433295,0.36952795286737466,1.0
bulk,eig@logskewnormal-quad,41,30.0,30.0,195.27426199999172,0.0005446997820399702,3.324608210567367,0.04885743558879829,0.10518562052059677,0.28198529605181055,0.42584135711605353,0.3952919126927915,0.9664213304465176,0.5996980128429813,0.3125
bulk,eig@logskewnormal-quad,41,60.0,60.0,213.257778400206,0.0010892998543567955,3.284873881567105,0.04885743558879829,0.10518562052059677,0.28198529605181055,0.42584135711605353,0.3952919126927915,0.9071766149503061,0.5612848255769992,0.625
bulk,eig@logskewnormal-quad,41,120.0,120.0,264.29958410037216,0.002268799871671945,3.138467956022881,0.20523214136174073,0.10518562052059677,0.005204431082027061,0.0,0.043268620535836244,0.6598986281189957,0.4662896186188833,0.8958333333333334
bulk,eig@logskewnormal-quad,41,180.0,180.0,320.42884970031446,0.00342509982874617,3.0586147406973034,0.0,0.0,0.005204431082027061,0.1612146396243741,0.043268620535836244,0.5402208234136678,0.4165246465129,1.0
bulk,eig@logskewnormal-quad,41,240.0,240.0,367.05499170027906,0.004596099955961108,2.9886589746383585,0.0,0.0,0.0,0.0,0.01963944615914137,0.481091881390699,0.3996718865262723,1.0
bulk,eig@logskewnormal-quad,42,30.0,30.0,197.90485540014924,0.0005356000037863851,3.1701644216566542,0.0,0.18344492626458775,0.12533450419781966,0.07807067293445857,0.16352077406871912,1.0654860893299851,0.6476115315424148,0.3125
bulk,eig@logskewnormal-quad,42,60.0,60.0,218.33377550006844,0.0010677000391297042,3.1152211008174135,0.0,0.18344492626458775,0.1272775808900023,0.07807067293445857,0.12524023669732154,0.9891861708894704,0.5882042139633161,0.5833333333333334
bulk,eig@logskewnormal-quad,42,120.0,120.0,267.1411304002977,0.002221899922005832,3.0024213770891333,0.0,0.0028005526034621253,-2.220446049250313e-16,0.10555006278834023,0.09249095556972975,0.8188566479188556,0.48308394427385964,0.8958333333333334
bulk,eig@logskewnormal-quad,42,180.0,180.0,323.51133150060195,0.0033245999366045,2.85898709383189,0.0,0.03932052416323106,0.025338251261279643,-2.220446049250313e-16,0.0,0.5655053667448781,0.42409395340077866,1.0
bulk,eig@logskewnormal-quad,42,240.0,240.0,369.84120510029607,0.004473199951462448,2.8308902161103333,0.0,0.0,0.025338251261279865,0.0,0.0,0.5448681166929374,0.42002541655364056,1.0
bulk,eig@logskewnormal-quad,43,30.0,30.0,197.46292179985903,0.000545899907592684,3.2502025214173416,0.06499276227661721,0.30766667912059076,0.36111352191782,0.30185382609916034,0.3052893457536052,1.5030041834303751,0.6402419124474051,0.3125
bulk,eig@logskewnormal-quad,43,60.0,60.0,222.83945709990803,0.0011236999998800457,3.0839520045329967,0.22331329724422333,0.11540695708557702,0.0,0.04302118178496206,0.04321872552708794,0.8062261533918318,0.5767170070462331,0.5625
bulk,eig@logskewnormal-quad,43,120.0,120.0,272.39829649974126,0.002334499906282872,2.9805767365848896,0.22331329724422333,0.08181909187785608,0.0,0.0,0.008402336188999437,0.5408997032333374,0.44453388411454725,0.9270833333333334
bulk,eig@logskewnormal-quad,43,180.0,180.0,329.41362869978184,0.0034704000572673976,2.919214641493785,0.0,0.08181909187785608,0.0,0.0,0.008402336188999437,0.4901090729014691,0.4088878383824407,1.0
bulk,eig@logskewnormal-quad,43,240.0,240.0,377.6487806998193,0.0046252000029198825,2.8598387131144087,0.0,0.08181909187785608,0.0,0.0,0.005166448760045239,0.3932519911979225,0.39872359913412275,1.0
bulk,eig@logskewnormal-quad,44,30.0,30.0,196.4290956001496,0.0004887000541202724,3.0142318491468303,0.5317911584081663,0.3192804546709932,0.38010387443295135,0.34519900875535203,0.33209371366751506,1.0406096355815244,0.6610980873854534,0.3125
bulk,eig@logskewnormal-quad,44,60.0,60.0,215.97976630029734,0.001081799971871078,2.971581074430697,0.5317911584081663,0.3192804546709932,0.38010387443295135,0.34519900875535203,0.33209371366751506,0.9882200564200895,0.616417706644799,0.6041666666666666
bulk,eig@logskewnormal-quad,44,120.0,120.0,264.78218260069843,0.002259399916511029,2.8712061724642113,0.0,0.2866705252083517,0.13126458381333184,0.09873735603237199,0.08650734164987217,0.5341861924244644,0.49135088033108254,0.9166666666666666
bulk,eig@logskewnormal-quad,44,180.0,180.0,322.6513831006596,0.003370600054040551,2.788107017417543,0.0,0.11850661846540711,0.0,0.0,0.029652471694154525,0.39413641145661565,0.44721472214601343,1.0
bulk,eig@logskewnormal-quad,44,240.0,240.0,369.55986810068134,0.004538699868135154,2.7578505490107275,0.0,0.0,0.0,0.06217877511153547,0.02785998259794542,0.38355266667910354,0.44308844853850576,1.0
bulk,eig@logskewnormal-quad,45,30.0,30.0,194.9835185998818,0.0005746999522671103,3.0793756335562925,0.0,0.17705719377845475,0.24479061890063547,0.26096341634576126,0.3212372107216426,0.9241646296795053,0.5704456227765682,0.3125
bulk,eig@logskewnormal-quad,45,60.0,60.0,213.69355750002433,0.001087999902665615,3.0412508247016707,0.0,0.17705719377845475,0.24479061890063547,0.26096341634576126,0.3212372107216426,0.8950134739626102,0.49837100969752957,0.6145833333333334
bulk,eig@logskewnormal-quad,45,120.0,120.0,267.4917063001194,0.0024948996142484248,2.911751340742206,0.0,0.0676514116811846,0.1182405104046158,0.131709485925957,0.15966496469503,0.5824121836331237,0.41314285677459833,0.90625
bulk,eig@logskewnormal-quad,45,180.0,180.0,322.6059253999847,0.003962799615692347,2.8372388371954345,0.0,0.15385138543865517,0.1182405104046158,0.131709485925957,0.11538813018016603,0.46349012573606174,0.3569752954822718,1.0
bulk,eig@logskewnormal-quad,45,240.0,240.0,369.00346589979017,0.005075199471320957,2.821016253960508,0.0,0.0676514116811846,0.1182405104046158,0.131709485925957,0.11538813018016603,0.45084436625167973,0.3499525320820314,1.0
bulk,eig@logskewnormal-quad,46,30.0,30.0,194.73711720004212,0.000580300169531256,3.098205027358515,0.0,0.06237032183653379,0.10470383600876665,0.046501280253066546,0.0,0.7657149339998482,0.6042684217519398,0.3125
bulk,eig@logskewnormal-quad,46,60.0,60.0,213.88450470013777,0.0011910002212971449,3.047151737665711,0.0,0.06237032183653379,0.10470383600876665,0.046501280253066546,0.0,0.6301078714001639,0.5526810059956728,0.59375
bulk,eig@logskewnormal-quad,46,120.0,120.0,261.5599999001133,0.002353600168135017,2.9237707603859957,0.0,0.06237032183653379,0.10470383600876665,0.07093625991151009,0.09674978582939942,0.45261965904327867,0.4436542316029969,0.9479166666666666
bulk,eig@logskewnormal-quad,46,180.0,180.0,318.0953710002941,0.0034770998172461987,2.893539267139459,0.0,0.06237032183653379,0.04982573845784477,0.0,0.06658169106683076,0.440016637078783,0.41535200734076944,1.0
bulk,eig@logskewnormal-quad,46,240.0,240.0,361.9411789004225,0.004722599929664284,2.856825315792804,0.0,0.06237032183653379,0.02098900127441139,0.0,0.0,0.3835693057734542,0.40754887830441633,1.0
bulk,eig@logskewnormal-quad,47,30.0,30.0,194.61561899993103,0.0005250000394880772,3.3196251513998916,0.007429293762375999,0.08425184153325405,0.1951911807879757,0.32793547823466207,0.3538675815825919,1.2777662694847625,0.6276154523589452,0.3125
bulk,eig@logskewnormal-quad,47,60.0,60.0,217.54845389997354,0.0010857998277060688,3.213281876765206,0.0,0.08052334460257093,0.012284294104503712,0.10572598686930368,0.09240464539231219,0.9712696944362877,0.5902633162371415,0.5729166666666666
bulk,eig@logskewnormal-quad,47,120.0,120.0,268.25772509980015,0.002305300033185631,3.085785589481693,0.0,0.0628923930757258,0.0,0.0,0.013096937198803782,0.5366736234089082,0.4539750248405615,0.9166666666666666
bulk,eig@logskewnormal-quad,47,180.0,180.0,325.56905220012413,0.003422299982048571,3.0173820364735664,0.0,0.0,0.0,0.0,0.0,0.4461629977672385,0.4315539602233391,1.0
bulk,eig@logskewnormal-quad,47,240.0,240.0,374.2550238001859,0.004597300139721483,2.996344957962363,0.007429293762375999,0.06662089000640892,0.0,0.0,0.0,0.44910349496473484,0.4293413243290622,1.0
bulk,eig@logskewnormal-quad,48,30.0,30.0,196.27933640021365,0.0005980997229926288,3.324930709332037,0.0,0.0,0.07926557574964221,0.14737350038780028,0.18699899072956572,0.8303637645192804,0.5538484496554451,0.3125
bulk,eig@logskewnormal-quad,48,60.0,60.0,218.4769620000734,0.0011276996810920537,3.243306176875114,0.0,0.0,0.07926557574964221,0.14737350038780028,0.18699899072956572,0.7309676412221388,0.5141018920488376,0.59375
bulk,eig@logskewnormal-quad,48,120.0,120.0,269.36963680031477,0.002445599529892206,3.1764055578498565,0.0,0.0,0.0,0.04682638281886109,0.0745468859816455,0.6758773619876131,0.44153849136692236,0.8958333333333334
bulk,eig@logskewnormal-quad,48,180.0,180.0,323.7064433005871,0.0035425996757112443,3.138416801410338,0.0,0.0,0.0,0.04682638281886109,0.13600072516939743,0.5721665010394477,0.40704392345902524,1.0
bulk,eig@logskewnormal-quad,48,240.0,240.0,373.43695330049377,0.004678099532611668,3.0691407261911365,0.0,0.0,0.0,0.04682638281886109,0.10075647721304337,0.49508921887296314,0.39388761034029,1.0
bulk,eig@logskewnormal-quad,49,30.0,30.0,198.47927990020253,0.0005263999337330461,3.211145931061207,0.8681961270535818,0.7838138063877731,0.7255845729652569,0.71060273289408,0.6808020409072548,1.372519629637338,0.6020183706081633,0.3125
bulk,eig@logskewnormal-quad,49,60.0,60.0,219.40260070050135,0.0011165000032633543,3.1492980226512013,0.0,0.2843764242460496,0.3515446053647172,0.3704782401975504,0.3811332761427896,0.9334095907345172,0.5323810035607164,0.6145833333333334
bulk,eig@logskewnormal-quad,49,120.0,120.0,269.96385800052667,0.0022292999201454222,2.9728275935810267,0.0,0.0,0.13420635900755373,0.18989413127122523,0.2269636907632021,0.6986184546505505,0.4104834566807313,0.9270833333333334
bulk,eig@logskewnormal-quad,49,180.0,180.0,329.7225166003336,0.0034412999521009624,2.8626499544551742,0.0,0.0,0.0,0.07838345075437747,0.09891873837376042,0.4242949703139884,0.3849503932706995,1.0
bulk,eig@logskewnormal-quad,49,240.0,240.0,373.86867830029223,0.0046835000975988805,2.808322274671603,0.0,0.0,0.0,0.05269856508197612,0.07591209600147397,0.3577357587591182,0.36511377560654257,1.0
bulk,eig@logskewnormal-poisson,0,30.0,30.0,131.7267163998913,0.5116300999652594,3.225165784864796,0.1419859063633485,0.3030603582697473,0.29329822549449425,0.34131460745404185,0.3435314827328144,1.154353543506932,0.6228415434146412,0.3125
bulk,eig@logskewnormal-poisson,0,60.0,60.0,163.9637189998757,1.0647195999627002,3.186442001596656,0.0,0.0,0.09812097291781519,0.08311315108860873,0.07256974881141376,0.838944905465801,0.5909694990461369,0.6041666666666666
bulk,eig@logskewnormal-poisson,0,120.0,120.0,228.14990919973934,2.158177300123498,3.06767562273825,0.0,0.0,0.051527828461635616,0.08311315108860873,0.07256974881141376,0.6997469621607645,0.48475606425885825,0.9375
bulk,eig@logskewnormal-poisson,0,180.0,177.0,287.65874699974665,3.126169400231447,2.976286375706374,0.0,0.0,0.051527828461635616,0.05131229914848856,0.07256974881141376,0.6290184931472501,0.4328158443986847,1.0
bulk,eig@logskewnormal-poisson,0,240.0,231.0,343.34049850021256,4.054081600217614,2.970814301620429,0.0,0.0,0.051527828461635616,0.08311315108860873,0.07256974881141376,0.6311122749389309,0.43171108287120624,1.0
bulk,eig@logskewnormal-poisson,1,30.0,30.0,132.29987949988572,0.48949020000873134,3.1231308171471484,0.0,0.0,0.1412068578851704,0.11413275709333726,0.14309020292380847,0.8447814584783058,0.599981761866206,0.3020833333333333
bulk,eig@logskewnormal-poisson,1,60.0,60.0,164.94926209998084,1.0285217001801357,3.047227708454571,0.0,0.0,0.1412068578851704,0.11413275709333726,0.14309020292380847,0.78081704605728,0.5257507381375859,0.59375
bulk,eig@logskewnormal-poisson,1,120.0,120.0,229.7954052000423,2.0928927000495605,2.9813878151309203,0.0,0.009994916171171098,1.1102230246251565e-16,0.07976230726472633,0.09527590233873218,0.7613603029015134,0.41644365040411513,0.9375
bulk,eig@logskewnormal-poisson,1,180.0,179.0,291.38559690024704,3.1295437000808306,2.8544941781401327,0.0,0.009994916171171098,1.1102230246251565e-16,0.07976230726472633,0.09527590233873218,0.5307341700863124,0.3780997126254428,1.0
bulk,eig@logskewnormal-poisson,1,240.0,231.0,345.5104977003066,4.025247799989302,2.791322332309021,0.0,0.009994916171171098,1.1102230246251565e-16,1.1102230246251565e-16,0.04137570656200562,0.4362299699938738,0.3646059808173999,1.0
bulk,eig@logskewnormal-poisson,2,30.0,30.0,133.33115909987828,0.5250222001341172,3.2400320724373057,0.8818354267945917,0.8957135956843548,0.8090569398400863,0.3231504720745281,0.3148499630253573,1.152016050395362,0.5833633710780756,0.3125
bulk,eig@logskewnormal-poisson,2,60.0,60.0,166.61988569999812,1.065219800104387,3.1540202056448954,0.0,0.0,0.12892555275912687,0.16678540487147964,0.1522786050722822,0.7004207195230445,0.5407579052034373,0.59375
bulk,eig@logskewnormal-poisson,2,120.0,120.0,229.72451390023343,2.1051532002165914,3.0887877337854626,0.0,0.0,0.0,0.05551045069714444,0.08334319007111846,0.5735333325166473,0.45680547869384963,0.9375
bulk,eig@logskewnormal-poisson,2,180.0,173.0,284.5921134002856,2.976129800255876,3.0326080758618694,0.0,0.0,0.0,0.050394398970301624,0.08296597122751259,0.48272973846646994,0.4154573996570217,1.0
bulk,eig@logskewnormal-poisson,2,240.0,222.0,335.4140177004738,3.783130800467916,3.0081602750609746,0.0,0.0,0.0,0.0,0.03695481824582958,0.4368894873675716,0.4064344520638753,1.0
bulk,eig@logskewnormal-poisson,3,30.0,30.0,134.14164189982694,0.5943549998337403,3.27153712094654,0.6934524701891533,0.2333036911759817,0.049110539941082165,0.11771354438354709,0.09015031721027644,1.0407636926375565,0.5733160692066492,0.3125
bulk,eig@logskewnormal-poisson,3,60.0,60.0,166.2709647999145,1.0856579998508096,3.2147604283071693,0.6934524701891533,0.2333036911759817,0.049110539941082165,0.04218096150325856,0.09015031721027633,0.9014213174268118,0.4921947125772174,0.6041666666666666
bulk,eig@logskewnormal-poisson,3,120.0,119.0,228.08629079983803,2.1643689998891205,3.1375376621216375,0.0,0.0,0.02980108744103438,0.04218096150325845,0.06120469998450795,0.6758145282737958,0.4271795926668632,0.90625
bulk,eig@logskewnormal-poisson,3,180.0,174.0,284.9667671000352,3.076020699867513,3.131096963614142,0.0,0.0,0.02980108744103438,0.10112868757825311,0.09015031721027622,0.6362067820498994,0.3965385186914324,1.0
bulk,eig@logskewnormal-poisson,3,240.0,226.0,340.2517777000321,3.9423478994867764,3.055935650875604,0.0,0.0,0.02980108744103438,0.04218096150325845,0.09015031721027622,0.5969505794937651,0.3753979527019069,1.0
bulk,eig@logskewnormal-poisson,4,30.0,30.0,134.51439099980053,0.5696971999714151,3.173937993862671,0.0,0.0,0.0,0.057794955997924835,0.1038682892440661,0.9392159964547162,0.5882275238350179,0.3125
bulk,eig@logskewnormal-poisson,4,60.0,60.0,165.9975512996898,1.050626199983526,3.0951556919111316,0.0,0.0,0.0,0.06401353639261509,0.06554496451587877,1.0551290191916478,0.5207382173327936,0.59375
bulk,eig@logskewnormal-poisson,4,120.0,120.0,228.64710109937005,2.069977799896151,3.012551062392284,0.0,0.0,0.0,0.05119163460375409,0.0536439663106848,0.9628129939667435,0.3965533367110272,0.96875
bulk,eig@logskewnormal-poisson,4,180.0,179.0,289.3295196998515,3.06071889976738,2.9173074783930915,0.0,0.0,0.0,0.0,0.0,0.6400935736200843,0.384825745383417,1.0
bulk,eig@logskewnormal-poisson,4,240.0,228.0,340.66615239979,3.9142718999646604,2.8915074970358723,0.0,0.0,0.051839241915331735,0.0,0.0,0.5368658486093068,0.37615427814369606,1.0
bulk,eig@logskewnormal-poisson,5,30.0,30.0,134.80556449998403,0.5666154999635182,3.175565393854003,0.5423764954059687,0.5299531322178976,0.5765115344136806,0.5372262185040395,0.5397345330180314,1.2865926761174162,0.5976709617285558,0.3125
bulk,eig@logskewnormal-poisson,5,60.0,60.0,166.13639649999095,1.0798654999234714,3.0823023027802243,0.3348133350506597,0.0,0.06145177569479343,0.09984571560893896,0.14304185541072278,0.8041880494388802,0.5277663400676507,0.5833333333333334
bulk,eig@logskewnormal-poisson,5,120.0,120.0,228.73369750007987,2.1166883000405505,3.024938467588529,0.3348133350506597,0.0,0.06145177569479343,0.09984571560893896,0.16212423888711358,0.783875569922933,0.45812815877994906,0.9375
bulk,eig@logskewnormal-poisson,5,180.0,174.0,284.57342349993996,3.0520624000928365,2.8828701218921133,0.0,0.0,0.06145177569479343,0.09984571560893896,0.005340936488760106,0.4940068174734688,0.40154656901161134,1.0
bulk,eig@logskewnormal-poisson,5,240.0,225.0,337.86622999981046,3.909896600234788,2.821376194918269,0.0,0.0,0.06145177569479343,0.09984571560893896,0.005340936488760106,0.4040823364966684,0.3820133189918374,1.0
bulk,eig@logskewnormal-poisson,6,30.0,30.0,134.43591200007359,0.5924814000027254,3.256938026572174,0.0,0.1511898769261404,0.11531492665278253,0.09831248927324532,0.1458275355199744,1.1858466161273544,0.6252540232988537,0.3125
bulk,eig@logskewnormal-poisson,6,60.0,60.0,165.71152479999,1.0641686999588273,3.1711024164544863,0.0,0.11620560986709161,0.15616496604030916,0.1978277425724705,0.12390258543303923,1.0134040886827085,0.5674013848429843,0.5833333333333334
bulk,eig@logskewnormal-poisson,6,120.0,120.0,228.24858179979492,2.041199899977073,3.0335884212698976,0.0,0.054854258347196705,0.039439265980589555,0.1200729142550826,0.12414765203276712,0.752005706894939,0.4417295815182603,0.9479166666666666
bulk,eig@logskewnormal-poisson,6,180.0,179.0,288.9201763998717,3.0317217996926047,2.946359997275666,0.0,0.054854258347196705,0.039439265980589555,0.0,0.017507079618267696,0.6129614865289706,0.42140142738004444,1.0
bulk,eig@logskewnormal-poisson,6,240.0,231.0,343.40540889953263,3.944200799567625,2.896615095971498,0.0,0.054854258347196705,0.0432041975146088,0.0,0.017507079618267696,0.5565514062848187,0.4029806541830518,1.0
bulk,eig@logskewnormal-poisson,7,30.0,30.0,133.3966814998421,0.5008037000079639,3.1169261188098027,0.6713828167356015,0.5044979112215051,0.5512523904079194,0.43830148654852397,0.39792449475561664,0.862680605615392,0.5651259827531552,0.3125
bulk,eig@logskewnormal-poisson,7,60.0,60.0,165.08659209968755,0.9820982000674121,3.087891449249662,0.6713828167356015,0.5044979112215051,0.3949397670529734,0.3694987037864206,0.3559712861276959,0.7533463405463743,0.5128070003244751,0.625
bulk,eig@logskewnormal-poisson,7,120.0,120.0,227.17012899951078,2.0066943002748303,2.9643728044608166,0.0,0.21284965782332954,0.11105390808359061,0.11209074221166437,0.07475961113935048,0.5054713859357213,0.3683650321668629,1.0
bulk,eig@logskewnormal-poisson,7,180.0,180.0,289.5239045996568,3.0281341002555564,2.896547773719682,0.0,0.1559949781898572,0.07119741508081112,0.11049275591109253,0.1203808766120733,0.42065803649785516,0.3445348445156044,1.0
bulk,eig@logskewnormal-poisson,7,240.0,231.0,342.7293099996168,3.886231900018174,2.8538546220735768,0.0,0.1559949781898572,0.22041012637159896,0.17524837573499252,0.07475961113935037,0.3887482136660069,0.32705905195412716,1.0
bulk,eig@logskewnormal-poisson,8,30.0,30.0,133.8142012002063,0.5085245000664145,3.1582121427014904,0.07692294895350205,0.22231634559964497,0.305507460788657,0.33747246783675877,0.35421639083610856,2.004778712726262,0.6125968531667285,0.3125
bulk,eig@logskewnormal-poisson,8,60.0,60.0,165.3703950002091,1.0461377001483925,3.0813055263286055,0.0,0.0,0.0,0.0,0.04196268691994054,0.842804406866797,0.557013256323359,0.6145833333333334
bulk,eig@logskewnormal-poisson,8,120.0,120.0,227.01092510065064,2.077077600406483,3.0236833735560986,0.0,0.0,0.0,0.013477887330978322,0.0,0.7467553385768071,0.43272593480673416,0.9583333333333334
bulk,eig@logskewnormal-poisson,8,180.0,177.0,286.14027760073077,3.0985641005681828,2.994085870865335,0.0,0.0,0.0,0.013477887330978322,0.0,0.6576225718900257,0.4133134302955148,1.0
bulk,eig@logskewnormal-poisson,8,240.0,223.0,335.0930283006164,3.9194011004874483,2.964148136330298,0.0,0.0,0.0,0.013477887330978322,0.0,0.5223569181380869,0.39343307239066333,1.0
bulk,eig@logskewnormal-poisson,9,30.0,30.0,136.03980770031922,0.5323019999777898,3.2592210143225038,0.2785345721766399,0.0,0.04988883946136524,0.13262726323598917,0.05309983615220881,1.0745123412515953,0.6179251162042585,0.3125
bulk,eig@logskewnormal-poisson,9,60.0,60.0,167.72548770019785,1.0251108000520617,3.2044905674577238,0.2785345721766399,0.0,0.04988883946136524,0.13262726323598917,0.05309983615220881,1.032192136012733,0.5760076030474995,0.5416666666666666
bulk,eig@logskewnormal-poisson,9,120.0,120.0,230.63505740009714,2.055938999808859,3.0718954939875096,0.2785345721766399,0.0,0.04988883946136524,0.0,0.0,0.7847798454598319,0.4767635580445269,0.9375
bulk,eig@logskewnormal-poisson,9,180.0,179.0,293.6069127001683,3.084428900037892,2.981497020926023,0.0,0.0,0.04988883946136524,0.0,0.0505708462947102,0.5923191757023333,0.43325034752232355,1.0
bulk,eig@logskewnormal-poisson,9,240.0,231.0,348.9657585999812,4.002172199951019,2.918083713447201,0.0,0.0,0.0,0.0,0.03728535271679212,0.4983284786610806,0.41725089381346764,1.0
bulk,eig@logskewnormal-poisson,10,30.0,30.0,130.84627139981603,0.5181886000209488,3.16626810716738,0.7581388394861623,0.703182184507654,0.6697896592726189,0.6764040962579196,0.6850999530092314,0.9433258295044572,0.6043240217215151,0.3125
bulk,eig@logskewnormal-poisson,10,60.0,60.0,162.26764009986073,1.0256974999792874,3.0864842897313043,0.21976430256018553,0.01569963375519612,0.2189257084580548,0.232855507817592,0.1897831901624244,0.7898601009664382,0.5384645568923376,0.6041666666666666
bulk,eig@logskewnormal-poisson,10,120.0,120.0,225.23266359983245,2.0442962998640724,2.990991193919841,0.0,0.01569963375519612,-2.220446049250313e-16,0.0,0.00826905645635001,0.5290847970463544,0.4671473789762767,0.8541666666666666
bulk,eig@logskewnormal-poisson,10,180.0,180.0,287.0889976999606,3.0878159999265336,2.9009234903561976,0.0,0.01569963375519612,-2.220446049250313e-16,0.02898400057632955,0.06417468922714464,0.41973507740512167,0.41510664987311957,0.9895833333333334
bulk,eig@logskewnormal-poisson,10,240.0,225.0,333.24102420016425,3.8471260998630896,2.8520197654092576,0.0,0.0,0.0,0.0,0.00826905645635001,0.3692555344777611,0.3990741970776565,1.0
bulk,eig@logskewnormal-poisson,11,30.0,30.0,129.9859994999133,0.5293757002218626,3.1915924770162216,0.3868045685379994,0.6233999984338187,0.5343760514456954,0.5214883122667382,0.5181792034174315,1.168056475812559,0.5756748507726719,0.3125
bulk,eig@logskewnormal-poisson,11,60.0,60.0,161.58771679969504,1.0228791003464721,3.1039418195601187,0.5955844820428887,0.3414672335336677,0.09161121647607195,0.16926050553102845,0.18925133423154394,1.0345184940774923,0.5165784752135694,0.6145833333333334
bulk,eig@logskewnormal-poisson,11,120.0,120.0,224.40204739995534,2.065378500323277,3.0156610102946027,0.0,0.0,0.09161121647607207,0.1771158403016122,0.19549780968403874,0.6777538657098915,0.44891903930898425,0.8229166666666666
bulk,eig@logskewnormal-poisson,11,180.0,179.0,285.7283296000678,3.0880647003650665,2.96196763359848,0.0,0.19480460605077665,0.09161121647607207,0.1771158403016122,0.1610968017457065,0.6043103404140824,0.40224189463788346,0.9895833333333334
bulk,eig@logskewnormal-poisson,11,240.0,229.0,338.37331139988964,3.9117989002843387,2.8793140406340996,0.0,0.0,0.09161121647607207,0.07009587513853632,0.10992178627061067,0.45518195315336757,0.38805115565834525,1.0
bulk,eig@logskewnormal-poisson,12,30.0,30.0,131.32920720020775,0.5398084999178536,3.2019274585976643,0.16232208603999354,0.03238764078072254,0.22364899537813243,0.26295527042915123,0.31804896704295704,0.9901480344543193,0.6109478541512182,0.3125
bulk,eig@logskewnormal-poisson,12,60.0,60.0,162.38336569996318,1.0412935999338515,3.1449087421385418,0.16232208603999354,0.03238764078072254,0.21467402559657534,0.29518644530990557,0.31804896704295704,0.8354818076529201,0.5403634173641308,0.59375
bulk,eig@logskewnormal-poisson,12,120.0,120.0,223.46993260015734,2.111231599643361,3.0811338526452423,0.0,0.03238764078072254,0.20894966601263287,0.20329311675175787,0.23889046820723125,0.7609187062978869,0.4572369529032423,0.9375
bulk,eig@logskewnormal-poisson,12,180.0,177.0,282.5480782001978,3.0935035997536033,3.000128917949923,0.0,0.03238764078072254,0.20894966601263287,0.07304970139314193,0.07938511896206035,0.6133138870362881,0.4285980930766009,1.0
bulk,eig@logskewnormal-poisson,12,240.0,231.0,338.0953278000816,3.955958799982909,3.0338829943734855,0.0,0.03238764078072254,-2.220446049250313e-16,0.07304970139314193,0.07938511896206035,0.5987647004177213,0.42760466931389024,1.0
bulk,eig@logskewnormal-poisson,13,30.0,30.0,130.51276800013147,0.503866899991408,3.1895726028151543,0.8181241139566362,0.7424500636456367,0.6737671026636508,0.6863781009673608,0.6294584145355377,1.5884454851296061,0.6530789776483444,0.3125
bulk,eig@logskewnormal-poisson,13,60.0,60.0,162.28368010005215,1.0464843999943696,3.092942973660412,0.0,0.11087561601322549,0.20545533368474622,0.23452095415718355,0.21815152493521983,0.9919476792620878,0.577464698487227,0.6041666666666666
bulk,eig@logskewnormal-poisson,13,120.0,120.0,223.63036660011858,2.068319499725476,2.9269134234074627,0.0,0.0,0.06329163261265613,0.11276875347098725,0.05883475354424461,0.6522588439577826,0.45347737746023614,0.9479166666666666
bulk,eig@logskewnormal-poisson,13,180.0,176.0,281.5877538000932,3.0453164995415136,2.8622371188722275,0.0,0.0,0.06329163261265613,0.04554798960294737,0.04124062048274957,0.4732762953663257,0.4271039093122182,1.0
bulk,eig@logskewnormal-poisson,13,240.0,234.0,341.1031967001036,4.048743799270596,2.811428152083625,0.0,0.0,0.0,0.0,0.0,0.35570467031274555,0.413252665086178,1.0
bulk,eig@logskewnormal-poisson,14,30.0,30.0,129.65141430002404,0.5063906000577845,3.1162100105018076,0.0,0.21142111729533908,0.06273154742100173,0.1397618145368379,0.22219661336459695,0.883794393140686,0.6008122604247782,0.3125
bulk,eig@logskewnormal-poisson,14,60.0,60.0,160.69264749978902,0.9922253999393433,3.0715102211798033,0.0,0.21142111729533908,0.06273154742100173,0.1397618145368379,0.07809215195067187,0.7439468785304868,0.5318044543092917,0.6041666666666666
bulk,eig@logskewnormal-poisson,14,120.0,120.0,222.5514931997168,2.0116531999083236,2.953003792860479,0.0,0.21142111729533908,0.06273154742100173,0.051270488957540605,0.07962398987889685,0.5754169615136794,0.46208712192960855,0.8645833333333334
bulk,eig@logskewnormal-poisson,14,180.0,173.0,277.68617799977073,2.8884863996645436,2.888273260588837,0.0,0.0,0.0021238540543825346,0.051270488957540605,0.08429137367563444,0.45633919071348433,0.3989617124391419,1.0
bulk,eig@logskewnormal-poisson,14,240.0,225.0,331.2084513999871,3.784190099395346,2.807943549470289,0.0,0.0,0.0021238540543825346,0.051270488957540605,0.07962398987889685,0.3832702119558004,0.379809658680022,1.0
bulk,eig@logskewnormal-poisson,15,30.0,30.0,130.5125837001251,0.49249840003903955,3.509245315456378,0.0,0.0,0.0,0.03712017172502291,0.06813667097229348,1.03218570895185,0.5461445734991085,0.3125
bulk,eig@logskewnormal-poisson,15,60.0,60.0,162.18011650041444,1.0123306001769379,3.4306892103951223,0.0,0.0,0.0,0.03712017172502291,0.06813667097229348,0.7611857250243272,0.5125011284625911,0.59375
bulk,eig@logskewnormal-poisson,15,120.0,120.0,224.25549660081742,2.0755737002473325,3.247389092290542,0.0,0.0,0.0,0.03712017172502291,0.017323258839714528,0.6995006077393106,0.4075479562975174,0.8645833333333334
bulk,eig@logskewnormal-poisson,15,180.0,177.0,282.62825230060844,3.039147800183855,3.139023204497244,0.0,0.0,0.0,0.024542979053203573,0.005658373391603688,0.5941649192160564,0.35971039176609493,1.0
bulk,eig@logskewnormal-poisson,15,240.0,225.0,332.036308900686,3.8546488002175465,3.0968011027164084,0.0,0.0,0.0,0.0,0.005658373391603688,0.4754799648407869,0.3554550026690474,1.0
bulk,eig@logskewnormal-poisson,16,30.0,30.0,130.11153599998215,0.5135768998879939,3.2479180065472555,0.30823435120041587,0.5566881328115538,0.4688300298359964,0.5344571948836142,0.5655632232829906,1.450963930193944,0.6523111297635465,0.3125
bulk,eig@logskewnormal-poisson,16,60.0,60.0,159.9837494000094,1.0291750996839255,3.225973429700476,0.7612096729939878,0.44994983408849487,0.5606733189523734,0.4680305457861508,0.5077738672890888,1.5857766807396139,0.5898445388551572,0.6145833333333334
bulk,eig@logskewnormal-poisson,16,120.0,120.0,221.9922567002941,2.089922899263911,3.063913073279332,0.0,0.26775299647145967,0.14222250852011886,0.11872239330047574,0.2038853910549686,0.8822698106754582,0.4776704156653808,0.9583333333333334
bulk,eig@logskewnormal-poisson,16,180.0,179.0,282.845164400409,3.0640398990362883,2.9283822167692404,0.0,0.0,0.05037921940374224,0.11872239330047596,0.05297643829374721,0.5960657034984428,0.4245977520283765,1.0
bulk,eig@logskewnormal-poisson,16,240.0,231.0,336.18005040026037,3.9498698989627883,2.8894820426842216,0.0,0.0,0.05037921940374224,0.11872239330047596,0.05297643829374721,0.5712944197486967,0.40857519968334793,1.0
bulk,eig@logskewnormal-poisson,17,30.0,30.0,129.7863087002188,0.5028188997530378,3.235235897305867,0.0,0.0,0.0,0.040565608017942956,0.07480221480228577,0.8202725138443326,0.5248987254697315,0.3125
bulk,eig@logskewnormal-poisson,17,60.0,60.0,160.53782160009723,1.0366748998640105,3.161535770525709,0.0,0.0,0.05792340053811418,0.10262462261756944,0.10605904357608265,0.634581762583366,0.4722655078354772,0.5625
bulk,eig@logskewnormal-poisson,17,120.0,120.0,222.44882149982732,2.0531143997213803,3.1153961340114065,0.0,0.0,0.06829193733675532,0.10956925332530343,0.13836152183962858,0.6737368714856099,0.3978934283289803,0.90625
bulk,eig@logskewnormal-poisson,17,180.0,180.0,284.01191719959024,3.0582547994563356,3.049722867633289,0.0,0.0,0.06418439637206907,0.07645673365033967,0.11129970347657281,0.5326862475512883,0.346441677936972,1.0
bulk,eig@logskewnormal-poisson,17,240.0,232.0,339.21956619946286,3.957845599448774,3.0238419754000483,0.0,0.0,0.0,0.04998782097099852,0.057575247938676855,0.46920287330817806,0.3425246584947126,1.0
bulk,eig@logskewnormal-poisson,18,30.0,30.0,129.54384689993458,0.5332120997481979,3.1859586353209086,0.7594624338216631,0.6628611002955355,0.6728119427968887,0.657020623906295,0.4037219460540591,0.9911358746403505,0.6212073419666515,0.3125
bulk,eig@logskewnormal-poisson,18,60.0,60.0,160.40683140000328,1.0373521997244097,3.1083142421102505,0.40536025593833713,0.45075614143098797,0.4422881390370744,0.4743507638083104,0.24654010542645,0.862227382605295,0.5646979296576343,0.59375
bulk,eig@logskewnormal-poisson,18,120.0,120.0,222.0782252996578,2.061927499715239,3.0258499998972668,0.40536025593833713,0.04482090638421232,0.033717390745559905,0.11328863080326368,0.1399483514953065,0.6792437820284322,0.477464651785234,0.90625
bulk,eig@logskewnormal-poisson,18,180.0,174.0,277.369979999552,2.995368800009601,2.977577937174761,0.40536025593833713,0.04482090638421232,0.09105068983458497,0.07214967175900822,0.0974814099177993,0.6285222476567224,0.4429231201167854,1.0
bulk,eig@logskewnormal-poisson,18,240.0,223.0,329.0725472997292,3.8180559999891557,2.8977960583173967,0.40536025593833713,0.04482090638421232,0.0,0.04543160208505015,0.0,0.521667676027019,0.41820555154737304,1.0
bulk,eig@logskewnormal-poisson,19,30.0,30.0,132.21248080016812,0.5248245998518541,3.292335500250676,0.0,0.0,0.10614598625102656,0.19581997975299903,0.23439635204693454,0.9097200391669287,0.591504168363118,0.3125
bulk,eig@logskewnormal-poisson,19,60.0,60.0,163.77964620024431,1.033556099922862,3.251710593766143,0.0,0.0,0.10614598625102656,0.10862700746803933,0.18240528101135234,0.8457258256059004,0.563308623023571,0.59375
bulk,eig@logskewnormal-poisson,19,120.0,120.0,226.5736991003505,2.0710556002450176,3.097467484783545,0.0,0.0,0.019160339630237444,0.06897676043841727,0.07191251687854194,0.7687852936548015,0.4780340706844183,0.8541666666666666
bulk,eig@logskewnormal-poisson,19,180.0,176.0,285.0600894005038,3.0548870001221076,3.029954607686804,0.0,0.0,0.019160339630237444,0.09504980863610613,0.12425482163057255,0.6868479351085557,0.41974245160272994,1.0
bulk,eig@logskewnormal-poisson,19,240.0,231.0,343.621849900519,4.031619300192688,2.948572356396633,0.2743184219509164,0.0,0.019160339630237444,0.09504980863610613,0.12425482163057255,0.6185203326235396,0.4022302998247495,1.0
bulk,eig@logskewnormal-poisson,20,30.0,30.0,128.95655870006885,0.5487756999209523,3.238357426641025,0.0,0.08651446227664827,0.08304171440997565,0.1283026833082167,0.10550638918352018,1.5910203142791293,0.5523551814548998,0.3125
bulk,eig@logskewnormal-poisson,20,60.0,60.0,159.77567709988216,1.0650553997256793,3.1698979625752437,0.0,0.08721791592256556,0.14600691758381446,0.11842892852106823,0.11332346312597608,1.127199083688127,0.5092004653027298,0.5729166666666666
bulk,eig@logskewnormal-poisson,20,120.0,120.0,222.3258410996059,2.101304099545814,3.114632832714907,0.0,0.0,0.07238574600322889,0.11484241154555341,0.15105573356379132,1.0727043836050942,0.3991420527517296,0.90625
bulk,eig@logskewnormal-poisson,20,180.0,179.0,282.8508388996124,3.105177699413616,3.0624873313516243,0.0,0.0,0.009181820535113516,0.05939300984078111,0.10212463934468063,0.7686868576952645,0.3772331207968734,1.0
bulk,eig@logskewnormal-poisson,20,240.0,229.0,334.7645239995909,3.954906099708751,3.0092247063889785,0.0,0.0,0.009181820535113516,0.05939300984078111,0.10165677142409513,0.5545150080676242,0.3631481757486033,1.0
bulk,eig@logskewnormal-poisson,21,30.0,30.0,129.09085919999052,0.5634177998290397,3.1879925866742798,0.0,0.01102913629152058,0.007846699964304427,0.01242623547347621,0.0,0.7331512964011476,0.5883836422410668,0.3125
bulk,eig@logskewnormal-poisson,21,60.0,60.0,159.76490619994001,1.0721667998004705,3.1321575645987956,0.0,0.01102913629152058,0.007846699964304427,0.01242623547347621,0.0,0.6387278964183455,0.533433956516044,0.59375
bulk,eig@logskewnormal-poisson,21,120.0,120.0,222.2327758000465,2.137747799803037,3.0809616719848236,0.0,0.004890268971063372,0.007846699964304538,0.0,0.0,0.556710367372007,0.481553679658121,0.8541666666666666
bulk,eig@logskewnormal-poisson,21,180.0,179.0,282.8633407999878,3.1633632997982204,3.0212199510182267,0.0,0.004890268971063372,0.007846699964304538,0.0,0.0,0.5351162970813322,0.4104935890733077,1.0
bulk,eig@logskewnormal-poisson,21,240.0,235.0,341.59714000014355,4.112106699845754,2.97335825254831,0.0,0.004890268971063372,-2.220446049250313e-16,0.006315957826361851,-2.220446049250313e-16,0.46066883212798637,0.4074266710676889,1.0
bulk,eig@logskewnormal-poisson,22,30.0,30.0,129.06170990003739,0.5254922999301925,3.5208596609018143,0.0,0.3819845801065104,0.40565521337504284,0.3521877571970602,0.35020130920796544,2.189024925111669,0.5901928467032975,0.3020833333333333
bulk,eig@logskewnormal-poisson,22,60.0,60.0,160.02952760009794,1.0241838996880688,3.3821264964613404,0.0,0.0,0.06833984712500629,0.04371022209708675,0.06502458681663015,0.9823480747980625,0.5119987615744288,0.5833333333333334
bulk,eig@logskewnormal-poisson,22,120.0,120.0,221.4734659998212,2.0264486994128674,3.209347814077253,0.0,0.0,0.0,0.042692960763647925,0.07637705340143985,0.6897722421613027,0.4169014546376775,0.90625
bulk,eig@logskewnormal-poisson,22,180.0,179.0,282.2472355000791,3.0522465995745733,3.145672267576451,0.0,0.0,0.0,0.003785622163953728,0.009527184672344258,0.574717258473013,0.3815284122305005,1.0
bulk,eig@logskewnormal-poisson,22,240.0,231.0,335.60237020015484,3.9154052993981168,3.0954248345758884,0.0,0.0,0.020543402010223755,0.0,0.0,0.46166351848316795,0.3671445041635462,1.0
bulk,eig@logskewnormal-poisson,23,30.0,30.0,129.3941292000818,0.5260706999106333,3.2786921393480113,0.0,0.0,0.04842216513930142,0.0,0.03505285953875803,1.0725899636693852,0.5745919998081527,0.3125
bulk,eig@logskewnormal-poisson,23,60.0,60.0,160.427703100082,1.0297946999198757,3.204262077307188,0.0,0.0,0.04842216513930142,0.0,0.03505285953875803,0.798774028631793,0.5056840692362564,0.59375
bulk,eig@logskewnormal-poisson,23,120.0,120.0,222.66813690011622,2.0631993998540565,3.1201281548573294,0.0,0.0,0.04842216513930142,0.0,0.0034999151229940795,0.630685053069944,0.45369081668075345,0.90625
bulk,eig@logskewnormal-poisson,23,180.0,176.0,280.73961840017,3.0175049997051246,3.0209552024520705,0.0,0.0,0.0,0.0,0.0034999151229940795,0.5099744261324062,0.39822413713284494,1.0
bulk,eig@logskewnormal-poisson,23,240.0,228.0,333.97552760026883,3.904194799833931,3.0333509983357843,0.0,0.0,0.0,0.0,0.00958255421519838,0.5860181123593492,0.3948837153584567,1.0
bulk,eig@logskewnormal-poisson,24,30.0,30.0,129.60399770009099,0.497736900113523,3.171674600728973,0.7484900403220508,0.6230614794804794,0.37380672776942003,0.36992376971486796,0.3835399814625219,0.9725764851503395,0.5912911616878718,0.3125
bulk,eig@logskewnormal-poisson,24,60.0,60.0,160.439399600029,0.9822360000107437,3.119517445152335,0.5335309876643433,0.6230614794804794,0.37380672776942003,0.36992376971486796,0.2883539296048191,0.9017400484858128,0.5436464316147916,0.59375
bulk,eig@logskewnormal-poisson,24,120.0,120.0,221.85231960000237,2.00654129992472,3.1024849469428504,0.3133228403882854,0.4313297310329651,0.35141820888180264,0.16350858132416635,0.05702318583399446,0.7147565380090163,0.4268320042564115,0.96875
bulk,eig@logskewnormal-poisson,24,180.0,179.0,282.428291899967,2.9808665998862125,3.0417965610405537,0.3133228403882854,0.11449552435351973,0.19612968306281586,0.06765604410112969,0.05702318583399424,0.6562833331704555,0.40069747969418074,1.0
bulk,eig@logskewnormal-poisson,24,240.0,231.0,335.505428600125,3.859137099701911,3.0027223144659394,0.3133228403882854,0.16449429928248105,-2.220446049250313e-16,0.009018496620768368,0.00760114510952814,0.5723600871523886,0.39121941636673785,1.0
bulk,eig@logskewnormal-poisson,25,30.0,30.0,130.12686179974116,0.5040743001154624,3.1312576004079666,0.0,0.0,0.10830087873484273,0.09739995087729147,0.12151499338400618,0.7210561445191017,0.5829283950524331,0.3125
bulk,eig@logskewnormal-poisson,25,60.0,60.0,160.90765479987022,0.9991353001096286,3.053069230014018,0.0,0.0,0.10830087873484273,0.09739995087729147,0.12151499338400618,0.5952167286177908,0.520701076276903,0.6041666666666666
bulk,eig@logskewnormal-poisson,25,120.0,120.0,222.26425459986785,2.0097868996672332,2.947441006061125,0.0,0.0,0.0,0.002815147181113198,0.028879529534832193,0.44593264738982324,0.43537867167671024,0.8958333333333334
bulk,eig@logskewnormal-poisson,25,180.0,177.0,280.99440899991896,2.999067999480758,2.8878900903768403,0.0,0.0,0.06616308367517565,0.009958236095370387,0.006506499767683804,0.44336558313132945,0.3794341982598993,1.0
bulk,eig@logskewnormal-poisson,25,240.0,225.0,330.5543673999491,3.870481799414847,2.830775120516641,0.0,0.0,0.0,0.009958236095370387,0.041866048264636135,0.3808232723499664,0.3674879472763604,1.0
bulk,eig@logskewnormal-poisson,26,30.0,30.0,128.5246174002532,0.5035959000815637,3.3274246709888917,0.30960974962972854,0.40763569968347324,0.3711127501842908,0.291992427082143,0.12927706407568873,1.089940457757616,0.5359973175084031,0.3125
bulk,eig@logskewnormal-poisson,26,60.0,60.0,159.23045960033778,1.019338299985975,3.2299843447497545,0.30960974962972854,0.40763569968347324,0.3711127501842908,0.291992427082143,0.12927706407568873,0.8840239049923267,0.4748427625361192,0.6041666666666666
bulk,eig@logskewnormal-poisson,26,120.0,120.0,220.96355730044888,2.064178199681919,3.167927241882916,0.30960974962972854,0.3257007153448721,0.3711127501842908,0.2966684759053554,0.13315289745721537,0.7780100799853259,0.390003269898704,0.9375
bulk,eig@logskewnormal-poisson,26,180.0,179.0,281.44238910014974,3.0702451998367906,3.0949180413259607,0.0,0.0,0.13245186067683523,0.16064401850444943,0.13028401300177028,0.5802770714009928,0.3476613167280121,1.0
bulk,eig@logskewnormal-poisson,26,240.0,234.0,338.37944250006694,4.050070699828211,3.0448225660267654,0.0,0.0,0.005918479845335778,0.004676048823212375,0.04742113028187156,0.5352066230573128,0.33596059643874476,1.0
bulk,eig@logskewnormal-poisson,27,30.0,30.0,129.3992438997957,0.5111360000446439,3.17044519220572,0.09687691091996087,0.14745465975996241,0.23716709810641023,0.13337109378936396,0.1518121837565849,0.8599066509400436,0.6202567511473729,0.3125
bulk,eig@logskewnormal-poisson,27,60.0,60.0,160.07467719953274,0.9992079003131948,3.1076981604047265,0.09687691091996087,0.14745465975996241,0.23716709810641023,0.13337109378936396,0.1518121837565849,0.736340218849021,0.5430461386358252,0.6145833333333334
bulk,eig@logskewnormal-poisson,27,120.0,120.0,221.4733038993436,2.0447155005531386,3.0270316668798585,0.0,0.09844641746063654,0.04200865223490846,1.1102230246251565e-16,0.0991263543265739,0.5484657647616066,0.46484343178603876,0.875
bulk,eig@logskewnormal-poisson,27,180.0,179.0,281.92609889950836,3.0377396004623733,2.9863488344009284,0.09687691091996087,0.037245133134619635,0.06757376679950544,0.0,0.057197055005752895,0.5875745512538098,0.4276970172891073,1.0
bulk,eig@logskewnormal-poisson,27,240.0,231.0,335.27867929969216,3.958009500638582,2.9455495990949774,0.0,0.037245133134619635,0.06757376679950544,0.0,0.0991263543265739,0.5578275837790729,0.40963268938107705,1.0
bulk,eig@logskewnormal-poisson,28,30.0,30.0,129.1158093000413,0.5016079998458736,3.3202959713725035,0.6356449631964014,0.42370183547621587,0.4950875796265687,0.5540912764374739,0.5264203685612039,1.1995242700258961,0.573690781310007,0.3125
bulk,eig@logskewnormal-poisson,28,60.0,60.0,160.2993475998519,0.9836270998348482,3.2480798832215263,0.0,0.0905619224480666,0.037143087776809525,0.1488003670489726,0.10186936710960526,0.8348800864222464,0.517695083559689,0.59375
bulk,eig@logskewnormal-poisson,28,120.0,120.0,221.57314099994255,2.0117037001182325,3.096403611232381,0.0,0.0,0.037143087776809414,0.009746287568244694,0.04752510944977539,0.6535978139722256,0.420504692805499,0.8958333333333334
bulk,eig@logskewnormal-poisson,28,180.0,180.0,283.76544699975057,3.036045300308615,2.9759810651563456,0.0,0.04261714568147823,0.0,0.06868021231837651,0.05937019618707373,0.5145816459371542,0.37299737062396987,0.96875
bulk,eig@logskewnormal-poisson,28,240.0,234.0,339.57064059970435,3.9109839001321234,2.937011968724015,0.0,0.04261714568147823,0.0,0.06868021231837651,0.05937019618707373,0.4893797994770457,0.3515779317561853,1.0
bulk,eig@logskewnormal-poisson,29,30.0,30.0,128.84954560006736,0.49660530005348846,3.099972792852062,0.0,0.09242521024766526,0.000794431615735891,1.1102230246251565e-16,0.0080359755221735,1.0241521962210758,0.6382505536678089,0.3125
bulk,eig@logskewnormal-poisson,29,60.0,60.0,159.50636790000135,0.9718544000061229,3.0836187472080785,0.0,0.0,0.00079443161573578,0.0,0.008035975522173278,0.9653396813652866,0.5952112538622678,0.6145833333333334
bulk,eig@logskewnormal-poisson,29,120.0,120.0,221.7489351000404,2.0094760000356473,2.953666614662676,0.0,0.09242521024766526,0.000794431615735891,1.1102230246251565e-16,0.03314709397888027,0.5071041129366055,0.47985691788510676,0.96875
bulk,eig@logskewnormal-poisson,29,180.0,176.0,280.1112695998163,2.9963209998677485,2.8741138102424437,0.0,0.0,0.00079443161573578,0.008680371024676448,0.0,0.38516177128141915,0.44278409677308683,1.0
bulk,eig@logskewnormal-poisson,29,240.0,228.0,333.6318333001109,3.85890239989385,2.8185645870872627,0.0,0.0,0.00079443161573578,0.008680371024676448,0.0,0.3564573741123852,0.4190194688447338,1.0
bulk,eig@logskewnormal-poisson,30,30.0,30.0,128.71331729984377,0.5432661001686938,3.286365222900001,0.0,0.06508524388206216,0.0245066728743909,0.17443640690257023,0.23475158371776972,0.8699903363234834,0.5825363600002758,0.3125
bulk,eig@logskewnormal-poisson,30,60.0,60.0,159.41100079979515,1.0525582000263967,3.194435454841565,0.0,0.06508524388206216,0.0245066728743909,0.17443640690257023,0.23475158371776972,0.8097561793892041,0.5424650138128173,0.59375
bulk,eig@logskewnormal-poisson,30,120.0,120.0,221.3262074998347,2.106743400276173,3.105810752088129,0.0,0.06508524388206216,0.0245066728743909,0.19832750492406304,0.2322141259945223,0.699214831463801,0.43450857518152136,0.9375
bulk,eig@logskewnormal-poisson,30,180.0,179.0,281.51780509989476,3.145835000264924,3.0169752332650197,0.0,0.06508524388206216,0.0245066728743909,0.15020982802161165,0.197731165437393,0.5962183979859007,0.3964855720569733,1.0
bulk,eig@logskewnormal-poisson,30,240.0,229.0,334.19298689992866,4.0386150004924275,2.9560418333252927,0.0,0.0,0.024506672874391122,0.15020982802161176,0.1340263848040899,0.4749364316035929,0.38362334527006287,1.0
bulk,eig@logskewnormal-poisson,31,30.0,30.0,130.17962379998062,0.484095300140325,3.1121511707901335,0.18320059193150984,0.5069753497687108,0.5908667734086195,0.5782047929412223,0.5644971602414012,1.1439308471846776,0.6215753000017534,0.3125
bulk,eig@logskewnormal-poisson,31,60.0,60.0,161.70928490004735,1.0037334999069571,3.067216479400905,0.06274080504417423,0.09456689760901471,0.2886490572381005,0.4005718245755441,0.20734496661200574,1.0952469646035463,0.5608320433828184,0.625
bulk,eig@logskewnormal-poisson,31,120.0,120.0,225.72087660006946,2.1041565000195988,2.9837951236382554,0.06274080504417423,0.09456689760901471,0.0,0.16507801479423156,0.20734496661200574,0.6548214056283646,0.4735683216845745,0.9270833333333334
bulk,eig@logskewnormal-poisson,31,180.0,174.0,282.26560140028596,3.056683700182475,2.8887582167461723,0.06274080504417423,0.09456689760901471,0.0,0.0,0.048854029630156504,0.4648644388106894,0.4201377860826061,1.0
bulk,eig@logskewnormal-poisson,31,240.0,226.0,338.11375060048886,3.9761683004908264,2.867735373593146,0.06274080504417423,0.09456689760901471,0.0,0.0,0.048854029630156504,0.468601092260089,0.41320692963542754,1.0
bulk,eig@logskewnormal-poisson,32,30.0,30.0,127.96973600029014,0.5118343000067398,3.3096697737578773,0.8714783640981083,0.7689991862182999,0.6286628853122662,0.6332883016817763,0.5490190674145689,1.1534818457757587,0.6136052605866676,0.3125
bulk,eig@logskewnormal-poisson,32,60.0,60.0,158.88147170020966,1.0083046999643557,3.1989880972910476,0.7231031587836108,0.22667352207526048,0.38688005183898044,0.3995973188292651,0.33203984334147696,0.9621023242526213,0.5434288250999189,0.59375
bulk,eig@logskewnormal-poisson,32,120.0,120.0,220.57391780032776,2.04736660013441,3.087614992212238,0.0,0.10986297684933799,0.23800834466949017,0.21411966132507787,0.21456079385716542,0.7372644857886541,0.433865901918503,0.9270833333333334
bulk,eig@logskewnormal-poisson,32,180.0,180.0,282.229938500619,3.1017300001112744,2.9808977964145504,0.0,0.0061217202250237746,0.0,0.0,0.04615441804843545,0.43827713165820453,0.39917538485822357,1.0
bulk,eig@logskewnormal-poisson,32,240.0,232.0,336.3037480007624,3.9640500999521464,2.9626093691960182,0.0,0.0061217202250237746,0.0,0.0,0.04615441804843545,0.41813450565153937,0.39204034865509235,1.0
bulk,eig@logskewnormal-poisson,33,30.0,30.0,129.1771638999926,0.5149521000566892,3.5415009821046133,0.0,0.0,0.0,0.004773073089081481,0.050630711633390946,1.2474732421238952,0.5113818498063312,0.3125
bulk,eig@logskewnormal-poisson,33,60.0,60.0,160.4123958001146,1.0238891000626609,3.4394764520158767,0.0,0.0,0.0,0.004773073089081481,0.050630711633390946,0.8019440091287618,0.46552568494595004,0.59375
bulk,eig@logskewnormal-poisson,33,120.0,120.0,223.0865277000703,2.122292199928779,3.3446958738522508,0.0,0.0,0.030943290942523016,0.004773073089081481,0.09218370049105828,0.7603781292382349,0.39543068304708856,0.8541666666666666
bulk,eig@logskewnormal-poisson,33,180.0,180.0,284.89820800023153,3.132970299804583,3.274764309495781,0.0,0.0,0.0,0.004773073089081481,0.0,0.7153316038842713,0.3553836178022058,0.9895833333333334
bulk,eig@logskewnormal-poisson,33,240.0,231.0,336.97442300012335,3.9886707995901816,3.289121325052513,0.0,0.0,0.0,0.004773073089081481,0.050630711633390946,0.7565684736767907,0.3559083722484738,1.0
bulk,eig@logskewnormal-poisson,34,30.0,30.0,128.7165318998741,0.512366000097245,3.1061113049238855,0.09694839895613083,0.0,0.06691769435343764,0.16625810731097246,0.2022264227496141,0.8787025126448299,0.6194389124510262,0.3125
bulk,eig@logskewnormal-poisson,34,60.0,60.0,159.6092794998549,1.0260492000961676,3.099646149636234,0.09694839895613083,0.0,0.06691769435343764,0.16625810731097246,0.2022264227496141,0.8378104744969421,0.5770927286400162,0.6145833333333334
bulk,eig@logskewnormal-poisson,34,120.0,120.0,220.78280489967437,2.0727889001718722,2.9653613192883763,0.09694839895613083,0.0,0.06691769435343764,0.05418091920075396,0.12226565482035079,0.5565568971322096,0.44799325963322806,0.9583333333333334
bulk,eig@logskewnormal-poisson,34,180.0,173.0,275.5225517997751,3.001355800195597,2.894096792175136,0.09694839895613083,0.0,0.0,0.03209407357767513,0.10319635212462053,0.4593681337569714,0.4185336476061015,1.0
bulk,eig@logskewnormal-poisson,34,240.0,226.0,330.7703712999355,3.8620493002817966,2.8415573847069227,0.0,0.0,0.05056151128698938,0.03209407357767513,0.039143070315493134,0.43120342674808426,0.40628449432145924,1.0
bulk,eig@logskewnormal-poisson,35,30.0,30.0,129.67981219984358,0.4940313999541104,3.0849089388765663,0.5464059612061848,0.28019429645802607,0.4613114174273182,0.5170875876263314,0.44447191460453483,0.910277769186086,0.6929429848431762,0.3125
bulk,eig@logskewnormal-poisson,35,60.0,60.0,160.6021680997219,0.9909207999007776,3.0196769705152775,0.5464059612061848,0.28019429645802607,0.40945338217311633,0.3437072637124341,0.293768202490725,0.714033107354595,0.6170702033713891,0.625
bulk,eig@logskewnormal-poisson,35,120.0,120.0,222.32108899980085,1.984010600252077,2.9017208663951877,0.0,0.20027607657471347,0.13447850695146668,0.1483658108495709,0.12585895146006443,0.5150989571465245,0.47174429255940875,0.9583333333333334
bulk,eig@logskewnormal-poisson,35,180.0,173.0,276.43255000008503,2.924213500285987,2.838957928547444,0.0,0.1968063634606393,0.13214871376243065,0.0,0.02937541760549256,0.41460253517066425,0.4388701812420509,1.0
bulk,eig@logskewnormal-poisson,35,240.0,223.0,328.7214353001327,3.767805200186558,2.8318885687678534,0.0,0.1968063634606393,0.13214871376243065,0.0,0.02937541760549256,0.4228719477731872,0.43430564201212407,1.0
bulk,eig@logskewnormal-poisson,36,30.0,30.0,129.4858023999259,0.5142799000022933,3.171130387582643,0.8512659633103727,0.7308858854303821,0.7291271190761826,0.7097531640925709,0.6525314886268332,1.444780021507683,0.5800677812273676,0.3125
bulk,eig@logskewnormal-poisson,36,60.0,60.0,160.26479520002613,1.0091719998745248,3.0452601455823873,0.0,0.0,0.08249685670946383,0.15355251726869945,0.12262932435347162,0.7189747248195493,0.5204268971824707,0.59375
bulk,eig@logskewnormal-poisson,36,120.0,120.0,221.84903019992635,2.0391206999775022,2.990331121464269,0.0,0.0,0.12265020175265351,0.07751069423811507,0.07124191684870651,0.6920588966255722,0.4436181156582865,0.9270833333333334
bulk,eig@logskewnormal-poisson,36,180.0,177.0,280.05360139982076,2.999203799990937,2.9032055057891903,0.0,0.0,0.06544674339413936,0.0271372050733234,0.07820453207532263,0.5461379132323143,0.3895472460413386,1.0
bulk,eig@logskewnormal-poisson,36,240.0,232.0,337.71364539972274,3.9262921000481583,2.8450388144679106,0.0,0.0,0.0,0.0271372050733234,0.03856037127558931,0.3800996541126537,0.3770531909874559,1.0
bulk,eig@logskewnormal-poisson,37,30.0,30.0,129.62544450029964,0.4870499001117423,3.0601147616296784,0.47890656822479993,0.2712777036835742,0.34605557834148715,0.2956017312313658,0.3636123038112983,0.8311356988320548,0.6314168878133594,0.3125
bulk,eig@logskewnormal-poisson,37,60.0,60.0,160.34377680020407,0.9841974003938958,3.0190516044411226,0.2346261350567539,0.0,0.14667898636616816,0.13704890709341067,0.12570803596972768,0.6746103755555584,0.5828778517694226,0.6041666666666666
bulk,eig@logskewnormal-poisson,37,120.0,120.0,221.72245700046187,1.9850931004621089,2.9343253482674085,0.2346261350567539,0.0,0.04810648354115099,0.19309608977217785,0.14072959886489755,0.5343311703977004,0.4606020274731756,0.9479166666666666
bulk,eig@logskewnormal-poisson,37,180.0,177.0,280.44261990033556,2.9476179004414007,2.8637547418278673,0.2346261350567539,0.0,0.007568759662925029,0.0,0.009991827769413097,0.42379062438268217,0.4256422915720109,1.0
bulk,eig@logskewnormal-poisson,37,240.0,231.0,336.12328420043923,3.8420874003786594,2.8252608857896813,0.2346261350567539,0.0,0.007568759662925029,0.0,0.0,0.4062628907084144,0.40629958886486117,1.0
bulk,eig@logskewnormal-poisson,38,30.0,30.0,128.8393163002911,0.5353984999237582,3.06642792967855,0.0,0.0,0.0709663591351386,0.1053398768810978,0.14881358162017433,0.9637921560615227,0.691495060343003,0.3125
bulk,eig@logskewnormal-poisson,38,60.0,60.0,159.33628230006434,1.0128955001709983,3.0120990484221224,0.0,0.0,0.0709663591351386,0.1053398768810978,0.14881358162017433,0.7705458792018429,0.6144910717811274,0.5833333333333334
bulk,eig@logskewnormal-poisson,38,120.0,120.0,220.26418180036126,2.072262600704562,2.9115057917870355,0.0,0.0,0.0709663591351386,0.1053398768810978,0.0916434309320534,0.6414451282314415,0.45808072755121637,1.0
bulk,eig@logskewnormal-poisson,38,180.0,177.0,278.4348366004415,3.046756900672335,2.8525575070308022,0.0,0.0,0.0709663591351386,0.05924126523726403,0.07284342509569974,0.5201973392082754,0.44115237320695977,1.0
bulk,eig@logskewnormal-poisson,38,240.0,225.0,328.1137960006017,3.8543433006852865,2.817372032112719,0.0,0.0,0.0,0.05924126523726403,0.07284342509569974,0.46313514131899824,0.43458351800593975,1.0
bulk,eig@logskewnormal-poisson,39,30.0,30.0,129.00122800003737,0.5073417999665253,3.1519220700387294,0.0,0.07035752438611154,0.048442767655875185,0.12365681432160303,0.1620206014987201,0.8707249896116249,0.582384434691839,0.3125
bulk,eig@logskewnormal-poisson,39,60.0,60.0,159.73673790012253,1.0093426000094041,3.1049796352374486,0.0,0.07035752438611154,0.048442767655875185,0.11781248317938142,0.06695783154535839,0.8059816868742186,0.5514301083068129,0.5625
bulk,eig@logskewnormal-poisson,39,120.0,120.0,222.26535469992086,2.0250563001609407,3.0065325705580523,0.0,0.07035752438611154,0.052905575388039416,0.0129817478916332,0.0669578315453585,0.612676122536213,0.4836156146046216,0.8645833333333334
bulk,eig@logskewnormal-poisson,39,180.0,176.0,279.4091740998556,2.9827429004362784,2.9547212022130505,0.0,0.005934953009078203,0.052905575388039416,0.0129817478916332,0.0669578315453585,0.5573834831621427,0.4115674832890541,1.0
bulk,eig@logskewnormal-poisson,39,240.0,225.0,330.0056625995785,3.8572889005299658,2.870183042825367,0.0,0.005934953009078203,0.052905575388039416,0.0129817478916332,0.04678155722770627,0.4869513944509167,0.39784253271717485,1.0
bulk,eig@logskewnormal-poisson,40,30.0,30.0,128.56356540007982,0.5454991000005975,3.17921296016994,0.0,0.2992658470036381,0.3166081511942582,0.27269512630306725,0.3089836717851495,1.1775225582104543,0.597528842117924,0.3125
bulk,eig@logskewnormal-poisson,40,60.0,60.0,159.4898100999999,1.0566698000766337,3.1299706786598143,0.0,0.2992658470036381,0.3166081511942582,0.27269512630306725,0.29286261764050436,1.0376583221820466,0.5524128398341605,0.5520833333333334
bulk,eig@logskewnormal-poisson,40,120.0,120.0,221.80351269990206,2.0813141998369247,3.0220229486046937,0.0,0.0,0.045786263781075864,0.0921759253934129,0.08980670234112964,0.676697379840486,0.4481471766318149,0.875
bulk,eig@logskewnormal-poisson,40,180.0,179.0,282.63189019990386,3.0896397997275926,2.952962546040905,0.0,0.2992658470036381,0.25637075525850817,0.039806126723031965,0.01252738129712172,0.6365321039298205,0.38445403114297416,1.0
bulk,eig@logskewnormal-poisson,40,240.0,232.0,334.9359043997247,3.928974999987986,2.887778061764584,0.0,0.24867597642446881,0.0029456069432038934,0.039806126723031965,0.01252738129712172,0.5655727895140396,0.3676553751184942,1.0
bulk,eig@logskewnormal-poisson,41,30.0,30.0,128.62461370008532,0.5084791001281701,3.3405213219546863,0.04885743558879829,0.10518562052059677,0.28198529605181055,0.42584135711605353,0.3952919126927915,0.973682387892699,0.5997363108873641,0.3125
bulk,eig@logskewnormal-poisson,41,60.0,60.0,159.48877840029309,0.9962959999684244,3.2820429502189676,0.04885743558879829,0.10518562052059677,0.28198529605181055,0.42584135711605353,0.3952919126927915,0.9101109115590886,0.5583586018455129,0.6041666666666666
bulk,eig@logskewnormal-poisson,41,120.0,120.0,221.06727890035836,2.004390899965074,3.136018006199272,0.20523214136174073,0.08014519729373637,0.005204431082027061,0.1612146396243741,0.043268620535836244,0.6548714761232738,0.44648954309327676,0.9270833333333334
bulk,eig@logskewnormal-poisson,41,180.0,176.0,279.0316890003742,2.9914229997666553,3.0460478236241553,0.0,0.0,0.0,0.0,0.043268620535836244,0.5368902164698726,0.4123575059474965,1.0
bulk,eig@logskewnormal-poisson,41,240.0,229.0,327.25453840050614,3.7847357995342463,3.014580294333984,0.0,0.0,0.0,0.0,0.043268620535836244,0.49644448473565217,0.40658183137449366,1.0
bulk,eig@logskewnormal-poisson,42,30.0,30.0,128.38354719989002,0.50689070019871,3.1978336073073534,0.0,0.18344492626458775,0.12533450419781966,0.28446197628352043,0.3551432719081472,1.1806598259636931,0.6621805569385123,0.3125
bulk,eig@logskewnormal-poisson,42,60.0,60.0,159.46030089986743,0.9989690001821145,3.1166281389194417,0.0,0.18344492626458775,0.1272775808900023,0.07807067293445857,0.16352077406871912,1.0018006172160014,0.5895209052064353,0.59375
bulk,eig@logskewnormal-poisson,42,120.0,120.0,221.00617360009346,1.9671765001257882,2.9942904883793275,0.0,0.0028005526034621253,-2.220446049250313e-16,0.10555006278834023,0.02407952168778249,0.8327689070079023,0.4671272470025196,0.9583333333333334
bulk,eig@logskewnormal-poisson,42,180.0,179.0,281.8402490998269,3.024978300149087,2.8797947801409887,0.0,0.03932052416323106,0.025338251261279643,-2.220446049250313e-16,0.0,0.5817473737213558,0.4293050143325959,1.0
bulk,eig@logskewnormal-poisson,42,240.0,229.0,323.9029509999091,3.764595000189729,2.8553081711597663,0.0,0.0,0.0,0.0,0.0,0.5731822957482795,0.42394222830166417,1.0
bulk,eig@logskewnormal-poisson,43,30.0,30.0,130.59762410027906,0.5105124999536201,3.1632160552004915,0.06499276227661721,0.11540695708557702,0.0,0.03936274888306324,0.04321872552708794,1.0143913951799979,0.6201887709931289,0.3125
bulk,eig@logskewnormal-poisson,43,60.0,60.0,161.7900682001491,1.0223184999194928,3.091925572720683,0.06499276227661721,0.11540695708557702,0.0,0.03936274888306324,0.04321872552708794,0.8386995925296242,0.5414190528200531,0.6145833333333334
bulk,eig@logskewnormal-poisson,43,120.0,120.0,224.5588634001324,2.024667000048794,2.9818522799043854,0.06499276227661721,0.11540695708557702,0.0,0.0,0.008402336188999437,0.5620040858329136,0.4402250850331448,0.9270833333333334
bulk,eig@logskewnormal-poisson,43,180.0,179.0,279.893061200215,2.962948799948208,2.923473994048702,0.0,0.08181909187785608,0.0,0.0,0.008402336188999437,0.4914962516021914,0.4084655357079716,1.0
bulk,eig@logskewnormal-poisson,43,240.0,229.0,312.85222740028985,3.561841299640946,2.881142451783314,0.0,0.08181909187785608,0.0,0.0,0.008402336188999437,0.4139212644834028,0.3996910480561944,1.0
bulk,eig@logskewnormal-poisson,44,30.0,30.0,127.89714619988808,0.4945280003012158,3.0142318491468196,0.5317911584081663,0.3192804546709932,0.38010387443295135,0.34519900875535203,0.33209371366751506,1.046200176166316,0.6672544368277377,0.3125
bulk,eig@logskewnormal-poisson,44,60.0,60.0,158.55603049963247,1.002769100246951,2.9654235444975754,0.3344074132061807,0.3192804546709932,0.38010387443295135,0.34519900875535203,0.33209371366751506,0.9782813859364777,0.6269936035479725,0.5729166666666666
bulk,eig@logskewnormal-poisson,44,120.0,120.0,204.7575518997619,1.8631485002115369,2.851762653607068,0.0,0.11850661846540711,0.0,0.03038007492765238,0.06861656980433839,0.49793928051358904,0.4948348203398542,0.8958333333333334
bulk,eig@logskewnormal-poisson,44,180.0,174.0,235.02861339959782,2.4694340000860393,2.7966766652878294,0.0,0.11850661846540711,0.0,0.06422467816093069,0.029652471694154525,0.4363833462165879,0.44960762325099046,1.0
bulk,eig@logskewnormal-poisson,44,240.0,223.0,261.1307687998633,2.9946131999604404,2.7484198994533,0.0,0.0,0.0,0.06217877511153547,0.02785998259794542,0.35380909762827667,0.43720396990720534,1.0
bulk,eig@logskewnormal-poisson,45,30.0,30.0,128.35082320001675,0.5262012997409329,3.068948254057345,0.0,0.17705719377845475,0.24479061890063547,0.26096341634576126,0.3212372107216426,0.8683696035060768,0.5344045599487545,0.3125
bulk,eig@logskewnormal-poisson,45,60.0,60.0,154.9651096998714,1.017417999508325,3.0554063526592237,0.0,0.2309951486159154,0.3673516798817611,0.35171140157688685,0.3078281108565989,0.8932446644859505,0.4919075595445948,0.59375
bulk,eig@logskewnormal-poisson,45,120.0,120.0,194.11700859986013,1.7545231998083182,2.89338365196118,0.0,0.0676514116811846,0.1182405104046158,0.131709485925957,0.15966496469503,0.5645764798498868,0.41992996403214944,0.8333333333333334
bulk,eig@logskewnormal-poisson,45,180.0,179.0,225.04788259987254,2.4263374998699874,2.8371752968100274,0.0,0.0,0.0,0.030234206828564036,0.026188165663679763,0.4375724523101109,0.3640434979388177,0.9895833333333334
bulk,eig@logskewnormal-poisson,45,240.0,231.0,249.60649979970185,2.9581240996485576,2.827908369488641,0.0,0.15385138543865517,0.1182405104046158,0.131709485925957,0.11538813018016603,0.4768897655790049,0.34466640260377207,1.0
bulk,eig@logskewnormal-poisson,46,30.0,30.0,109.07991400011815,0.34788429987384006,3.082641606690666,0.0,0.06237032183653379,0.2147767250146666,0.21070845312176312,0.1243604551217381,0.6061412443174644,0.5857504479637261,0.3125
bulk,eig@logskewnormal-poisson,46,60.0,60.0,126.0413794000633,0.6799783000024036,3.05682086675453,0.0,0.06237032183653379,0.10470383600876665,0.046501280253066546,0.0,0.6404681621419854,0.5463471060653264,0.59375
bulk,eig@logskewnormal-poisson,46,120.0,119.0,156.9795856003184,1.3255508999573067,2.925210987745951,0.0,0.06237032183653379,0.02098900127441139,0.046501280253066546,0.0,0.43761723749887005,0.4230306450552724,0.9895833333333334
bulk,eig@logskewnormal-poisson,46,180.0,177.0,181.96231020061532,1.8844140999717638,2.8832317894611172,0.0,0.06237032183653379,0.04982573845784477,0.07093625991151009,0.09674978582939942,0.408914343580954,0.40884420256975484,1.0
bulk,eig@logskewnormal-poisson,46,240.0,223.0,199.53633270110004,2.341737400100101,2.8669663222200703,0.0,0.06237032183653379,0.04982573845784477,0.0,0.0,0.3724068599414622,0.40800653948893484,1.0
bulk,eig@logskewnormal-poisson,47,30.0,30.0,107.54338699998334,0.353199899836909,3.3305201653891463,0.007429293762375999,0.08425184153325405,0.1951911807879757,0.32793547823466207,0.3538675815825919,1.284322422097554,0.6309732281531992,0.3125
bulk,eig@logskewnormal-poisson,47,60.0,60.0,124.35325170011492,0.6946181997773238,3.2239243809231675,0.0,0.08052334460257093,0.012284294104503712,0.10572598686930368,0.09240464539231219,0.9753107092061261,0.5851054678586067,0.5520833333333334
bulk,eig@logskewnormal-poisson,47,120.0,120.0,155.68144630006282,1.3420800996827893,3.075872960972303,0.0,0.0628923930757258,0.0,0.0,0.013096937198803782,0.527430722941358,0.44863748809625575,0.9270833333333334
bulk,eig@logskewnormal-poisson,47,180.0,174.0,178.3655341998092,1.859322999487631,3.026494176254181,0.13274683385024943,0.06662089000640892,0.0,0.0,0.0,0.46968782925517655,0.43288140339146347,1.0
bulk,eig@logskewnormal-poisson,47,240.0,225.0,197.24247589963488,2.326756999071222,3.0128467627552227,0.007429293762375999,0.06662089000640892,0.0,0.0,0.0,0.48348586433241364,0.4265485356358792,1.0
bulk,eig@logskewnormal-poisson,48,30.0,30.0,94.39920760010136,0.3527201999677345,3.3298465530495274,0.0,0.0,0.07926557574964221,0.14737350038780028,0.18699899072956572,0.8437972944788111,0.5672291632004348,0.3125
bulk,eig@logskewnormal-poisson,48,60.0,60.0,110.18126020010095,0.6711179001140408,3.245817584278459,0.0,0.0,0.07926557574964221,0.14737350038780028,0.18699899072956572,0.7292196880167512,0.5227145243761183,0.5833333333333334
bulk,eig@logskewnormal-poisson,48,120.0,120.0,139.31524809991242,1.282711300009396,3.168097373099385,0.0,0.0,0.0,0.04682638281886109,0.0745468859816455,0.6738824704815655,0.4687388548314573,0.8229166666666666
bulk,eig@logskewnormal-poisson,48,180.0,176.0,160.9276548999478,1.814988199970685,3.1161642465293,0.0,0.0,0.0,0.04682638281886109,0.10075647721304337,0.5561412459428436,0.41565471932314274,0.9791666666666666
bulk,eig@logskewnormal-poisson,48,240.0,228.0,176.20706359978067,2.2791334000066854,3.0491240914540625,0.0,0.0,0.0,0.04682638281886109,0.10075647721304337,0.48015079735917776,0.3869596580713675,1.0
bulk,eig@logskewnormal-poisson,49,30.0,30.0,85.833645099774,0.3216332998708822,3.2097909205452293,0.8681961270535818,0.7838138063877731,0.7255845729652569,0.71060273289408,0.6808020409072548,1.3683355510088602,0.5989261974131344,0.3125
bulk,eig@logskewnormal-poisson,49,60.0,60.0,101.49123839958338,0.6325443999376148,3.1334988452572197,0.0,0.2843764242460496,0.3515446053647172,0.3704782401975504,0.3811332761427896,0.9256261205477853,0.5222217335865607,0.6145833333333334
bulk,eig@logskewnormal-poisson,49,120.0,120.0,128.88787669991143,1.2114734000642784,3.0041033892883617,0.0,0.1843937280946526,0.27513157673473365,0.30698744225105934,0.3190796338723808,0.8102597620079706,0.42496064320497157,0.9479166666666666
bulk,eig@logskewnormal-poisson,49,180.0,176.0,149.8152601000038,1.7464485000818968,2.8638242691693514,0.0,0.0,0.0,0.07838345075437747,0.09891873837376042,0.4128595477299904,0.3851412596861989,1.0
bulk,eig@logskewnormal-poisson,49,240.0,231.0,162.9853264001431,2.196089200268034,2.799434871963813,0.0,0.0,0.0,0.05269856508197612,0.07591209600147397,0.34195729537827946,0.363518913778083,1.0
bulk,eig@gammamix-poisson,0,30.0,30.0,1.8676432000356726,0.010712199902627617,3.327272561366673,0.1419859063633485,0.3030603582697473,0.29329822549449425,0.35998729883416747,0.41714862477941217,1.1337292675146757,0.5730428379275816,0.3125
bulk,eig@gammamix-poisson,0,60.0,60.0,2.3730971001205035,0.02241309982491657,3.3093191092224896,0.0,0.0,0.09812097291781519,0.08311315108860873,0.07256974881141376,0.9208231169226964,0.5532106823311466,0.6145833333333334
bulk,eig@gammamix-poisson,0,120.0,120.0,3.2464114002068527,0.04792089987313375,3.1684680705334287,0.0,0.0,0.09812097291781519,0.08311315108860873,0.07256974881141376,0.7293528137259582,0.5104552303738564,0.75
bulk,eig@gammamix-poisson,0,180.0,180.0,3.9186775003909133,0.0709870999562554,3.0759592661551047,0.0,0.0,0.051527828461635616,0.08311315108860873,0.07256974881141376,0.669064350879864,0.48059686870297713,0.8854166666666666
bulk,eig@gammamix-poisson,0,240.0,240.0,4.614001000474673,0.09306889993604273,3.061759940071751,0.0,0.0,0.051527828461635616,0.05131229914848856,0.07256974881141376,0.681221319120442,0.46009634164561597,0.9791666666666666
bulk,eig@gammamix-poisson,1,30.0,30.0,1.9265604999382049,0.011259999824687839,3.1814820337102545,0.0,0.0,0.0,0.07976230726472633,0.15656342596465866,1.000705563713138,0.5970814919064665,0.3125
bulk,eig@gammamix-poisson,1,60.0,60.0,2.432000699918717,0.023953099676873535,3.119944626661482,0.0,0.0,0.1412068578851704,0.11413275709333726,0.14309020292380847,0.8950522198563482,0.5243836694225957,0.6145833333333334
bulk,eig@gammamix-poisson,1,120.0,120.0,3.2470145997940563,0.04958329990040511,3.0173167542425063,0.0,0.009994916171171098,1.1102230246251565e-16,0.07976230726472633,0.09527590233873218,0.7175080783828833,0.4371406940277559,0.75
bulk,eig@gammamix-poisson,1,180.0,180.0,3.920782299770508,0.07461059978231788,2.928146482667825,0.0,0.009994916171171098,1.1102230246251565e-16,0.07976230726472633,0.09527590233873218,0.5868217449542741,0.4066887731357017,0.90625
bulk,eig@gammamix-poisson,1,240.0,240.0,4.6767068998888135,0.0983441001153551,2.8563691517251257,0.0,0.009994916171171098,1.1102230246251565e-16,0.060480837755774064,0.09527590233873218,0.5348925627469967,0.3814946099932079,0.9895833333333334
bulk,eig@gammamix-poisson,2,30.0,30.0,1.9099406002205797,0.01051220012595877,3.2882350900792026,0.0,0.0,0.16069794862858844,0.19378051910959715,0.19673245753411273,0.9440823563735157,0.5845816553684835,0.3125
bulk,eig@gammamix-poisson,2,60.0,60.0,2.440152100403793,0.023337000398896635,3.239074508787065,0.0,0.0,0.16069794862858844,0.19378051910959715,0.21074877038007767,0.8164270883802179,0.5086587024600486,0.6145833333333334
bulk,eig@gammamix-poisson,2,120.0,120.0,3.241497900802642,0.047707500343676656,3.119962757781209,0.0,0.0,0.0,0.050394398970301624,0.0786721265506527,0.5699301686542873,0.4531405182906567,0.75
bulk,eig@gammamix-poisson,2,180.0,180.0,3.9153066006838344,0.07183750049443915,3.103161110130142,0.0,0.0,0.0,0.05208034001929096,0.07983420757187643,0.5164417912478877,0.43338129637693135,0.9166666666666666
bulk,eig@gammamix-poisson,2,240.0,240.0,4.56509100086987,0.09541010047541931,3.081571846699188,0.0,0.0,0.0,0.05208034001929096,0.0641686019969745,0.46972504559756373,0.4186576150499478,1.0
bulk,eig@gammamix-poisson,3,30.0,30.0,1.923166699707508,0.012299700058065355,3.3728444797952597,0.0,0.0,0.1177423243450092,0.10112868757825333,0.16196568616794194,0.9376517183876147,0.5534634784101553,0.3125
bulk,eig@gammamix-poisson,3,60.0,60.0,2.4479536995640956,0.024586600135080516,3.375120928924288,0.6934524701891533,0.2333036911759817,0.049110539941082165,0.11771354438354709,0.09015031721027644,0.9746568006685403,0.48789482375853566,0.625
bulk,eig@gammamix-poisson,3,120.0,120.0,3.2810712995706126,0.05245690018637106,3.2844405756421993,0.0,0.0,0.04911053994108194,0.04218096150325856,0.06120469998450817,0.7596907259207852,0.4410007566975621,0.75
bulk,eig@gammamix-poisson,3,180.0,180.0,3.9557526995195076,0.0763484004419297,3.2656664005514373,0.0,0.0,0.02980108744103438,0.10112868757825311,0.09015031721027622,0.6605640498351618,0.42974209991521417,0.9375
bulk,eig@gammamix-poisson,3,240.0,240.0,4.656037699372973,0.10093090054579079,3.2479686614218806,0.0,0.0,0.02980108744103438,0.04218096150325845,0.09015031721027622,0.6640343412645145,0.40606124503122987,0.9895833333333334
bulk,eig@gammamix-poisson,4,30.0,30.0,1.8878366999560967,0.011071399960201234,3.223125292057535,0.0,0.0,0.0,0.057794955997924835,0.09577360342896657,1.199356567069373,0.5709635257287099,0.3125
bulk,eig@gammamix-poisson,4,60.0,60.0,2.3822878998471424,0.023266599979251623,3.127976571418555,0.0,0.0,0.0,0.06401353639261509,0.06554496451587877,1.0769291531923373,0.4685638469147659,0.625
bulk,eig@gammamix-poisson,4,120.0,120.0,3.1706974998814985,0.04798349994234741,3.042727831394957,0.0,0.0,0.11058377912779749,0.05119163460375409,0.0,1.0105749506863442,0.4362926063370091,0.75
bulk,eig@gammamix-poisson,4,180.0,180.0,3.8830468995147385,0.07065469963708892,2.9675618603853366,0.0,0.0,0.0,0.05119163460375409,0.0,0.7576792897090608,0.412278150645906,0.8958333333333334
bulk,eig@gammamix-poisson,4,240.0,240.0,4.554769799578935,0.09315019944915548,2.9068307692778794,0.0,0.0,0.0,0.0,0.0,0.6344650190425701,0.3816687500938663,0.9791666666666666
bulk,eig@gammamix-poisson,5,30.0,30.0,1.8910397000727244,0.011742900009267032,3.231727454800801,0.5423764954059687,0.5299531322178976,0.521024572429198,0.4760703164294857,0.47729852765313596,1.289919977748265,0.5913127827632243,0.3125
bulk,eig@gammamix-poisson,5,60.0,60.0,2.4016634001163766,0.023860200075432658,3.1409378180813348,0.3348133350506597,0.0,0.06145177569479343,0.09984571560893896,0.15892838324637648,0.8149650942445877,0.5067875323655271,0.6041666666666666
bulk,eig@gammamix-poisson,5,120.0,120.0,3.2215801001293585,0.04852170014055446,3.0343722410958542,0.3348133350506597,0.0,0.06145177569479343,0.09984571560893896,0.005340936488760106,0.6805049551750161,0.4596596729172147,0.75
bulk,eig@gammamix-poisson,5,180.0,180.0,3.894998100295197,0.07263900013640523,2.927777408558057,0.0,0.0,0.06145177569479343,0.09984571560893896,0.005340936488760106,0.508359234779674,0.4366760296285638,0.8645833333333334
bulk,eig@gammamix-poisson,5,240.0,240.0,4.581317700562067,0.09689300006721169,2.879932991234098,0.0,0.0,0.06145177569479343,0.09984571560893896,0.005340936488760106,0.41933474398959386,0.4075256553859832,0.9791666666666666
bulk,eig@gammamix-poisson,6,30.0,30.0,1.9128825999214314,0.011836100020445883,3.323179951251804,0.0,0.11620560986709161,0.2068405487699574,0.1395092334919008,0.18241567375536472,1.3418761159357293,0.6157576951869496,0.3125
bulk,eig@gammamix-poisson,6,60.0,60.0,2.412171100091655,0.024165800132323056,3.2407906294938384,0.0,0.11620560986709161,0.15616496604030916,0.1978277425724705,0.12390258543303923,1.202758915820055,0.5534419097635551,0.59375
bulk,eig@gammamix-poisson,6,120.0,120.0,3.232302900054492,0.04941739997593686,3.0857849727822853,0.0,0.0,0.039439265980589555,0.0,0.017507079618267696,0.6697024799476196,0.4875899854613198,0.75
bulk,eig@gammamix-poisson,6,180.0,180.0,3.916898499825038,0.07269600010477006,3.00770543981375,0.0,0.004780149589788452,0.0432041975146088,0.0,0.017507079618267696,0.6528344993338643,0.45049349585792436,0.8958333333333334
bulk,eig@gammamix-poisson,6,240.0,240.0,4.59092929988401,0.09507280023535714,2.9292331116888897,0.0,0.054854258347196705,0.039439265980589555,0.0,0.0,0.5742938449386448,0.41613941379462543,1.0
bulk,eig@gammamix-poisson,7,30.0,30.0,1.934494199929759,0.011027199914678931,3.155113908780353,0.3740439027225396,0.58917635460872,0.6106140086266213,0.5953203085159414,0.5370850024016289,0.932290570824683,0.5378379596795478,0.3125
bulk,eig@gammamix-poisson,7,60.0,60.0,2.444756699958816,0.02454679983202368,3.1228422804740403,0.6713828167356015,0.5044979112215051,0.3949397670529734,0.3694987037864206,0.3559712861276959,0.7554327407707875,0.4657293207813344,0.625
bulk,eig@gammamix-poisson,7,120.0,120.0,3.2630518003716134,0.05043579975608736,3.0090584018410538,0.0,0.0,0.07119741508081112,0.11209074221166437,0.1203808766120733,0.46396935129882316,0.39604180902193836,0.75
bulk,eig@gammamix-poisson,7,180.0,180.0,3.951628600305412,0.0765687997918576,2.941134741837022,0.0,0.0,0.07119741508081112,0.11209074221166437,0.1203808766120733,0.3895954075151699,0.365956835327925,0.9479166666666666
bulk,eig@gammamix-poisson,7,240.0,240.0,4.700201800675131,0.10088250029366463,2.90166028046505,0.0,0.0,0.07119741508081112,0.11209074221166437,0.07475961113935048,0.3645170660574842,0.3452750924168939,0.9791666666666666
bulk,eig@gammamix-poisson,8,30.0,30.0,1.9350182001362555,0.010694200173020363,3.239022223140388,0.0,0.0,0.0,0.0,0.04196268691994054,1.2818062988867844,0.5710120230019655,0.3125
bulk,eig@gammamix-poisson,8,60.0,60.0,2.485839000379201,0.023200500349048525,3.162107214595492,0.0,0.0,0.0,0.0,0.04196268691994054,1.1858602554162234,0.5053472805288957,0.5833333333333334
bulk,eig@gammamix-poisson,8,120.0,120.0,3.334978000377305,0.048909000237472355,3.113750337546596,0.0,0.0,0.0,0.013477887330978322,0.0,1.0410037515827155,0.4513723543119027,0.75
bulk,eig@gammamix-poisson,8,180.0,180.0,4.028763100563083,0.07398609968367964,3.0974273458296544,0.0,0.0,0.0,0.013477887330978322,0.0,0.7919304417726092,0.43883268601722686,0.8541666666666666
bulk,eig@gammamix-poisson,8,240.0,240.0,4.7349311005091295,0.0988951995386742,3.0381032174309204,0.0,0.0,0.0,0.013477887330978322,0.0,0.6731012115749789,0.4127175717746206,0.96875
bulk,eig@gammamix-poisson,9,30.0,30.0,1.9250424998463131,0.011163600138388574,3.337220596159986,0.2785345721766399,0.0,0.04988883946136524,0.13262726323598917,0.05309983615220881,1.1827932795018516,0.6100128450157173,0.3020833333333333
bulk,eig@gammamix-poisson,9,60.0,60.0,2.4686387000838295,0.024402000301051885,3.2636120740842025,0.2785345721766399,0.0,0.04988883946136524,0.13262726323598917,0.05309983615220881,1.0655085910696922,0.548193184982649,0.5520833333333334
bulk,eig@gammamix-poisson,9,120.0,120.0,3.3207302003283985,0.04979440034367144,3.153480849415119,0.2785345721766399,0.0,0.04988883946136524,0.0,0.05827911903401495,0.9350558895177467,0.48746052178268023,0.75
bulk,eig@gammamix-poisson,9,180.0,180.0,3.9936995000462048,0.07348660001298413,3.0660039136574633,0.0,0.0,0.04988883946136524,0.0,0.05827911903401495,0.6456148809714223,0.4641619544000231,0.8854166666666666
bulk,eig@gammamix-poisson,9,240.0,240.0,4.761423999792896,0.1004406000720337,3.002731419856435,0.0,0.0,0.0,0.0,0.03728535271679212,0.527832717994756,0.4391042657227006,0.9583333333333334
bulk,eig@gammamix-poisson,10,30.0,30.0,1.944813999987673,0.010932499775663018,3.2484551606587897,0.7050273962519236,0.6610644195484023,0.715890263923106,0.7263895790114376,0.6850999530092314,0.9350183951727509,0.5811808661542994,0.3125
bulk,eig@gammamix-poisson,10,60.0,60.0,2.4765664997394197,0.02333359990734607,3.1648173805042394,0.21976430256018553,0.01569963375519612,0.14566789953952475,0.1876482387443048,0.1897831901624244,0.8003778263475241,0.5120639155978131,0.59375
bulk,eig@gammamix-poisson,10,120.0,120.0,3.29060449951794,0.04708280006889254,3.0307946697597843,0.0,0.01569963375519612,-2.220446049250313e-16,0.02898400057632955,0.04851871367472904,0.5588304217937636,0.46296221539778654,0.75
bulk,eig@gammamix-poisson,10,180.0,180.0,3.9658449992421083,0.06950270012021065,2.9613209866232357,0.0,0.0,0.0,0.02898400057632966,0.00826905645635001,0.47718796655012236,0.44416880824307314,0.8541666666666666
bulk,eig@gammamix-poisson,10,240.0,240.0,4.695474999141879,0.09459340013563633,2.8851630192578974,0.0,0.0,0.0,0.02898400057632966,0.00826905645635001,0.43893313938870226,0.4119804276183996,0.9583333333333334
bulk,eig@gammamix-poisson,11,30.0,30.0,1.926763700088486,0.011566100118216127,3.278367762894011,0.2558078094946533,0.3414672335336677,0.37667407454551105,0.39625315863622423,0.3913854817292227,1.2945358852920557,0.6050533001845566,0.3125
bulk,eig@gammamix-poisson,11,60.0,60.0,2.4748651001718827,0.024552800285164267,3.146572090745771,0.5955844820428887,0.19480460605077665,0.09161121647607207,0.16926050553102867,0.1054339914479846,0.9520458573620191,0.5180773079562646,0.59375
bulk,eig@gammamix-poisson,11,120.0,120.0,3.263559700048063,0.04891510069137439,3.07845668079824,0.0,0.19480460605077665,0.09161121647607207,0.07275079865942857,0.1054339914479846,0.7480998541770568,0.45124396737987976,0.75
bulk,eig@gammamix-poisson,11,180.0,180.0,3.9768165000132285,0.07402810052735731,3.0341087912762514,0.0,0.19480460605077665,0.09161121647607207,0.1771158403016122,0.1610968017457065,0.657734495580326,0.41859197950394256,0.90625
bulk,eig@gammamix-poisson,11,240.0,240.0,4.714659600052983,0.09873080073157325,2.959981395050081,0.2558078094946533,0.0,0.09161121647607207,0.1771158403016122,0.15284551796894807,0.5593742299603637,0.395432486502881,1.0
bulk,eig@gammamix-poisson,12,30.0,30.0,2.1522673000581563,0.012946500210091472,3.2349926444198496,0.16232208603999354,0.03238764078072254,0.22364899537813243,0.26295527042915123,0.31804896704295704,1.0553638671827783,0.609192487156304,0.3125
bulk,eig@gammamix-poisson,12,60.0,60.0,2.810025399958249,0.02904020028654486,3.177251543708801,0.16232208603999354,0.03238764078072254,0.22364899537813243,0.26295527042915123,0.31804896704295704,0.9015438110843925,0.5092172928541996,0.6041666666666666
bulk,eig@gammamix-poisson,12,120.0,120.0,3.6816824997076765,0.05526130035286769,3.056342480423581,0.0,0.03238764078072254,0.20894966601263287,0.07304970139314193,0.12540514640506573,0.6503864558242021,0.4639803098393239,0.75
bulk,eig@gammamix-poisson,12,180.0,180.0,4.4426319998456165,0.08079940039897338,2.9870956788258773,0.0,0.03238764078072254,-2.220446049250313e-16,0.07304970139314193,0.12540514640506573,0.5502389480604534,0.4485279286764466,0.8854166666666666
bulk,eig@gammamix-poisson,12,240.0,240.0,5.092313699715305,0.10405340051511303,2.971201969611522,0.0,0.03238764078072254,-2.220446049250313e-16,0.07304970139314193,0.07938511896206035,0.5341985417323301,0.4301358464989518,0.9895833333333334
bulk,eig@gammamix-poisson,13,30.0,30.0,2.1828760997741483,0.013009299815166742,3.2336842650808406,0.8973978025723264,0.8020876029076898,0.7228037404072274,0.6669820349171158,0.6225020027580735,1.595997099966651,0.6517326233835019,0.3125
bulk,eig@gammamix-poisson,13,60.0,60.0,2.8273366997600533,0.027085499721579254,3.1292349291700297,0.0,0.11087561601322549,0.20545533368474622,0.23452095415718355,0.21815152493521983,1.1134886126776755,0.5373006091677732,0.6145833333333334
bulk,eig@gammamix-poisson,13,120.0,120.0,3.7063872996368445,0.05409049981972203,3.0182462926208515,0.0,0.0,0.06329163261265613,0.04554798960294737,0.05883475354424461,0.7469415658113591,0.47487941454264304,0.75
bulk,eig@gammamix-poisson,13,180.0,180.0,4.4130178993800655,0.08438429952366278,2.9409820369659663,0.0,0.0,0.0,0.04554798960294737,0.05883475354424461,0.5351542231626003,0.4441118798215767,0.9270833333333334
bulk,eig@gammamix-poisson,13,240.0,240.0,5.087707599508576,0.10759159945882857,2.8992434794843374,0.0,0.0,0.0,0.03913262240258175,0.05302607293563577,0.4453672647588652,0.4276342977635273,1.0
bulk,eig@gammamix-poisson,14,30.0,30.0,2.177218599943444,0.012830799911171198,3.2256770621035358,0.0,0.21142111729533908,0.06273154742100173,0.1397618145368379,0.22219661336459695,0.9294799103719823,0.6000266873971267,0.3125
bulk,eig@gammamix-poisson,14,60.0,60.0,2.9093011000659317,0.026560199912637472,3.1651438880372846,0.0,0.21142111729533908,0.06273154742100173,0.1397618145368379,0.07809215195067187,0.7600022331735136,0.5100179188858359,0.6145833333333334
bulk,eig@gammamix-poisson,14,120.0,120.0,3.8613183000707068,0.05603959981817752,3.0659445158461653,0.0,0.0,0.0,0.04953466319969879,0.07809215195067187,0.6058193548249974,0.45158207941261336,0.75
bulk,eig@gammamix-poisson,14,180.0,180.0,4.523836999840569,0.07980739971389994,2.950563688308819,0.0,0.0,0.06273154742100173,0.1397618145368379,0.1473494081503418,0.4656473657870554,0.42174318636498154,0.8645833333333334
bulk,eig@gammamix-poisson,14,240.0,240.0,5.22109279979486,0.10262200003489852,2.8970299289182524,0.0,0.0,0.0,0.04953466319969879,0.08275953574740946,0.4554371890760011,0.39257542124050754,1.0
bulk,eig@gammamix-poisson,15,30.0,30.0,2.292470200220123,0.01252049981849268,3.671776162066499,0.0,0.0,0.08632572861610455,0.03712017172502291,0.07609595825042303,1.2732323873673248,0.5498233598451828,0.3125
bulk,eig@gammamix-poisson,15,60.0,60.0,3.014143400301691,0.03359929961152375,3.59032604280641,0.0,0.0,0.0,0.05488036587828793,0.06822278769522994,1.194258228241012,0.497510436378877,0.625
bulk,eig@gammamix-poisson,15,120.0,120.0,3.922528900380712,0.061211199674289674,3.3528664718537606,0.0,0.0,0.0,0.05488036587828793,0.05089952885551541,0.661933871511398,0.4248195329527924,0.75
bulk,eig@gammamix-poisson,15,180.0,180.0,4.6332529003266245,0.08557779964758083,3.2596808903415524,0.0,0.0,0.0,0.0,0.0,0.579960298970098,0.4030730139934391,0.84375
bulk,eig@gammamix-poisson,15,240.0,240.0,5.3040829005185515,0.10835199954453856,3.210834732930668,0.0,0.0,0.0,0.0,0.005658373391603688,0.5417295708879347,0.38350922900242324,0.9583333333333334
bulk,eig@gammamix-poisson,16,30.0,30.0,2.2587865000823513,0.01650080014951527,3.4242963972106892,0.7612096729939878,0.595518650592295,0.670094349596652,0.7024656344520747,0.7117259404472442,1.656452723827713,0.6329992135717917,0.3125
bulk,eig@gammamix-poisson,16,60.0,60.0,2.9832226000144146,0.030746500240638852,3.2640242239654245,0.7612096729939878,0.44994983408849487,0.14222250852011886,0.11872239330047574,0.2145286368136664,1.204350478533402,0.5333852439659797,0.59375
bulk,eig@gammamix-poisson,16,120.0,120.0,3.907366100058425,0.05908330011880025,3.145358411809683,0.30823435120041587,0.44994983408849487,0.14222250852011886,0.11872239330047574,0.052976438293746986,0.9227754901393264,0.4884351069274466,0.75
bulk,eig@gammamix-poisson,16,180.0,180.0,4.608737799979281,0.08450770046329126,3.013337398806025,0.30823435120041587,0.0,0.05037921940374224,0.11872239330047596,0.05297643829374721,0.6467879413513394,0.4595115289358963,0.8645833333333334
bulk,eig@gammamix-poisson,16,240.0,240.0,5.299207599891815,0.1075264005921781,2.9364848067690885,0.0,0.0,0.14222250852011908,0.11872239330047596,0.05297643829374721,0.5646966957675851,0.42937269202818257,0.9583333333333334
bulk,eig@gammamix-poisson,17,30.0,30.0,2.2438170001260005,0.014081700064707547,3.356737129746462,0.0,0.0,0.0,0.040565608017942956,0.04889644084976197,0.962745330579337,0.4998361644353115,0.3125
bulk,eig@gammamix-poisson,17,60.0,60.0,2.885304900119081,0.028540700033772737,3.2828096291594604,0.0,0.0,0.0,0.040565608017942956,0.0782403619907106,0.8665052569915074,0.43407897448497085,0.5833333333333334
bulk,eig@gammamix-poisson,17,120.0,120.0,3.772686600277666,0.054696600360330194,3.2427919431259418,0.0,0.0,0.06829193733675532,0.08018938430628797,0.07386249922821342,0.8411353250635637,0.3994581583267361,0.75
bulk,eig@gammamix-poisson,17,180.0,180.0,4.498755000240635,0.08047140028793365,3.197843722858579,0.0,0.0,0.06829193733675532,0.08018938430628797,0.1112997034765727,0.6439915849760989,0.38250936825488385,0.8645833333333334
bulk,eig@gammamix-poisson,17,240.0,240.0,5.240336800110526,0.10655650030821562,3.0775972939266816,0.0,0.0,0.0,0.04998782097099852,0.04604381764284138,0.4745634604341352,0.3541993245070335,0.9479166666666666
bulk,eig@gammamix-poisson,18,30.0,30.0,2.296287300181575,0.015713000029791147,3.2833077806910893,0.7594624338216631,0.6628611002955355,0.6728119427968887,0.657020623906295,0.4037219460540591,1.0006673257777332,0.6009115551270208,0.3125
bulk,eig@gammamix-poisson,18,60.0,60.0,2.920030200271867,0.030884800071362406,3.2284204253201865,0.40536025593833713,0.49973408779364614,0.48876877964245646,0.47387687458305894,0.49369769158161037,1.0126045961869214,0.5533146417075827,0.6145833333333334
bulk,eig@gammamix-poisson,18,120.0,120.0,3.754527499899268,0.05746149976039305,3.07756456647531,0.40536025593833713,0.04482090638421232,0.033717390745559905,0.1215028937710293,0.10454953255160448,0.7093646364556349,0.48543251595629877,0.75
bulk,eig@gammamix-poisson,18,180.0,180.0,4.52412209979957,0.08385649981210008,3.0617492624491276,0.40536025593833713,0.04482090638421232,0.09105068983458497,0.07214967175900822,0.10712148092363027,0.6853074043889067,0.4763984452379757,0.875
bulk,eig@gammamix-poisson,18,240.0,240.0,5.197496399923693,0.10679829953005537,2.995587282792178,0.40536025593833713,0.04482090638421232,0.09105068983458497,0.07214967175900822,0.08352430877602501,0.6357950895629135,0.44639076266522776,1.0
bulk,eig@gammamix-poisson,19,30.0,30.0,2.2585438998648897,0.017899799859151244,3.515039194689393,0.0,0.0,0.10614598625102656,0.19581997975299903,0.17057822209383555,0.9666101123774051,0.5867951538226729,0.3125
bulk,eig@gammamix-poisson,19,60.0,60.0,3.007352300162893,0.032164599862881005,3.4558391139253337,0.0,0.0,0.035192668902821356,0.10862700746803933,0.18240528101135234,0.8964408879247655,0.5514061302319315,0.59375
bulk,eig@gammamix-poisson,19,120.0,120.0,3.8905498002422974,0.06368959986139089,3.299139274157485,0.0,0.0,0.019160339630237444,0.005158618401740367,0.04595086392708381,0.7428023314373069,0.5019064196048623,0.75
bulk,eig@gammamix-poisson,19,180.0,180.0,4.582730000140145,0.08779669972136617,3.237211869127979,0.2743184219509164,0.0,0.019160339630237444,0.034962014714033485,0.09462467429852828,0.7473775351009241,0.4800033944824798,0.8333333333333334
bulk,eig@gammamix-poisson,19,240.0,240.0,5.3132919003255665,0.1114020996610634,3.1924965289842646,0.2743184219509164,0.0,0.035192668902821356,0.10862700746803933,0.13608188054808934,0.6838750527105882,0.46050328657462597,0.9375
bulk,eig@gammamix-poisson,20,30.0,30.0,2.355576600006316,0.015601200168021023,3.3559332821066152,0.0,0.08651446227664827,0.14600691758381446,0.11842892852106823,0.20269872826314994,1.692874718863378,0.5418049223237695,0.3020833333333333
bulk,eig@gammamix-poisson,20,60.0,60.0,2.989665000117384,0.034107099927496165,3.2724071366356196,0.0,0.08651446227664827,0.08304171440997565,0.1283026833082167,0.10550638918352018,1.5964693341772733,0.4768914771386872,0.6145833333333334
bulk,eig@gammamix-poisson,20,120.0,120.0,3.866885300143622,0.06250219966750592,3.205683054562702,0.0,0.0,0.06769904186325404,0.11484241154555341,0.15105573356379132,1.1582444013630693,0.43650768634784703,0.75
bulk,eig@gammamix-poisson,20,180.0,180.0,4.586043699877337,0.08800279977731407,3.116159492972993,0.0,0.0,0.009181820535113516,0.05939300984078111,0.10212463934468063,0.8500724396668148,0.4042316952162965,0.90625
bulk,eig@gammamix-poisson,20,240.0,240.0,5.24460959964199,0.11206159979337826,3.0982899028154356,0.0,0.0,0.009181820535113516,0.05939300984078111,0.10165677142409513,0.7358027403111327,0.382243192283297,1.0
bulk,eig@gammamix-poisson,21,30.0,30.0,2.215118199994322,0.017019899969454855,3.2966374636048728,0.322451314503841,0.19498606634846138,0.15120154655155993,0.11163137608068796,0.0,0.8928181140647375,0.5705572933637358,0.3020833333333333
bulk,eig@gammamix-poisson,21,60.0,60.0,2.8563002998707816,0.033989999908953905,3.2208638024814285,0.0,0.01102913629152058,0.007846699964304427,0.01242623547347621,0.0,0.6409389580847503,0.5057470790664507,0.6145833333333334
bulk,eig@gammamix-poisson,21,120.0,120.0,3.681307499646209,0.05985160020645708,3.167574480486769,0.0,0.004890268971063372,0.007846699964304538,0.0,0.0,0.5510573080109537,0.4643343759748499,0.75
bulk,eig@gammamix-poisson,21,180.0,180.0,4.37998769961996,0.08413410052889958,3.107322093404614,0.0,0.004890268971063372,0.007846699964304538,0.0,0.10711311958407876,0.5078312118634064,0.43543964417551634,0.90625
bulk,eig@gammamix-poisson,21,240.0,240.0,5.052793799492065,0.10799750068690628,3.0305579813927324,0.0,0.004890268971063372,-2.220446049250313e-16,-2.220446049250313e-16,-2.220446049250313e-16,0.4955578154457581,0.4052551530300494,0.9791666666666666
bulk,eig@gammamix-poisson,22,30.0,30.0,2.1645180999767035,0.014238299976568669,3.6402119844671694,0.0,0.3819845801065104,0.40565521337504284,0.3521877571970602,0.35020130920796544,2.543204411004508,0.5599178299358424,0.3125
bulk,eig@gammamix-poisson,22,60.0,60.0,2.7858207000535913,0.029549799859523773,3.5314375146319694,0.2346106569735552,0.0,0.06833984712500629,0.10519028433533584,0.07637705340143985,1.7184969758826862,0.4879956427631242,0.6145833333333334
bulk,eig@gammamix-poisson,22,120.0,120.0,3.687431600119453,0.05748129962012172,3.336317250054517,0.0,0.0,0.0,0.010305618283016904,0.033197601314263525,0.8925791405287375,0.4304909148463594,0.75
bulk,eig@gammamix-poisson,22,180.0,180.0,4.347755000228062,0.08134139963658527,3.218465393155349,0.0,0.0,0.020543402010223755,0.0,0.006027509013374677,0.730962732533203,0.40049156487720416,0.8958333333333334
bulk,eig@gammamix-poisson,22,240.0,240.0,5.008841100090649,0.10471899952972308,3.1244093690790424,0.0,0.0,0.020543402010223755,0.0,0.006027509013374677,0.5460890329492166,0.3747680406741065,0.9895833333333334
bulk,eig@gammamix-poisson,23,30.0,30.0,2.2675710997427814,0.02110550011275336,3.4434200258860534,0.0,0.08686151493824956,0.0,0.0,0.03505285953875803,1.6340536238237662,0.5608870416583627,0.3125
bulk,eig@gammamix-poisson,23,60.0,60.0,2.8711963994428515,0.036508100223727524,3.360542949719502,0.0,0.0,0.04842216513930142,0.0,0.03505285953875803,1.5349926234822695,0.48848214688493896,0.5729166666666666
bulk,eig@gammamix-poisson,23,120.0,120.0,3.732155999634415,0.0630189004004933,3.2017969487034352,0.0,0.0,0.0,0.0,0.0034999151229940795,0.6790701066840533,0.4519939063824141,0.75
bulk,eig@gammamix-poisson,23,180.0,180.0,4.482825499493629,0.08837100042728707,3.1699231811892745,0.0,0.0,0.0,0.0,0.0034999151229940795,0.7425250345327143,0.42920120496812153,0.90625
bulk,eig@gammamix-poisson,23,240.0,240.0,5.129795699613169,0.11218650039518252,3.1246480545694433,0.0,0.0,0.0,0.012521802272946747,0.0034999151229940795,0.7185202156764827,0.40600697996428275,1.0
bulk,eig@gammamix-poisson,24,30.0,30.0,2.136642199882772,0.014568199752829969,3.231622090129202,0.5335309876643433,0.6230614794804794,0.37380672776942003,0.36992376971486796,0.3835399814625219,1.0165023862001994,0.5560794418325041,0.3020833333333333
bulk,eig@gammamix-poisson,24,60.0,60.0,2.7652856000349857,0.02891639986773953,3.147468698618551,0.0,0.23010466678813823,0.3370565712552882,0.18161239321755396,0.20595146097398886,0.7976664040971321,0.49714874093793526,0.5833333333333334
bulk,eig@gammamix-poisson,24,120.0,120.0,3.5571979999076575,0.05205579975154251,3.1181473538912954,0.3133228403882854,0.11449552435351973,0.19612968306281586,0.16350858132416624,0.05702318583399424,0.7448120216638676,0.4476021858686766,0.75
bulk,eig@gammamix-poisson,24,180.0,180.0,4.32915560004767,0.08350589982001111,3.031906676900004,0.3133228403882854,0.11449552435351973,0.12361413512083086,0.16761294883541522,0.06048250886173623,0.6383039044520284,0.40546038673182433,0.90625
bulk,eig@gammamix-poisson,24,240.0,240.0,5.063861400121823,0.10795949993189424,2.9746819773506457,0.3133228403882854,0.11449552435351973,0.12361413512083086,0.00901849662076859,0.007601145109528362,0.5327917840893579,0.38578254402220924,0.96875
bulk,eig@gammamix-poisson,25,30.0,30.0,2.2428312000702135,0.029893300030380487,3.2140647417198225,0.0,0.0,0.10830087873484273,0.09739995087729147,0.0410256365283006,0.8533917428001899,0.560688185074573,0.3125
bulk,eig@gammamix-poisson,25,60.0,60.0,2.8284069999936037,0.04550750000635162,3.1251744432463036,0.0,0.0,0.10830087873484273,0.09739995087729147,0.12151499338400618,0.6905427959093181,0.48812622294325775,0.59375
bulk,eig@gammamix-poisson,25,120.0,120.0,3.656303499941714,0.06985609995899722,3.0399590888229464,0.0,0.0,0.13624608735947863,0.07298709787309154,0.10750815425355775,0.5484877674091296,0.43863792377702393,0.75
bulk,eig@gammamix-poisson,25,180.0,180.0,4.3543434999883175,0.09361929964506999,2.936556772878743,0.0,0.0,0.0,0.009958236095370387,0.035386029302516,0.4564254094206189,0.4090007915357101,0.875
bulk,eig@gammamix-poisson,25,240.0,240.0,5.110800199967343,0.12237539968919009,2.8856363272774637,0.0,0.0,0.0,0.009958236095370387,0.041866048264636135,0.3833811320178833,0.37813639576333297,0.9791666666666666
bulk,eig@gammamix-poisson,26,30.0,30.0,2.315559399954509,0.01276760024484247,3.4687273472006708,0.30960974962972854,0.40763569968347324,0.3711127501842908,0.291992427082143,0.12927706407568873,1.029802319739293,0.5083622256495401,0.3125
bulk,eig@gammamix-poisson,26,60.0,60.0,2.875230699777603,0.027576000313274562,3.3717016417069323,0.30960974962972854,0.40763569968347324,0.3711127501842908,0.291992427082143,0.12927706407568873,1.009072055997705,0.4574514090076852,0.6041666666666666
bulk,eig@gammamix-poisson,26,120.0,120.0,3.7011724998010322,0.05339050036855042,3.266061495276359,0.0,0.0,0.13245186067683523,0.10810823734889108,0.13315289745721526,0.730457677769484,0.4106992711788233,0.75
bulk,eig@gammamix-poisson,26,180.0,180.0,4.474374700104818,0.07807250024052337,3.1565329059723126,0.0,0.0,0.13245186067683523,0.16064401850444943,0.13028401300177028,0.5762030299728191,0.3796863557081849,0.8958333333333334
bulk,eig@gammamix-poisson,26,240.0,240.0,5.241481200442649,0.102916200296022,3.09277952553184,0.0,0.0,0.001537632384483234,0.10464703495413497,0.13028401300177028,0.514612813566874,0.3564894211214712,0.9791666666666666
bulk,eig@gammamix-poisson,27,30.0,30.0,2.2151720999972895,0.014425499946810305,3.249747099677205,0.02325269434743038,0.0490082422993261,0.1695933313069048,0.18825525890412254,0.2548578578120212,0.9546315222485864,0.6094713992125472,0.3020833333333333
bulk,eig@gammamix-poisson,27,60.0,60.0,2.811011200014036,0.028110699902754277,3.194771974759881,0.02325269434743038,0.11020952662534278,0.0756479823579419,0.13337109378936396,0.1518121837565849,0.8286687343036827,0.5260368376864313,0.59375
bulk,eig@gammamix-poisson,27,120.0,120.0,3.628246499807574,0.05442919966299087,3.0771765226740526,0.09687691091996087,0.0490082422993261,0.0756479823579419,1.1102230246251565e-16,0.0991263543265739,0.5453528311801074,0.48471563870559303,0.75
bulk,eig@gammamix-poisson,27,180.0,180.0,4.353017499495763,0.08060029987245798,3.0341062921355664,0.09687691091996087,0.037245133134619635,0.06757376679950544,0.0,0.0991263543265739,0.5294392771426663,0.45723125407530396,0.8854166666666666
bulk,eig@gammamix-poisson,27,240.0,240.0,5.113335799658671,0.11443129990948364,3.0046216550157054,0.09687691091996087,0.037245133134619635,0.0,0.0,0.0991263543265739,0.5022628643825512,0.4304087356113576,0.9791666666666666
bulk,eig@gammamix-poisson,28,30.0,30.0,2.193708999955561,0.01274009986082092,3.42264256129682,0.6356449631964014,0.42370183547621587,0.4950875796265687,0.47725108073774225,0.38579660977872954,1.2453671624978944,0.5779057240995048,0.3125
bulk,eig@gammamix-poisson,28,60.0,60.0,2.762292599945795,0.026195299928076565,3.341009032886602,0.0,0.0905619224480666,0.037143087776809525,0.1488003670489726,0.17606908118181652,0.8264713388837175,0.49640839170996154,0.6145833333333334
bulk,eig@gammamix-poisson,28,120.0,120.0,3.568700399948284,0.052001699805259705,3.220369956518432,0.0,0.0,0.037143087776809414,0.009746287568244694,0.05937019618707373,0.6619360952073943,0.44875778426855445,0.75
bulk,eig@gammamix-poisson,28,180.0,180.0,4.274930899962783,0.07778459944529459,3.183466981235364,0.0,0.04261714568147823,0.0,0.06868021231837651,0.05937019618707373,0.7074726289807911,0.4204459028486558,0.90625
bulk,eig@gammamix-poisson,28,240.0,240.0,5.0827720000525005,0.10794899973552674,3.052815734839084,0.0,0.04261714568147823,0.0,0.009746287568244694,0.05937019618707373,0.5901208184888754,0.3883327190873148,0.96875
bulk,eig@gammamix-poisson,29,30.0,30.0,2.255007400002796,0.01764279993949458,3.181026000612342,0.8252078902890627,0.7512792256553489,0.7326127263877549,0.6540663922278495,0.5220697329929463,1.6217099322414046,0.6180442332365983,0.3125
bulk,eig@gammamix-poisson,29,60.0,60.0,2.810377499787137,0.03057499969145283,3.1111646762815774,0.0,0.09242521024766526,0.000794431615735891,1.1102230246251565e-16,0.0080359755221735,1.0702396504555638,0.5507298545191098,0.625
bulk,eig@gammamix-poisson,29,120.0,120.0,3.6073673997889273,0.05689819960389286,2.9739417288091947,0.0,0.09242521024766526,0.000794431615735891,1.1102230246251565e-16,0.022143380745151986,0.5751045607099219,0.4841117785205919,0.75
bulk,eig@gammamix-poisson,29,180.0,180.0,4.335207999742124,0.08214209950529039,2.922941082931812,0.0,0.0,0.00079443161573578,0.008680371024676448,0.03004702524982561,0.43692858544699836,0.4606449608675346,0.9270833333333334
bulk,eig@gammamix-poisson,29,240.0,240.0,5.099015999818221,0.10775249934522435,2.8790887220456374,0.0,0.0,0.00079443161573578,0.008680371024676448,0.03004702524982561,0.44617338625606456,0.42997075318681705,1.0
bulk,eig@gammamix-poisson,30,30.0,30.0,2.2087525998358615,0.01203179988078773,3.4003571761190687,0.0,0.06508524388206216,0.26861093677907955,0.3676579537271041,0.4204857483604145,0.975448164399469,0.5765715649620774,0.3020833333333333
bulk,eig@gammamix-poisson,30,60.0,60.0,2.774339999887161,0.02701369987335056,3.3148063960803484,0.0,0.06508524388206216,0.0245066728743909,0.08454661313088396,0.15493282190090074,0.813077016937018,0.5183783618778164,0.59375
bulk,eig@gammamix-poisson,30,120.0,120.0,3.5997233998496085,0.05145909980637953,3.185353415954882,0.0,0.1856280885625372,0.34616867939495055,0.27031685049292953,0.15075063328646643,0.6909142993471667,0.4672696247327374,0.75
bulk,eig@gammamix-poisson,30,180.0,180.0,4.348788700008299,0.07873300008941442,3.112919768773471,0.0,0.06508524388206216,0.04522707999859943,-2.220446049250313e-16,0.06106649815007659,0.584753638712199,0.4293315775558861,0.90625
bulk,eig@gammamix-poisson,30,240.0,240.0,5.186761499790009,0.10470499988878146,3.048575092307211,0.0,0.06508524388206216,0.0245066728743909,-2.220446049250313e-16,-2.220446049250313e-16,0.5432917246640192,0.4090193929288082,0.9479166666666666
bulk,eig@gammamix-poisson,31,30.0,30.0,2.3105335000436753,0.01468320016283542,3.1898791863791884,0.18320059193150984,0.472531609922057,0.4952981855777506,0.5265774088823492,0.33655697726226697,0.9052789732298672,0.5955834066410675,0.3125
bulk,eig@gammamix-poisson,31,60.0,60.0,2.8703130001667887,0.02851050003664568,3.1581696522869844,0.06274080504417423,0.09456689760901471,0.2886490572381005,0.4005718245755441,0.20734496661200574,0.9353654492812772,0.5329506413382051,0.625
bulk,eig@gammamix-poisson,31,120.0,120.0,3.7309650002862327,0.05570959998294711,3.0865735282702467,0.06274080504417423,0.09456689760901471,0.0,0.16507801479423156,0.20734496661200574,0.6616490406008068,0.49101538396820454,0.75
bulk,eig@gammamix-poisson,31,180.0,180.0,4.429874900029972,0.07890759984729812,2.980888438745844,0.06274080504417423,0.09456689760901471,0.0,0.0,0.048854029630156504,0.47745566307785203,0.45900172570727354,0.90625
bulk,eig@gammamix-poisson,31,240.0,240.0,5.247595600085333,0.10697489959420636,2.934268937015758,0.06274080504417423,0.09456689760901471,0.0,0.0,0.048854029630156504,0.4582130588840929,0.4311907712575793,0.9791666666666666
bulk,eig@gammamix-poisson,32,30.0,30.0,2.280232699937187,0.013932399917393923,3.454495012282905,0.8383318934131347,0.7489247036108968,0.6142025927239958,0.6362913230836885,0.6540607986189985,1.2355652219496707,0.5987603162301858,0.3020833333333333
bulk,eig@gammamix-poisson,32,60.0,60.0,2.8190422997577116,0.027501699922140688,3.372839640089913,0.7231031587836108,0.7544665842411924,0.7526060013690521,0.703119486318307,0.5951734854630043,1.1410320978658348,0.5296205044450712,0.59375
bulk,eig@gammamix-poisson,32,120.0,120.0,3.6821308998041786,0.05372900003567338,3.2406669696070334,0.0,0.0,0.0747281488445043,0.13184934260118097,0.1489906001916148,0.7955917719797106,0.4691877472899929,0.75
bulk,eig@gammamix-poisson,32,180.0,180.0,4.335404200013727,0.08239140012301505,3.2055329287575103,0.3488256542786353,0.0,0.0747281488445043,0.11862056348530325,0.1489906001916148,0.7457468380425151,0.450815569937378,0.90625
bulk,eig@gammamix-poisson,32,240.0,240.0,5.140254800091498,0.11285010038409382,3.0862515478788217,0.0,0.0,0.0747281488445043,0.13184934260118097,0.11430465859212857,0.5354798179473299,0.41962909455645614,0.96875
bulk,eig@gammamix-poisson,33,30.0,30.0,2.2765998999238946,0.012817299750167876,3.7020975128904463,0.0,0.027815983603494576,0.053264260071504865,0.10326642977642053,0.16078465000931363,1.5597171254130913,0.5142394049599134,0.3125
bulk,eig@gammamix-poisson,33,60.0,60.0,2.8298315000138246,0.026586099702399224,3.647322034439283,0.6225938968336002,0.0,0.0,0.004773073089081481,0.050630711633390946,1.5274849382897735,0.47245312202788525,0.6041666666666666
bulk,eig@gammamix-poisson,33,120.0,120.0,3.6805106000392698,0.05259319976903498,3.470415069455847,0.0,0.0,0.030943290942523016,0.004773073089081481,0.09218370049105828,0.8694076140820614,0.4246531675463536,0.75
bulk,eig@gammamix-poisson,33,180.0,180.0,4.369185500021558,0.07839579973369837,3.4194470439424465,0.0,0.0,0.0,0.004773073089081481,0.050630711633390946,0.7450841285192258,0.40508410194753136,0.8645833333333334
bulk,eig@gammamix-poisson,33,240.0,240.0,5.182102000049781,0.10457559954375029,3.3117402614148386,0.0,0.0,0.0,0.004773073089081481,0.050630711633390946,0.7704810269415804,0.3747862054967146,0.9270833333333334
bulk,eig@gammamix-poisson,34,30.0,30.0,2.350560499879066,0.022362199728377163,3.1997925699917253,0.09694839895613083,0.0,0.06691769435343764,0.2205223899603821,0.28214399179089755,0.9693145408089194,0.5867858484855795,0.3125
bulk,eig@gammamix-poisson,34,60.0,60.0,2.88068329973612,0.034773499763105065,3.165842215425139,0.09694839895613083,0.0,0.06691769435343764,0.16625810731097246,0.2022264227496141,0.8341082303328119,0.5389181417557298,0.6145833333333334
bulk,eig@gammamix-poisson,34,120.0,120.0,3.6655853996635415,0.062063599936664104,3.0753495219972975,0.09694839895613083,0.0,0.06691769435343764,0.173707151208793,0.1146300965256778,0.6175509383632792,0.49050107507961993,0.75
bulk,eig@gammamix-poisson,34,180.0,180.0,4.406889899633825,0.08865849982248619,2.9999616897824795,0.0,0.0,0.05056151128698938,0.03209407357767513,0.039143070315493134,0.4970098831626819,0.4509413568352161,0.9270833333333334
bulk,eig@gammamix-poisson,34,240.0,240.0,5.134154299565125,0.11607779981568456,2.9343977956020963,0.0,0.0,0.05056151128698938,0.03209407357767513,0.0,0.4210703673826668,0.42004102629589996,1.0
bulk,eig@gammamix-poisson,35,30.0,30.0,2.305841699882876,0.01371819997439161,3.144665012519635,0.0,0.26125221572234736,0.1754218901676824,0.2655299309812905,0.3400668941586624,0.8846834190604217,0.6394216368031327,0.3020833333333333
bulk,eig@gammamix-poisson,35,60.0,60.0,2.8299715000321157,0.026641000004019588,3.0892887234933823,0.0,0.26125221572234736,0.1754218901676824,0.1483658108495708,0.19103472558831003,0.6897260160390504,0.5697224690694684,0.5833333333333334
bulk,eig@gammamix-poisson,35,120.0,120.0,3.711189800291322,0.052725600195117295,2.965431865482928,0.0,0.1968063634606393,0.13047070521127258,0.11084594674047676,0.0,0.462940356042204,0.5028058342245705,0.75
bulk,eig@gammamix-poisson,35,180.0,180.0,4.413740300340578,0.07553810015087947,2.9026297627195583,0.0,0.1968063634606393,0.13047070521127258,1.1102230246251565e-16,0.02937541760549256,0.4164943755700366,0.47305477830841974,0.90625
bulk,eig@gammamix-poisson,35,240.0,240.0,5.16780220012879,0.10027659987099469,2.8731788223982484,0.0,0.0,0.13047070521127246,0.0,0.02937541760549256,0.41246016811837616,0.4431080602085729,0.9791666666666666
bulk,eig@gammamix-poisson,36,30.0,30.0,2.170820400118828,0.014240300050005317,3.2468311576736055,0.8512659633103727,0.7308858854303821,0.7291271190761826,0.7395123418246652,0.6950137825856715,1.4765343711208554,0.5722625805594372,0.3125
bulk,eig@gammamix-poisson,36,60.0,60.0,2.785395600250922,0.030123399861622602,3.1310597120419055,0.0,0.0,0.08249685670946383,0.07264691046367511,0.11954539707038292,0.6263814698382614,0.4943321841357391,0.6041666666666666
bulk,eig@gammamix-poisson,36,120.0,120.0,3.666936700232327,0.059909400064498186,3.0605508562442196,0.0,0.23191652042852617,0.12265020175265351,0.18891163976766645,0.12704756935549089,0.73263812645672,0.45128771978164317,0.75
bulk,eig@gammamix-poisson,36,180.0,180.0,4.5087302004685625,0.09543150023091584,2.990604267191339,0.0,0.0,0.06544674339413936,0.1351432380359654,0.1689747724023436,0.5800971367515043,0.42969096119279154,0.84375
bulk,eig@gammamix-poisson,36,240.0,240.0,5.267136300622951,0.12595930008683354,2.911898296207248,0.0,0.0,0.0,0.0271372050733234,0.07820453207532263,0.4339103033057843,0.4059678109654373,0.9270833333333334
bulk,eig@gammamix-poisson,37,30.0,30.0,2.253713899757713,0.014497700263746083,3.098161092347509,0.47890656822479993,0.2712777036835742,0.34605557834148715,0.4306455389273647,0.3636123038112983,0.9098492911611574,0.6063746269651652,0.3125
bulk,eig@gammamix-poisson,37,60.0,60.0,2.959812399756629,0.03433960035908967,3.047929968230362,0.47890656822479993,0.2712777036835742,0.04810648354115099,0.1488827642251026,0.12570803596972768,0.6652457547589367,0.5455437720865067,0.6145833333333334
bulk,eig@gammamix-poisson,37,120.0,120.0,3.822890199662652,0.05957220046548173,2.9358849337893855,0.2346261350567539,0.0,0.15177511028992186,0.27553783171726987,0.21542075946677908,0.5056155743954454,0.48711926776235964,0.75
bulk,eig@gammamix-poisson,37,180.0,180.0,4.614842899725772,0.08660690044052899,2.866345606417717,0.2346261350567539,0.0,0.15177511028992186,0.1206980826179217,0.07960088907197893,0.3981886827524884,0.46574920708848017,0.9166666666666666
bulk,eig@gammamix-poisson,37,240.0,240.0,5.371366799343377,0.11287490045651793,2.840604336973644,0.2346261350567539,0.0,0.007568759662925029,0.0,0.07960088907197893,0.39146107936044094,0.43070320747495733,1.0
bulk,eig@gammamix-poisson,38,30.0,30.0,2.336715100100264,0.016263000085018575,3.0701772214020124,0.0,0.0,0.05097249754334532,0.10842473861963675,0.14764106295214197,0.997733871448373,0.6452965711561123,0.3125
bulk,eig@gammamix-poisson,38,60.0,60.0,2.928266000119038,0.028946800157427788,3.039375429518806,0.0,0.0,0.0709663591351386,0.1053398768810978,0.14881358162017433,0.9316426633175217,0.563088410470121,0.6145833333333334
bulk,eig@gammamix-poisson,38,120.0,120.0,3.7436517999740317,0.06100130028789863,2.922994914580984,0.0,0.0,0.0709663591351386,0.08978380002691755,0.10848841410792731,0.6448127310921441,0.5022547505503525,0.75
bulk,eig@gammamix-poisson,38,180.0,180.0,4.525926599861123,0.0900003002025187,2.8714909909111674,0.0,0.0,0.0709663591351386,0.05924126523726403,0.07284342509569974,0.5284348758858813,0.46755938409938247,0.9479166666666666
bulk,eig@gammamix-poisson,38,240.0,240.0,5.32016289990861,0.11682150012347847,2.798194954832256,0.0,0.0,0.0,0.05924126523726403,0.07284342509569974,0.44019751154113756,0.43909272504811814,1.0
bulk,eig@gammamix-poisson,39,30.0,30.0,2.2891703998902813,0.015599499805830419,3.2191986983361525,0.0,0.07035752438611154,0.048442767655875185,0.12365681432160303,0.0719777364329316,0.878535188561589,0.5849694165001353,0.2916666666666667
bulk,eig@gammamix-poisson,39,60.0,60.0,2.9522897001588717,0.028614799724891782,3.1772566410451533,0.0,0.07035752438611154,0.048442767655875185,0.12365681432160303,0.1620206014987201,0.7235167710940114,0.5329941894524247,0.59375
bulk,eig@gammamix-poisson,39,120.0,120.0,3.859906100318767,0.055049099726602435,3.082318091628757,0.0,0.005934953009078203,0.052905575388039416,0.0129817478916332,0.0669578315453585,0.6443672473575377,0.46999288802566597,0.75
bulk,eig@gammamix-poisson,39,180.0,180.0,4.729116500413511,0.08184849977260455,3.0079704256830566,0.0,0.005934953009078203,0.052905575388039416,0.0129817478916332,0.0669578315453585,0.5021019223190344,0.45496619077475475,0.8645833333333334
bulk,eig@gammamix-poisson,39,240.0,240.0,5.515605000313371,0.1065997002297081,2.922958131417746,0.0,0.005934953009078203,0.052905575388039416,0.0129817478916332,0.04678155722770627,0.41910549987386136,0.4193205805276701,0.9895833333333334
bulk,eig@gammamix-poisson,40,30.0,30.0,2.442761000012979,0.015236999781336635,3.289497851715795,0.0,0.2992658470036381,0.3166081511942582,0.27269512630306725,0.29286261764050436,1.2548391088364828,0.5946827080465481,0.3020833333333333
bulk,eig@gammamix-poisson,40,60.0,60.0,3.0213094000937417,0.03108269942458719,3.2602397024459244,0.0,0.2992658470036381,0.3166081511942582,0.27269512630306725,0.29286261764050436,1.1525998910366648,0.5122296047306969,0.59375
bulk,eig@gammamix-poisson,40,120.0,120.0,3.9263279998558573,0.057457299379166216,3.123213310448794,0.0,0.2992658470036381,0.045786263781075864,0.07434131086339657,0.07369936410354039,0.7547230493832782,0.44089949285929686,0.75
bulk,eig@gammamix-poisson,40,180.0,180.0,4.822906900255475,0.09393209934933111,3.0556918611875026,0.0,0.0,0.0029456069432038934,0.039806126723031965,0.01252738129712172,0.6171894013075876,0.42037619747790916,0.875
bulk,eig@gammamix-poisson,40,240.0,240.0,5.571681900124531,0.11907629913184792,2.9961108963164502,0.0,0.24867597642446881,0.0029456069432038934,0.039806126723031965,0.01252738129712172,0.5724656482732909,0.3926455364697819,0.9895833333333334
bulk,eig@gammamix-poisson,41,30.0,30.0,2.308793400239665,0.018924799980595708,3.3978359141715173,0.04885743558879829,0.10518562052059677,0.28198529605181055,0.42584135711605353,0.3952919126927915,1.024273493703536,0.5953700766965104,0.3125
bulk,eig@gammamix-poisson,41,60.0,60.0,2.918936300149653,0.034154799999669194,3.372673354304378,0.04885743558879829,0.10518562052059677,0.28198529605181055,0.42584135711605353,0.3952919126927915,0.9271563751155721,0.5484957106573698,0.6145833333333334
bulk,eig@gammamix-poisson,41,120.0,120.0,3.7643997002160177,0.068382500030566,3.2815780208545413,0.0,0.0,0.005204431082027061,0.1612146396243741,0.043268620535836244,0.7300194334066924,0.48217913583598937,0.75
bulk,eig@gammamix-poisson,41,180.0,180.0,4.584098900202662,0.10742079955525696,3.1654725505274732,0.0,0.0,0.005204431082027061,0.1612146396243741,0.043268620535836244,0.6224496590218571,0.4364851305435753,0.9270833333333334
bulk,eig@gammamix-poisson,41,240.0,240.0,5.345067400310654,0.13429249951150268,3.064545574125846,0.04885743558879829,0.0,0.0,0.0,0.013239410232943616,0.5290700342546986,0.4067843500432956,1.0
bulk,eig@gammamix-poisson,42,30.0,30.0,2.3912016999092884,0.014440500177443027,3.2844317786737385,0.0,0.0028005526034621253,0.1272775808900023,0.07807067293445857,0.12524023669732154,1.1472762102740852,0.6395557246565691,0.2916666666666667
bulk,eig@gammamix-poisson,42,60.0,60.0,2.96850459970301,0.02740690013160929,3.2073867973090144,0.0,0.0028005526034621253,0.1272775808900023,0.07807067293445857,0.12524023669732154,0.9774422653566727,0.5550530216898321,0.59375
bulk,eig@gammamix-poisson,42,120.0,120.0,3.8595079996157438,0.053128400060813874,3.050212577561716,0.0,0.0,0.025338251261279865,0.0,0.0568288028153745,0.7010193652767654,0.4853816337412546,0.75
bulk,eig@gammamix-poisson,42,180.0,180.0,4.755287399573717,0.086500899924431,2.9526553299474814,0.0,0.0028005526034621253,0.027281327953462275,-2.220446049250313e-16,0.0,0.58548151625665,0.4549384572115647,0.8958333333333334
bulk,eig@gammamix-poisson,42,240.0,240.0,5.5007909996202216,0.1107124998816289,2.885744293434941,0.0,0.0,0.0,0.0,0.0,0.551726392077911,0.4269681140356558,0.96875
bulk,eig@gammamix-poisson,43,30.0,30.0,2.420252899872139,0.014298500260338187,3.3274002630454524,0.06499276227661721,0.30766667912059076,0.36111352191782,0.30185382609916034,0.3052893457536052,1.5094501394586688,0.6207803107785053,0.3020833333333333
bulk,eig@gammamix-poisson,43,60.0,60.0,2.9993807000573725,0.02821540040895343,3.147590388054686,0.06499276227661721,0.11540695708557702,0.0,0.03936274888306324,0.04321872552708794,0.8612938354309367,0.5370034677588958,0.6041666666666666
bulk,eig@gammamix-poisson,43,120.0,120.0,3.8488666000193916,0.05421040020883083,3.029641925099218,0.06499276227661721,0.11540695708557702,0.0,0.0,0.008402336188999437,0.6982928102615714,0.4582974453476491,0.75
bulk,eig@gammamix-poisson,43,180.0,180.0,4.806485200009774,0.08222950034542009,2.9684810729795985,0.06499276227661721,0.11540695708557702,0.1724540002194095,0.0,0.008402336188999437,0.6126180667669557,0.4306316598851132,0.90625
bulk,eig@gammamix-poisson,43,240.0,240.0,5.504117500327993,0.10668170009739697,2.913322563658554,0.06499276227661721,0.11540695708557702,0.0,0.0,0.005166448760045239,0.45067732452880666,0.4036387061285996,0.9895833333333334
bulk,eig@gammamix-poisson,44,30.0,30.0,2.2934387000859715,0.0145431999117136,3.095448810169145,0.5317911584081663,0.3192804546709932,0.38010387443295135,0.34519900875535203,0.4096492355457986,1.1094946705660826,0.6406021910368452,0.3125
bulk,eig@gammamix-poisson,44,60.0,60.0,2.8968757000402547,0.028351199987810105,3.0459692370540226,0.5317911584081663,0.3192804546709932,0.38010387443295135,0.34519900875535203,0.33209371366751506,1.0086912293768548,0.583609584504086,0.6041666666666666
bulk,eig@gammamix-poisson,44,120.0,120.0,3.733177299844101,0.05581749981502071,2.9408693987187973,0.5317911584081663,0.11850661846540711,0.0,0.0,0.0,0.6157562397574465,0.5134234416247241,0.75
bulk,eig@gammamix-poisson,44,180.0,180.0,4.638706099649426,0.10764759982703254,2.8666976827172177,0.0,0.11850661846540711,0.0,0.06217877511153547,0.02785998259794542,0.5482419649561336,0.47574832363680775,0.9375
bulk,eig@gammamix-poisson,44,240.0,240.0,5.476721499464475,0.1384731997968629,2.797566281045866,0.0,0.0,0.0,0.0,0.02785998259794542,0.4451754424675789,0.44863210454542063,1.0
bulk,eig@gammamix-poisson,45,30.0,30.0,2.2447473999345675,0.014154099917504936,3.0884727352424357,0.0,0.17705719377845475,0.24479061890063547,0.26096341634576126,0.3212372107216426,0.9737140413192359,0.5515385626946877,0.3125
bulk,eig@gammamix-poisson,45,60.0,60.0,2.87197749997722,0.02956059982534498,3.0351258708697997,0.0,0.17705719377845475,0.24479061890063547,0.26096341634576126,0.3212372107216426,0.8637507104577529,0.4495288382550761,0.625
bulk,eig@gammamix-poisson,45,120.0,120.0,3.7244164996081963,0.0560041997814551,2.8962569910502687,0.0,0.0676514116811846,0.15346985964993343,0.131709485925957,0.15966496469503,0.5610046629962762,0.4056471745319269,0.75
bulk,eig@gammamix-poisson,45,180.0,180.0,4.626446899899747,0.10855249973246828,2.872478863782048,0.0,0.0676514116811846,0.15346985964993343,0.131709485925957,0.11538813018016603,0.49504809490414775,0.39102357539208615,0.8854166666666666
bulk,eig@gammamix-poisson,45,240.0,240.0,5.460178599867504,0.13433629961218685,2.841386211634649,0.0,0.0676514116811846,0.15346985964993343,0.131709485925957,0.11538813018016603,0.4798277629373984,0.36716260228227915,0.9583333333333334
bulk,eig@gammamix-poisson,46,30.0,30.0,2.3162768001202494,0.015126099868211895,3.181665894995568,0.0,0.10479164677692632,0.05487809755092199,0.046501280253066546,0.1243604551217381,0.6905255100203728,0.5832494220763845,0.3020833333333333
bulk,eig@gammamix-poisson,46,60.0,60.0,2.8577196001424454,0.02813049970427528,3.139714272998892,0.0,0.06237032183653379,0.10470383600876665,0.046501280253066546,0.0,0.6675037214622286,0.5209501855478947,0.59375
bulk,eig@gammamix-poisson,46,120.0,120.0,3.7242306001717225,0.055680299759842455,3.0573938455646483,0.0,0.06237032183653379,0.04982573845784477,0.1052454481509929,0.1272759310255419,0.6123967058854904,0.4846248723873266,0.75
bulk,eig@gammamix-poisson,46,180.0,180.0,4.636543000291567,0.08647959941299632,2.968019829725174,0.0,0.06237032183653379,0.04982573845784477,0.07093625991151009,0.0,0.46570208152268694,0.4524284905022867,0.9166666666666666
bulk,eig@gammamix-poisson,46,240.0,240.0,5.380066200392321,0.11542939918581396,2.907521727368555,0.0,0.06237032183653379,0.02098900127441139,0.0,0.0,0.4198047109626694,0.42087720340907236,1.0
bulk,eig@gammamix-poisson,47,30.0,30.0,2.4976430999231525,0.016935600084252656,3.359254409088337,0.16787775138573646,0.3152741351503554,0.46011387438428775,0.5145816472749308,0.3407706443837881,1.3967855158215938,0.6085979878132712,0.3020833333333333
bulk,eig@gammamix-poisson,47,60.0,60.0,3.03125799971167,0.030873200099449605,3.224467374124386,0.0,0.0,0.012284294104503712,0.0,0.013096937198803782,0.7793423414407067,0.5383840416462364,0.6041666666666666
bulk,eig@gammamix-poisson,47,120.0,120.0,3.83846459974302,0.056483000167645514,3.1328551712779604,0.0,0.0,0.012284294104503712,0.09074095441308883,0.09240464539231219,0.6266533435395096,0.480963528811619,0.75
bulk,eig@gammamix-poisson,47,180.0,180.0,4.675456600089092,0.08966260013403371,3.0702699990578424,0.007429293762375999,0.0,0.012284294104503712,0.0,0.0,0.5291794827718641,0.4541027929091199,0.9166666666666666
bulk,eig@gammamix-poisson,47,240.0,240.0,5.404231199994683,0.11472179990960285,3.0568349905970122,0.007429293762375999,0.0,0.0,0.0,0.0,0.511624069342657,0.4388412538488326,0.9791666666666666
bulk,eig@gammamix-poisson,48,30.0,30.0,1.804645900032483,0.01035530015360564,3.410549243954215,0.0,0.0,0.07926557574964221,0.16517310013476616,0.2419800831432849,0.9535963762477303,0.5512119802462354,0.3020833333333333
bulk,eig@gammamix-poisson,48,60.0,60.0,2.266923399991356,0.020628200087230653,3.31715269786486,0.0,0.0,0.06423805369591518,0.11143926920070857,0.15028252177193324,0.7765231702221272,0.49562849698031264,0.6041666666666666
bulk,eig@gammamix-poisson,48,120.0,120.0,3.0382219997700304,0.045236000092700124,3.250299010733722,0.0,0.0,0.0,0.04682638281886109,0.13600072516939743,0.6805792297951762,0.4492058726531478,0.75
bulk,eig@gammamix-poisson,48,180.0,180.0,3.640720199327916,0.06534160010050982,3.1351635458195077,0.0,0.0,0.0,0.04682638281886109,0.08894969872776892,0.5312372492534859,0.41943437012617835,0.8541666666666666
bulk,eig@gammamix-poisson,48,240.0,240.0,4.2613667994737625,0.08541430003242567,3.125851474120472,0.0,0.0,0.0,0.04682638281886109,0.08894969872776892,0.5164442391528203,0.40207044270526615,0.96875
bulk,eig@gammamix-poisson,49,30.0,30.0,1.783681400003843,0.01052489981520921,3.167026367206075,0.0,0.2843764242460496,0.3515446053647172,0.3704782401975504,0.41591441561979725,1.0075002199188183,0.5727213082469084,0.3125
bulk,eig@gammamix-poisson,49,60.0,60.0,2.2777945000561886,0.02166899963049218,3.161795129592638,0.0,0.2843764242460496,0.3515446053647172,0.3704782401975504,0.3811332761427896,0.9465574269219121,0.4916319420460528,0.625
bulk,eig@gammamix-poisson,49,120.0,120.0,2.989506100071594,0.043801999592687935,2.9447372624436503,0.0,0.0,0.0,0.05269856508197612,0.07591209600147397,0.47244479200520456,0.4231395087496026,0.75
bulk,eig@gammamix-poisson,49,180.0,180.0,3.598551699833479,0.06928989937296137,2.8591258599473535,0.0,0.0,0.0,0.07838345075437747,0.09891873837376042,0.3799965172688116,0.3886166262289557,0.8958333333333334
bulk,eig@gammamix-poisson,49,240.0,240.0,4.181577599956654,0.08865359937772155,2.8284987384323537,0.0,0.0,0.0,0.05269856508197612,0.07591209600147397,0.3693872134317962,0.3676751922548791,1.0
bulk,eig@gamma-poisson,0,30.0,30.0,0.22579830000177026,0.00016190012684091926,3.2487645501049514,0.0,0.0,0.09812097291781519,0.08311315108860873,0.1632753737490552,0.9064388624017957,0.5735596753277035,0.3125
bulk,eig@gamma-poisson,0,60.0,60.0,0.2754057999700308,0.0003059001755900681,3.271571112160076,0.0,0.0,0.09812097291781519,0.08311315108860873,0.07256974881141376,0.8683507383393185,0.5588275986543842,0.6145833333333334
bulk,eig@gamma-poisson,0,120.0,120.0,0.37867489986820146,0.000548100215382874,3.184725181757171,0.0,0.0,0.09812097291781519,0.090778918156877,0.07256974881141376,0.749316071386241,0.5237351291757779,0.75
bulk,eig@gamma-poisson,0,180.0,180.0,0.47007899987511337,0.0007683002622798085,3.10953989723712,0.0,0.0,0.051527828461635616,0.08311315108860873,0.07256974881141376,0.6755711313240514,0.5072148913479377,0.7708333333333334
bulk,eig@gamma-poisson,0,240.0,240.0,0.5641134997131303,0.0009650001884438097,3.0440946020330117,0.0,0.0,0.051527828461635616,0.05131229914848856,0.07256974881141376,0.6058949858745937,0.4803786252293134,0.8645833333333334
bulk,eig@gamma-poisson,1,30.0,30.0,0.22639249986968935,0.0001241998397745192,3.2647781780594336,0.0,0.009994916171171098,0.10860623668751823,0.1892874324223197,0.2541716256444192,1.0602049077789213,0.5912876987057601,0.3125
bulk,eig@gamma-poisson,1,60.0,60.0,0.2782273998600431,0.0002531997160986066,3.176494748513516,0.0,0.0,0.1412068578851704,0.11413275709333726,0.14309020292380847,0.8658152616154284,0.5318698129833952,0.625
bulk,eig@gamma-poisson,1,120.0,120.0,0.37896769982762635,0.0004884995287284255,3.102676396140731,0.0,0.13409788713761417,0.1005113274049868,0.07976230726472622,0.09527590233873218,0.731193593431924,0.4811859199146235,0.75
bulk,eig@gamma-poisson,1,180.0,180.0,0.46473419974790886,0.0006920989835634828,3.0231995879942652,0.0,0.009994916171171098,1.1102230246251565e-16,0.07976230726472633,0.09527590233873218,0.6537544139823881,0.4385313898487847,0.7708333333333334
bulk,eig@gamma-poisson,1,240.0,240.0,0.5499835999216884,0.0009094993583858013,2.9175959049027043,0.0,0.009994916171171098,1.1102230246251565e-16,1.1102230246251565e-16,0.04137570656200562,0.4732045242122836,0.4013283666960052,0.8854166666666666
bulk,eig@gamma-poisson,2,30.0,30.0,0.21809090004535392,0.00014490028843283653,3.3614260081599188,0.5886619625839584,0.6649074557055891,0.6636484287345042,0.6495079709116541,0.6252982806065079,1.1968699089997696,0.5720353893524416,0.3125
bulk,eig@gamma-poisson,2,60.0,60.0,0.2702885000035167,0.00026690022787079215,3.270732967220488,0.0,0.0,0.16069794862858844,0.19378051910959715,0.10485853713308446,0.8331118824578732,0.5266784798677717,0.6041666666666666
bulk,eig@gamma-poisson,2,120.0,120.0,0.36560830008238554,0.00046840013237670064,3.1235879056445577,0.0,0.0,0.0,0.05551045069714444,0.08334319007111846,0.6166984675264162,0.4644901768930609,0.75
bulk,eig@gamma-poisson,2,180.0,180.0,0.4529017001623288,0.0006730005261488259,3.0715651480477084,0.0,0.0,0.0,0.050394398970301624,0.0786721265506527,0.5475034627915766,0.44549808126393514,0.78125
bulk,eig@gamma-poisson,2,240.0,240.0,0.5393288000486791,0.0008569007623009384,3.0381300438150505,0.0,0.0,0.0,0.0,0.03382305459019341,0.4962971675390761,0.4292659951155038,0.8854166666666666
bulk,eig@gamma-poisson,3,30.0,30.0,0.2191876998404041,0.00014549976913258433,3.4266316099210754,0.0,0.0,0.1177423243450092,0.19849061789719102,0.16196568616794194,1.028202090324376,0.5632559066616334,0.3125
bulk,eig@gamma-poisson,3,60.0,60.0,0.26954269979614764,0.00027079967549070716,3.3783747917378286,0.6934524701891533,0.2333036911759817,0.049110539941082165,0.11771354438354709,0.09015031721027644,0.9941304956364132,0.5140480314957914,0.625
bulk,eig@gamma-poisson,3,120.0,120.0,0.3659540002117865,0.0004854000289924443,3.2982858022115624,0.0,0.0,0.04911053994108194,0.04218096150325856,0.037501251055275464,0.8310596485837801,0.4803858941798173,0.75
bulk,eig@gamma-poisson,3,180.0,180.0,0.45932410017121583,0.0006884001777507365,3.229291191460179,0.0,0.0,0.04911053994108194,0.04218096150325856,0.09015031721027633,0.6855293105620056,0.4577923012440301,0.7604166666666666
bulk,eig@gamma-poisson,3,240.0,240.0,0.5566990004735999,0.0009096001740545034,3.2238537120013326,0.0,0.0,0.04911053994108194,0.04218096150325856,0.09015031721027633,0.6914877061416903,0.44074006108799474,0.8958333333333334
bulk,eig@gamma-poisson,4,30.0,30.0,0.2127901999047026,0.00013270025374367833,3.3518011330336197,0.5366479141518523,0.434329016229385,0.5104023622432416,0.5308049967076527,0.5505548476026545,1.9391563379348196,0.5735199336463127,0.3125
bulk,eig@gamma-poisson,4,60.0,60.0,0.26887779985554516,0.00026000034995377064,3.216697280756954,0.0,0.0,0.0,0.057794955997924835,0.09605931150393554,1.1010022843573604,0.5047741736481149,0.59375
bulk,eig@gamma-poisson,4,120.0,120.0,0.362523099349346,0.0004478003247641027,3.133705288340478,0.0,0.0,0.11058377912779749,0.05119163460375409,0.05941591148190406,1.1282090849787254,0.4688055544199655,0.75
bulk,eig@gamma-poisson,4,180.0,180.0,0.454906799539458,0.0006382000865414739,3.093824230465058,0.0,0.0,0.0,0.05119163460375409,0.07470516352230083,1.0278194845328537,0.4392619249932461,0.78125
bulk,eig@gamma-poisson,4,240.0,240.0,0.5432138995383866,0.0008264999487437308,3.0079363823775904,0.0,0.0,0.0,0.05119163460375409,0.0,0.7515829104918407,0.42485380774319553,0.8854166666666666
bulk,eig@gamma-poisson,5,30.0,30.0,0.20441760000539944,0.00013399985618889332,3.281177207902777,0.5423764954059687,0.5299531322178976,0.521024572429198,0.5343780373337463,0.5628806489783675,1.330401165743783,0.5799881291907728,0.3125
bulk,eig@gamma-poisson,5,60.0,60.0,0.25153359986143187,0.0002471997286193073,3.2239015951790724,0.3348133350506597,0.3257151326169606,0.35984560252208364,0.09984571560893896,0.14304185541072278,0.9971756948032826,0.5254472203589922,0.6145833333333334
bulk,eig@gamma-poisson,5,120.0,120.0,0.3432918998878449,0.00043620000360533595,3.102172447909917,0.3348133350506597,0.0,0.06145177569479343,0.09984571560893896,0.005340936488760106,0.6964504148329805,0.4873681005439058,0.75
bulk,eig@gamma-poisson,5,180.0,180.0,0.4330479998025112,0.0006303998525254428,3.025223739542735,0.3348133350506597,0.0,0.06145177569479343,0.09984571560893896,0.005340936488760106,0.6830964140306779,0.45711996734307175,0.7604166666666666
bulk,eig@gamma-poisson,5,240.0,240.0,0.527414099953603,0.0008440001402050257,2.9363646922357827,0.0,0.0,0.06145177569479343,0.09984571560893896,0.005340936488760106,0.47046151051356805,0.4323670727632433,0.8645833333333334
bulk,eig@gamma-poisson,6,30.0,30.0,0.203747000079602,0.00011740002082660794,3.3857934051434078,0.7819287552535505,0.5673430436497546,0.6430233401307883,0.6641587714350614,0.6762125182914206,1.9667305524891106,0.6113941709383827,0.3125
bulk,eig@gamma-poisson,6,60.0,60.0,0.24701330019161105,0.00024060008581727743,3.2757934328599227,0.0,0.08684956587171277,0.15616496604030916,0.1978277425724705,0.12390258543303923,1.2022762291754245,0.5530724718713302,0.6145833333333334
bulk,eig@gamma-poisson,6,120.0,120.0,0.32826009998098016,0.0004068998387083411,3.151069716532618,0.0,0.054854258347196705,0.039439265980589555,0.07482094644649273,0.06645086118837873,0.8493783516910985,0.5008413751377981,0.75
bulk,eig@gamma-poisson,6,180.0,180.0,0.41695829981472343,0.0005895999493077397,3.0238292090898864,0.0,0.054854258347196705,0.039439265980589555,0.0,0.017507079618267696,0.580226873903049,0.46850044625768367,0.7708333333333334
bulk,eig@gamma-poisson,6,240.0,240.0,0.5148580998647958,0.0008225999190472066,2.9715801807336946,0.0,0.004780149589788452,0.0432041975146088,0.0,0.017507079618267696,0.5528983378053784,0.4487042053820602,0.84375
bulk,eig@gamma-poisson,7,30.0,30.0,0.2109605998848565,0.00012720003724098206,3.313149681120366,0.3740439027225396,0.5851605174460908,0.6382074098091173,0.6742699786764281,0.683678204951465,1.0071244921149827,0.5430359091374108,0.3125
bulk,eig@gamma-poisson,7,60.0,60.0,0.25623969984008,0.00022470002295449376,3.2533416662519703,0.6713828167356015,0.5044979112215051,0.3949397670529734,0.3694987037864206,0.4256395548681948,0.8032517442985,0.49223515733020773,0.6041666666666666
bulk,eig@gamma-poisson,7,120.0,120.0,0.35156409995397553,0.0004203998250886798,3.1349094740988286,0.4835731242555318,0.4070092251104752,0.32659786167449567,0.3694987037864206,0.3719159406656102,0.5797007892683967,0.439914064660974,0.75
bulk,eig@gamma-poisson,7,180.0,180.0,0.44448910013306886,0.0006434996612370014,3.084018912712903,0.3740439027225396,0.1559949781898572,0.22041012637159896,0.22913197509396588,0.25307258444223424,0.5181881482085391,0.415874806718261,0.7708333333333334
bulk,eig@gamma-poisson,7,240.0,240.0,0.5424283000756986,0.0008795993053354323,2.9871305297092925,0.0,0.1559949781898572,0.07119741508081112,0.11209074221166437,0.1203808766120733,0.4238232796931979,0.3739448797128695,0.9166666666666666
bulk,eig@gamma-poisson,8,30.0,30.0,0.20749069983139634,0.0001344000338576734,3.347900205807577,0.427531462295199,0.5787684423969182,0.6417850402754259,0.6444615864863117,0.6433895547147361,2.5701196742153978,0.5730813316007849,0.3125
bulk,eig@gamma-poisson,8,60.0,60.0,0.2509347997838631,0.0002701999619603157,3.2312293153066487,0.0,0.0,0.0,0.0,0.04196268691994054,1.250838302976238,0.5232686147604656,0.6145833333333334
bulk,eig@gamma-poisson,8,120.0,120.0,0.3455767997074872,0.0004558000946417451,3.1531181034138425,0.0,0.0,0.0,0.013477887330978322,0.0,1.069497813996196,0.485448110588124,0.75
bulk,eig@gamma-poisson,8,180.0,180.0,0.4426496997475624,0.0006729004089720547,3.1087790027234035,0.0,0.0,0.0,0.013477887330978322,0.0,0.8190511246808052,0.466385105095225,0.75
bulk,eig@gamma-poisson,8,240.0,240.0,0.5381806994555518,0.0008941002888604999,3.0666910387228086,0.0,0.0,0.0,0.013477887330978322,0.0,0.7885138963586895,0.4476327965340595,0.84375
bulk,eig@gamma-poisson,9,30.0,30.0,0.2074331998010166,9.17999423108995e-05,3.34405833907398,0.2785345721766399,0.40238855673584606,0.32440391027678506,0.38731390382292397,0.40430299982955487,1.4145356193068164,0.6160753119100221,0.3125
bulk,eig@gamma-poisson,9,60.0,60.0,0.2518331996980123,0.0001814997522160411,3.294707575916892,0.2785345721766399,0.0,0.04988883946136524,0.13262726323598917,0.05309983615220881,1.1214255417142118,0.5717968995363134,0.6041666666666666
bulk,eig@gamma-poisson,9,120.0,120.0,0.34269749972736463,0.0003653002204373479,3.178352021370134,0.2785345721766399,0.0,0.04988883946136524,0.0,0.0,0.9272132573714085,0.5184095426613268,0.75
bulk,eig@gamma-poisson,9,180.0,180.0,0.43546969949966297,0.0005623007309623063,3.1156840655921223,0.2785345721766399,0.0,0.04988883946136524,0.0,0.03728535271679212,0.7915810392949545,0.4868330313906221,0.7708333333333334
bulk,eig@gamma-poisson,9,240.0,240.0,0.5381650993367657,0.0008492005290463567,3.0144085997841095,0.0,0.0,0.04988883946136524,0.0,0.03728535271679212,0.5913311165013259,0.4619336114449935,0.875
bulk,eig@gamma-poisson,10,30.0,30.0,0.20614389999536797,0.00012030004290863872,3.2259731775265323,0.9022149574681345,0.7828425215634326,0.800966731381293,0.7241053854043046,0.6539389013919386,0.9267142507347946,0.5800798674774331,0.3125
bulk,eig@gamma-poisson,10,60.0,60.0,0.2525374002289027,0.00022770004579797387,3.184994244264672,0.21976430256018553,0.43487802594439595,0.2189257084580548,0.232855507817592,0.22323412553906274,0.8225212701610738,0.5318005002725208,0.625
bulk,eig@gamma-poisson,10,120.0,120.0,0.35075930011225864,0.0004580005188472569,3.072629170027969,0.0,0.01569963375519612,-2.220446049250313e-16,0.0,0.022713215755282623,0.5898208969648275,0.4934028986444736,0.75
bulk,eig@gamma-poisson,10,180.0,180.0,0.4448771001189016,0.0006910005467943847,2.998774490086877,0.0,0.01569963375519612,-2.220446049250313e-16,0.0,0.038369191307698114,0.4999053092450981,0.47116348937812247,0.75
bulk,eig@gamma-poisson,10,240.0,240.0,0.5366260000737384,0.000904800312127918,2.9349074688533725,0.1913694655711885,0.0,0.0,0.06279161508554765,0.038369191307698114,0.44842578052896837,0.44029092681460474,0.84375
bulk,eig@gamma-poisson,11,30.0,30.0,0.21112029993673787,0.00011239998275414109,3.281095412898518,0.2558078094946533,0.0,0.12487275176433987,0.1962913194588629,0.2188245700059076,1.03435039573587,0.6020705377421123,0.3125
bulk,eig@gamma-poisson,11,60.0,60.0,0.2556635001092218,0.00021000002743676305,3.1850545847745586,0.5955844820428887,0.19480460605077665,0.09161121647607207,0.16926050553102867,0.18925133423154405,0.9361919724728068,0.5268038793282009,0.6145833333333334
bulk,eig@gamma-poisson,11,120.0,120.0,0.3519154999521561,0.0004312997334636748,3.115130516385571,0.0,0.19480460605077665,0.09161121647607207,0.1771158403016122,0.19549780968403874,0.721716825481311,0.47846149779550806,0.75
bulk,eig@gamma-poisson,11,180.0,180.0,0.4519810000783764,0.0006733995396643877,3.026382733758654,0.0,0.0,0.09161121647607207,0.16926050553102867,0.1543178896518772,0.6078796528526786,0.44537493528568434,0.7604166666666666
bulk,eig@gamma-poisson,11,240.0,240.0,0.5448603996774182,0.0008749993867240846,2.9951376834068633,0.0,0.19480460605077665,0.09161121647607207,0.1771158403016122,0.1610968017457065,0.6015580593521018,0.41747382967978364,0.8541666666666666
bulk,eig@gamma-poisson,12,30.0,30.0,0.2199649999383837,0.00010879978071898222,3.3168645450263994,0.16232208603999354,0.03238764078072254,0.22364899537813243,0.26295527042915123,0.31804896704295704,1.0584039939832188,0.5963183110009665,0.3125
bulk,eig@gamma-poisson,12,60.0,60.0,0.27063849999103695,0.00021399999968707561,3.240398779274136,0.16232208603999354,0.03238764078072254,0.22364899537813243,0.26295527042915123,0.31804896704295704,0.8824134239132475,0.531837030803164,0.6041666666666666
bulk,eig@gamma-poisson,12,120.0,120.0,0.3679739997605793,0.0004425999359227717,3.1685270253822644,0.16232208603999354,0.03238764078072254,0.20894966601263287,0.20329311675175787,0.23889046820723125,0.8034350522106599,0.4976080794972535,0.75
bulk,eig@gamma-poisson,12,180.0,180.0,0.4595433995127678,0.0006404999294318259,3.109682286554037,0.0,0.03238764078072254,0.20894966601263287,0.2567167360001623,0.2785095919169035,0.6923589504431172,0.47152075271782623,0.78125
bulk,eig@gamma-poisson,12,240.0,240.0,0.5503068992984481,0.0008411002345383167,3.065362624370928,0.0,0.03238764078072254,0.20894966601263287,0.07304970139314193,0.12540514640506573,0.6050083699430898,0.45142637556815957,0.875
bulk,eig@gamma-poisson,13,30.0,30.0,0.20950060000177473,0.0001107999705709517,3.30363060645427,0.8181241139566362,0.7424500636456367,0.6737671026636508,0.6863781009673608,0.6294584145355377,1.6366466781528288,0.6465805640983161,0.3125
bulk,eig@gamma-poisson,13,60.0,60.0,0.25948649988276884,0.00023010012228041887,3.186899703413591,0.0,0.11087561601322549,0.20545533368474622,0.23452095415718355,0.21815152493521983,1.107211225277872,0.5669396090009677,0.625
bulk,eig@gamma-poisson,13,120.0,120.0,0.36116909951670095,0.0004586004070006311,3.0718756377864285,0.0,0.10849165406239225,0.0892066641965572,0.12362534837344474,0.1295285152100989,0.9318462741482051,0.5132171912766889,0.75
bulk,eig@gamma-poisson,13,180.0,180.0,0.4522141997003928,0.000657800876069814,2.9698867523111665,0.0,0.10849165406239225,0.06329163261265613,0.11276875347098725,0.05883475354424461,0.7224321818652674,0.46175112696021403,0.7916666666666666
bulk,eig@gamma-poisson,13,240.0,240.0,0.5478032999089919,0.0009393008658662438,2.9154248139080123,0.0,0.0,0.0,0.04554798960294737,0.05883475354424461,0.49401214905870516,0.4561775439009361,0.875
bulk,eig@gamma-poisson,14,30.0,30.0,0.21207210019929335,0.0001229001791216433,3.2580821293948574,0.0,0.21142111729533908,0.06273154742100173,0.1397618145368379,0.21627456547790525,1.0380591533256263,0.5887554349694113,0.3125
bulk,eig@gamma-poisson,14,60.0,60.0,0.2618824000819586,0.00023129989858716726,3.173513324097584,0.0,0.21142111729533908,0.06273154742100173,0.1397618145368379,0.07809215195067187,0.7850101928571785,0.5282911515572488,0.6145833333333334
bulk,eig@gamma-poisson,14,120.0,120.0,0.34338909992948174,0.00041519966907799244,3.121008156653403,0.0,0.21142111729533908,0.06273154742100173,0.04953466319969879,0.07809215195067187,0.7068422740927958,0.4828446910732788,0.75
bulk,eig@gamma-poisson,14,180.0,180.0,0.43356840015621856,0.0006087998626753688,3.0443250153868227,0.0,0.0,0.06273154742100173,0.14505073242222966,0.08275953574740946,0.6152035941214463,0.4531343246472911,0.7708333333333334
bulk,eig@gamma-poisson,14,240.0,240.0,0.5397769003175199,0.0008634001133032143,2.919484491042779,0.0,0.0,0.06273154742100173,0.1397618145368379,0.1473494081503418,0.4578365513649231,0.42009539743326,0.8541666666666666
bulk,eig@gamma-poisson,15,30.0,30.0,0.20168730022851378,0.00010409997776150703,3.639633963084139,0.0,0.0,0.10588334953726153,0.05478751399204729,0.09248177097468624,1.2879982412711084,0.5453024711343593,0.3125
bulk,eig@gamma-poisson,15,60.0,60.0,0.24860920035280287,0.00022149994038045406,3.5351040634335695,0.0,0.0,0.0,0.03712017172502291,0.06813667097229348,1.1393257711020102,0.4947734155688249,0.625
bulk,eig@gamma-poisson,15,120.0,120.0,0.3419243000680581,0.00043679983355104923,3.356474247421166,0.0,0.0,0.0,0.03712017172502291,0.017323258839714528,0.6517176777687465,0.44113361124926326,0.75
bulk,eig@gamma-poisson,15,180.0,180.0,0.4351790001383051,0.0006284999544732273,3.2618334434914082,0.0,0.0,0.0,0.03712017172502291,0.017323258839714528,0.5870153925974605,0.41625512034284967,0.7604166666666666
bulk,eig@gamma-poisson,15,240.0,240.0,0.5242799000698142,0.0008384999819099903,3.1793190686112585,0.0,0.0,0.0,0.0,0.017323258839714528,0.5474407916231006,0.3863670064502144,0.84375
bulk,eig@gamma-poisson,16,30.0,30.0,0.20397439989028499,0.00011519971303641796,3.389696056090173,0.5545026744979551,0.7013819892858051,0.7350139815653565,0.7139596716874526,0.7323686821706992,1.471508412716821,0.617003362184194,0.3125
bulk,eig@gamma-poisson,16,60.0,60.0,0.24932339991210029,0.0002177994465455413,3.306408378783942,0.7612096729939878,0.44994983408849487,0.14222250852011886,0.11872239330047574,0.2145286368136664,1.260671412799017,0.5518990661864112,0.625
bulk,eig@gamma-poisson,16,120.0,120.0,0.3468266996787861,0.0004324995097704232,3.224293863479953,0.30823435120041587,0.44994983408849487,0.3885970861602531,0.11872239330047585,0.20388539105496872,0.9609175236286249,0.5166655977846215,0.75
bulk,eig@gamma-poisson,16,180.0,180.0,0.4488885995815508,0.0006515994318760931,3.0811972603956144,0.30823435120041587,0.0,0.14222250852011908,0.11872239330047596,0.05297643829374721,0.720991529498309,0.48134938363534824,0.75
bulk,eig@gamma-poisson,16,240.0,240.0,0.5449488994199783,0.0008821992669254541,2.9783394173206084,0.30823435120041587,0.0,0.05037921940374224,0.11872239330047596,0.05297643829374721,0.6606177844847121,0.4542097070948134,0.8333333333333334
bulk,eig@gamma-poisson,17,30.0,30.0,0.19674799998756498,0.0001132000470533967,3.333217146915628,0.0,0.0,0.0,0.018130369706661487,0.04790670255208951,0.9603687179502988,0.49709124775213487,0.3125
bulk,eig@gamma-poisson,17,60.0,60.0,0.2464962000376545,0.00022930011618882418,3.282560970168506,0.0,0.0,0.0,0.040565608017942956,0.04889644084976197,0.8524674518987133,0.4542792736708906,0.625
bulk,eig@gamma-poisson,17,120.0,120.0,0.3393092003534548,0.0004212002968415618,3.201767791649709,0.0,0.0,0.06829193733675532,0.10956925332530343,0.15345180053387286,0.7361642212755859,0.4182944675062125,0.75
bulk,eig@gamma-poisson,17,180.0,180.0,0.4357911006663926,0.0006302005494944751,3.217199591893923,0.0,0.0,0.06829193733675532,0.10831418491467659,0.11129970347657281,0.8093414083170196,0.4105495032938953,0.75
bulk,eig@gamma-poisson,17,240.0,240.0,0.5237004008959047,0.0008317006868310273,3.1678971192978107,0.0,0.0,0.03323486981016366,0.08018938430628797,0.1112997034765727,0.5891695958044838,0.3933462563007167,0.8541666666666666
bulk,eig@gamma-poisson,18,30.0,30.0,0.20932140003424138,0.00011710001854225993,3.273307228763535,0.6776953805282718,0.45075614143098797,0.5164137443596639,0.5330887931706225,0.29708238736094317,1.000309698762807,0.6036558706052968,0.3125
bulk,eig@gamma-poisson,18,60.0,60.0,0.2547924000537023,0.00021660019410774112,3.2270640955226075,0.7594624338216631,0.6628611002955355,0.5986863374742991,0.47387687458305894,0.49369769158161037,0.9373796065997185,0.5596058196373729,0.625
bulk,eig@gamma-poisson,18,120.0,120.0,0.34629310021409765,0.0004210002371110022,3.107941704660973,0.0,0.04482090638421232,0.033717390745559905,0.1215028937710293,0.1399483514953065,0.7401884281176606,0.5198489734663244,0.75
bulk,eig@gamma-poisson,18,180.0,180.0,0.4396043003653176,0.000636900367680937,2.948932195290571,0.40536025593833713,0.04482090638421232,0.0,0.0,0.0424669415775073,0.526860809781199,0.47537246834633906,0.75
bulk,eig@gamma-poisson,18,240.0,240.0,0.5333830002928153,0.0008681000908836722,2.9285897139389636,0.40536025593833713,0.2428082225448862,0.0,0.04543160208505015,0.0,0.5374456884435705,0.45450547118990003,0.8333333333333334
bulk,eig@gamma-poisson,19,30.0,30.0,0.21115450013894588,9.910005610436201e-05,3.4119485661998294,0.0,0.3116613762751068,0.38938389331603895,0.3349137308135538,0.39151970030258376,1.072506856461143,0.5915231594957575,0.3125
bulk,eig@gamma-poisson,19,60.0,60.0,0.2598351999768056,0.00019229977624490857,3.3443040174086476,0.0,0.0,0.10614598625102656,0.10862700746803933,0.18240528101135234,0.8978552237098828,0.555006822635642,0.6041666666666666
bulk,eig@gamma-poisson,19,120.0,120.0,0.3494871003786102,0.0003905997727997601,3.1901029530343394,0.0,0.0,0.1381525252938114,0.1221549869989933,0.0922742643903467,0.7237936665190107,0.5057331215611657,0.75
bulk,eig@gamma-poisson,19,180.0,180.0,0.45227570011047646,0.0006319995154626667,3.155954998648189,0.0,0.0,0.019160339630237444,0.09504980863610613,0.12425482163057255,0.7856659959722421,0.4935365055647574,0.75
bulk,eig@gamma-poisson,19,240.0,240.0,0.5438587999087758,0.000855999649502337,3.0997580461915337,0.2743184219509164,0.0,0.019160339630237444,0.09504980863610613,0.12425482163057255,0.7257049317086693,0.47178614586564593,0.8333333333333334
bulk,eig@gamma-poisson,20,30.0,30.0,0.208340700075496,0.00011510011972859502,3.420974414398641,0.8896689270471004,0.7319435779258362,0.756635798874629,0.1722855245005228,0.15329976612345364,2.032310849566656,0.546261461052983,0.3125
bulk,eig@gamma-poisson,20,60.0,60.0,0.2621384001104161,0.00026360026095062494,3.318129549261522,0.0,0.08651446227664827,0.08304171440997565,0.1283026833082167,0.10550638918352018,1.6102204755815483,0.49244745494384784,0.6145833333333334
bulk,eig@gamma-poisson,20,120.0,120.0,0.35818380024284124,0.0004912000731565058,3.2392465457316924,0.0,0.08721791592256556,0.14191883106454983,0.11484241154555341,0.15105573356379132,1.2107531223328747,0.460897707244313,0.75
bulk,eig@gamma-poisson,20,180.0,180.0,0.4561414002091624,0.0007387998630292714,3.1907084806878427,0.0,0.0,0.06769904186325404,0.05939300984078111,0.10212463934468063,1.1427670207831562,0.44081288064602425,0.75
bulk,eig@gamma-poisson,20,240.0,240.0,0.5551636001328006,0.0009725993731990457,3.0824855038109447,0.0,0.0,0.06769904186325404,0.05939300984078111,0.10212463934468063,0.8613200773871585,0.4009191371204807,0.875
bulk,eig@gamma-poisson,21,30.0,30.0,0.20854009996401146,9.509996743872762e-05,3.2809321705368752,0.3120382182420848,0.20638645822940027,0.1433548465872555,0.23584397560058523,0.33855473830662375,0.9414764142427456,0.5665026495694923,0.3125
bulk,eig@gamma-poisson,21,60.0,60.0,0.26502779993461445,0.00022220006212592125,3.2194468655546857,0.0,0.01102913629152058,0.007846699964304427,0.01242623547347621,0.0,0.6839974080321765,0.5228623576329797,0.6041666666666666
bulk,eig@gamma-poisson,21,120.0,120.0,0.3613627002341673,0.00045250047696754336,3.142074829779251,0.0,0.004890268971063372,0.007846699964304538,0.0,0.0,0.5686350921265388,0.48744447404292063,0.75
bulk,eig@gamma-poisson,21,180.0,180.0,0.44799270009389147,0.0006440008291974664,3.1162706601998065,0.0,0.004890268971063372,0.007846699964304538,0.0,0.0,0.5543491198714731,0.48337583690288144,0.7604166666666666
bulk,eig@gamma-poisson,21,240.0,240.0,0.5436924001551233,0.0008893008925952017,3.0879065391867315,0.0,0.004890268971063372,0.007846699964304538,0.0,0.10711311958407876,0.5549255781081351,0.4642321794165793,0.8645833333333334
bulk,eig@gamma-poisson,22,30.0,30.0,0.21189449989469722,0.000116499955765903,3.7037685456143987,0.0,0.3819845801065104,0.40565521337504284,0.3521877571970602,0.35020130920796544,2.577704516543253,0.5640528947513187,0.3125
bulk,eig@gamma-poisson,22,60.0,60.0,0.26302889990620315,0.0002525000018067658,3.561893695251246,0.0,0.0,0.06833984712500629,0.10519028433533584,0.07637705340143985,1.930958087597695,0.4962199692392219,0.625
bulk,eig@gamma-poisson,22,120.0,120.0,0.3638352997950278,0.0004922001389786601,3.3727830024017025,0.0,0.0,0.0,0.04371022209708675,0.07637705340143985,1.0506080495206023,0.4450298838731925,0.75
bulk,eig@gamma-poisson,22,180.0,180.0,0.46242369967512786,0.0007485999376513064,3.349306853374919,0.0,0.0,0.0,0.04371022209708675,0.03690890018304349,0.9783323137115308,0.4349295226935817,0.7604166666666666
bulk,eig@gamma-poisson,22,240.0,240.0,0.5615113997482695,0.0009993996936827898,3.2131677882971026,0.0,0.0,0.020543402010223755,0.0,0.024616010974617075,0.7595181382496347,0.40039293528250114,0.875
bulk,eig@gamma-poisson,23,30.0,30.0,0.20418279996374622,0.0001335001434199512,3.413547576913361,0.0,0.0,0.04842216513930142,0.0,0.03505285953875803,1.635216864208112,0.5546778601233245,0.3125
bulk,eig@gamma-poisson,23,60.0,60.0,0.25920799985760823,0.00025620002998039126,3.3667123617034123,0.0,0.0,0.04842216513930142,0.0,0.03505285953875803,1.5685131880548455,0.516200817904534,0.625
bulk,eig@gamma-poisson,23,120.0,120.0,0.3541798999067396,0.0004873999278061092,3.1920191623099963,0.0,0.0,0.04842216513930142,0.0,0.028351743918590078,0.9572420369829301,0.46709926044113326,0.75
bulk,eig@gamma-poisson,23,180.0,180.0,0.44941330002620816,0.0007271997164934874,3.0977423493417398,0.0,0.0,0.04842216513930142,0.0,0.00958255421519838,0.6674037305057372,0.4486930404963529,0.7708333333333334
bulk,eig@gamma-poisson,23,240.0,240.0,0.5491655001533218,0.0009832994546741247,3.1049423006892973,0.0,0.0,0.04842216513930142,0.0,0.00958255421519838,0.7529127623964949,0.44171952878962695,0.8541666666666666
bulk,eig@gamma-poisson,24,30.0,30.0,0.20633100002305582,0.00010979996295645833,3.327701572909621,0.5335309876643433,0.5469388734675836,0.541675407534278,0.41512211134340515,0.4440104979878249,1.0044983925416282,0.5507908900501659,0.3125
bulk,eig@gamma-poisson,24,60.0,60.0,0.2589310000767,0.00022429990349337459,3.2699886105400853,0.5335309876643433,0.6230614794804794,0.37380672776942003,0.36992376971486796,0.3835399814625219,0.857300575832708,0.5100875186293699,0.6145833333333334
bulk,eig@gamma-poisson,24,120.0,120.0,0.3492199000902474,0.00044669961789622903,3.217441229267139,0.3133228403882854,0.3945989660706194,0.16913179435118475,0.20441945419961793,0.17229278891158017,0.7409771993786003,0.4792974282766712,0.75
bulk,eig@gamma-poisson,24,180.0,180.0,0.4437140002264641,0.0006835994427092373,3.2242512043901477,0.3133228403882854,0.4313297310329651,0.41676167943836495,0.21634664110628932,0.21682679237119695,0.7588960714083014,0.47260979962549093,0.78125
bulk,eig@gamma-poisson,24,240.0,240.0,0.5429747998714447,0.00093629932962358,3.138279423525552,0.3133228403882854,0.3326719590855888,0.12361413512083097,0.16761294883541522,0.06048250886173623,0.6652886457475883,0.4354791859015943,0.90625
bulk,eig@gamma-poisson,25,30.0,30.0,0.2244477000203915,0.00011769973207265139,3.2514590356269495,0.0,0.0,0.10830087873484273,0.09739995087729147,0.152535856814488,0.9601479621378625,0.5618702455706133,0.3125
bulk,eig@gamma-poisson,25,60.0,60.0,0.274698999885004,0.00023289973614737391,3.157414304211183,0.0,0.0,0.10830087873484273,0.09739995087729147,0.12151499338400618,0.7282480646711565,0.4989944036065259,0.625
bulk,eig@gamma-poisson,25,120.0,120.0,0.36558279988821596,0.0005169995129108429,3.0541087743675255,0.0,0.0,0.0,0.04785468916974911,0.04358989895031096,0.5619084437835715,0.455244249491176,0.75
bulk,eig@gamma-poisson,25,180.0,180.0,0.4649966001743451,0.0007915995083749294,2.9776587692156284,0.0,0.0,0.06616308367517565,0.009958236095370387,0.006506499767683804,0.4421575373102466,0.4334992790923945,0.7708333333333334
bulk,eig@gamma-poisson,25,240.0,240.0,0.5687927001854405,0.0010355996782891452,2.9422362701710405,0.0,0.0,0.0,0.009958236095370387,0.035386029302516,0.4756116221180635,0.4146488072900213,0.8541666666666666
bulk,eig@gamma-poisson,26,30.0,30.0,0.2013914999552071,0.0001256999676115811,3.432568736722731,0.30960974962972854,0.40763569968347324,0.3711127501842908,0.16064401850444943,0.2293145226996901,1.087014503375515,0.5181037269773437,0.3125
bulk,eig@gamma-poisson,26,60.0,60.0,0.24832510005217046,0.00021899997955188155,3.3376728697978186,0.30960974962972854,0.40763569968347324,0.3711127501842908,0.291992427082143,0.12927706407568873,0.9594925829381764,0.4591333867408613,0.625
bulk,eig@gamma-poisson,26,120.0,120.0,0.3426039000041783,0.0004286001203581691,3.236176645058027,0.30960974962972854,0.40763569968347324,0.3711127501842908,0.2966684759053554,0.13315289745721537,0.7846436919974008,0.4237483765008155,0.75
bulk,eig@gamma-poisson,26,180.0,180.0,0.43573779973667115,0.0006662002997472882,3.187614984910828,0.0,0.0,0.13245186067683523,0.10810823734889108,0.08673871610142525,0.655999708071931,0.4022341180132546,0.75
bulk,eig@gamma-poisson,26,240.0,240.0,0.5423473999835551,0.000983500387519598,3.0795662138621975,0.0,0.0,0.13245186067683523,0.10464703495413497,0.13028401300177028,0.536890595799614,0.36811830812773083,0.875
bulk,eig@gamma-poisson,27,30.0,30.0,0.20918590016663074,8.7099673692137e-05,3.2767409439540383,0.09687691091996087,0.2843211314568229,0.1695933313069048,0.18825525890412254,0.28951893663732164,0.935158590379619,0.5939323997177844,0.3125
bulk,eig@gamma-poisson,27,60.0,60.0,0.2583658001967706,0.00019159959629178047,3.2250189162458103,0.21785638481389136,0.14745465975996241,0.0756479823579419,0.13337109378936396,0.1518121837565849,0.82937800560055,0.5409370904702078,0.6145833333333334
bulk,eig@gamma-poisson,27,120.0,120.0,0.3570929001434706,0.0004376996075734496,3.1178493135331404,0.02325269434743038,0.11020952662534278,0.0756479823579419,1.1102230246251565e-16,0.0991263543265739,0.6012636659992859,0.5026855596805808,0.75
bulk,eig@gamma-poisson,27,180.0,180.0,0.4563153000199236,0.000689999433234334,3.0437115992081822,0.09687691091996087,0.14745465975996241,0.06757376679950544,0.0,0.057197055005752895,0.5220825309178747,0.4795341286466575,0.7916666666666666
bulk,eig@gamma-poisson,27,240.0,240.0,0.5551660998025909,0.000943599094171077,3.0356761121407185,0.09687691091996087,0.037245133134619635,0.06757376679950544,0.0,0.0991263543265739,0.5385085784042478,0.459144652995609,0.8541666666666666
bulk,eig@gamma-poisson,28,30.0,30.0,0.20681419997708872,0.00010109995491802692,3.494018565400621,0.8868096300792268,0.7666772713851422,0.7357561478366297,0.7345258571827551,0.7499887916284538,1.2379520689051198,0.5699372792302254,0.3125
bulk,eig@gamma-poisson,28,60.0,60.0,0.25833179987967014,0.00021739996736869216,3.4034715467879444,0.6356449631964014,0.42370183547621587,0.4950875796265687,0.14880036704897237,0.1760690811818164,1.0016236444424678,0.514413200574371,0.625
bulk,eig@gamma-poisson,28,120.0,120.0,0.3643638000357896,0.0004754999536089599,3.314662757692433,0.0,0.0,0.037143087776809414,0.009746287568244694,0.04752510944977539,0.8382512768365826,0.4899296138686382,0.75
bulk,eig@gamma-poisson,28,180.0,180.0,0.4621196998632513,0.0007275998359546065,3.2395420417397705,0.0,0.0,0.0,0.009746287568244694,0.04752510944977539,0.707870059600837,0.4734132781435274,0.75
bulk,eig@gamma-poisson,28,240.0,240.0,0.5807731997338124,0.001034399727359414,3.159506061233188,0.0,0.04261714568147823,0.0,0.06868021231837651,0.05937019618707373,0.6728944811189291,0.4363479609158872,0.875
bulk,eig@gamma-poisson,29,30.0,30.0,0.20942919980734587,0.00012399995466694236,3.253415812369083,0.8252078902890627,0.7512792256553489,0.7326127263877549,0.7060746711475774,0.6349909021270888,1.6229182403306248,0.6140925878738147,0.3125
bulk,eig@gamma-poisson,29,60.0,60.0,0.2703979997895658,0.0002733999863266945,3.1788793864979574,0.0,0.09242521024766526,0.000794431615735891,1.1102230246251565e-16,0.0080359755221735,1.1125263899040594,0.5702473737260728,0.625
bulk,eig@gamma-poisson,29,120.0,120.0,0.3777944996836595,0.0005306000239215791,3.0904939227517887,0.0,0.09242521024766526,0.000794431615735891,1.1102230246251565e-16,0.0080359755221735,0.6798095177957613,0.5376552313975779,0.75
bulk,eig@gamma-poisson,29,180.0,180.0,0.483640399586875,0.0007773999823257327,3.0144532859999735,0.0,0.0,0.00079443161573578,0.0,0.0,0.5591248577531142,0.5011835081571689,0.7604166666666666
bulk,eig@gamma-poisson,29,240.0,240.0,0.5871015996090136,0.0010014998842962086,2.9612570222200425,0.0,0.0,0.00079443161573578,0.0,0.0,0.472021638761485,0.4790205890178633,0.8541666666666666
bulk,eig@gamma-poisson,30,30.0,30.0,0.2074357001692988,0.00012850010534748435,3.4157663459690006,0.0,0.06508524388206216,0.29920595827446284,0.38894410237575283,0.4198619810308939,1.0910710781664255,0.5744280833268947,0.3125
bulk,eig@gamma-poisson,30,60.0,60.0,0.254866800038144,0.00023989990586414933,3.3064271200926654,0.0,0.06508524388206216,0.0245066728743909,0.19832750492406304,0.25312056309133335,0.8027853347104931,0.5153602221134298,0.625
bulk,eig@gamma-poisson,30,120.0,120.0,0.356711000087671,0.00046689994633197784,3.219948280013577,0.0,0.06508524388206216,0.04522707999859943,-2.220446049250313e-16,0.06810690704386213,0.6828920330571976,0.4850591954400875,0.75
bulk,eig@gamma-poisson,30,180.0,180.0,0.44692930002929643,0.0006871999939903617,3.136330674488305,0.0,0.0,0.024506672874391122,0.1583683210555834,0.18449207603167073,0.6247234309787109,0.4630373322965746,0.7708333333333334
bulk,eig@gamma-poisson,30,240.0,240.0,0.5338195001822896,0.0008968001930043101,3.06682826361263,0.0,0.06508524388206216,0.0245066728743909,0.15020982802161165,0.197731165437393,0.5719008786495299,0.41975128972133613,0.8958333333333334
bulk,eig@gamma-poisson,31,30.0,30.0,0.21905919996788725,0.00010510004358366132,3.218172282509446,0.18320059193150984,0.472531609922057,0.5666383667751069,0.5593776696845427,0.5307835811381907,0.9583108317252786,0.5974254355607294,0.3125
bulk,eig@gamma-poisson,31,60.0,60.0,0.27109469997230917,0.00026450015138834715,3.170046938214101,0.06274080504417423,0.09456689760901471,0.2886490572381005,0.4005718245755441,0.20734496661200574,0.9234675712408942,0.5489820490608813,0.625
bulk,eig@gamma-poisson,31,120.0,120.0,0.3740187993971631,0.00048199977027252316,3.1022928123580296,0.06274080504417423,0.09456689760901471,0.0,0.16507801479423156,0.20734496661200574,0.6774350016235979,0.5137197885730206,0.75
bulk,eig@gamma-poisson,31,180.0,180.0,0.4647544991457835,0.0006903997855260968,3.034590367735648,0.06274080504417423,0.09456689760901471,0.0,0.16507801479423156,0.20734496661200574,0.5942845384677448,0.4866801654647424,0.7708333333333334
bulk,eig@gamma-poisson,31,240.0,240.0,0.5577328990329988,0.0008989998023025692,2.9809439764863286,0.06274080504417423,0.09456689760901471,0.0,0.0,0.048854029630156504,0.48292448726335674,0.4725198221813999,0.8645833333333334
bulk,eig@gamma-poisson,32,30.0,30.0,0.2149372001294978,0.0001072999439202249,3.464746785657803,0.6865651110505455,0.6424776513179535,0.6900155398956064,0.6577816750008529,0.6726915122081171,1.2600976823129686,0.5855189210141922,0.3125
bulk,eig@gamma-poisson,32,60.0,60.0,0.2621691001695581,0.0002045998116955161,3.4037746245639844,0.6865651110505455,0.6424776513179535,0.6863970797918212,0.6812028887357844,0.6442440269681047,1.1632339859841916,0.5311023371305276,0.625
bulk,eig@gamma-poisson,32,120.0,120.0,0.3571432002354413,0.0004000997869297862,3.285113292300155,0.3488256542786353,0.3211221059549567,0.32603564788823713,0.34041369772559704,0.3240493694403547,0.9298603937335147,0.49537322562859226,0.75
bulk,eig@gamma-poisson,32,180.0,180.0,0.4471309999935329,0.0006134999566711485,3.2007531299093466,0.3488256542786353,0.3211221059549567,0.0747281488445043,0.13184934260118097,0.11430465859212857,0.8057413420871781,0.4679793980985941,0.7604166666666666
bulk,eig@gamma-poisson,32,240.0,240.0,0.557212199899368,0.0008662000182084739,3.1965671344270485,0.0,0.0,0.0747281488445043,0.13184934260118097,0.1489906001916148,0.7449804275555137,0.45871466083935425,0.875
bulk,eig@gamma-poisson,33,30.0,30.0,0.19789439986925572,0.00011909997556358576,3.6959166726744592,0.6225938968336002,0.47982058515301074,0.41597589023212,0.4400112255888138,0.4271037273223486,2.4844264537236165,0.5193504290331097,0.3125
bulk,eig@gamma-poisson,33,60.0,60.0,0.2448532999260351,0.00022759998682886362,3.533806954070986,0.0,0.0,0.0,0.004773073089081481,0.050630711633390946,1.2509291386960424,0.4621141324943356,0.625
bulk,eig@gamma-poisson,33,120.0,120.0,0.3372363000526093,0.0004403002094477415,3.4259788228035926,0.0,0.0,0.030943290942523016,0.004773073089081481,0.09218370049105828,0.8301531139158758,0.4324032754479667,0.75
bulk,eig@gamma-poisson,33,180.0,180.0,0.42422520014224574,0.0006386001477949321,3.3671782719476813,0.0,0.0,0.0,0.004773073089081481,0.050630711633390946,0.8121454191400796,0.41729335997880773,0.7604166666666666
bulk,eig@gamma-poisson,33,240.0,240.0,0.518452699878253,0.0009250999428331852,3.3000027639062792,0.0,0.0,0.0,0.004773073089081481,0.050630711633390946,0.7022842121282368,0.3937258112296566,0.8125
bulk,eig@gamma-poisson,34,30.0,30.0,0.21384929993655533,0.00010979990474879742,3.228215014465517,0.09694839895613083,0.0,0.06691769435343764,0.21294929312024535,0.29976207989655956,0.9671924348353799,0.5836125663695012,0.3125
bulk,eig@gamma-poisson,34,60.0,60.0,0.2624722998589277,0.00022170000011101365,3.2016220263550754,0.09694839895613083,0.0,0.06691769435343764,0.16625810731097246,0.2022264227496141,0.8438821519537931,0.5457624258710572,0.6145833333333334
bulk,eig@gamma-poisson,34,120.0,120.0,0.3601943000103347,0.0004311000811867416,3.0693997986081976,0.5480023794920852,0.2879598110694911,0.06691769435343764,0.05418091920075396,0.12226565482035079,0.705801940982093,0.4908675487448933,0.75
bulk,eig@gamma-poisson,34,180.0,180.0,0.45396850019460544,0.0006545002106577158,2.9635696563980716,0.09694839895613083,0.0,0.06691769435343764,0.05418091920075396,0.12226565482035079,0.5216415219507927,0.46942578106790234,0.75
bulk,eig@gamma-poisson,34,240.0,240.0,0.5582594002480619,0.0009247999987564981,2.9105683804063833,0.09694839895613083,0.0,0.05056151128698938,0.16046412121921516,0.14997498073478677,0.5044931156062166,0.4442407445545926,0.8645833333333334
bulk,eig@gamma-poisson,35,30.0,30.0,0.21170430007623509,0.00011229986557736993,3.1979473443012627,0.5464059612061848,0.28019429645802607,0.4613114174273182,0.46598702864463115,0.49527298026116884,0.9235137559965039,0.6325489160421076,0.3125
bulk,eig@gamma-poisson,35,60.0,60.0,0.26192539994372055,0.00022559997159987688,3.133288058141636,0.5464059612061848,0.28019429645802607,0.3209413452175034,0.26788338663880873,0.293768202490725,0.7108514866767586,0.5808192734595482,0.625
bulk,eig@gamma-poisson,35,120.0,120.0,0.36019180016592145,0.0004393001436255872,3.0019445568553973,0.0,0.002499023648485754,0.13447850695146657,0.1483658108495708,0.12585895146006432,0.5105171649240365,0.5333492356263645,0.75
bulk,eig@gamma-poisson,35,180.0,180.0,0.46574190008686855,0.0007559000514447689,2.9460930154954554,0.0,0.002499023648485754,0.13214871376243054,0.0,0.02937541760549256,0.43343296939821296,0.5028990881169431,0.78125
bulk,eig@gamma-poisson,35,240.0,240.0,0.5707544001052156,0.0010165998828597367,2.8507721960434083,0.0,0.1968063634606393,0.13047070521127258,1.1102230246251565e-16,0.02937541760549256,0.3765139571684333,0.46663800289631596,0.875
bulk,eig@gamma-poisson,36,30.0,30.0,0.20118570001795888,9.940029121935368e-05,3.290994784377902,0.8512659633103727,0.7308858854303821,0.7262565782743972,0.7170538080002011,0.7161352598384644,1.49384220044742,0.5626112706364683,0.3125
bulk,eig@gamma-poisson,36,60.0,60.0,0.24769080034457147,0.00019740010611712933,3.1720753942667304,0.0,0.18352636359552066,0.08249685670946383,0.07264691046367511,0.11954539707038292,0.8519832140204467,0.5117521780709515,0.625
bulk,eig@gamma-poisson,36,120.0,120.0,0.33682190033141524,0.00039760000072419643,3.119383289031818,0.0,0.23191652042852617,0.19244046052834762,0.07751069423811507,0.09184353281141144,0.7852787555552303,0.48115903328052395,0.75
bulk,eig@gamma-poisson,36,180.0,180.0,0.4393454003147781,0.0006370000191964209,3.0697898809576576,0.0,0.0,0.12265020175265351,0.1351432380359654,0.14419674389095305,0.7312103644021638,0.4613344189279882,0.75
bulk,eig@gamma-poisson,36,240.0,240.0,0.5359949004487135,0.0008816998451948166,3.0209626726820313,0.0,0.0,0.06544674339413936,0.1351432380359654,0.14419674389095305,0.6252958209668711,0.43707301117948744,0.875
bulk,eig@gamma-poisson,37,30.0,30.0,0.20243069995194674,0.00010220007970929146,3.236495151190114,0.47890656822479993,0.2712777036835742,0.34605557834148715,0.4306455389273647,0.46046363844196747,0.9023744999413637,0.6003422478132003,0.3125
bulk,eig@gamma-poisson,37,60.0,60.0,0.25029799982439727,0.0002033999771811068,3.1909419089991764,0.47890656822479993,0.2712777036835742,0.34605557834148715,0.2956017312313658,0.3636123038112983,0.7791509746880934,0.5626767392112583,0.625
bulk,eig@gamma-poisson,37,120.0,120.0,0.33474409981863573,0.0003927997895516455,3.080807347151646,0.0,0.13837320129121722,0.3039741603531271,0.2357142977696769,0.27520264382062354,0.6101444235426885,0.518960623859008,0.75
bulk,eig@gamma-poisson,37,180.0,180.0,0.4358067999710329,0.0006349995965138078,3.001699143857097,0.2346261350567539,0.0,0.007568759662925029,0.0,0.009991827769413097,0.5094056669897831,0.5011545048392727,0.75
bulk,eig@gamma-poisson,37,240.0,240.0,0.5357360999332741,0.0009137996821664274,2.9588719556560465,0.2346261350567539,0.0,0.007568759662925029,0.0,0.0757624081078947,0.4775126412962405,0.47007584367664756,0.8854166666666666
bulk,eig@gamma-poisson,38,30.0,30.0,0.20619199989596382,0.0001018000184558332,3.2699164368579736,0.7563862066456253,0.7363585871673932,0.7288609435104045,0.7134141545912354,0.7025822690572872,2.3164209827355258,0.6511957981829618,0.3125
bulk,eig@gamma-poisson,38,60.0,60.0,0.2549181994982064,0.0002017999067902565,3.1345230364076433,0.0,0.0,0.0709663591351386,0.1053398768810978,0.0916434309320534,0.9496594003352187,0.6011614486310114,0.5833333333333334
bulk,eig@gamma-poisson,38,120.0,120.0,0.3556943990988657,0.0004605998983606696,3.0211739208241775,0.0,0.0,0.0709663591351386,0.09810095135820363,0.12275760266531599,0.7613355671784131,0.5385836796231732,0.75
bulk,eig@gamma-poisson,38,180.0,180.0,0.4556116990861483,0.0007189996540546417,2.9866780951427585,0.0,0.0,0.0709663591351386,0.08978380002691755,0.07284342509569974,0.6520075516774186,0.5079842788824875,0.75
bulk,eig@gamma-poisson,38,240.0,240.0,0.5605335989384912,0.0009899997967295349,2.9309952988378076,0.0,0.0,0.0709663591351386,0.08978380002691755,0.07284342509569974,0.5788154819339435,0.48405804864718505,0.8645833333333334
bulk,eig@gamma-poisson,39,30.0,30.0,0.19093109987443313,9.99000039882958e-05,3.3128282879352717,0.6003476963634762,0.39874811567585755,0.4343524242752733,0.4929748637268412,0.3891982080596589,1.1412412730214927,0.5918721902519926,0.3125
bulk,eig@gamma-poisson,39,60.0,60.0,0.22957749996567145,0.00018000009004026651,3.2153729801155215,0.0,0.07035752438611154,0.048442767655875185,0.12365681432160303,0.1620206014987201,0.7658843703720484,0.5520764639066092,0.59375
bulk,eig@gamma-poisson,39,120.0,120.0,0.3277002998511307,0.000431300257332623,3.093820538131028,0.0,0.07035752438611154,0.052905575388039416,0.0129817478916332,0.0669578315453585,0.6994832738833092,0.4922422251177569,0.75
bulk,eig@gamma-poisson,39,180.0,180.0,0.43323399970540777,0.0007053004228509963,3.018051948742469,0.0,0.005934953009078203,0.052905575388039416,0.0129817478916332,0.0669578315453585,0.535316943164529,0.4691511987153518,0.7604166666666666
bulk,eig@gamma-poisson,39,240.0,240.0,0.5457503993529826,0.0009678002679720521,2.9877627149295627,0.0,0.005934953009078203,0.052905575388039416,0.12148442248522018,0.06695783154535861,0.5393298263873396,0.4483197497242224,0.8541666666666666
bulk,eig@gamma-poisson,40,30.0,30.0,0.21924690034938976,0.0001414999715052545,3.3085728369164236,0.0,0.31980938775260215,0.34546573746473486,0.3752917156595701,0.4016438166964361,1.1496198859175697,0.5829911157137159,0.3125
bulk,eig@gamma-poisson,40,60.0,60.0,0.27416500030085444,0.0005119998822920024,3.273339734427337,0.0,0.2992658470036381,0.3166081511942582,0.33758975427389437,0.28147076678523375,1.1596735982120006,0.5284945136827714,0.625
bulk,eig@gamma-poisson,40,120.0,120.0,0.3904000006732531,0.0007965000113472342,3.101283206594895,0.0,0.2992658470036381,0.045786263781075864,0.0921759253934129,0.0933285075196465,0.7409599620794783,0.461319995985306,0.75
bulk,eig@gamma-poisson,40,180.0,180.0,0.48485250101657584,0.0010275000240653753,3.0289652569760634,0.0,0.2992658470036381,0.25637075525850817,0.039806126723031965,0.01252738129712172,0.6807218305564692,0.42819394989667975,0.75
bulk,eig@gamma-poisson,40,240.0,240.0,0.5771507011959329,0.0012527997605502605,2.9702295783784614,0.0,0.24867597642446881,0.25637075525850817,0.039806126723031965,0.01252738129712172,0.5947634497739626,0.41268658591714463,0.84375
bulk,eig@gamma-poisson,41,30.0,30.0,0.2359157000319101,0.00015229976270347834,3.4710533108803823,0.7639916036697202,0.7844926962985658,0.7768390002438774,0.603168385281543,0.623578656397475,1.1077649106047147,0.5888571683750602,0.3125
bulk,eig@gamma-poisson,41,60.0,60.0,0.29803449992323294,0.0002967999898828566,3.4234599487647137,0.04885743558879829,0.10518562052059677,0.28198529605181055,0.42584135711605353,0.3952919126927915,0.9374837438271819,0.5504882040883669,0.625
bulk,eig@gamma-poisson,41,120.0,120.0,0.39012360002379864,0.00049179996130988,3.3052129916027244,0.20523214136174073,0.10518562052059677,0.005204431082027061,0.1612146396243741,0.043268620535836244,0.7290514023897194,0.5049746726082797,0.75
bulk,eig@gamma-poisson,41,180.0,180.0,0.4811864000512287,0.0007138002547435462,3.306323543627366,0.0,0.0,0.005204431082027061,0.1612146396243741,0.043268620535836244,0.7186618052301438,0.4960058043166727,0.7604166666666666
bulk,eig@gamma-poisson,41,240.0,240.0,0.5670461999834515,0.0009189004776999354,3.190079030338497,0.0,0.0,0.005204431082027061,0.1612146396243741,0.043268620535836244,0.6187343236895637,0.4643676549401569,0.875
bulk,eig@gamma-poisson,42,30.0,30.0,0.2681417999556288,0.00011950003681704402,3.3711547754269966,0.0,0.0,0.0,0.1866088188173073,0.26939692746764865,1.1859260009765653,0.6339048277118418,0.3125
bulk,eig@gamma-poisson,42,60.0,60.0,0.3120569998282008,0.00021189998369663954,3.265389170028243,0.0,0.18344492626458775,0.12533450419781966,0.07807067293445857,0.12524023669732154,1.0005764338117267,0.5718712984465765,0.6041666666666666
bulk,eig@gamma-poisson,42,120.0,120.0,0.41210090031381696,0.0004367002984508872,3.1100532784124346,0.0,0.0028005526034621253,-2.220446049250313e-16,0.10555006278834023,0.09249095556972975,0.7936502671457965,0.5185732772194861,0.75
bulk,eig@gamma-poisson,42,180.0,180.0,0.5058665000251494,0.0006726004066877067,3.0209833804935577,0.0,0.0,0.025338251261279865,0.0,0.02407952168778249,0.6395169203556516,0.4957947628716937,0.75
bulk,eig@gamma-poisson,42,240.0,240.0,0.5995291004073806,0.0009006006293930113,2.930102975689271,0.0,0.03932052416323106,0.025338251261279643,-2.220446049250313e-16,0.0,0.56232577628454,0.46161262176247325,0.8541666666666666
bulk,eig@gamma-poisson,43,30.0,30.0,0.23444510000990704,0.00012290035374462605,3.3847556698785533,0.06499276227661721,0.30766667912059076,0.36111352191782,0.33537548608629963,0.3575737801451553,1.5338879745718688,0.6175284607385915,0.3125
bulk,eig@gamma-poisson,43,60.0,60.0,0.28286270005628467,0.00022200029343366623,3.1781562837258126,0.06499276227661721,0.11540695708557702,0.21954441171169337,0.03936274888306335,0.043218725527088164,0.8651823155230954,0.5484169135709651,0.625
bulk,eig@gamma-poisson,43,120.0,120.0,0.38174330041510984,0.0004511002916842699,3.0636275147260115,0.06499276227661721,0.11540695708557702,0.0,0.0,0.005166448760045239,0.6718991598918009,0.500332387257379,0.75
bulk,eig@gamma-poisson,43,180.0,180.0,0.47383590030949563,0.0006454000249505043,2.976443021402622,0.06499276227661721,0.11540695708557702,0.0,0.0,0.008402336188999437,0.5356667446815868,0.4677814650576865,0.75
bulk,eig@gamma-poisson,43,240.0,240.0,0.5682251002290286,0.0008620998705737293,2.9106108752018973,0.22331329724422333,0.11540695708557702,0.0,0.0,0.008402336188999437,0.5251345826302708,0.42915099708697796,0.8958333333333334
bulk,eig@gamma-poisson,44,30.0,30.0,0.22432290011784062,0.00010060000931844115,3.1845616543867803,0.3344074132061807,0.48695353031152333,0.4288357240244378,0.34519900875535203,0.3719383935968784,1.1753758411001187,0.640282257690002,0.3125
bulk,eig@gamma-poisson,44,60.0,60.0,0.27134610031498596,0.0001924001844599843,3.1320401943059064,0.5317911584081663,0.3192804546709932,0.38010387443295135,0.34519900875535203,0.334083935586021,1.0118541293093355,0.5935443704529539,0.6145833333333334
bulk,eig@gamma-poisson,44,120.0,120.0,0.37564120040042326,0.00041700067231431603,3.0312873028442646,0.0,0.2866705252083517,0.13126458381333184,0.09873735603237199,0.08650734164987217,0.6859198492848749,0.5544908678574808,0.75
bulk,eig@gamma-poisson,44,180.0,180.0,0.4853838002309203,0.0006697005592286587,2.927001784496279,0.5317911584081663,0.11850661846540711,0.0,0.0,0.0,0.5544666443086358,0.5185267866645269,0.7708333333333334
bulk,eig@gamma-poisson,44,240.0,240.0,0.5800103003857657,0.0009006007458083332,2.850217335997014,0.0,0.11850661846540711,0.0,0.0,0.029652471694154525,0.4463071461985684,0.4927500743935837,0.875
bulk,eig@gamma-poisson,45,30.0,30.0,0.2349783000536263,9.899999713525176e-05,3.245335941248616,0.0,0.17705719377845475,0.24479061890063547,0.3161357127037031,0.2766609387270551,1.0066284854557745,0.556648742500962,0.3125
bulk,eig@gamma-poisson,45,60.0,60.0,0.28689490008400753,0.00023830001009628177,3.1688298053827846,0.0,0.17705719377845475,0.24479061890063547,0.26096341634576126,0.3212372107216426,0.8867274725890714,0.4858164386112497,0.625
bulk,eig@gamma-poisson,45,120.0,120.0,0.3889593998901546,0.00047400000039488077,3.0849768593747533,0.0,0.0676514116811846,0.1182405104046158,0.15235675069881016,0.13347679903135024,0.7470436561941487,0.45330774781327293,0.75
bulk,eig@gamma-poisson,45,180.0,180.0,0.48186589998658746,0.0007154999184422195,2.959369357002858,0.0,0.0676514116811846,0.0,0.0003417921449959671,0.0,0.515824806428689,0.4091680874549975,0.78125
bulk,eig@gamma-poisson,45,240.0,240.0,0.5744859002879821,0.0009321999386884272,2.9251035732960773,0.0,0.0,0.06624788502806023,0.0,0.0,0.45717697471493496,0.3931022765295782,0.8854166666666666
bulk,eig@gamma-poisson,46,30.0,30.0,0.2215680000372231,8.480006363242865e-05,3.204333230554545,0.0,0.10479164677692632,0.05487809755092199,0.046501280253066546,0.07917260672272475,0.7807290674143172,0.5774503581931514,0.3125
bulk,eig@gamma-poisson,46,60.0,60.0,0.2739937998703681,0.00020269985543563962,3.139911501528969,0.0,0.06237032183653379,0.10470383600876665,0.046501280253066546,0.0,0.6668951382019065,0.5259531254450641,0.6145833333333334
bulk,eig@gamma-poisson,46,120.0,120.0,0.3605384999536909,0.0004076000186614692,3.081357372785837,0.0,0.06237032183653379,0.02098900127441139,0.046501280253066546,0.07190004255865912,0.6309082191538709,0.5051618007597373,0.75
bulk,eig@gamma-poisson,46,180.0,180.0,0.45808140002191067,0.0006196003523655236,3.0103696468194427,0.0,0.06237032183653379,0.04982573845784477,0.07093625991151009,0.09674978582939942,0.508351467567929,0.48065002239741256,0.7604166666666666
bulk,eig@gamma-poisson,46,240.0,240.0,0.5619535001460463,0.0008610005024820566,2.9571492046500105,0.0,0.06237032183653379,0.04982573845784477,0.0,0.06658169106683076,0.4550573394997694,0.4496286218758432,0.90625
bulk,eig@gamma-poisson,47,30.0,30.0,0.20896679995348677,8.859968511387706e-05,3.4463594530026747,0.16787775138573646,0.3152741351503554,0.46011387438428775,0.5145816472749308,0.5285121743380572,1.423913160265366,0.6069899221458285,0.3125
bulk,eig@gamma-poisson,47,60.0,60.0,0.2551328999688849,0.00019509950652718544,3.2881099492278416,0.0,0.0,0.012284294104503712,0.10572598686930368,0.013096937198803782,0.8070496007659131,0.5555579940423457,0.6041666666666666
bulk,eig@gamma-poisson,47,120.0,120.0,0.3664858999545686,0.0004257991095073521,3.194717008656004,0.0,0.08052334460257093,0.012284294104503712,0.0,0.013096937198803782,0.636212606488463,0.5169252515117572,0.75
bulk,eig@gamma-poisson,47,180.0,180.0,0.46964219998335466,0.0006780988769605756,3.0826209508059805,0.0,0.0,0.0,0.0,0.0,0.46694760166867666,0.48565748578610224,0.7604166666666666
bulk,eig@gamma-poisson,47,240.0,240.0,0.5646715998300351,0.0009077988797798753,2.9864625151512434,0.007429293762375999,0.0,0.0,0.0,0.0,0.42710846333877894,0.4462128159664765,0.8958333333333334
bulk,eig@gamma-poisson,48,30.0,30.0,0.19488659990020096,0.00010829983511939645,3.4417094189013873,0.0,0.0,0.07926557574964221,0.16517310013476616,0.23785845486341306,1.002119675858491,0.5466634730824298,0.3125
bulk,eig@gamma-poisson,48,60.0,60.0,0.25030830007744953,0.00021950015798211098,3.3254459501468276,0.0,0.0,0.07926557574964221,0.14737350038780028,0.18699899072956572,0.775999760329388,0.5011940947741417,0.6041666666666666
bulk,eig@gamma-poisson,48,120.0,120.0,0.34440830000676215,0.00044140033423900604,3.3126076766877453,0.0,0.0,0.0,0.13072285532264072,0.14650760289563214,0.6983065710795693,0.4852908868964451,0.75
bulk,eig@gamma-poisson,48,180.0,180.0,0.43960869987495244,0.000650899950414896,3.194310172534134,0.0,0.0,0.0,0.13072285532264072,0.13600072516939743,0.6232799732946122,0.44512649596772264,0.75
bulk,eig@gamma-poisson,48,240.0,240.0,0.5440565999015234,0.0009194997837767005,3.1159794887481027,0.0,0.0,0.0,0.13072285532264072,0.13600072516939743,0.5248798457176246,0.4163397027273933,0.8541666666666666
bulk,eig@gamma-poisson,49,30.0,30.0,0.19761239981744438,0.00012440013233572245,3.2730240999471767,0.0,0.2843764242460496,0.3515446053647172,0.3704782401975504,0.41591441561979725,1.0630571325664153,0.580053116036914,0.3125
bulk,eig@gamma-poisson,49,60.0,60.0,0.2454980996553786,0.0002327000256627798,3.2302084968753504,0.0,0.2843764242460496,0.3515446053647172,0.3704782401975504,0.3811332761427896,0.9514208677047473,0.521083790832063,0.625
bulk,eig@gamma-poisson,49,120.0,120.0,0.3433399998466484,0.0004427997628226876,3.025946447197669,0.0,0.0,0.13420635900755373,0.08474915528303761,0.09891873837376042,0.5487660908869135,0.45498878708818047,0.75
bulk,eig@gamma-poisson,49,180.0,180.0,0.4300519998068921,0.0006521997856907547,2.935472092460206,0.0,0.0,0.0,0.05269856508197612,0.07591209600147397,0.45082519842621055,0.405788605354759,0.7916666666666666
bulk,eig@gamma-poisson,49,240.0,240.0,0.5387245002784766,0.0008977996767498553,2.8782174385319657,0.0,0.0,0.0,0.07838345075437747,0.09891873837376042,0.4244108238150266,0.3871976886862734,0.875
bulk,bo-ei@gp-poisson,0,30.0,30.0,0.7254370002192445,0.33833470015088096,3.228062007365473,0.1419859063633485,0.3030603582697473,0.29329822549449425,0.35998729883416747,0.41714862477941217,1.1589240493600377,0.5647328604692744,0.25
bulk,bo-ei@gp-poisson,0,60.0,60.0,1.4814994003390893,0.4998082001693547,3.1976474374954944,0.1419859063633485,0.3030603582697473,0.29329822549449425,0.35998729883416747,0.34822495353434535,1.125291662109991,0.5479579005108818,0.3020833333333333
bulk,bo-ei@gp-poisson,0,120.0,120.0,3.007178500527516,0.7111719002132304,3.1500603805627407,0.0,0.0,0.051527828461635616,0.08311315108860873,0.07256974881141376,0.7274217165112229,0.5651138853845646,0.375
bulk,bo-ei@gp-poisson,0,180.0,180.0,4.975107500562444,1.0092176000471227,3.123658964260901,0.0,0.0,0.051527828461635616,0.08311315108860873,0.07256974881141376,0.7195897050946087,0.538331681405107,0.5
bulk,bo-ei@gp-poisson,0,240.0,240.0,6.613859100383706,1.178829799988307,3.123545617099222,0.0,0.0,0.051527828461635616,0.08311315108860873,0.07256974881141376,0.7245562941757885,0.5399009791381516,0.75
bulk,bo-ei@gp-poisson,1,30.0,30.0,0.7493744998355396,0.3815424998756498,3.186382689451037,0.0,0.0,0.1005113274049868,0.07976230726472622,0.12832177506394304,0.9437715674760869,0.5653463912122496,0.1875
bulk,bo-ei@gp-poisson,1,60.0,60.0,1.462754699983634,0.54802219994599,3.1732919931855306,0.0,0.0,0.1412068578851704,0.19902216620086588,0.14309020292380858,0.8829797684232329,0.5588099818488828,0.25
bulk,bo-ei@gp-poisson,1,120.0,120.0,3.007655000081286,0.7740027001127601,3.0910580073014575,0.0,0.0,0.1005113274049868,0.07976230726472622,0.09527590233873218,0.7822193858786475,0.5375027755662148,0.5
bulk,bo-ei@gp-poisson,1,180.0,180.0,4.732365500181913,1.018824600148946,3.0808492298571806,0.0,0.0,0.1005113274049868,0.17070242807578673,0.11785180534321837,0.7872999896698735,0.5171486360940561,0.6145833333333334
bulk,bo-ei@gp-poisson,1,240.0,240.0,6.384568700217642,1.1485257001477294,3.0645889685861882,0.0,0.0,0.0776815525833866,0.14537024686330235,0.1763212465760049,0.7752302492243113,0.49176447737470863,0.75
bulk,bo-ei@gp-poisson,2,30.0,30.0,0.7378819998120889,0.33437340013915673,4.07017362039839,0.6563931383651338,0.721667239632477,0.7506416389582063,0.7269058304271598,0.6813131579043276,1.1530565084300257,0.48697485710270527,0.125
bulk,bo-ei@gp-poisson,2,60.0,60.0,1.4902444996405393,0.5029203002341092,3.202100695298821,0.0,0.04799075344499426,0.0,0.05208034001929096,0.07983420757187643,0.6791613646405394,0.48939923818974324,0.23958333333333334
bulk,bo-ei@gp-poisson,2,120.0,120.0,3.1282121995463967,0.7303645000210963,3.1299536177236313,0.0,0.04799075344499426,0.0,0.08534971746685627,0.1441735532509859,0.6463982801398038,0.5045113336051165,0.5
bulk,bo-ei@gp-poisson,2,180.0,180.0,4.930917799472809,0.9945667001302354,3.091478313546542,0.0,0.04799075344499426,0.0,0.050807553513752324,0.08021142641548229,0.5557813683923364,0.46412803556567644,0.5
bulk,bo-ei@gp-poisson,2,240.0,240.0,6.432771599676926,1.1109802002902143,3.090331556848016,0.0,0.04799075344499426,0.0,0.050807553513752324,0.08021142641548229,0.5555013174502356,0.464116422962213,0.5
bulk,bo-ei@gp-poisson,3,30.0,30.0,0.7436086001689546,0.3826274000457488,3.294248135160403,0.0,0.0,0.1177423243450092,0.10112868757825333,0.11361254930546805,0.8999350473194654,0.5226987744884282,0.22916666666666666
bulk,bo-ei@gp-poisson,3,60.0,60.0,1.4942153000738472,0.5409892001189291,3.2508025900254918,0.0,0.0,0.04911053994108194,0.04218096150325856,0.06120469998450817,0.7863004091418228,0.5186529381366154,0.2916666666666667
bulk,bo-ei@gp-poisson,3,120.0,120.0,3.099310899968259,0.7599524999386631,3.2500160415925037,0.0,0.0,0.02980108744103438,0.04218096150325845,0.06120469998450795,0.7506298254980192,0.5048380753623963,0.53125
bulk,bo-ei@gp-poisson,3,180.0,180.0,5.06714579986874,1.0150942002073862,3.2196417282360024,0.0,0.0,0.02980108744103438,0.04218096150325845,0.06120469998450795,0.7208427759203359,0.47175199291080316,0.75
bulk,bo-ei@gp-poisson,3,240.0,240.0,6.569222499732859,1.1340331999235786,3.203227695096436,0.0,0.0,0.02980108744103438,0.04218096150325845,0.06120469998450795,0.70536983661543,0.4606261676367961,0.75
bulk,bo-ei@gp-poisson,4,30.0,30.0,0.6660902000148781,0.35560229991097003,3.1975974597843027,0.0,0.0,0.0,0.057794955997924835,0.09577360342896657,0.9511018040894569,0.542240773687366,0.23958333333333334
bulk,bo-ei@gp-poisson,4,60.0,60.0,1.409652200061828,0.5112681997707114,3.178144720731362,0.0,0.0,0.0,0.057794955997924835,0.09605931150393554,0.8091931355837828,0.540327138378753,0.2604166666666667
bulk,bo-ei@gp-poisson,4,120.0,120.0,2.879180899937637,0.7292153997696005,3.1691596599394494,0.0,0.0,0.0,0.057794955997924835,0.09605931150393554,0.7961959695672484,0.533571672996418,0.28125
bulk,bo-ei@gp-poisson,4,180.0,180.0,4.701834699837491,0.9856260995729826,3.143613977830173,0.0,0.0,0.0,0.057794955997924835,0.09605931150393554,0.7801992081695099,0.5122908183366927,0.3958333333333333
bulk,bo-ei@gp-poisson,4,240.0,240.0,6.267053599585779,1.1186844994081184,3.114835836129858,0.0,0.0,0.0,0.057794955997924835,0.09605931150393554,0.7399830770257279,0.4972540008405902,0.5
bulk,bo-ei@gp-poisson,5,30.0,30.0,0.7209279001108371,0.3239526000106707,3.74700239655814,0.6993682375849839,0.7096371028592765,0.7197630963642594,0.734776521854049,0.6148543794553787,1.3208863182040014,0.4601918577462647,0.10416666666666667
bulk,bo-ei@gp-poisson,5,60.0,60.0,1.438114900374785,0.4742474000668153,3.364005089833935,0.5423764954059687,0.5446424818492552,0.598290547832223,0.6253439289588537,0.6073901732047506,1.2903881195969529,0.4628257432645394,0.16666666666666666
bulk,bo-ei@gp-poisson,5,120.0,120.0,3.0257813002099283,0.6951684000086971,3.1583675221466563,0.4033847515582015,0.3668945498864521,0.39016276517967996,0.38223612389654504,0.39393155784252787,1.2089121628772206,0.456972356839726,0.2604166666666667
bulk,bo-ei@gp-poisson,5,180.0,180.0,5.041273300128523,0.9576318995677866,3.14790982260781,0.4033847515582015,0.3668945498864521,0.39016276517967996,0.38223612389654504,0.39393155784252787,1.2036132222544869,0.4606531589235171,0.2604166666666667
bulk,bo-ei@gp-poisson,5,240.0,240.0,6.589188999903854,1.0818558996543288,3.1238828625646122,0.4033847515582015,0.3668945498864521,0.39016276517967996,0.36722986650603184,0.3395976087311733,1.1839624476643618,0.45659472190170636,0.2708333333333333
bulk,bo-ei@gp-poisson,6,30.0,30.0,0.7212086999206804,0.3501597999711521,3.3520168132025483,0.6217707892858753,0.6131062229336764,0.6790672407549603,0.671757998622975,0.6805030597381643,2.004266489773702,0.5371634678648362,0.08333333333333333
bulk,bo-ei@gp-poisson,6,60.0,60.0,1.453508999897167,0.5156008998746984,3.2482453754069254,0.0,0.0,0.19617378542094854,0.2831942828875983,0.33786584468614655,1.119579177303265,0.5827923646964198,0.1875
bulk,bo-ei@gp-poisson,6,120.0,120.0,2.98568569944473,0.7353154998272657,3.2173415611084604,0.0,0.0,0.11531492665278253,0.09831248927324532,0.1458275355199744,1.0383986541273131,0.5715058593864771,0.2604166666666667
bulk,bo-ei@gp-poisson,6,180.0,180.0,4.904702099622227,1.0567246996797621,3.1453303498018137,0.0,0.0,0.0877606905831555,0.1395092334919008,0.12390258543303923,0.9141979563339597,0.5474826608821511,0.5
bulk,bo-ei@gp-poisson,6,240.0,240.0,6.363100799790118,1.1663649997790344,3.143050622869634,0.0,0.0,0.0877606905831555,0.1395092334919008,0.12390258543303923,0.9106523124716999,0.5472624629802625,0.5
bulk,bo-ei@gp-poisson,7,30.0,30.0,0.7553857999155298,0.3257483998895623,3.353467638015889,0.4835731242555318,0.4070092251104752,0.5212654547750298,0.5310604617262514,0.5551834584727988,0.6893129484997794,0.3801321771691167,0.15625
bulk,bo-ei@gp-poisson,7,60.0,60.0,1.5039329999126494,0.4766546997707337,3.1206546689116728,0.3740439027225396,0.4070092251104752,0.46471903465091724,0.3694987037864206,0.3684522247607016,0.6712119890208406,0.3731183747512002,0.3020833333333333
bulk,bo-ei@gp-poisson,7,120.0,120.0,3.1398451999993995,0.7356884997570887,3.0556075420583206,0.3740439027225396,0.3074701637067846,0.32659786167449567,0.35324386223213067,0.324556370434146,0.6456910791128616,0.37398299771454685,0.3125
bulk,bo-ei@gp-poisson,7,180.0,180.0,5.228751599905081,1.0306986997602507,3.128682882000526,0.3740439027225396,0.3074701637067846,0.32659786167449567,0.3135619803807277,0.32455637043414587,0.6513903308417197,0.37374068498666824,0.3125
bulk,bo-ei@gp-poisson,7,240.0,240.0,6.784421399759594,1.151708599703852,3.1195525258223022,0.2918134313339257,0.3074701637067846,0.32659786167449567,0.3135619803807277,0.32455637043414587,0.6484253050247821,0.3735068087033482,0.3125
bulk,bo-ei@gp-poisson,8,30.0,30.0,0.7483557998202741,0.3450629999861121,3.28671557450928,0.0,0.3564520967972733,0.4236340577986184,0.46352150964584227,0.48434646851638874,2.135798848781594,0.5137254682144219,0.1875
bulk,bo-ei@gp-poisson,8,60.0,60.0,1.468416399846319,0.5007216999656521,3.1760692904512133,0.0,0.0,0.19828421318312017,0.1810473276755149,0.19549932669285652,1.3681064607985916,0.5386461146222069,0.2604166666666667
bulk,bo-ei@gp-poisson,8,120.0,120.0,3.1364587997668423,0.7204449994023889,3.17078596232458,0.0,0.0,0.19828421318312017,0.1810473276755149,0.19549932669285652,1.334541322191567,0.5386043019920759,0.2604166666666667
bulk,bo-ei@gp-poisson,8,180.0,180.0,4.940088699746411,1.0235754994209856,3.078901237753957,0.0,0.0,0.0,0.05852283048142781,0.04196268691994054,0.809407623831453,0.5131882754371799,0.5
bulk,bo-ei@gp-poisson,8,240.0,240.0,6.392717499926221,1.1329307989799418,3.0686914393875386,0.0,0.0,0.0,0.05852283048142781,0.04196268691994054,0.7550100321744522,0.5131737735569031,0.5
bulk,bo-ei@gp-poisson,9,30.0,30.0,0.7742935999995098,0.34980570001062006,3.2169712695526265,0.2785345721766399,0.0,0.04988883946136524,0.0,0.06870718743168969,1.0642412164763106,0.5749777772037712,0.23958333333333334
bulk,bo-ei@gp-poisson,9,60.0,60.0,1.4832131998846307,0.512614700011909,3.205018480427599,0.0,0.0,0.04988883946136524,0.0,0.06870718743168969,0.8290446747913157,0.5705134869054568,0.3020833333333333
bulk,bo-ei@gp-poisson,9,120.0,120.0,3.134019600052852,0.7472860000561923,3.1930406862009004,0.0,0.0,0.04988883946136524,0.0,0.04399210769219397,0.7940642882677446,0.5669607461780128,0.5104166666666666
bulk,bo-ei@gp-poisson,9,180.0,180.0,5.06875930033857,1.0496662001824006,3.139466472459729,0.0,0.0,0.04988883946136524,0.0,0.06247403319007783,0.735603750593837,0.5420988851054159,0.6979166666666666
bulk,bo-ei@gp-poisson,9,240.0,240.0,6.636225800204556,1.1714376004529186,3.135382331905204,0.0,0.0,0.04988883946136524,0.0,0.0,0.7267746554829736,0.536313683894777,0.75
bulk,bo-ei@gp-poisson,10,30.0,30.0,0.7597516000387259,0.32948070007842034,3.408432314235133,0.7780411446350209,0.7771856328975533,0.7879715475911448,0.7858885630036939,0.7446927639610554,0.8470691645531249,0.46973551291559057,0.17708333333333334
bulk,bo-ei@gp-poisson,10,60.0,60.0,1.6279741999460384,0.5107541002798826,3.7874995569603684,0.7285447791160864,0.7461957030306184,0.689509586442163,0.7014936615412346,0.6695529485181873,0.8462051478494187,0.4427724589197083,0.20833333333333334
bulk,bo-ei@gp-poisson,10,120.0,120.0,3.4638059001299553,0.7877635003533214,3.820591344128104,0.1913694655711885,0.4988387292449784,0.5359404182727511,0.5616776234841685,0.515996278898653,0.8097470950904914,0.44512050866169306,0.25
bulk,bo-ei@gp-poisson,10,180.0,180.0,4.93417970003793,1.01655989990104,3.0815448268037002,0.21976430256018553,0.12150867652446751,0.2723305621484502,0.27099438810868526,0.2796452394537734,0.7025251320180735,0.43508713727785225,0.3333333333333333
bulk,bo-ei@gp-poisson,10,240.0,240.0,6.357858100440353,1.1387789997970685,3.0596762783295905,0.1913694655711885,0.12150867652446751,0.25467789520874995,0.2810841985359964,0.2729725849340736,0.68780559637665,0.4317543970123959,0.3333333333333333
bulk,bo-ei@gp-poisson,11,30.0,30.0,0.7496805001283064,0.32439279969548807,3.4554691816646215,0.6976548764045498,0.6398978895130957,0.5975167313465684,0.5829993260961784,0.5113617555503379,1.0242329072402994,0.4983662407948426,0.1875
bulk,bo-ei@gp-poisson,11,60.0,60.0,1.6622229001950473,0.5051493996870704,3.9137089850425837,0.676095510440299,0.6275372299013792,0.537426886939933,0.5311494109572947,0.47822355915515147,1.021017161843696,0.4920609745100091,0.22916666666666666
bulk,bo-ei@gp-poisson,11,120.0,120.0,3.3657917001401074,0.7401244997163303,3.9157150444850326,0.5955844820428887,0.5133042838128116,0.5041653516516651,0.4968802444536472,0.47822355915515136,1.0125651171937782,0.489591000834227,0.2604166666666667
bulk,bo-ei@gp-poisson,11,180.0,180.0,4.846663900127169,0.9676165996352211,3.9236486007073665,0.5955844820428887,0.5133042838128116,0.5033884187457927,0.4968802444536472,0.47822355915515136,1.0099747682394247,0.4888822322195541,0.2604166666666667
bulk,bo-ei@gp-poisson,11,240.0,240.0,6.28334760008147,1.0756803997792304,3.9601887377348324,0.5955844820428887,0.5133042838128116,0.5422238908523485,0.5271034990851808,0.4980588220779345,1.015826495012617,0.49298338215329846,0.2604166666666667
bulk,bo-ei@gp-poisson,12,30.0,30.0,0.7166093999985605,0.30595249991165474,3.9560247652266134,0.7079535076515404,0.682127028404877,0.608184096385722,0.6337665656185543,0.5459374552407603,1.2105123671587037,0.47698841113255447,0.13541666666666666
bulk,bo-ei@gp-poisson,12,60.0,60.0,1.3926560998079367,0.43817549996310845,4.103601454724925,0.5313529318893826,0.5994638205709326,0.608184096385722,0.5035351508978807,0.5164466637499596,1.219150600630311,0.49189851672838897,0.15625
bulk,bo-ei@gp-poisson,12,120.0,120.0,2.8634440996684134,0.6553148002712987,3.5287001292085898,0.0,0.22669742959869055,0.3584860093064378,0.37459116580769214,0.3851581669377607,1.1107449164641754,0.5043113592694026,0.1875
bulk,bo-ei@gp-poisson,12,180.0,180.0,4.409482299583033,0.922579400415998,3.114375171507844,0.0,0.03238764078072254,0.15731170651904414,0.20803249794245926,0.24168165647544515,0.7861946041257593,0.5004012365341802,0.5104166666666666
bulk,bo-ei@gp-poisson,12,240.0,240.0,6.0479734996915795,1.0550597003893927,3.111548658151387,0.0,0.03238764078072254,0.15731170651904414,0.20803249794245926,0.24168165647544515,0.7739723779622792,0.4837510012260132,0.6041666666666666
bulk,bo-ei@gp-poisson,13,30.0,30.0,0.6849051002063788,0.3135691999923438,3.243030314472644,0.8395255189728406,0.8020876029076898,0.7228037404072274,0.6786951280245485,0.5790805433846249,1.6123086307897074,0.6070713177308839,0.22916666666666666
bulk,bo-ei@gp-poisson,13,60.0,60.0,1.4136763002024963,0.45303170004626736,3.550947184416728,0.0,0.043810144788553274,0.1145128334868083,0.14602797972262116,0.15081338013145895,0.9365089694609842,0.5693414820341038,0.2604166666666667
bulk,bo-ei@gp-poisson,13,120.0,120.0,2.861741700442508,0.6679238998913206,3.119382888810423,0.0,0.043810144788553274,0.10212669819732567,0.14602797972262116,0.15081338013145895,0.836968517998754,0.5963922146178199,0.28125
bulk,bo-ei@gp-poisson,13,180.0,180.0,4.413175500521902,0.9035143996588886,3.078069999790126,0.0,0.11087561601322549,0.10127448210807022,0.13469035695630638,0.1395471312584049,0.8019564500292702,0.5709027777756286,0.5
bulk,bo-ei@gp-poisson,13,240.0,240.0,5.9504451006650925,1.0246143997646868,3.0533218914496536,0.0,0.11087561601322549,0.10127448210807022,0.13469035695630638,0.1395471312584049,0.7969865630938994,0.5511697268742399,0.59375
bulk,bo-ei@gp-poisson,14,30.0,30.0,0.7040035000536591,0.3119683000841178,3.1775889618197852,0.2703803151736829,0.410738812682652,0.5096358589669236,0.5599599293156752,0.589406723423814,1.0407217130705633,0.47027958533483066,0.10416666666666667
bulk,bo-ei@gp-poisson,14,60.0,60.0,1.4680530001642182,0.49630820023594424,3.058849465320496,0.0,0.0,0.06273154742100173,0.04953466319969879,0.07809215195067187,0.687700243025826,0.5269661498529419,0.3125
bulk,bo-ei@gp-poisson,14,120.0,120.0,2.9708423006231897,0.7327346004894935,3.02773638703313,0.0,0.0,0.06273154742100173,0.04953466319969879,0.07809215195067187,0.6445711389643598,0.521034016062569,0.5104166666666666
bulk,bo-ei@gp-poisson,14,180.0,180.0,4.50989980075974,0.988717500353232,2.989370500712873,0.0,0.0,0.06273154742100173,0.1397618145368379,0.16734477207272225,0.6129093365771994,0.48468451015933606,0.53125
bulk,bo-ei@gp-poisson,14,240.0,240.0,6.116601200599689,1.1075502006569877,2.973715086127322,0.0,0.0,0.06273154742100173,0.1397618145368379,0.07809215195067187,0.5939071612976219,0.461806154160396,0.625
bulk,bo-ei@gp-poisson,15,30.0,30.0,0.7283212001202628,0.33411190001061186,3.555588254672157,0.0,0.2987506622388908,0.38394767101455407,0.3059764269785352,0.10529336603076012,1.251080758213716,0.5311751792026334,0.13541666666666666
bulk,bo-ei@gp-poisson,15,60.0,60.0,1.4602286000736058,0.5162836000090465,3.5129263231469827,0.0,0.0,0.0,0.03712017172502291,0.06813667097229348,0.9318734248704474,0.5061178987955954,0.2604166666666667
bulk,bo-ei@gp-poisson,15,120.0,120.0,2.901905899634585,0.7277988999267109,3.513148905987329,0.0,0.0,0.0,0.03712017172502291,0.06813667097229348,0.9379987422946677,0.5059550329672519,0.2604166666666667
bulk,bo-ei@gp-poisson,15,180.0,180.0,4.4265296993544325,0.9558013001224026,3.475327805090751,0.0,0.0,0.0,0.03712017172502291,0.06813667097229348,0.7968179285482064,0.48370430721085894,0.46875
bulk,bo-ei@gp-poisson,15,240.0,240.0,5.984797499200795,1.0893217999837361,3.4605997117756697,0.0,0.0,0.0,0.03712017172502291,0.06813667097229348,0.7913267197066441,0.48502559309213367,0.5
bulk,bo-ei@gp-poisson,16,30.0,30.0,0.7056622002273798,0.3171365999151021,3.220078016479265,0.5545026744979551,0.6827597683696072,0.6838635363793155,0.7145086876506221,0.7188497499629296,1.387276940819871,0.5752825680430567,0.20833333333333334
bulk,bo-ei@gp-poisson,16,60.0,60.0,1.4291241003083996,0.4792732000933029,3.3022489393088605,0.30823435120041587,0.32776565412083536,0.3885970861602531,0.45579654284371107,0.5077738672890888,1.3114397683916068,0.5363610518981333,0.2604166666666667
bulk,bo-ei@gp-poisson,16,120.0,120.0,2.9754435003269464,0.7213175002252683,3.215540639730625,0.30823435120041587,0.32776565412083536,0.3885970861602531,0.45579654284371107,0.4701496242450546,1.279504636825004,0.5207582819970921,0.40625
bulk,bo-ei@gp-poisson,16,180.0,180.0,4.490995400468819,0.9528081003809348,3.156156409148727,0.30823435120041587,0.32776565412083536,0.3885970861602531,0.2823324874250419,0.34622166876916927,1.1874296543716654,0.5213610037761411,0.5104166666666666
bulk,bo-ei@gp-poisson,16,240.0,240.0,6.190791800210718,1.112613100267481,3.117228708846459,0.0,0.0,0.05037921940374224,0.11872239330047596,0.05297643829374721,0.6712770099503493,0.5438121363500021,0.53125
bulk,bo-ei@gp-poisson,17,30.0,30.0,0.7171550000784919,0.32478400017134845,3.297336874570032,0.0,0.0,0.0,0.018130369706661487,0.04790670255208951,1.021115347579022,0.5059152817627961,0.10416666666666667
bulk,bo-ei@gp-poisson,17,60.0,60.0,1.468864600174129,0.49049500009277835,3.2361792947588257,0.0,0.0,0.0,0.040565608017942956,0.04889644084976197,0.7479944484609116,0.4654807406856501,0.2604166666666667
bulk,bo-ei@gp-poisson,17,120.0,120.0,2.95515470020473,0.7090592000749893,3.2325700259637515,0.0,0.0,0.0,0.040565608017942956,0.04889644084976197,0.737674389496183,0.4668248865135583,0.2604166666666667
bulk,bo-ei@gp-poisson,17,180.0,180.0,4.535357900545932,0.9419007000979036,3.214281112991325,0.0,0.0,0.0,0.040565608017942956,0.04889644084976197,0.7013675028951759,0.4628450904636243,0.28125
bulk,bo-ei@gp-poisson,17,240.0,240.0,6.240325800434221,1.0792248002253473,3.1944014204426465,0.0,0.0,0.0,0.040565608017942956,0.04889644084976197,0.7014230210514985,0.4570523922580241,0.5
bulk,bo-ei@gp-poisson,18,30.0,30.0,0.7459376000333577,0.32611229992471635,3.411654699018839,0.0,0.20794791888610165,0.3373761170686582,0.4290241818368672,0.3906039350319661,0.8849161447038651,0.5585775438869772,0.14583333333333334
bulk,bo-ei@gp-poisson,18,60.0,60.0,1.486249499837868,0.4973574999603443,3.136322286399267,0.0,0.04572703425338642,0.15400109843593457,0.2086029007289878,0.2654375316481805,0.780427303736948,0.5648823392557838,0.3541666666666667
bulk,bo-ei@gp-poisson,18,120.0,120.0,3.009203399764374,0.7143050996819511,3.105140062017128,0.0,0.04572703425338642,0.15400109843593457,0.16746394168473222,0.21118909124472074,0.7396630833530693,0.47056084736916853,0.3958333333333333
bulk,bo-ei@gp-poisson,18,180.0,180.0,4.5553692997200415,0.939173499471508,3.0831280549634923,0.0,0.12348161944911984,0.09171883435629358,0.1592496787169665,0.20412096861091522,0.7166760859553502,0.4644414227738923,0.3958333333333333
bulk,bo-ei@gp-poisson,18,240.0,240.0,6.245297799818218,1.061035199149046,3.0808766300590698,0.0,0.12348161944911984,0.09171883435629358,0.1592496787169665,0.20412096861091522,0.7139028163669151,0.46359952629809925,0.3958333333333333
bulk,bo-ei@gp-poisson,19,30.0,30.0,0.7424572000163607,0.3289826000109315,3.8298520261806073,0.8791458424560968,0.8598126012487599,0.8011572129507106,0.7883388833823411,0.6985467966297754,1.4031906929192168,0.5272679113765152,0.1875
bulk,bo-ei@gp-poisson,19,60.0,60.0,1.4740351999062113,0.48008839995600283,4.05209050989457,0.8239551180034187,0.8288331026578244,0.3948998555981986,0.3395849994346639,0.3955888289855546,1.3277456838214527,0.5166684894224404,0.23958333333333334
bulk,bo-ei@gp-poisson,19,120.0,120.0,3.048611599719152,0.7063269000500441,4.459131297568035,0.0,0.20375261251111432,0.31866054110194886,0.13592693497169106,0.21489413968150362,1.1205569364811936,0.5368332831487447,0.2708333333333333
bulk,bo-ei@gp-poisson,19,180.0,180.0,4.555710999644361,0.9322718000621535,3.1771071816791103,0.0,0.0,0.035192668902821356,0.10862700746803933,0.15844280425162727,0.73668903775421,0.5198863538941435,0.5416666666666666
bulk,bo-ei@gp-poisson,19,240.0,240.0,6.271411799709313,1.0754790999926627,3.1173253217375394,0.0,0.0,0.035192668902821356,0.10862700746803933,0.15844280425162727,0.7074521857893314,0.520277367655518,0.7395833333333334
bulk,bo-ei@gp-poisson,20,30.0,30.0,0.7483686002669856,0.30113880010321736,3.241010616720088,0.0,0.0,0.07178712838251866,0.1722855245005228,0.15329976612345364,0.9002900797794833,0.5150892440370416,0.16666666666666666
bulk,bo-ei@gp-poisson,20,60.0,60.0,1.475492500292603,0.47140740003669634,3.2086775420474356,0.0,0.0,0.07178712838251866,0.06318896014331143,0.10550638918352018,0.8100746888710001,0.5047926455374828,0.2604166666666667
bulk,bo-ei@gp-poisson,20,120.0,120.0,3.104681500408333,0.6891157999052666,3.2080359218090897,0.0,0.0,0.07178712838251866,0.06318896014331143,0.10550638918352018,0.8101634219040298,0.5047899728181028,0.2604166666666667
bulk,bo-ei@gp-poisson,20,180.0,180.0,4.631323300476652,0.9240020001889206,3.1742189391034112,0.0,0.0,0.07178712838251866,0.06318896014331143,0.10550638918352018,0.7799999918403594,0.49384466625745643,0.5
bulk,bo-ei@gp-poisson,20,240.0,240.0,6.309711700305343,1.0541636004345492,3.188753354773606,0.0,0.08721791592256556,0.07238574600322889,0.11842892852106823,0.15105573356379132,0.8213764200812051,0.49466319550962884,0.5
bulk,bo-ei@gp-poisson,21,30.0,30.0,0.7387518999166787,0.29720240010647103,3.266235452804357,0.3120382182420848,0.20638645822940027,0.1433548465872555,0.2678215567366983,0.32754649077497244,0.8505972747721933,0.49482900956503967,0.20833333333333334
bulk,bo-ei@gp-poisson,21,60.0,60.0,1.4716707998886704,0.44710030005080625,3.244123138303744,0.0,0.004890268971063372,0.007846699964304538,0.0,0.0,0.7011034528502309,0.5013646844933157,0.3020833333333333
bulk,bo-ei@gp-poisson,21,120.0,120.0,3.0607121001230553,0.696503100451082,3.137848588452066,0.0,0.004890268971063372,-2.220446049250313e-16,-2.220446049250313e-16,-2.220446049250313e-16,0.6095897805519979,0.4966439210638944,0.5208333333333334
bulk,bo-ei@gp-poisson,21,180.0,180.0,4.63235040003201,0.9258709005080163,3.2107686895289054,0.0,0.004890268971063372,-2.220446049250313e-16,-2.220446049250313e-16,-2.220446049250313e-16,0.6287939259812125,0.49302299304206754,0.5208333333333334
bulk,bo-ei@gp-poisson,21,240.0,240.0,6.329974599997513,1.0579356004600413,3.1888559098766684,0.0,0.004890268971063372,0.015957530422895827,0.006315957826361962,0.0,0.602609463988172,0.49004239002599737,0.5208333333333334
bulk,bo-ei@gp-poisson,22,30.0,30.0,0.7356850001378916,0.3065401000203565,4.112280239487131,0.7727880995325499,0.8197283008246511,0.7934839884778411,0.7560602234505381,0.7428529100683632,3.2830847150942852,0.5510269606218249,0.125
bulk,bo-ei@gp-poisson,22,60.0,60.0,1.512620500230696,0.4716431000852026,3.5528774940944,0.0,0.3048491510866297,0.3238873368099565,0.33990771947160636,0.35020130920796555,2.2368165571767835,0.5607585108487162,0.16666666666666666
bulk,bo-ei@gp-poisson,22,120.0,120.0,3.0756976004340686,0.6918497003498487,3.519790470437274,0.0,0.3048491510866297,0.3384277256286531,0.33990771947160636,0.35020130920796555,2.1721831678490067,0.5481165604518782,0.2604166666666667
bulk,bo-ei@gp-poisson,22,180.0,180.0,4.721503000473604,0.9372519003227353,3.5195632647800164,0.0,0.3048491510866297,0.3384277256286531,0.33990771947160636,0.35020130920796555,2.1724478249446433,0.5481130844611941,0.2604166666666667
bulk,bo-ei@gp-poisson,22,240.0,240.0,6.185108300589491,1.0670512001379393,3.5034529188824544,0.0,0.3048491510866297,0.3384277256286531,0.33990771947160636,0.35020130920796555,2.1664387541880057,0.5339235356287398,0.3958333333333333
bulk,bo-ei@gp-poisson,23,30.0,30.0,0.730539399664849,0.30291790002956986,3.3137479594689854,0.0,0.1410919313656126,0.2226194297622971,0.24647228708108782,0.2636896833138438,1.1809899804860657,0.5494508711694769,0.14583333333333334
bulk,bo-ei@gp-poisson,23,60.0,60.0,1.5674206995754503,0.4698546000290662,3.3134434970628894,0.0,0.1410919313656126,0.2226194297622971,0.24647228708108782,0.2636896833138438,1.1821583952774237,0.5497495521800259,0.14583333333333334
bulk,bo-ei@gp-poisson,23,120.0,120.0,3.1465521993814036,0.7011286000488326,3.2900922576382805,0.0,0.0,0.04842216513930142,0.09128235294387554,0.11333767646875736,0.9161058364948197,0.5359740321925872,0.2916666666666667
bulk,bo-ei@gp-poisson,23,180.0,180.0,4.843636399367824,0.9473258000798523,3.2884687826023,0.0,0.0,0.04842216513930142,0.09128235294387554,0.11333767646875736,0.9114233669823348,0.5359799924514107,0.2916666666666667
bulk,bo-ei@gp-poisson,23,240.0,240.0,6.309961599530652,1.057325300294906,3.288508353443985,0.0,0.0,0.04842216513930142,0.09128235294387554,0.11333767646875736,0.9113076561147522,0.5359829899740112,0.2916666666666667
bulk,bo-ei@gp-poisson,24,30.0,30.0,0.7876478001126088,0.4063393999822438,3.205998137530617,0.3133228403882854,0.5074523370458608,0.2888315641784456,0.30121112351513735,0.3256262496526049,0.9310354463475327,0.4917211013149795,0.2604166666666667
bulk,bo-ei@gp-poisson,24,60.0,60.0,1.522052000160329,0.5697528001619503,3.2272080292714613,0.3133228403882854,0.4313297310329651,0.45670024394330366,0.3742112384679537,0.4064145534227601,0.9056808383650796,0.4663826829295817,0.2604166666666667
bulk,bo-ei@gp-poisson,24,120.0,120.0,2.948779500031378,0.7894215998239815,3.1979931968220376,0.3133228403882854,0.16449429928248105,0.1603642916349628,0.1973298731180827,0.1663174099950525,0.8450442532451623,0.47185381903330886,0.2604166666666667
bulk,bo-ei@gp-poisson,24,180.0,180.0,4.397049399849493,1.0021768999868073,3.1609695936197295,0.3133228403882854,0.16449429928248105,0.1603642916349628,0.13458795812647262,0.1663174099950525,0.8081847552317568,0.4585006955374976,0.2604166666666667
bulk,bo-ei@gp-poisson,24,240.0,240.0,5.998529799631797,1.1473278000485152,3.1706144494793875,0.0952358728844116,0.16449429928248105,0.20588195086531658,0.1754988310019241,0.14791734555027547,0.7851999115437306,0.5186577343629102,0.3020833333333333
bulk,bo-ei@gp-poisson,25,30.0,30.0,0.8362368000671268,0.3490473001729697,3.5906370618842787,0.0,0.32176142090764126,0.36132972125610363,0.3978354042449619,0.36888697638890366,0.9873673722052285,0.5448132571816623,0.09375
bulk,bo-ei@gp-poisson,25,60.0,60.0,1.577207800000906,0.514501600235235,3.1085713950212237,0.0,0.0,0.10830087873484273,0.13621904069516888,0.12151499338400618,0.6398987117674244,0.5198920489587355,0.2604166666666667
bulk,bo-ei@gp-poisson,25,120.0,120.0,2.9669650000869296,0.7101442003040574,3.080127219243239,0.0,0.0,0.10830087873484273,0.09739995087729147,0.12151499338400618,0.5567254128511036,0.4887489361707285,0.3333333333333333
bulk,bo-ei@gp-poisson,25,180.0,180.0,4.419904000416864,0.9345519004273228,3.0645059399972254,0.0,0.0,0.10830087873484273,0.09739995087729147,0.12151499338400618,0.5279435832742554,0.42766187152940216,0.3333333333333333
bulk,bo-ei@gp-poisson,25,240.0,240.0,5.931845900195185,1.0489057003869675,3.0625416819203912,0.0,0.0,0.10830087873484273,0.09739995087729147,0.12151499338400618,0.5221039378193834,0.4264265979583516,0.3333333333333333
bulk,bo-ei@gp-poisson,26,30.0,30.0,0.8362423998187296,0.34670670004561543,3.334452387543814,0.689063412447807,0.40763569968347324,0.3711127501842908,0.291992427082143,0.12927706407568873,0.9579554516651528,0.4773160167282928,0.22916666666666666
bulk,bo-ei@gp-poisson,26,60.0,60.0,1.5683076996938325,0.5037995001766831,3.2841632402643754,0.0,0.0,0.13245186067683523,0.10810823734889108,0.13315289745721526,0.7882716182938283,0.47203432187616584,0.2708333333333333
bulk,bo-ei@gp-poisson,26,120.0,120.0,2.997235599497799,0.7239650004194118,3.1947155410385952,0.0,0.0,0.13245186067683523,0.16064401850444943,0.13028401300177028,0.6571118712524483,0.4348447420626383,0.5416666666666666
bulk,bo-ei@gp-poisson,26,180.0,180.0,4.442310799320694,0.9452345005120151,3.156583691431038,0.0,0.0,0.13245186067683523,0.16064401850444943,0.13028401300177028,0.639750809017722,0.4117302161444209,0.75
bulk,bo-ei@gp-poisson,26,240.0,240.0,5.981405099155381,1.0731870003510267,3.1596314175832503,0.0,0.0,0.13245186067683523,0.16064401850444943,0.13028401300177028,0.623525618967832,0.4129354648290944,0.75
bulk,bo-ei@gp-poisson,27,30.0,30.0,0.7890596000943333,0.34476820001145825,3.164167800022117,0.09687691091996087,0.15623174225333047,0.21903649975960604,0.3089497536152004,0.3893617523609728,0.7215992730354318,0.46188378872071223,0.16666666666666666
bulk,bo-ei@gp-poisson,27,60.0,60.0,1.5181292000925168,0.5039291001739912,3.1177423483765128,0.09687691091996087,0.14745465975996241,0.30161893565378695,0.3110785129045228,0.2573353052586498,0.700710321188939,0.4883516356951892,0.2604166666666667
bulk,bo-ei@gp-poisson,27,120.0,120.0,2.935845199972391,0.7177152002113871,3.1391924614674664,0.09687691091996087,0.14745465975996241,0.30161893565378695,0.24193613543002845,0.2573353052586498,0.6975488242274922,0.4658851325988161,0.2604166666666667
bulk,bo-ei@gp-poisson,27,180.0,180.0,4.391129199822899,0.8965271001798101,3.2535306778946804,0.09687691091996087,0.14745465975996241,0.1492463515846919,0.24193613543002845,0.2573353052586498,0.7126135494590305,0.4634081217089085,0.2604166666666667
bulk,bo-ei@gp-poisson,27,240.0,240.0,5.932607099879533,1.0179841999779455,3.2488381389024887,0.09687691091996087,0.15623174225333047,0.1492463515846919,0.24193613543002845,0.3095278167658573,0.7074414894489568,0.4625672406831109,0.2604166666666667
bulk,bo-ei@gp-poisson,28,30.0,30.0,0.7301687998697162,0.3210055000963621,3.43706014060826,0.7631554991098335,0.6905338887291603,0.7018038695759494,0.7062286448031863,0.7255274366935801,1.244245883267485,0.4550691840692112,0.1875
bulk,bo-ei@gp-poisson,28,60.0,60.0,1.4575466998503543,0.4771172999753617,3.3335105723526888,0.4997823705862072,0.42370183547621587,0.43609887352865584,0.3422522982930627,0.3432974388561981,1.1530734261507019,0.46911012942515934,0.2604166666666667
bulk,bo-ei@gp-poisson,28,120.0,120.0,2.835029499779921,0.6959041998488829,3.31152984286028,0.4997823705862072,0.42370183547621587,0.3282441910805922,0.3422522982930626,0.3432974388561981,1.137395618444419,0.46031239267927754,0.3020833333333333
bulk,bo-ei@gp-poisson,28,180.0,180.0,4.24232129950542,0.9025342999375425,3.3124114212186755,0.4997823705862072,0.42370183547621587,0.3282441910805922,0.3422522982930626,0.3432974388561981,1.1370021575674147,0.4638829058007213,0.3854166666666667
bulk,bo-ei@gp-poisson,28,240.0,240.0,5.82969779940322,1.0271173001383431,3.297808010231146,0.4997823705862072,0.42370183547621587,0.3282441910805922,0.3422522982930626,0.3432974388561981,1.131304910095889,0.4585770546515755,0.3854166666666667
bulk,bo-ei@gp-poisson,29,30.0,30.0,0.7841726001352072,0.32541699992725626,3.709394012376817,0.8252078902890627,0.7512792256553489,0.6710865901615418,0.6627467632525259,0.6428945466317624,1.6698127614452505,0.4482471214747744,0.11458333333333333
bulk,bo-ei@gp-poisson,29,60.0,60.0,1.5238220002502203,0.4881578999920748,3.0259388426652727,0.0,0.09242521024766526,0.08136477176067602,0.08951623673739051,0.08150625250432997,0.5950899504816429,0.4593041234877325,0.25
bulk,bo-ei@gp-poisson,29,120.0,120.0,2.9957095002755523,0.7020737996790558,3.015781103656817,0.0,0.09242521024766526,0.08136477176067602,0.08951623673739051,0.008035975522173278,0.5485999087427053,0.4821485155156802,0.25
bulk,bo-ei@gp-poisson,29,180.0,180.0,4.482783700223081,0.9075187996495515,3.0054906354443927,0.0,0.09242521024766526,0.000794431615735891,1.1102230246251565e-16,0.0080359755221735,0.48698137336756514,0.49084893353150433,0.2604166666666667
bulk,bo-ei@gp-poisson,29,240.0,240.0,6.053597200370859,1.028806999209337,3.004654851732758,0.0,0.09242521024766526,0.000794431615735891,1.1102230246251565e-16,0.0080359755221735,0.48444173360609055,0.49099843998786,0.2604166666666667
bulk,bo-ei@gp-poisson,30,30.0,30.0,0.7405662999371998,0.304229200060945,3.720185113027459,0.0,0.30663795508981884,0.4690445976199218,0.481999856952086,0.5350908335460483,1.1408368913610254,0.5404561339425221,0.08333333333333333
bulk,bo-ei@gp-poisson,30,60.0,60.0,1.478584399970714,0.48349629988661036,3.2926566002950852,0.0,0.06508524388206216,0.0245066728743909,0.15020982802161165,0.19025900134070495,0.8879692478389803,0.5321288363633038,0.3229166666666667
bulk,bo-ei@gp-poisson,30,120.0,120.0,2.9353057999978773,0.722061799664516,3.1935650970825322,0.0,0.06508524388206216,0.0245066728743909,0.15020982802161165,0.13402638480408968,0.7249367020019577,0.5100683957242933,0.5625
bulk,bo-ei@gp-poisson,30,180.0,180.0,4.403773500060197,0.9388347994536161,3.1573255684994272,0.0,0.0,0.024506672874391122,0.15020982802161176,0.1977311654373931,0.6890751802608062,0.4879260819048137,0.65625
bulk,bo-ei@gp-poisson,30,240.0,240.0,5.980838900024537,1.0792992995702662,3.1416215095483246,0.0,0.0,0.024506672874391122,0.1583683210555834,0.1977311654373931,0.6429283060978824,0.5169829858556884,0.75
bulk,bo-ei@gp-poisson,31,30.0,30.0,0.7457758999080397,0.3544959000428207,3.0908482290758883,0.06274080504417423,0.09456689760901471,0.2886490572381005,0.4005718245755441,0.20734496661200574,0.7683327911164336,0.5621833290079948,0.23958333333333334
bulk,bo-ei@gp-poisson,31,60.0,60.0,1.4491665998939425,0.541783900000155,3.0483270281376673,0.0,0.0,0.0,0.16507801479423156,0.20734496661200574,0.623582936319947,0.5474737313360827,0.3645833333333333
bulk,bo-ei@gp-poisson,31,120.0,120.0,2.8953048998955637,0.7637730002752505,3.0215396057213226,0.06274080504417423,0.0,0.0,0.16507801479423156,0.20734496661200574,0.5538724219225776,0.47863436529840847,0.40625
bulk,bo-ei@gp-poisson,31,180.0,180.0,4.366683799773455,0.9681230003479868,2.9911540024136123,0.06274080504417423,0.0,0.0,0.16507801479423156,0.19304331727914237,0.5189553714501904,0.46560528170006665,0.5
bulk,bo-ei@gp-poisson,31,240.0,240.0,5.92588579992298,1.1002196004264988,2.9575400547577058,0.06274080504417423,0.0,0.0,0.16507801479423156,0.19304331727914237,0.4897054553323691,0.4774909784089374,0.6354166666666666
bulk,bo-ei@gp-poisson,32,30.0,30.0,0.7346402998664416,0.3613713000086136,3.678187184160846,0.8758061789474529,0.8126697263603222,0.7239524906226404,0.5351426299597359,0.5547829748533516,1.2050197851974782,0.48528389632330904,0.125
bulk,bo-ei@gp-poisson,32,60.0,60.0,1.4346992998034693,0.5094792999443598,3.9115205938909825,0.5760572684901295,0.6704345683236337,0.660235436228162,0.6826947067946258,0.5774665526545812,1.170160774838719,0.48590437913101703,0.14583333333333334
bulk,bo-ei@gp-poisson,32,120.0,120.0,2.852050499932375,0.7158514000475407,3.3125727064609407,0.5302285831968423,0.3211221059549567,0.32603564788823713,0.3491015161922417,0.3315811333775024,1.0693051827051954,0.4832563586220136,0.2604166666666667
bulk,bo-ei@gp-poisson,32,180.0,180.0,4.3029815999325365,0.9336998001090251,3.294909828183408,0.3488256542786353,0.3211221059549567,0.32603564788823713,0.3491015161922417,0.3315811333775024,1.0596323816958222,0.484886981703236,0.2604166666666667
bulk,bo-ei@gp-poisson,32,240.0,240.0,5.831260699778795,1.0446094000944868,3.301874041403893,0.3488256542786353,0.3211221059549567,0.32603564788823713,0.3491015161922417,0.39537400087623065,1.057096671209177,0.47504984914227505,0.2604166666666667
bulk,bo-ei@gp-poisson,33,30.0,30.0,0.7622405999572948,0.3189658998744562,3.7525709572496946,0.6609078024146302,0.6636009318368304,0.6194783102790106,0.6274571988059987,0.6509036032598071,2.705273083547667,0.49922319041042995,0.1875
bulk,bo-ei@gp-poisson,33,60.0,60.0,1.484600399970077,0.4737944998196326,3.5800575166195423,0.0,0.027815983603494576,0.11545396376132322,0.18363706283208892,0.2672849518547479,1.4518205023346267,0.5006078734089888,0.23958333333333334
bulk,bo-ei@gp-poisson,33,120.0,120.0,2.9410417999024503,0.6853729996364564,3.580571339523225,0.0,0.027815983603494576,0.11545396376132322,0.18363706283208892,0.24878925465631252,1.4380948766570085,0.49817087146952826,0.2604166666666667
bulk,bo-ei@gp-poisson,33,180.0,180.0,4.4132211998221464,0.8998154996661469,3.5771149636629516,0.0,0.027815983603494576,0.11545396376132322,0.18363706283208892,0.24878925465631252,1.4312795429483767,0.497525848978467,0.2708333333333333
bulk,bo-ei@gp-poisson,33,240.0,240.0,5.998348199645989,1.0284617997822352,3.4607070421204695,0.0,0.0,0.0,0.05782688318142193,0.050630711633390946,1.007055739768915,0.4702752478217326,0.5
bulk,bo-ei@gp-poisson,34,30.0,30.0,0.7157264000270516,0.28789780009537935,3.1134095403303923,0.09694839895613083,0.0,0.06691769435343764,0.173707151208793,0.21903066426682571,0.8467095858501537,0.4829065811390043,0.19791666666666666
bulk,bo-ei@gp-poisson,34,60.0,60.0,1.4519446001504548,0.45313840016024187,3.0549420593134045,0.0,0.0,0.06691769435343764,0.173707151208793,0.21903066426682571,0.7337739408452673,0.4852916178059897,0.2604166666666667
bulk,bo-ei@gp-poisson,34,120.0,120.0,2.900180500058923,0.6664860001183115,3.0492994674426357,0.0,0.0,0.15854709995568483,0.1737071512087931,0.21903066426682583,0.7263449464964048,0.46521126147772096,0.3645833333333333
bulk,bo-ei@gp-poisson,34,180.0,180.0,4.368139800033532,0.8887733003939502,3.0161050854347544,0.0,0.0,0.15854709995568483,0.1737071512087931,0.21903066426682583,0.6636342532905414,0.4776052622316545,0.5
bulk,bo-ei@gp-poisson,34,240.0,240.0,5.7813495000009425,1.0018385003204457,2.975946843688497,0.0,0.0,0.15854709995568483,0.1737071512087931,0.21903066426682583,0.5829421429388214,0.45834245939593554,0.5833333333333334
bulk,bo-ei@gp-poisson,35,30.0,30.0,0.7030621001613326,0.3144558000494726,3.0635461433279407,0.5464059612061848,0.28019429645802607,0.35955221689858907,0.41921986916659215,0.42856194302340367,0.7551337605409416,0.45634629868472404,0.15625
bulk,bo-ei@gp-poisson,35,60.0,60.0,1.459030600497499,0.4613932002102956,3.03536354017642,0.03727130723871708,0.28019429645802607,0.35955221689858907,0.37593499386043383,0.32314166977981873,0.7246028233218192,0.4490852312143724,0.2604166666666667
bulk,bo-ei@gp-poisson,35,120.0,120.0,2.9644846006995067,0.6713352001970634,3.0404697966495142,0.03727130723871708,0.28019429645802607,0.35955221689858907,0.3020557490348724,0.32314166977981873,0.7230179447727084,0.44445242536010754,0.2604166666666667
bulk,bo-ei@gp-poisson,35,180.0,180.0,4.500419700576458,0.8946482001920231,3.0513775528119873,0.03727130723871708,0.28019429645802607,0.35955221689858907,0.3020557490348724,0.32314166977981873,0.7259415245025199,0.4400156915759357,0.2604166666666667
bulk,bo-ei@gp-poisson,35,240.0,240.0,5.92700120084919,0.99441910040332,3.0556669238283316,0.03727130723871708,0.28019429645802607,0.35955221689858907,0.3020557490348724,0.32314166977981873,0.7254225912477046,0.436543769504145,0.2604166666666667
bulk,bo-ei@gp-poisson,36,30.0,30.0,0.7080880998400971,0.2893825003411621,3.691811071339652,0.7701051019929968,0.7103382160777634,0.7174160404710077,0.7067410068487654,0.5974420439265293,1.4793438105583447,0.44450605022423606,0.125
bulk,bo-ei@gp-poisson,36,60.0,60.0,1.4325489000184461,0.42941040033474565,3.405835151388254,0.8223565091558676,0.7103382160777634,0.6719236607176682,0.673909688788991,0.6583884241367419,1.4702477490250814,0.44107889899014735,0.22916666666666666
bulk,bo-ei@gp-poisson,36,120.0,120.0,2.852668999810703,0.6239034999744035,3.3537128028142136,0.711387767029445,0.6686043120873968,0.5894268040082044,0.5612020903119601,0.5633472973355362,1.448418762381421,0.4420914794317593,0.2604166666666667
bulk,bo-ei@gp-poisson,36,180.0,180.0,4.3300590000581,0.8405265001929365,3.165534631381167,0.711387767029445,0.6778167138348847,0.6278877472655999,0.5529193083984487,0.5237031365358029,1.4306951590467825,0.4390864604512368,0.2604166666666667
bulk,bo-ei@gp-poisson,36,240.0,240.0,5.676519600034226,0.9500660001067445,3.13369358289849,0.711387767029445,0.6686043120873968,0.6278877472655998,0.5723917834825101,0.503101520573098,1.4165776010829891,0.4345957164019853,0.375
bulk,bo-ei@gp-poisson,37,30.0,30.0,0.7732622997136787,0.3131063000182621,3.115082475727517,0.2346261350567539,0.3802084325958728,0.4254941190301754,0.4414281496000876,0.4695678542143509,0.8025417832476807,0.4633245346296093,0.11458333333333333
bulk,bo-ei@gp-poisson,37,60.0,60.0,1.462758599955123,0.4716120002558455,3.0070045682643567,0.2346261350567539,0.21612087440240535,0.15883886809709302,0.22221922380859171,0.19762094874314518,0.7136970549657705,0.4797995308863469,0.2604166666666667
bulk,bo-ei@gp-poisson,37,120.0,120.0,2.957861299510114,0.680662399972789,2.976366618715945,0.2346261350567539,0.20582259554855997,0.15883886809709302,0.1467189670062632,0.1338728779222611,0.6956829850851022,0.4478432613889307,0.2604166666666667
bulk,bo-ei@gp-poisson,37,180.0,180.0,4.415900299733039,0.8910261999699287,2.9576728771619254,0.2346261350567539,0.20582259554855997,0.15883886809709302,0.1467189670062632,0.1338728779222611,0.6831095748789867,0.44994513480990456,0.2604166666666667
bulk,bo-ei@gp-poisson,37,240.0,240.0,5.764801999728661,1.0010590000310913,2.964317884357388,0.0,0.0,0.007568759662925029,0.0,0.0,0.44709091391745653,0.5288790372285757,0.3020833333333333
bulk,bo-ei@gp-poisson,38,30.0,30.0,0.7224030999350362,0.327075999986846,3.1710555626311265,0.7563862066456253,0.7363585871673932,0.6882552855381854,0.6847718506302235,0.6728993643163341,2.3215987108543565,0.6384237349866648,0.21875
bulk,bo-ei@gp-poisson,38,60.0,60.0,1.416934699693229,0.46919949975563213,3.1089902204088666,0.0,0.0,0.05097249754334532,0.10842473861963675,0.11795815821118882,0.8451529304693273,0.631681568210138,0.23958333333333334
bulk,bo-ei@gp-poisson,38,120.0,120.0,2.914880999887828,0.694815099821426,3.0910595075860527,0.0,0.0,0.0709663591351386,0.1053398768810978,0.14881358162017433,0.858499331135268,0.6140966971247596,0.3125
bulk,bo-ei@gp-poisson,38,180.0,180.0,4.334290199854877,0.8928444999619387,3.0878419616118395,0.0,0.0,0.0709663591351386,0.1053398768810978,0.14881358162017433,0.7964507458828924,0.6048977174074888,0.3541666666666667
bulk,bo-ei@gp-poisson,38,240.0,240.0,5.700756699603517,1.0045196996070445,3.0574428511896907,0.0,0.0,0.0709663591351386,0.1053398768810978,0.14881358162017433,0.7621297261219254,0.5864750553418401,0.5104166666666666
bulk,bo-ei@gp-poisson,39,30.0,30.0,0.7261153000290506,0.33708840020699427,3.1713605651964776,0.0,0.07035752438611154,0.052905575388039416,0.12732875362744178,0.09821672985393715,0.8274355066517911,0.5508957635274673,0.22916666666666666
bulk,bo-ei@gp-poisson,39,60.0,60.0,1.4482376999221742,0.4809299002517946,3.155420476324494,0.0,0.07035752438611154,0.052905575388039416,0.12148442248522018,0.06695783154535861,0.7567585443567639,0.5500535298139566,0.3229166666666667
bulk,bo-ei@gp-poisson,39,120.0,120.0,2.890638700046111,0.7081937003531493,3.107070478797587,0.0,0.005934953009078203,0.052905575388039416,0.0129817478916332,0.0669578315453585,0.6747843213512058,0.5332434040944817,0.5833333333333334
bulk,bo-ei@gp-poisson,39,180.0,180.0,4.315182399877813,0.9256763000739738,3.056642748985329,0.0,0.005934953009078203,0.052905575388039416,0.0129817478916332,0.0669578315453585,0.592047533812663,0.5009356471322376,0.75
bulk,bo-ei@gp-poisson,39,240.0,240.0,5.680175299872644,1.0295494999736547,3.0492172507086672,0.0,0.005934953009078203,0.052905575388039416,0.0129817478916332,0.0669578315453585,0.5942552429280649,0.49569488112695537,0.75
bulk,bo-ei@gp-poisson,40,30.0,30.0,0.7257921998971142,0.3539278000826016,3.213626407853431,0.0,0.2992658470036381,0.3166081511942582,0.27269512630306725,0.3084511974256917,1.0866116723311317,0.5347222593396886,0.22916666666666666
bulk,bo-ei@gp-poisson,40,60.0,60.0,1.4053273997851647,0.487192899978254,3.1803767106022023,0.0,0.2992658470036381,0.3166081511942582,0.27269512630306725,0.3084511974256917,1.0322099057605372,0.4945581952644343,0.2604166666666667
bulk,bo-ei@gp-poisson,40,120.0,120.0,2.9186435998999514,0.7002630002680235,3.1562738039572307,0.0,0.2992658470036381,0.3166081511942582,0.27269512630306725,0.32434716359196636,1.0093755867152021,0.5232032921406183,0.4166666666666667
bulk,bo-ei@gp-poisson,40,180.0,180.0,4.365947799815331,0.9225973000866361,3.055053938380078,0.0,0.2992658470036381,0.045786263781075864,0.0921759253934129,0.0933285075196465,0.7033265917301466,0.47054056350324697,0.75
bulk,bo-ei@gp-poisson,40,240.0,240.0,5.752665999752935,1.0320713000837713,3.025269472152393,0.0,0.0,0.045786263781075864,0.0921759253934129,0.05982518295123518,0.641172687778303,0.4622866765066501,0.75
bulk,bo-ei@gp-poisson,41,30.0,30.0,0.721547500055749,0.32542019995162264,3.293754035436532,0.0,0.0,0.005204431082027061,0.1612146396243741,0.19812851661772035,0.8597851022387801,0.5456283117682414,0.20833333333333334
bulk,bo-ei@gp-poisson,41,60.0,60.0,1.408465800108388,0.4821138000115752,3.303570871712735,0.0,0.0,0.005204431082027061,0.1612146396243741,0.15787650447569246,0.7782847462801483,0.4996107103079011,0.2604166666666667
bulk,bo-ei@gp-poisson,41,120.0,120.0,2.9369664002442732,0.6778323997859843,3.2719220347536706,0.0,0.0,0.005204431082027061,0.1612146396243741,0.043268620535836244,0.7228093134598392,0.4813270068609301,0.4166666666666667
bulk,bo-ei@gp-poisson,41,180.0,180.0,4.340460800565779,0.8846337997238152,3.2351709339790804,0.0,0.0,0.005204431082027061,0.0,0.043268620535836244,0.6943062897265281,0.46652553384537404,0.5
bulk,bo-ei@gp-poisson,41,240.0,240.0,5.698858500574715,0.9863812997355126,3.21869355496392,0.0,0.0,0.0,0.0,0.043268620535836244,0.6679178000089903,0.462332644744778,0.5416666666666666
bulk,bo-ei@gp-poisson,42,30.0,30.0,0.7520092000486329,0.3412617000285536,3.25442104953815,0.0,0.18344492626458775,0.12533450419781966,0.24077648186697453,0.3060959213245922,1.182170308413383,0.6013351607470918,0.2604166666666667
bulk,bo-ei@gp-poisson,42,60.0,60.0,1.4595968998619355,0.49858759983908385,3.205273892522889,0.0,0.0028005526034621253,-2.220446049250313e-16,0.07807067293445857,0.12524023669732154,1.0224703293505017,0.5878645534466153,0.375
bulk,bo-ei@gp-poisson,42,120.0,120.0,2.9840183000196703,0.717358999652788,3.1205240460344172,0.0,0.0,0.0,0.10555006278834034,0.09249095556972986,0.844984545691001,0.5627155168757154,0.5416666666666666
bulk,bo-ei@gp-poisson,42,180.0,180.0,4.4054226001608185,0.9376440995838493,3.0125871343564135,0.0,0.0,0.025338251261279865,0.0,0.02407952168778249,0.7312329522387442,0.526533985961954,0.75
bulk,bo-ei@gp-poisson,42,240.0,240.0,5.783865200122818,1.0479541993699968,2.9871101806013236,0.0,0.0,0.0,0.0,0.02407952168778249,0.6947426073296278,0.521788402559165,0.75
bulk,bo-ei@gp-poisson,43,30.0,30.0,0.7314134998596273,0.3236224000575021,3.282579884880377,0.06499276227661721,0.3138000642641554,0.36111352191782,0.30185382609916034,0.3052893457536052,1.4812130490157678,0.588954666309513,0.23958333333333334
bulk,bo-ei@gp-poisson,43,60.0,60.0,1.4330169997410849,0.4740990001591854,3.252184301652477,0.06499276227661721,0.24167478978350787,0.30964645697383975,0.30185382609916045,0.30528934575360533,1.44068140685555,0.5838603479839296,0.2708333333333333
bulk,bo-ei@gp-poisson,43,120.0,120.0,2.9568870996590704,0.6759765004389919,3.182226771370654,0.06499276227661721,0.24167478978350787,0.3140231104255362,0.3018538260991602,0.3052893457536052,1.4207497251142103,0.5606529196408828,0.5
bulk,bo-ei@gp-poisson,43,180.0,180.0,4.352702799427789,0.9210912001435645,3.0408100561709994,0.06499276227661721,0.0,0.0,0.0,0.008402336188999437,0.5973499590611109,0.5206674820862377,0.75
bulk,bo-ei@gp-poisson,43,240.0,240.0,5.6823259991942905,1.0276892004185356,3.0286063349492474,0.0,0.0,0.0,0.0,0.008402336188999437,0.566429315353897,0.519683692142106,0.75
bulk,bo-ei@gp-poisson,44,30.0,30.0,0.7104308999842033,0.3234449998708442,3.051322482105677,0.3344074132061807,0.3192804546709932,0.38010387443295135,0.4675635806979427,0.4695395031041436,1.093516388143535,0.5939298061637479,0.20833333333333334
bulk,bo-ei@gp-poisson,44,60.0,60.0,1.3851208001724444,0.45084259985014796,2.996089027323945,0.3344074132061807,0.3192804546709932,0.38010387443295135,0.34519900875535203,0.3507614723301683,0.9914687117339959,0.49706063396717753,0.2604166666666667
bulk,bo-ei@gp-poisson,44,120.0,120.0,2.9192763000610285,0.644893599615898,2.971602212763459,0.3344074132061807,0.3192804546709932,0.2612741892111172,0.3151362596395748,0.3181016841283645,0.9639345420383135,0.4975692125791786,0.2604166666666667
bulk,bo-ei@gp-poisson,44,180.0,180.0,4.275604100257624,0.8537774996948428,2.9580232686762837,0.3344074132061807,0.3192804546709932,0.2612741892111172,0.2806235817681334,0.3054766395759878,0.9572553521329189,0.5028467516116232,0.2604166666666667
bulk,bo-ei@gp-poisson,44,240.0,240.0,5.673988600145094,0.9696507995249704,2.9933890652919932,0.3344074132061807,0.3192804546709932,0.2612741892111172,0.2806235817681334,0.27372437514930814,0.9218111786283,0.5693369980892143,0.5
bulk,bo-ei@gp-poisson,45,30.0,30.0,0.6792451998335309,0.3411295998375863,3.1012978861977687,0.0,0.20910921527015036,0.28624394278185206,0.35171140157688685,0.3078281108565989,0.851572312403432,0.5122755732385242,0.25
bulk,bo-ei@gp-poisson,45,60.0,60.0,1.3404136998578906,0.4836830999702215,3.0619139939225817,0.0,0.2309951486159154,0.24417450720136757,0.24599942576252387,0.21521589586604328,0.7736198199086521,0.5050803003831701,0.375
bulk,bo-ei@gp-poisson,45,120.0,120.0,2.7950924996403046,0.7607925997581333,3.0006799343271116,0.0,0.0676514116811846,0.0,0.0,0.04427683451486397,0.6204965509246945,0.47640735220637875,0.5833333333333334
bulk,bo-ei@gp-poisson,45,180.0,180.0,4.192861199728213,1.0009283998515457,2.956369995073389,0.0,0.0676514116811846,0.1182405104046158,0.10181707124238881,0.11538813018016603,0.5784831135620311,0.45127534488317866,0.75
bulk,bo-ei@gp-poisson,45,240.0,240.0,5.497604599513579,1.1032526996568777,2.9464558164694115,0.0,0.0676514116811846,0.15346985964993343,0.13205127807095296,0.11538813018016603,0.5598063266998683,0.4482135494374918,0.75
bulk,bo-ei@gp-poisson,46,30.0,30.0,0.7580893998965621,0.30057089996989816,3.090243531158373,0.0,0.03609693773767064,0.0,0.0,0.08298655775922148,0.5697898005996458,0.5287447715523346,0.23958333333333334
bulk,bo-ei@gp-poisson,46,60.0,60.0,1.4757266000378877,0.4438505999860354,3.067252249480165,0.0,0.06237032183653379,0.04982573845784477,0.0,0.0235132198922412,0.51533885771311,0.46091789407653805,0.2604166666666667
bulk,bo-ei@gp-poisson,46,120.0,120.0,2.878434300189838,0.6379757001413964,3.0555199420060695,0.0,0.06237032183653379,0.04982573845784477,0.0,0.0235132198922412,0.47994918094003336,0.4572305879483574,0.2604166666666667
bulk,bo-ei@gp-poisson,46,180.0,180.0,4.224562999908812,0.8491836001048796,3.018425618143278,0.0,0.06237032183653379,0.04982573845784477,0.0,0.0,0.4247904011277676,0.45091919144595805,0.3333333333333333
bulk,bo-ei@gp-poisson,46,240.0,240.0,5.5459722997038625,0.956888000073377,2.986418927973603,0.0,0.06237032183653379,0.04982573845784477,0.0,0.0,0.3960485377600756,0.44656960079627184,0.5
bulk,bo-ei@gp-poisson,47,30.0,30.0,0.7239665997913107,0.30332379980245605,3.7778882855325633,0.7518408260002188,0.7853156713763885,0.754920479277751,0.584770074544561,0.5898569479792982,1.643837838005717,0.5031022284697432,0.13541666666666666
bulk,bo-ei@gp-poisson,47,60.0,60.0,1.4355174997472204,0.4482720998348668,3.578985372102164,0.16787775138573646,0.4578453757087324,0.5524911461177904,0.38450694154274945,0.4444550163870684,1.4806719658177243,0.5047085634769878,0.15625
bulk,bo-ei@gp-poisson,47,120.0,120.0,2.834654999722261,0.6758908996125683,3.3041117096746273,0.007429293762375999,0.08425184153325405,0.1951911807879757,0.3058188948241529,0.3345376598873332,1.265518008165587,0.5191600049688487,0.2604166666666667
bulk,bo-ei@gp-poisson,47,180.0,180.0,4.173252099775709,0.8822724996716715,3.2919692829620666,0.007429293762375999,0.08425184153325405,0.1951911807879757,0.23242272977429912,0.2672860984067047,1.2190250151016753,0.5232121507360239,0.4166666666666667
bulk,bo-ei@gp-poisson,47,240.0,240.0,5.529048999771476,0.9971710999379866,3.224111144216183,0.007429293762375999,0.0,0.012284294104503712,0.10572598686930368,0.09240464539231219,0.9200293793582764,0.5288697519247811,0.5
bulk,bo-ei@gp-poisson,48,30.0,30.0,0.6402986000757664,0.30466869997326285,3.34211424876707,0.0,0.0,0.07926557574964221,0.14737350038780028,0.18699899072956572,0.8085401453214756,0.5229351228268401,0.25
bulk,bo-ei@gp-poisson,48,60.0,60.0,1.3364059999003075,0.45447289990261197,3.29574212391417,0.0,0.0,0.07926557574964221,0.14737350038780028,0.18699899072956572,0.7070040523446105,0.5010181837651997,0.3020833333333333
bulk,bo-ei@gp-poisson,48,120.0,120.0,2.6672159998561256,0.6526116001186892,3.3279011156277996,0.0,0.0,0.07926557574964221,0.14737350038780028,0.18699899072956572,0.7107376160976873,0.44875338582381624,0.3229166666666667
bulk,bo-ei@gp-poisson,48,180.0,180.0,4.0450780997634865,0.8609170001582243,3.2340743138334367,0.0,0.0,0.07926557574964221,0.1542457108322145,0.18699899072956572,0.6383380774642078,0.5083590537007716,0.75
bulk,bo-ei@gp-poisson,48,240.0,240.0,5.456371399806812,0.9776308001601137,3.2020531850707576,0.0,0.0,0.0,0.13072285532264072,0.14650760289563214,0.5988936955137474,0.4983885690537604,0.75
bulk,bo-ei@gp-poisson,49,30.0,30.0,0.6805949999252334,0.2884821000043303,3.2041970011836987,0.7898917567195627,0.6838311102363761,0.6491715443352735,0.6415411697361577,0.6315160810286604,1.3553459222222468,0.4362878738159296,0.19791666666666666
bulk,bo-ei@gp-poisson,49,60.0,60.0,1.3923584997537546,0.4296845999197103,3.1630905969434155,0.41843685522238694,0.44896543147815826,0.46967250574186903,0.47499519967785697,0.4747519256190421,1.2650900163732992,0.43811410881187046,0.2604166666666667
bulk,bo-ei@gp-poisson,49,120.0,120.0,2.7158323997282423,0.6270733998389915,3.109941114601007,0.41843685522238694,0.44896543147815826,0.47733381695752697,0.47499519967785697,0.4695686973701979,1.25734563537402,0.44347274883220583,0.2708333333333333
bulk,bo-ei@gp-poisson,49,180.0,180.0,4.061630299896933,0.8129061000654474,3.030372765998454,0.0,0.0,0.09563253814132944,0.16420924559882377,0.17009327674163766,0.6875125712669519,0.4723224011314415,0.3541666666666667
bulk,bo-ei@gp-poisson,49,240.0,240.0,5.527869699639268,0.9147119998815469,3.030324738885472,0.0,0.0,0.09563253814132944,0.16420924559882377,0.17009327674163766,0.6873513390905085,0.4722297845420275,0.3541666666666667
bulk,bo-ei@gp-poisson-cat,0,30.0,30.0,0.6535993997822516,0.12622479983838275,3.2304454654173433,0.1419859063633485,0.3030603582697473,0.29329822549449425,0.35998729883416747,0.41714862477941217,1.1641091059658941,0.5658937659608665,0.25
bulk,bo-ei@gp-poisson-cat,0,60.0,60.0,1.314869999710936,0.20835979969706386,3.204391381297119,0.1419859063633485,0.3030603582697473,0.29329822549449425,0.35998729883416747,0.34822495353434535,1.1274987529368758,0.5520871473292477,0.34375
bulk,bo-ei@gp-poisson-cat,0,120.0,120.0,2.6592148998752236,0.34614359971601516,3.142776738132092,0.0,0.0,0.09812097291781519,0.08311315108860873,0.07256974881141376,0.7552691326095405,0.5405218180751842,0.5
bulk,bo-ei@gp-poisson-cat,0,180.0,180.0,3.9820609997259453,0.5116793995257467,3.1410807744039797,0.0,0.0,0.09812097291781519,0.08311315108860873,0.07256974881141376,0.7518623626568984,0.5361877661028087,0.75
bulk,bo-ei@gp-poisson-cat,0,240.0,240.0,5.437095599598251,0.6238743995781988,3.1191128619794948,0.0,0.0,0.051527828461635616,0.08311315108860873,0.07256974881141376,0.7414911561664494,0.5303266979444405,0.75
bulk,bo-ei@gp-poisson-cat,1,30.0,30.0,0.6845581998350099,0.13720889994874597,3.1679496528669073,0.0,0.0,0.0,0.07976230726472633,0.15656342596465866,0.9073814788987371,0.5636571478819029,0.20833333333333334
bulk,bo-ei@gp-poisson-cat,1,60.0,60.0,1.356932699738536,0.21827549970475957,3.161597203813203,0.0,0.0,0.1412068578851704,0.11413275709333726,0.14309020292380847,0.8668060120221114,0.5582578196328631,0.25
bulk,bo-ei@gp-poisson-cat,1,120.0,120.0,2.6655665996368043,0.3502457996364683,3.079439577764058,0.0,0.0,0.0,0.07976230726472633,0.09527590233873218,0.7641357973151679,0.5369133309352689,0.5
bulk,bo-ei@gp-poisson-cat,1,180.0,180.0,3.999618199421093,0.47767379973083735,3.0692872998403686,0.0,0.0,0.10767553164978882,0.08581301896825833,0.11785180534321849,0.7693611281635736,0.516542819587299,0.6145833333333334
bulk,bo-ei@gp-poisson-cat,1,240.0,240.0,5.439186399278697,0.5860379998921417,3.052902123044459,0.0,0.0,0.0776815525833866,0.15142095856683446,0.1813423893242464,0.7570012137742942,0.4911383674674629,0.75
bulk,bo-ei@gp-poisson-cat,2,30.0,30.0,0.6583382000681013,0.12089570017997175,3.2273038336570785,0.5886619625839584,0.46508569950179746,0.5417749870000883,0.569610854175773,0.5527277406506399,1.0773007602624125,0.5195770358596377,0.17708333333333334
bulk,bo-ei@gp-poisson-cat,2,60.0,60.0,1.3188476001960225,0.19807640020735562,3.201407505652741,0.0,0.0,0.0,0.05208034001929096,0.07983420757187643,0.6801118095936374,0.5167193126329094,0.25
bulk,bo-ei@gp-poisson-cat,2,120.0,120.0,2.6381717000040226,0.33204170037060976,3.1418645844176747,0.0,0.0,0.0,0.08534971746685627,0.1441735532509859,0.636697399505172,0.5098382667653906,0.4583333333333333
bulk,bo-ei@gp-poisson-cat,2,180.0,180.0,4.0051221995963715,0.46042360027786344,3.1326372041540895,0.0,0.0,0.0,0.08759364587848706,0.11263582639167247,0.6025184245238346,0.49171695389313314,0.5208333333333334
bulk,bo-ei@gp-poisson-cat,2,240.0,240.0,5.458199599699583,0.5667300000786781,3.107730893332114,0.0,0.0,0.0,0.050807553513752324,0.08021142641548229,0.5592386709193194,0.4813807906435003,0.5520833333333334
bulk,bo-ei@gp-poisson-cat,3,30.0,30.0,0.650942999869585,0.13254810008220375,3.352577449175662,0.0,0.0,0.1177423243450092,0.19849061789719102,0.16196568616794194,1.0757033233791287,0.5411359678363091,0.16666666666666666
bulk,bo-ei@gp-poisson-cat,3,60.0,60.0,1.3222735998569988,0.22141430026385933,3.2444344166619623,0.0,0.0,0.04911053994108194,0.04218096150325856,0.09015031721027633,0.7928469005871952,0.5145007143417174,0.3020833333333333
bulk,bo-ei@gp-poisson-cat,3,120.0,120.0,2.633826299570501,0.36587610020069405,3.2410067563058114,0.0,0.0,0.02980108744103438,0.04218096150325845,0.03750125105527535,0.7367886273047375,0.5049387336209028,0.5104166666666666
bulk,bo-ei@gp-poisson-cat,3,180.0,180.0,3.998514899460133,0.5069117000093684,3.211801593185372,0.0,0.0,0.02980108744103438,0.04218096150325845,0.03750125105527535,0.7114933219015755,0.4786230489625836,0.75
bulk,bo-ei@gp-poisson-cat,3,240.0,240.0,5.459647299547214,0.6182028998737223,3.196257950190976,0.0,0.0,0.02980108744103438,0.04218096150325845,0.09015031721027622,0.6952451460649648,0.47050153449307297,0.75
bulk,bo-ei@gp-poisson-cat,4,30.0,30.0,0.6892795002204366,0.13167000003159046,3.2085087054175667,0.0,0.0,0.0,0.057794955997924835,0.1038682892440661,1.0004879730237606,0.5413475318952164,0.22916666666666666
bulk,bo-ei@gp-poisson-cat,4,60.0,60.0,1.3573433000128716,0.21320110018132254,3.19489037808683,0.0,0.0,0.0,0.057794955997924835,0.1038682892440661,0.8759035638101443,0.5414970577445036,0.22916666666666666
bulk,bo-ei@gp-poisson-cat,4,120.0,120.0,2.668644000310451,0.337006900110282,3.1870071799949664,0.0,0.0,0.0,0.057794955997924835,0.1038682892440661,0.8582718775425383,0.5411879046451368,0.2604166666666667
bulk,bo-ei@gp-poisson-cat,4,180.0,180.0,4.044031199940946,0.47113510011695325,3.1700604328298474,0.0,0.0,0.0,0.057794955997924835,0.1038682892440661,0.8295041394202551,0.5257149445698942,0.3125
bulk,bo-ei@gp-poisson-cat,4,240.0,240.0,5.5786166997859254,0.5880889999098144,3.1274058413149146,0.0,0.0,0.0,0.057794955997924835,0.1038682892440661,0.7940647073479781,0.511865520269154,0.5
bulk,bo-ei@gp-poisson-cat,5,30.0,30.0,0.6836333999526687,0.1203201999887824,3.7710141607859415,0.6993682375849839,0.7096371028592765,0.7197630963642594,0.734776521854049,0.6148543794553787,1.341112912756415,0.515824253291707,0.11458333333333333
bulk,bo-ei@gp-poisson-cat,5,60.0,60.0,1.3659015999292023,0.2014411999261938,3.285409820382841,0.6749077284620688,0.5299531322178976,0.521024572429198,0.5463455364801466,0.5372040670201956,1.3062997803314738,0.5192264377883861,0.19791666666666666
bulk,bo-ei@gp-poisson-cat,5,120.0,120.0,2.6764891001512296,0.33439240034203976,3.149410283819922,0.4033847515582015,0.3668945498864521,0.39016276517967996,0.38223612389654504,0.39393155784252787,1.1974174745709223,0.511226735886667,0.3333333333333333
bulk,bo-ei@gp-poisson-cat,5,180.0,180.0,3.9910101001732983,0.46364360046572983,3.143865895681389,0.4033847515582015,0.3668945498864521,0.39016276517967996,0.38223612389654504,0.39393155784252787,1.2035668455699735,0.5012598621567851,0.3645833333333333
bulk,bo-ei@gp-poisson-cat,5,240.0,240.0,5.434941500599962,0.5808711004210636,3.1289525818051493,0.4033847515582015,0.3668945498864521,0.39016276517967996,0.36722986650603184,0.3395976087311733,1.1938643879453983,0.47952482923444,0.4166666666666667
bulk,bo-ei@gp-poisson-cat,6,30.0,30.0,0.694312599778641,0.12023679981939495,3.3491850553141624,0.6217707892858753,0.6131062229336764,0.6048365615856022,0.6492823687918632,0.6399990419686268,2.0026916004369917,0.5705120696787127,0.125
bulk,bo-ei@gp-poisson-cat,6,60.0,60.0,1.3337927996180952,0.2043864995939657,3.257096298034888,0.0,0.0,0.175436176277727,0.26828255294783465,0.29678335262524524,1.1062286853346743,0.5893893661313231,0.21875
bulk,bo-ei@gp-poisson-cat,6,120.0,120.0,2.709113099728711,0.3346148995333351,3.2260563250229892,0.0,0.0,0.11531492665278253,0.09831248927324532,0.1458275355199744,1.040089098982753,0.5823151965676318,0.28125
bulk,bo-ei@gp-poisson-cat,6,180.0,180.0,4.046020199661143,0.47187269967980683,3.15248449340239,0.0,0.0,0.0877606905831555,0.1395092334919008,0.12390258543303923,0.9170465897647359,0.5530445216956127,0.5104166666666666
bulk,bo-ei@gp-poisson-cat,6,240.0,240.0,5.5180326996487565,0.5774570998619311,3.1468842816389873,0.0,0.0,0.0877606905831555,0.1395092334919008,0.12390258543303923,0.9120302092717801,0.5488570637985745,0.53125
bulk,bo-ei@gp-poisson-cat,7,30.0,30.0,0.6990607001353055,0.128043899894692,3.2512563021161562,0.5501118058663186,0.4955360220509386,0.4185800425588617,0.48759398600155146,0.49140673919301436,0.7013275079795853,0.39909101737131714,0.15625
bulk,bo-ei@gp-poisson-cat,7,60.0,60.0,1.3738661001552828,0.20796469994820654,3.31940622107286,0.4835731242555318,0.4070092251104752,0.5212654547750298,0.5310604617262514,0.5551834584727988,0.692597956746891,0.4050973772470282,0.17708333333333334
bulk,bo-ei@gp-poisson-cat,7,120.0,120.0,2.698873800225556,0.3448634000378661,3.0736769068130108,0.3740439027225396,0.4070092251104752,0.32659786167449567,0.3694987037864206,0.4256395548681948,0.664383511855712,0.40739503925069004,0.3541666666666667
bulk,bo-ei@gp-poisson-cat,7,180.0,180.0,4.060645900550298,0.4987264003721066,3.0344707287443424,0.3740439027225396,0.3074701637067846,0.32659786167449567,0.3135619803807277,0.32455637043414587,0.6433176926915986,0.417382945744752,0.5208333333333334
bulk,bo-ei@gp-poisson-cat,7,240.0,240.0,5.540390700683929,0.6329894004156813,2.9831707091713384,0.0,0.1559949781898572,0.07119741508081112,0.05660915655211918,0.07475961113935048,0.44793012856441655,0.438973760906915,0.7083333333333334
bulk,bo-ei@gp-poisson-cat,8,30.0,30.0,0.6374950000317767,0.1264304000651464,3.488747264709097,0.427531462295199,0.5787684423969182,0.6361486343837062,0.6646552751052761,0.6851430680775985,2.8237311713070943,0.6152586741991026,0.19791666666666666
bulk,bo-ei@gp-poisson-cat,8,60.0,60.0,1.3115177999134175,0.21497390005970374,3.2476941808079167,0.427531462295199,0.5787684423969182,0.645535554961273,0.6348020630575113,0.5913649427693627,2.656917211206346,0.5481873344067221,0.3645833333333333
bulk,bo-ei@gp-poisson-cat,8,120.0,120.0,2.644520199508406,0.3695738000096753,3.0970275834202994,0.0,0.0,0.0,0.05852283048142781,0.04196268691994054,0.8504873085277747,0.522351588031465,0.4895833333333333
bulk,bo-ei@gp-poisson-cat,8,180.0,180.0,4.0905625994782895,0.5237645999295637,3.0742138490439324,0.0,0.0,0.0,0.05852283048142781,0.04196268691994054,0.7720440458105006,0.513260893198832,0.5
bulk,bo-ei@gp-poisson-cat,8,240.0,240.0,5.466253899270669,0.6242817997117527,3.0640301359560174,0.0,0.0,0.0,0.05852283048142781,0.04196268691994054,0.7155373288376013,0.5132444053549912,0.5
bulk,bo-ei@gp-poisson-cat,9,30.0,30.0,0.6577823997940868,0.13525580009445548,3.282129892148499,0.2785345721766399,0.0,0.04988883946136524,0.13262726323598917,0.05309983615220881,1.137322459274701,0.5846278627644461,0.25
bulk,bo-ei@gp-poisson-cat,9,60.0,60.0,1.3171117995516397,0.21916150010656565,3.225036477359241,0.0,0.0,0.04988883946136524,0.0,0.06870718743168969,0.8801459331094895,0.5820573762016549,0.25
bulk,bo-ei@gp-poisson-cat,9,120.0,120.0,2.6421792997862212,0.3635573001811281,3.2318901257370753,0.0,0.0,0.04988883946136524,0.0,0.06653276183530743,0.8593967733533514,0.5719826368178846,0.5
bulk,bo-ei@gp-poisson-cat,9,180.0,180.0,4.1232799997669645,0.512271000246983,3.182690596056536,0.0,0.0,0.04988883946136524,0.0,0.06653276183530743,0.809853697438031,0.5477270234396042,0.71875
bulk,bo-ei@gp-poisson-cat,9,240.0,240.0,5.436672999465372,0.6138022002996877,3.1463995727133494,0.0,0.0,0.04988883946136524,0.0,0.0,0.7444805817927652,0.5381330825138899,0.75
bulk,bo-ei@gp-poisson-cat,10,30.0,30.0,0.7058547000633553,0.1317372999037616,3.4848874111453014,0.7780411446350209,0.7771856328975533,0.7879715475911448,0.7858885630036939,0.7478701897826366,0.8422421693681409,0.4679492268656134,0.16666666666666666
bulk,bo-ei@gp-poisson-cat,10,60.0,60.0,1.3553874001372606,0.2117396998219192,3.944866027364364,0.7658642743321523,0.8334848411816528,0.872600279911693,0.861717712093763,0.7904970486527461,0.843880537703138,0.472639444179348,0.22916666666666666
bulk,bo-ei@gp-poisson-cat,10,120.0,120.0,2.639843200042378,0.34332379983970895,3.7687988608117173,0.0,0.2850646156945965,0.4894636182703208,0.5190571316593715,0.5263222569466925,0.7908220898300959,0.5047577601038165,0.3020833333333333
bulk,bo-ei@gp-poisson-cat,10,180.0,180.0,3.9739567996002734,0.4817707997863181,3.0989051623275956,0.0,0.20850842613038423,0.33385133105263953,0.385676854719601,0.37958803189809043,0.6559567031455315,0.48581367394094366,0.3854166666666667
bulk,bo-ei@gp-poisson-cat,10,240.0,240.0,5.321771599468775,0.5999505999498069,3.00157031036931,0.0,0.01569963375519612,-2.220446049250313e-16,0.0,0.038369191307698114,0.4688700205587109,0.4742970750736392,0.5520833333333334
bulk,bo-ei@gp-poisson-cat,11,30.0,30.0,0.7015822999528609,0.13654599990695715,3.7242540143077405,0.5403036241157084,0.7114058136262578,0.7562378653295376,0.657193903166468,0.6103228361871972,1.019540346469437,0.4695509071783003,0.15625
bulk,bo-ei@gp-poisson-cat,11,60.0,60.0,1.3772901998599991,0.21889289986575022,3.165817355122476,0.5955844820428887,0.5045775926842999,0.4969532702048265,0.4990082817879894,0.47381351441416664,0.9923126105605086,0.4902118608066856,0.3333333333333333
bulk,bo-ei@gp-poisson-cat,11,120.0,120.0,2.7452273999224417,0.3561850998084992,3.248480548768247,0.5955844820428887,0.5045775926842999,0.49773020311069904,0.49176992921217644,0.432633594382005,0.9791085925340974,0.4726071581780158,0.34375
bulk,bo-ei@gp-poisson-cat,11,180.0,180.0,4.073988599993754,0.4862349998438731,3.5436175532573677,0.5403036241157084,0.5045775926842999,0.4969532702048265,0.49176992921217644,0.432633594382005,1.0146655446017674,0.4732169830888922,0.34375
bulk,bo-ei@gp-poisson-cat,11,240.0,240.0,5.469725399918389,0.5951134998467751,3.623621092212994,0.527045799161744,0.46528221958594485,0.4347149372808059,0.4725681396010486,0.4504640489805247,1.0353061801236314,0.47753884584183376,0.34375
bulk,bo-ei@gp-poisson-cat,12,30.0,30.0,0.6780670000007376,0.12824299989733845,4.110810167239754,0.7079535076515404,0.682127028404877,0.608184096385722,0.5035351508978806,0.5164466637499595,1.2027781854301614,0.5534931565966376,0.14583333333333334
bulk,bo-ei@gp-poisson-cat,12,60.0,60.0,1.3326971000642516,0.2066754000261426,4.400462661228882,0.5313529318893826,0.5891396237815751,0.507063977135211,0.5270010415748633,0.5225342762855778,1.2323742535743951,0.5584377757858353,0.14583333333333334
bulk,bo-ei@gp-poisson-cat,12,120.0,120.0,2.685596300056204,0.3473010999732651,3.2523074788005473,0.0,0.03238764078072254,0.15731170651904414,0.21546316373940588,0.28612554297980763,0.9379479434075997,0.5689024172910185,0.34375
bulk,bo-ei@gp-poisson-cat,12,180.0,180.0,4.054027799807955,0.49086549947969615,3.1042839769110926,0.0,0.03238764078072254,0.15731170651904414,0.21546316373940588,0.24297305294273575,0.7737881508141087,0.5083719632164913,0.6041666666666666
bulk,bo-ei@gp-poisson-cat,12,240.0,240.0,5.425196499854792,0.6029649995034561,3.0814048577467212,0.0,0.03238764078072254,0.15731170651904414,0.20329311675175787,0.2324895644738979,0.740524666716766,0.5010022612894882,0.75
bulk,bo-ei@gp-poisson-cat,13,30.0,30.0,0.7162783998646773,0.13440029992489144,3.2430218430848314,0.8395255189728406,0.8020876029076898,0.7228037404072274,0.6786951280245485,0.5790805433846249,1.612307160441616,0.6070605769577048,0.22916666666666666
bulk,bo-ei@gp-poisson-cat,13,60.0,60.0,1.338215199590195,0.20652900001732633,3.189285987575172,0.0,0.12697587770414376,0.16769684775392946,0.20328906243300104,0.19205400061420863,0.8672522647050321,0.6035768016708131,0.2604166666666667
bulk,bo-ei@gp-poisson-cat,13,120.0,120.0,2.6958254992496222,0.3460949999280274,3.116728651684985,0.0,0.11087561601322549,0.1696570473199076,0.19084611224148462,0.1913931644439686,0.8349931689034663,0.5886925832074874,0.4583333333333333
bulk,bo-ei@gp-poisson-cat,13,180.0,180.0,4.039980299246963,0.46753189963055775,3.0994649962628618,0.0,0.11087561601322549,0.1696570473199076,0.19084611224148462,0.18078775174115458,0.8216244226367614,0.5777700910148565,0.5104166666666666
bulk,bo-ei@gp-poisson-cat,13,240.0,240.0,5.388099699164741,0.5785765997134149,3.025717143922801,0.0,0.0,0.06525183217863428,0.11444751259966912,0.10943315390506025,0.6739557761975149,0.5356439948045428,0.75
bulk,bo-ei@gp-poisson-cat,14,30.0,30.0,0.6553070000954904,0.13324969995301217,3.1828132639344466,0.2703803151736829,0.3677446822649605,0.39515423986618237,0.3997036318572521,0.44566898084723094,1.1220538996661695,0.5567062418968279,0.20833333333333334
bulk,bo-ei@gp-poisson-cat,14,60.0,60.0,1.2906887999270111,0.2183443998801522,3.064578306774674,0.0,0.0,0.06273154742100173,0.04953466319969879,0.06772541827144496,0.707470078095079,0.5477386916776628,0.3229166666666667
bulk,bo-ei@gp-poisson-cat,14,120.0,120.0,2.6633840000722557,0.36728380009299144,3.021495862965933,0.0,0.0,0.06273154742100173,0.14505073242222966,0.08275953574740946,0.6605633658256295,0.5160668092738123,0.5208333333333334
bulk,bo-ei@gp-poisson-cat,14,180.0,180.0,4.038004799745977,0.5021232999279164,2.9943977661977708,0.0,0.0,0.06273154742100173,0.04953466319969879,0.06772541827144496,0.6153219809557017,0.4933053459369779,0.75
bulk,bo-ei@gp-poisson-cat,14,240.0,240.0,5.434825099597219,0.6019698999589309,2.9898977717933284,0.0,0.0,0.06273154742100173,0.1280145904907929,0.1473494081503418,0.6185008471644121,0.48943311922460636,0.75
bulk,bo-ei@gp-poisson-cat,15,30.0,30.0,0.7110136001720093,0.13787720003165305,3.539025946514806,0.0,0.0,0.10588334953726153,0.17283241738550637,0.10529336603076,1.0648635116309988,0.5302735593328275,0.14583333333333334
bulk,bo-ei@gp-poisson-cat,15,60.0,60.0,1.4090173004660755,0.22157750016776845,3.5085723234207022,0.0,0.0,0.0,0.03712017172502291,0.06813667097229348,0.9336409331296215,0.5169547543144406,0.25
bulk,bo-ei@gp-poisson-cat,15,120.0,120.0,2.6485037007951178,0.3400742002413608,3.5075545741946628,0.0,0.0,0.0,0.03712017172502291,0.06813667097229348,0.9358879219079456,0.5142525531391531,0.2708333333333333
bulk,bo-ei@gp-poisson-cat,15,180.0,180.0,4.018345300981309,0.47492389992112294,3.4521696174919208,0.0,0.0,0.0,0.03712017172502291,0.06813667097229348,0.7867407492613879,0.49336953324753346,0.5
bulk,bo-ei@gp-poisson-cat,15,240.0,240.0,5.341615400742739,0.5777213996625505,3.420012576702854,0.0,0.0,0.0,0.03712017172502291,0.06813667097229348,0.7664887226235507,0.48608457625012436,0.59375
bulk,bo-ei@gp-poisson-cat,16,30.0,30.0,0.7053134000161663,0.12830609985394403,3.2242698673823083,0.5545026744979551,0.6827597683696072,0.6838635363793155,0.7145086876506221,0.7188497499629296,1.399917843568248,0.5937547950324367,0.21875
bulk,bo-ei@gp-poisson-cat,16,60.0,60.0,1.4015614999225363,0.21419029973912984,3.2402246230266685,0.30823435120041587,0.32776565412083536,0.3885970861602531,0.45579654284371107,0.5077738672890888,1.314401699885055,0.577019141772297,0.28125
bulk,bo-ei@gp-poisson-cat,16,120.0,120.0,2.7108718000818044,0.3597732999478467,3.137214499408078,0.0,0.0,0.05037921940374224,0.11872239330047596,0.05297643829374721,0.7222885320745024,0.5599057427352867,0.53125
bulk,bo-ei@gp-poisson-cat,16,180.0,180.0,4.085895300086122,0.5023637997219339,3.114668112435903,0.0,0.0,0.05037921940374224,0.11872239330047596,0.05297643829374721,0.6932266291806303,0.5302405536844403,0.75
bulk,bo-ei@gp-poisson-cat,16,240.0,240.0,5.4654714003554545,0.6071190999355167,3.093145664871345,0.0,0.0,0.05037921940374224,0.11872239330047596,0.05297643829374721,0.6833239754594661,0.5286000518866352,0.75
bulk,bo-ei@gp-poisson-cat,17,30.0,30.0,0.6724775999900885,0.13423360011074692,3.295572676789215,0.0,0.0,0.03323486981016366,0.06969265443945338,0.13354459643280825,1.0221290462667167,0.4919521129304364,0.09375
bulk,bo-ei@gp-poisson-cat,17,60.0,60.0,1.355588199920021,0.21888870024122298,3.236634925793709,0.0,0.0,0.05792340053811418,0.0707671713532323,0.09639049818949541,0.753642098131036,0.46683096805073304,0.25
bulk,bo-ei@gp-poisson-cat,17,120.0,120.0,2.6855194997624494,0.3409794001490809,3.2327233849614068,0.0,0.0,0.05792340053811418,0.0707671713532323,0.09639049818949541,0.743042420818688,0.4668134967100939,0.25
bulk,bo-ei@gp-poisson-cat,17,180.0,180.0,4.06930850003846,0.4699243000941351,3.2123857717871993,0.0,0.0,0.05792340053811418,0.0707671713532323,0.09639049818949541,0.7125576064998689,0.46425076865760273,0.2916666666666667
bulk,bo-ei@gp-poisson-cat,17,240.0,240.0,5.442850600229576,0.5851072004297748,3.1987859699991645,0.0,0.0,0.05792340053811418,0.0707671713532323,0.09639049818949541,0.7066884971829702,0.45711894683461046,0.5
bulk,bo-ei@gp-poisson-cat,18,30.0,30.0,0.676621799939312,0.12898939999286085,3.2626322445626204,0.0,0.20794791888610165,0.3373761170686582,0.43300475895550705,0.4726183796082598,0.8775851579550682,0.5895302204588266,0.16666666666666666
bulk,bo-ei@gp-poisson-cat,18,60.0,60.0,1.3479066000436433,0.21681269985856488,3.131624129459633,0.0,0.04572703425338642,0.15400109843593457,0.2086029007289878,0.2654375316481805,0.7822657767175026,0.5651597654107364,0.3645833333333333
bulk,bo-ei@gp-poisson-cat,18,120.0,120.0,2.6879769002553076,0.3503232999937609,3.1187710900827788,0.0,0.04572703425338642,0.15400109843593457,0.16746394168473222,0.21118909124472074,0.7572344105329948,0.5268036009254936,0.4270833333333333
bulk,bo-ei@gp-poisson-cat,18,180.0,180.0,4.0740862000966445,0.47776629991130903,3.2218017448224887,0.0,0.20794791888610165,0.21133439752495942,0.1674639416847321,0.17949643076998512,0.7867042633789398,0.5204257409311506,0.4270833333333333
bulk,bo-ei@gp-poisson-cat,18,240.0,240.0,5.4577875002869405,0.5756598997977562,3.216325947385853,0.0,0.20794791888610165,0.21133439752495942,0.1674639416847321,0.17949643076998512,0.7859760238895015,0.5008055129663267,0.4375
bulk,bo-ei@gp-poisson-cat,19,30.0,30.0,0.657892000162974,0.124234999937471,3.6970125102545484,0.8789353460442672,0.8598126012487599,0.8047600110399754,0.7619658986119202,0.7549582300647767,1.3649267240300564,0.5508757060012616,0.17708333333333334
bulk,bo-ei@gp-poisson-cat,19,60.0,60.0,1.356239800225012,0.20509239967213944,3.772665780284882,0.8239551180034187,0.8288331026578244,0.3948998555981986,0.3395849994346639,0.3955888289855546,1.3333070660238968,0.5433800586623234,0.2604166666666667
bulk,bo-ei@gp-poisson-cat,19,120.0,120.0,2.633557500259485,0.34497879969421774,3.223063090791159,0.0,0.0,0.10614598625102656,0.16831159294767883,0.13248115130016913,0.8009240365070819,0.5311688773876582,0.40625
bulk,bo-ei@gp-poisson-cat,19,180.0,180.0,3.9945480002788827,0.4746658998192288,3.1711539872742787,0.0,0.0,0.035192668902821356,0.10862700746803933,0.15844280425162727,0.7153174464141767,0.5232017847733107,0.59375
bulk,bo-ei@gp-poisson-cat,19,240.0,240.0,5.3526698999339715,0.5883669996983372,3.1119898815626708,0.0,0.0,0.035192668902821356,0.10862700746803933,0.15844280425162727,0.6995008744269765,0.5133747418153983,0.7604166666666666
bulk,bo-ei@gp-poisson-cat,20,30.0,30.0,0.6652154000476003,0.12849579990142956,3.241179194847465,0.0,0.0,0.07178712838251866,0.1722855245005228,0.15329976612345364,0.8708308401095162,0.5126075976412392,0.15625
bulk,bo-ei@gp-poisson-cat,20,60.0,60.0,1.3203477999777533,0.20957519981311634,3.2129692984048432,0.0,0.013225603958854748,0.08364033203068588,0.06371413304471707,0.10550638918352018,0.8124548032833989,0.5048750866417804,0.25
bulk,bo-ei@gp-poisson-cat,20,120.0,120.0,2.639145100081805,0.33095129986759275,3.2122489426209477,0.0,0.013225603958854748,0.08364033203068588,0.06371413304471707,0.10550638918352018,0.8122742814939199,0.5048687604444501,0.25
bulk,bo-ei@gp-poisson-cat,20,180.0,180.0,3.9876182000734843,0.46805139974458143,3.1842765129663264,0.0,0.013225603958854748,0.08364033203068588,0.06371413304471707,0.10550638918352018,0.7825801309526509,0.4941896828641256,0.5
bulk,bo-ei@gp-poisson-cat,20,240.0,240.0,5.315497199888341,0.5656508997781202,3.198932110692373,0.0,0.08721791592256556,0.07238574600322889,0.11842892852106823,0.15105573356379132,0.8245072574723151,0.4950293850172353,0.5
bulk,bo-ei@gp-poisson-cat,21,30.0,30.0,0.638260799983982,0.12193849997129291,4.407423869881734,0.341789308286889,0.46244927359634036,0.4928893324800754,0.5656245402172961,0.5724330009267129,0.995783505636934,0.5795574611924641,0.125
bulk,bo-ei@gp-poisson-cat,21,60.0,60.0,1.3030039999866858,0.20881649979855865,3.215643684689431,0.0,0.004890268971063372,0.007846699964304538,0.01242623547347621,0.0,0.7753003238811182,0.5396299149253948,0.3125
bulk,bo-ei@gp-poisson-cat,21,120.0,120.0,2.6336590998107567,0.35606859950348735,3.134887268032576,0.0,0.004890268971063372,0.015957530422895827,0.006315957826361962,0.0,0.6263882367509623,0.5081757414302706,0.5416666666666666
bulk,bo-ei@gp-poisson-cat,21,180.0,180.0,3.9504675000789575,0.4971155993989669,3.1205567647319907,0.0,0.022429528172459468,0.015957530422895716,0.006315957826361851,-2.220446049250313e-16,0.5536483123891044,0.5261026634130461,0.6041666666666666
bulk,bo-ei@gp-poisson-cat,21,240.0,240.0,5.3206418002955616,0.6101963994442485,3.083253217572443,0.0,0.022429528172459468,0.015957530422895716,0.006315957826361851,-2.220446049250313e-16,0.5042143836354028,0.4945134477894356,0.7708333333333334
bulk,bo-ei@gp-poisson-cat,22,30.0,30.0,0.6935072999913245,0.12650019983993843,3.6256977112308637,0.0,0.3048491510866297,0.3384277256286531,0.33990771947160636,0.35020130920796555,2.248438118213917,0.5651145632832396,0.15625
bulk,bo-ei@gp-poisson-cat,22,60.0,60.0,1.3743447998422198,0.20542959973681718,3.530554187437063,0.0,0.3048491510866297,0.3384277256286531,0.33990771947160636,0.35020130920796555,2.184000979007192,0.5491693208207716,0.22916666666666666
bulk,bo-ei@gp-poisson-cat,22,120.0,120.0,2.7427840000600554,0.3275245998520404,3.5251724205377712,0.0,0.3048491510866297,0.3384277256286531,0.33990771947160636,0.35020130920796555,2.1764285737018194,0.5481443242282369,0.25
bulk,bo-ei@gp-poisson-cat,22,180.0,180.0,4.14232720003929,0.4475070997723378,3.5251132570673445,0.0,0.3048491510866297,0.3384277256286531,0.33990771947160636,0.35020130920796555,2.176510731664585,0.5481436387199506,0.25
bulk,bo-ei@gp-poisson-cat,22,240.0,240.0,5.470728300104383,0.5525582996197045,3.4958637803243646,0.0,0.3048491510866297,0.3384277256286531,0.33990771947160636,0.35020130920796555,2.1669059253166023,0.5285084569663472,0.4375
bulk,bo-ei@gp-poisson-cat,23,30.0,30.0,0.665115799929481,0.13458889996400103,3.321199538079244,0.0,0.1410919313656126,0.2226194297622971,0.24647228708108782,0.2636896833138438,1.210317950973759,0.5545843665511422,0.10416666666666667
bulk,bo-ei@gp-poisson-cat,23,60.0,60.0,1.3446399997919798,0.2163065998465754,3.3114675214008096,0.0,0.0,0.04842216513930142,0.09128235294387554,0.11333767646875736,1.0772451780611845,0.5500952059587616,0.13541666666666666
bulk,bo-ei@gp-poisson-cat,23,120.0,120.0,2.681028999853879,0.35203700023703277,3.2989519704856303,0.0,0.0,0.04842216513930142,0.09128235294387554,0.11333767646875736,0.9536186169286535,0.5404075569285112,0.25
bulk,bo-ei@gp-poisson-cat,23,180.0,180.0,4.013926699815784,0.5221062003984116,3.297086451837154,0.0,0.0,0.04842216513930142,0.09128235294387554,0.11333767646875736,0.9484418789354953,0.5404145706516248,0.25
bulk,bo-ei@gp-poisson-cat,23,240.0,240.0,5.318051899666898,0.617959700350184,3.2971139872275868,0.0,0.0,0.04842216513930142,0.09128235294387554,0.11333767646875736,0.9483517099754272,0.5404170865181244,0.25
bulk,bo-ei@gp-poisson-cat,24,30.0,30.0,0.6751716998987831,0.12717210000846535,3.231879548595131,0.3133228403882854,0.16449429928248105,0.2328798395769479,0.278358701244917,0.3431884182136532,0.9520865992385874,0.524882272508663,0.22916666666666666
bulk,bo-ei@gp-poisson-cat,24,60.0,60.0,1.3643002000753768,0.21636789984768257,3.2188709090052883,0.3133228403882854,0.3945989660706194,0.40201163392813255,0.41512211134340515,0.44089585273019083,0.9350649308557564,0.5236722283823789,0.3125
bulk,bo-ei@gp-poisson-cat,24,120.0,120.0,2.688247899990529,0.36803280003368855,3.122082592454541,0.3133228403882854,0.11449552435351973,0.19612968306281586,0.16350858132416624,0.2095651089593661,0.6952172558242704,0.49108824911574805,0.5208333333333334
bulk,bo-ei@gp-poisson-cat,24,180.0,180.0,4.108002400083933,0.5312109998194501,3.1304703010385477,0.0952358728844116,0.16449429928248105,-2.220446049250313e-16,0.009018496620768368,0.060482508861736006,0.6479745457459284,0.4857037388138279,0.6979166666666666
bulk,bo-ei@gp-poisson-cat,24,240.0,240.0,5.410473300435115,0.6426230000797659,3.0848005657625897,0.0952358728844116,0.16449429928248105,-2.220446049250313e-16,0.004914129109519605,0.00760114510952814,0.5814422194430735,0.4701120053415069,0.75
bulk,bo-ei@gp-poisson-cat,25,30.0,30.0,0.6566117999027483,0.13179629988735542,3.4000782609602673,0.0,0.32176142090764126,0.36132972125610363,0.3978354042449619,0.36888697638890366,0.9589616946177818,0.506262091994993,0.125
bulk,bo-ei@gp-poisson-cat,25,60.0,60.0,1.3450305999722332,0.2210361998877488,3.106414397020089,0.0,0.0,0.10830087873484273,0.13621904069516888,0.12151499338400618,0.6348992456050725,0.5161107967981058,0.2916666666666667
bulk,bo-ei@gp-poisson-cat,25,120.0,120.0,2.705943000037223,0.35422989953076467,3.077531878094352,0.0,0.0,0.10830087873484273,0.13621904069516888,0.12151499338400618,0.5541071863852285,0.48869901227008233,0.3854166666666667
bulk,bo-ei@gp-poisson-cat,25,180.0,180.0,4.122064099821728,0.5016739992424846,3.086444280867324,0.0,0.0,0.10830087873484273,0.09739995087729147,0.12151499338400618,0.5965259827870929,0.5086673157762132,0.5625
bulk,bo-ei@gp-poisson-cat,25,240.0,240.0,5.439716199354734,0.6027476990129799,3.05754307063877,0.0,0.0,0.10830087873484273,0.09739995087729147,0.152637962612311,0.5693333541292208,0.4860363767359622,0.65625
bulk,bo-ei@gp-poisson-cat,26,30.0,30.0,0.6961157998885028,0.13578610005788505,3.3587487572863086,0.5505613137575949,0.3257007153448721,0.3711127501842908,0.16064401850444943,0.2293145226996901,0.9864750933919908,0.4849757895292848,0.25
bulk,bo-ei@gp-poisson-cat,26,60.0,60.0,1.3988742997171357,0.21841330011375248,3.2977415529355554,0.0,0.0,0.13245186067683523,0.10810823734889108,0.13315289745721526,0.8019465814545857,0.4786977107079074,0.3125
bulk,bo-ei@gp-poisson-cat,26,120.0,120.0,2.813930999545846,0.35758910002186894,3.2159450848820903,0.0,0.0,0.13245186067683523,0.16064401850444943,0.13028401300177028,0.6947092150397202,0.4471380187511854,0.4375
bulk,bo-ei@gp-poisson-cat,26,180.0,180.0,4.208709899976384,0.510779200179968,3.160701619484744,0.0,0.0,0.13245186067683523,0.16064401850444943,0.13028401300177028,0.6422837038160295,0.4216369274797796,0.75
bulk,bo-ei@gp-poisson-cat,26,240.0,240.0,5.567986099747941,0.6208544003311545,3.164722186546521,0.0,0.0,0.13245186067683523,0.16064401850444943,0.13028401300177028,0.6270182666443012,0.420465507181034,0.75
bulk,bo-ei@gp-poisson-cat,27,30.0,30.0,0.6168581999954768,0.11643630015896633,3.1541231871111424,0.23520645898414705,0.319108430915658,0.47272179361773137,0.5238013610758592,0.5326168099228792,0.7360584741110556,0.5139815486844792,0.15625
bulk,bo-ei@gp-poisson-cat,27,60.0,60.0,1.3492647001403384,0.20124420057982206,3.120054357381605,0.09687691091996087,0.14745465975996241,0.1492463515846919,0.24193613543002845,0.2573353052586498,0.7102505340263514,0.5259424413360435,0.28125
bulk,bo-ei@gp-poisson-cat,27,120.0,120.0,2.774837000120897,0.34949170058825985,3.0893271983915427,0.09687691091996087,0.0490082422993261,0.0756479823579419,0.0642287163148696,0.15225865255229898,0.6107393688041278,0.5230070061354115,0.4270833333333333
bulk,bo-ei@gp-poisson-cat,27,180.0,180.0,4.099656800390221,0.49446350056678057,3.0454337498269015,0.0,0.037245133134619635,0.0,0.0,0.0,0.48834902164818683,0.5304158400401997,0.625
bulk,bo-ei@gp-poisson-cat,27,240.0,240.0,5.4466512007056735,0.6100898004951887,3.0225903488998824,0.0,0.037245133134619635,0.0,0.0,0.0,0.4594034654988948,0.5070991735033634,0.75
bulk,bo-ei@gp-poisson-cat,28,30.0,30.0,0.67397439974593,0.11706689989659935,3.3605866251678056,0.7631554991098335,0.6905338887291603,0.7018038695759494,0.697435964331835,0.6993406924184483,1.2212362448717513,0.5297446238954453,0.20833333333333334
bulk,bo-ei@gp-poisson-cat,28,60.0,60.0,1.3592909997678362,0.2006953996606171,3.336165170571988,0.5637173638528568,0.3757570587096275,0.3282441910805922,0.3422522982930626,0.3432974388561981,1.167010559595835,0.5304329062249309,0.2916666666666667
bulk,bo-ei@gp-poisson-cat,28,120.0,120.0,2.7788442996679805,0.3460220997221768,3.2632674915043283,0.6356449631964014,0.42370183547621587,0.3282441910805922,0.3422522982930626,0.3432974388561981,1.1180984450459024,0.499791091809653,0.4479166666666667
bulk,bo-ei@gp-poisson-cat,28,180.0,180.0,4.11905299971113,0.4846182996989228,3.1890128438103424,0.0,0.0905619224480666,0.037143087776809525,0.009746287568244694,0.05937019618707373,0.6525176988811292,0.4923720043196486,0.5520833333333334
bulk,bo-ei@gp-poisson-cat,28,240.0,240.0,5.419526899815537,0.5793808995513245,3.1912066603991662,0.0,0.0905619224480666,0.037143087776809525,0.009746287568244694,0.05937019618707373,0.6540004032111707,0.48567876307394453,0.5729166666666666
bulk,bo-ei@gp-poisson-cat,29,30.0,30.0,0.6809541998663917,0.13280910003231838,3.9887284722014917,0.9397530100145787,0.9306383627460436,0.8388568464922169,0.7577029960067181,0.7399719441419279,1.7803591159352894,0.48242380650465216,0.1875
bulk,bo-ei@gp-poisson-cat,29,60.0,60.0,1.3803005998488516,0.2177135001984425,4.668454352207462,0.9397530100145787,0.83976999954863,0.748987755887419,0.7323713336966704,0.7062890550020591,1.770805024196303,0.4692087358433228,0.21875
bulk,bo-ei@gp-poisson-cat,29,120.0,120.0,2.7643749999115244,0.35464240016881377,3.4665176570908414,0.8252078902890627,0.7512792256553489,0.6710865901615418,0.6627467632525259,0.6428945466317624,1.6872786124294556,0.45907777720962806,0.23958333333333334
bulk,bo-ei@gp-poisson-cat,29,180.0,180.0,4.12376730015967,0.4942607002449222,2.9835906392528586,0.0,0.09242521024766526,0.08136477176067602,0.08951623673739051,0.08150625250432997,0.5505924921021825,0.47933279446002813,0.375
bulk,bo-ei@gp-poisson-cat,29,240.0,240.0,5.468380200094543,0.5954343001940288,2.980937673322582,0.0,0.09242521024766526,0.08136477176067602,0.08951623673739051,0.08150625250432997,0.5417663777845717,0.4793436346300885,0.375
bulk,bo-ei@gp-poisson-cat,30,30.0,30.0,0.6740115996799432,0.13079990015830845,3.307728637477797,0.0,0.06508524388206216,0.0245066728743909,0.17443640690257023,0.23475158371776972,0.9052526245822775,0.546984075558898,0.25
bulk,bo-ei@gp-poisson-cat,30,60.0,60.0,1.367426899727434,0.22012900025583804,3.2587641974675097,0.0,0.06508524388206216,0.0245066728743909,0.19832750492406304,0.2317823707916199,0.8712720947282816,0.5363412396791345,0.3958333333333333
bulk,bo-ei@gp-poisson-cat,30,120.0,120.0,2.810942299605813,0.3709287000237964,3.172556145271715,0.0,0.06508524388206216,0.0245066728743909,0.08454661313088396,0.13402638480408968,0.711190637827025,0.5078525044806685,0.6041666666666666
bulk,bo-ei@gp-poisson-cat,30,180.0,180.0,4.168755899823736,0.5123588000424206,3.104869802756314,0.0,0.0,0.024506672874391122,0.1583683210555834,0.1977311654373931,0.6388680182953927,0.49676628237401144,0.75
bulk,bo-ei@gp-poisson-cat,30,240.0,240.0,5.540612299693748,0.6283972996170633,3.0873279261806648,0.0,0.0,0.024506672874391122,0.1583683210555834,0.06810690704386235,0.5994969117565202,0.48574417970349615,0.75
bulk,bo-ei@gp-poisson-cat,31,30.0,30.0,0.6977248001494445,0.1288182000280358,3.0875317570380942,0.06274080504417423,0.09456689760901471,0.2886490572381005,0.4005718245755441,0.20734496661200574,0.7618011556626136,0.5619060688824864,0.23958333333333334
bulk,bo-ei@gp-poisson-cat,31,60.0,60.0,1.3567913000588305,0.20687009987886995,3.0583199905779863,0.0,0.0,0.0,0.16507801479423156,0.20734496661200574,0.634625376807541,0.5524167471249255,0.3541666666666667
bulk,bo-ei@gp-poisson-cat,31,120.0,120.0,2.8132077003247105,0.3577406998956576,3.024942309488375,0.0,0.06218052142995889,0.0,0.16507801479423156,0.20734496661200574,0.5716632053494687,0.5405120581985904,0.59375
bulk,bo-ei@gp-poisson-cat,31,180.0,180.0,4.1100570999551564,0.4927708997274749,2.9992718038125905,0.06274080504417423,0.0,0.0,0.16507801479423156,0.20734496661200574,0.5362132583901863,0.5099409089346592,0.75
bulk,bo-ei@gp-poisson-cat,31,240.0,240.0,5.448196699551772,0.6044733997550793,2.970228981832307,0.06274080504417423,0.0,0.0,0.16507801479423156,0.19304331727914237,0.5015097535825529,0.5022570254772272,0.75
bulk,bo-ei@gp-poisson-cat,32,30.0,30.0,0.6933340998948552,0.12202880013501272,3.547062149078967,0.8758061789474529,0.8126697263603222,0.7239524906226404,0.5351426299597359,0.5547829748533516,1.1789978680951028,0.5188453036538176,0.15625
bulk,bo-ei@gp-poisson-cat,32,60.0,60.0,1.3555541998357512,0.19735000014770776,3.903890092478571,0.5760572684901295,0.6311329242448742,0.5931857194202655,0.6188490635251657,0.5959152812091284,1.167930208894457,0.49380504341871356,0.22916666666666666
bulk,bo-ei@gp-poisson-cat,32,120.0,120.0,2.708264099957887,0.3581686003599316,3.2485688535206463,0.5302285831968423,0.3211221059549567,0.32603564788823713,0.3491015161922417,0.3315811333775024,1.044928211072563,0.5022904927180879,0.34375
bulk,bo-ei@gp-poisson-cat,32,180.0,180.0,4.037937200046144,0.4973292000941001,3.1602074378462164,0.3488256542786353,0.3211221059549567,0.32603564788823713,0.34041369772559704,0.34880234055685777,1.0076277089807755,0.5072713639593389,0.5416666666666666
bulk,bo-ei@gp-poisson-cat,32,240.0,240.0,5.440766400075518,0.6159587003057823,3.133925570610682,0.3488256542786353,0.3211221059549567,0.32603564788823713,0.3271849186097192,0.3298021001707607,0.9980794032833533,0.48861505759049756,0.59375
bulk,bo-ei@gp-poisson-cat,33,30.0,30.0,0.6571011999621987,0.12605389999225736,3.706199871395994,0.6609078024146302,0.6160181804136333,0.6194783102790106,0.6274571988059987,0.6509036032598071,2.7010829047789593,0.5127506532255306,0.1875
bulk,bo-ei@gp-poisson-cat,33,60.0,60.0,1.3758566002361476,0.19991900003515184,3.5956829314636605,0.0,0.027815983603494576,0.11545396376132322,0.22490367947963263,0.3041204985077306,1.4576558864254519,0.502158317253948,0.23958333333333334
bulk,bo-ei@gp-poisson-cat,33,120.0,120.0,2.711606900440529,0.32882640027673915,3.597141453052705,0.0,0.027815983603494576,0.11545396376132322,0.20377917842585913,0.22026918946650653,1.4491854578398515,0.49961588383428884,0.2604166666666667
bulk,bo-ei@gp-poisson-cat,33,180.0,180.0,4.065392900665756,0.45805440039839596,3.5936753527203122,0.0,0.027815983603494576,0.11545396376132322,0.20377917842585913,0.22026918946650653,1.442413427054608,0.49897272110396307,0.2708333333333333
bulk,bo-ei@gp-poisson-cat,33,240.0,240.0,5.423822000739165,0.5739539004280232,3.4772802024704426,0.0,0.0,0.0,0.05782688318142193,0.050630711633390946,1.0228259897771919,0.47179615693979776,0.5
bulk,bo-ei@gp-poisson-cat,34,30.0,30.0,0.6907599998521619,0.13103849987965077,3.1251209703451757,0.0,0.0,0.06691769435343764,0.21294929312024535,0.29976207989655956,0.9086008872077643,0.5720950839425397,0.21875
bulk,bo-ei@gp-poisson-cat,34,60.0,60.0,1.3306753997458145,0.21400519995950162,3.0725375624384874,0.0,0.0,0.06691769435343764,0.16625810731097246,0.2022264227496141,0.7520512154281028,0.5362810003905003,0.2916666666666667
bulk,bo-ei@gp-poisson-cat,34,120.0,120.0,2.673352899902966,0.35043120046611875,3.0387442201257984,0.0,0.0,0.06691769435343764,0.16625810731097246,0.2022264227496141,0.6886627913704355,0.5118870022478846,0.4791666666666667
bulk,bo-ei@gp-poisson-cat,34,180.0,180.0,4.027233699685894,0.48499310051556677,3.0086464190896387,0.0,0.0,0.06691769435343764,0.16625810731097246,0.11583431214220519,0.6220286627117962,0.505541025996045,0.6041666666666666
bulk,bo-ei@gp-poisson-cat,34,240.0,240.0,5.401746699644718,0.5933514006319456,2.9972000390201017,0.0,0.0,0.15854709995568483,0.1737071512087931,0.21903066426682583,0.5965547566758636,0.48974681715847673,0.6770833333333334
bulk,bo-ei@gp-poisson-cat,35,30.0,30.0,0.6926506000454538,0.14690440002596006,3.102303686479535,0.03727130723871708,0.2767205349669819,0.45897890589218804,0.46440369044451413,0.4670880002864821,0.7498278346437589,0.5475217427126151,0.14583333333333334
bulk,bo-ei@gp-poisson-cat,35,60.0,60.0,1.3922699998947792,0.22739279986126348,3.0121694949450535,0.03727130723871708,0.28019429645802607,0.40945338217311633,0.3437072637124341,0.32314166977981873,0.6980893832764669,0.5526753464927874,0.2916666666666667
bulk,bo-ei@gp-poisson-cat,35,120.0,120.0,2.7245968999923207,0.36695820005843416,2.9853476051473495,0.0,0.002499023648485754,0.13214871376243054,0.14642117860150672,0.02937541760549256,0.5303133525437037,0.5650755418117789,0.5520833333333334
bulk,bo-ei@gp-poisson-cat,35,180.0,180.0,4.025323299807496,0.501840099983383,2.8988275059211333,0.0,0.002499023648485754,0.0,0.0,0.02937541760549256,0.44013654839998567,0.5306168856833009,0.75
bulk,bo-ei@gp-poisson-cat,35,240.0,240.0,5.3542371997609735,0.6048500000615604,2.8774715700708655,0.0,0.002499023648485754,0.13214871376243054,0.0,0.02937541760549256,0.42084801864925847,0.5168706734390757,0.75
bulk,bo-ei@gp-poisson-cat,36,30.0,30.0,0.7237893998390064,0.13807699998142198,3.697239469462591,0.5930543431281756,0.7086831836965568,0.7482859155508235,0.7669833065722566,0.7784865200709161,1.5178537307068087,0.6422195097433866,0.15625
bulk,bo-ei@gp-poisson-cat,36,60.0,60.0,1.3817246996914037,0.23338729998795316,3.157570126708284,0.5930543431281756,0.5473595218348615,0.5806952207473484,0.5535130392055468,0.5474344591016764,1.3689957367719026,0.5602804796572746,0.4375
bulk,bo-ei@gp-poisson-cat,36,120.0,120.0,2.72381819965085,0.3798010997707024,3.11436902357651,0.5930543431281756,0.6598697840206861,0.6701991426001749,0.6323303863911414,0.5822008948986668,1.3523124154309842,0.5080615035535405,0.6354166666666666
bulk,bo-ei@gp-poisson-cat,36,180.0,180.0,4.101956700033043,0.5138373996596783,3.149319165941963,0.5930543431281756,0.5844977061760004,0.48500644777885726,0.5046084212482855,0.4798176873478609,1.3536711365002434,0.5136793876808676,0.6458333333333334
bulk,bo-ei@gp-poisson-cat,36,240.0,240.0,5.3923184998566285,0.6115663992823102,3.1094137945811666,0.5930543431281756,0.5844977061760004,0.5675033044883213,0.5772553317119606,0.4798176873478609,1.3434335693775905,0.48857279527120256,0.65625
bulk,bo-ei@gp-poisson-cat,37,30.0,30.0,0.7197796999826096,0.12371339998207986,3.068749810914029,0.2346261350567539,0.2712777036835742,0.34543506074039343,0.37060852580171433,0.4269437235286758,0.7823611529828657,0.5519665692790462,0.17708333333333334
bulk,bo-ei@gp-poisson-cat,37,60.0,60.0,1.3959143998799846,0.21032419987022877,3.039653891531632,0.2346261350567539,0.0,0.0,0.03223733810142071,0.027219352614212045,0.6386599432329513,0.5494023704146136,0.375
bulk,bo-ei@gp-poisson-cat,37,120.0,120.0,2.7482968001277186,0.35818549984833226,3.011555312490405,0.2346261350567539,0.0,0.007568759662925029,0.0,0.009991827769413097,0.5312082241337593,0.5208414428929504,0.53125
bulk,bo-ei@gp-poisson-cat,37,180.0,180.0,4.058683400216978,0.49524670018581674,2.9537701908685086,0.0,0.0,0.007568759662925029,0.0,0.0,0.44633543870030146,0.5147082416028927,0.6770833333333334
bulk,bo-ei@gp-poisson-cat,37,240.0,240.0,5.390724699944258,0.5971331999171525,2.916516933037449,0.0,0.0,0.007568759662925029,0.0,0.0,0.4113010668459704,0.5022579569778902,0.75
bulk,bo-ei@gp-poisson-cat,38,30.0,30.0,0.7168991001090035,0.14578769984655082,3.1531701465777764,0.7563862066456253,0.7363585871673932,0.6882552855381854,0.6847718506302235,0.6728993643163341,2.3079059926548666,0.6321146444152651,0.21875
bulk,bo-ei@gp-poisson-cat,38,60.0,60.0,1.3653717001434416,0.22573270002612844,3.071678239842995,0.0,0.0,0.05097249754334532,0.10842473861963675,0.11795815821118882,0.798877458099645,0.6147504403491663,0.25
bulk,bo-ei@gp-poisson-cat,38,120.0,120.0,2.730383800168056,0.356252700148616,3.0916102796702774,0.0,0.0,0.0709663591351386,0.1053398768810978,0.14881358162017433,0.8585380028218048,0.6140863176796991,0.3125
bulk,bo-ei@gp-poisson-cat,38,180.0,180.0,4.045745500130579,0.4790184003068134,3.088463251401508,0.0,0.0,0.0709663591351386,0.1053398768810978,0.14881358162017433,0.7964817354871048,0.604893522450125,0.3541666666666667
bulk,bo-ei@gp-poisson-cat,38,240.0,240.0,5.416764699853957,0.5841171001084149,3.0580751519845326,0.0,0.0,0.0709663591351386,0.1053398768810978,0.14881358162017433,0.7622293367642862,0.5864914212895613,0.5104166666666666
bulk,bo-ei@gp-poisson-cat,39,30.0,30.0,0.7028796999948099,0.13414789986563846,3.177787353118962,0.0,0.07035752438611154,0.18741802264882823,0.23215948891519,0.16517456139929554,0.8147831842323894,0.5495865619949357,0.25
bulk,bo-ei@gp-poisson-cat,39,60.0,60.0,1.3804015998030081,0.20651929988525808,3.176607212496845,0.0,0.07035752438611154,0.18031492969482388,0.12148442248522007,0.16517456139929554,0.8113732700584919,0.5550019997526853,0.3020833333333333
bulk,bo-ei@gp-poisson-cat,39,120.0,120.0,2.7217678994638845,0.35399089963175356,3.1064178669281133,0.0,0.07035752438611154,0.052905575388039416,0.0129817478916332,0.0669578315453585,0.6508069180796275,0.5416770754429017,0.59375
bulk,bo-ei@gp-poisson-cat,39,180.0,180.0,4.024606899358332,0.47958669951185584,3.0566372923444383,0.0,0.005934953009078203,0.052905575388039416,0.0129817478916332,0.0669578315453585,0.5920404652201828,0.5009329931031267,0.75
bulk,bo-ei@gp-poisson-cat,39,240.0,240.0,5.385084099252708,0.5827648997073993,3.0492125028729316,0.0,0.005934953009078203,0.052905575388039416,0.0129817478916332,0.0669578315453585,0.5942491958966463,0.49569291775277663,0.75
bulk,bo-ei@gp-poisson-cat,40,30.0,30.0,0.693167400022503,0.12608070007991046,3.236203477052746,0.0,0.2992658470036381,0.2534251483153044,0.27269512630306725,0.29286261764050436,1.119871003483379,0.5501944378013381,0.22916666666666666
bulk,bo-ei@gp-poisson-cat,40,60.0,60.0,1.3408068001735955,0.20308130007470027,3.1987382969092053,0.0,0.2992658470036381,0.328068998366857,0.28265907394219125,0.28147076678523386,1.1024237882534984,0.5566967870761386,0.34375
bulk,bo-ei@gp-poisson-cat,40,120.0,120.0,2.6960176003049128,0.3453119001351297,3.1263154649375267,0.0,0.2992658470036381,0.2960942144581663,0.2548605117730509,0.2563644858155273,0.9844520746422792,0.5210451993813372,0.5625
bulk,bo-ei@gp-poisson-cat,40,180.0,180.0,4.021503900177777,0.4745223001809791,3.047186220208666,0.0,0.2992658470036381,0.045786263781075864,0.07434131086339657,0.043717844713645815,0.6786189950737204,0.4744303894912357,0.75
bulk,bo-ei@gp-poisson-cat,40,240.0,240.0,5.394209200225305,0.580474300077185,3.0199408812130044,0.0,0.0,0.045786263781075864,0.037245245061709675,0.05982518295123507,0.616696916172001,0.4687114580138379,0.75
bulk,bo-ei@gp-poisson-cat,41,30.0,30.0,0.6763199997949414,0.14447570004267618,3.3039158317775805,0.0,0.08014519729373637,0.2642850972308832,0.3737695550611173,0.41776868589432725,0.919025074203129,0.5576310079876954,0.22916666666666666
bulk,bo-ei@gp-poisson-cat,41,60.0,60.0,1.344829199835658,0.2315210999804549,3.304079781498039,0.0,0.0,0.005204431082027061,0.1612146396243741,0.15787650447569246,0.7959529717999823,0.5390292306336277,0.3333333333333333
bulk,bo-ei@gp-poisson-cat,41,120.0,120.0,2.6826695998897776,0.3674539002822712,3.261733906830159,0.0,0.0,0.005204431082027061,0.1612146396243741,0.043268620535836244,0.7245566319920371,0.5086011233240053,0.5104166666666666
bulk,bo-ei@gp-poisson-cat,41,180.0,180.0,3.9801606998080388,0.5061172002460808,3.232265898652661,0.0,0.0,0.005204431082027061,0.1612146396243741,0.043268620535836244,0.7051656952203377,0.5045465554798564,0.75
bulk,bo-ei@gp-poisson-cat,41,240.0,240.0,5.332158699689899,0.61226390034426,3.1951098452851583,0.0,0.0,0.005204431082027061,0.0,0.043268620535836244,0.6745360330398018,0.4933429928990508,0.75
bulk,bo-ei@gp-poisson-cat,42,30.0,30.0,0.6609914999571629,0.1351528000086546,3.39213823342284,0.20615776203539382,0.41777124773268026,0.5740754552863083,0.5775066264022404,0.6241421165520599,1.4464314907449112,0.6230484246293884,0.17708333333333334
bulk,bo-ei@gp-poisson-cat,42,60.0,60.0,1.3602359999204054,0.22078520007198676,3.2575032707357425,0.0,0.0028005526034621253,-2.220446049250313e-16,0.07807067293445857,0.12524023669732154,1.0503441742749096,0.6064494460968817,0.3958333333333333
bulk,bo-ei@gp-poisson-cat,42,120.0,120.0,2.7141290001454763,0.3605748002883047,3.116628901665646,0.0,0.0,0.0,0.10555006278834034,0.09249095556972986,0.8306962428912298,0.568221950537875,0.5
bulk,bo-ei@gp-poisson-cat,42,180.0,180.0,4.089014600147493,0.506898800143972,3.0029265604919573,0.0,0.0,0.0,0.0,0.02407952168778249,0.71230345841451,0.5268377364642295,0.75
bulk,bo-ei@gp-poisson-cat,42,240.0,240.0,5.456915900402237,0.6136605002684519,2.9898105112221196,0.0,0.0028005526034621253,-2.220446049250313e-16,-2.220446049250313e-16,0.02407952168778249,0.698053643110499,0.5233903049758128,0.75
bulk,bo-ei@gp-poisson-cat,43,30.0,30.0,0.6638809000141919,0.12752500001806766,3.272364585294667,0.06499276227661721,0.30766667912059076,0.30964645697383963,0.3018538260991602,0.3052893457536052,1.4548478516881809,0.5915804243381102,0.25
bulk,bo-ei@gp-poisson-cat,43,60.0,60.0,1.3473011000896804,0.20697060000384226,3.2535073611077805,0.06499276227661721,0.24167478978350787,0.30964645697383975,0.30185382609916045,0.26699000021266295,1.4387394107894087,0.590157200849997,0.2916666666666667
bulk,bo-ei@gp-poisson-cat,43,120.0,120.0,2.6507405000156723,0.3476063999114558,3.1330548991082945,0.22331329724422333,0.11540695708557702,0.1724540002194095,0.18717501882732235,0.1707229333748711,1.1979950965260373,0.5620216735780372,0.5104166666666666
bulk,bo-ei@gp-poisson-cat,43,180.0,180.0,3.978468799847178,0.49429979972774163,3.038206565447895,0.06499276227661721,0.0,0.0,0.0,0.008402336188999437,0.5883977998520635,0.5205733886058619,0.75
bulk,bo-ei@gp-poisson-cat,43,240.0,240.0,5.378158699953929,0.5974855998065323,3.02603058527419,0.0,0.0,0.0,0.0,0.008402336188999437,0.5569090806257936,0.5195852903474264,0.75
bulk,bo-ei@gp-poisson-cat,44,30.0,30.0,0.6807052000658587,0.12835879996418953,3.054655646080096,0.3344074132061807,0.3192804546709932,0.38010387443295135,0.4675635806979427,0.4695395031041436,1.0753114814562048,0.6073080103631741,0.21875
bulk,bo-ei@gp-poisson-cat,44,60.0,60.0,1.3689471999532543,0.21112440002616495,3.0041351763783553,0.3344074132061807,0.3192804546709932,0.38010387443295135,0.34519900875535203,0.3507614723301683,0.9825239815344691,0.5721767170757012,0.3020833333333333
bulk,bo-ei@gp-poisson-cat,44,120.0,120.0,2.6437159997876734,0.3536008996888995,2.9287447976799115,0.3344074132061807,0.3192804546709932,0.2612741892111172,0.2467789785348552,0.27610218841555323,0.9254960525281726,0.5597725725793424,0.53125
bulk,bo-ei@gp-poisson-cat,44,180.0,180.0,4.0328550999984145,0.483857499610167,3.0486402591485837,0.3344074132061807,0.3192804546709932,0.2612741892111172,0.2467789785348552,0.27610218841555323,0.9735129335267725,0.5388410255776717,0.5416666666666666
bulk,bo-ei@gp-poisson-cat,44,240.0,240.0,5.54908989998512,0.5959994993172586,3.0325967830663436,0.3344074132061807,0.3192804546709932,0.2612741892111172,0.2467789785348552,0.27610218841555323,0.9703828307310676,0.5119059568252119,0.5520833333333334
bulk,bo-ei@gp-poisson-cat,45,30.0,30.0,0.6755288996500894,0.13504149997606874,3.1038352890759158,0.0,0.17705719377845475,0.24479061890063547,0.26096341634576126,0.3212372107216426,0.8685226549609378,0.512709921412282,0.25
bulk,bo-ei@gp-poisson-cat,45,60.0,60.0,1.3500018997001462,0.2210275999386795,3.061905621951657,0.0,0.2309951486159154,0.24417450720136757,0.24599942576252387,0.21521589586604328,0.7736126955633964,0.50506478890416,0.375
bulk,bo-ei@gp-poisson-cat,45,120.0,120.0,2.6923050999757834,0.36105309991398826,3.000675329765786,0.0,0.0676514116811846,0.0,0.0,0.04427683451486397,0.6204965859189533,0.4763920779085176,0.5833333333333334
bulk,bo-ei@gp-poisson-cat,45,180.0,180.0,4.08592459972715,0.5079589996021241,2.956361957154668,0.0,0.0676514116811846,0.1182405104046158,0.10181707124238881,0.11538813018016603,0.5784761885167101,0.4512669449478099,0.75
bulk,bo-ei@gp-poisson-cat,45,240.0,240.0,5.525393599411473,0.6152732995105907,2.946446958281426,0.0,0.0676514116811846,0.15346985964993343,0.13205127807095296,0.11538813018016603,0.5597982778015544,0.4482051042805511,0.75
bulk,bo-ei@gp-poisson-cat,46,30.0,30.0,0.6881346001755446,0.13238420005654916,3.1058645819081945,0.0,0.0,0.0,0.05514329136836138,0.1048054366997121,0.5646687687200344,0.5597202233818257,0.21875
bulk,bo-ei@gp-poisson-cat,46,60.0,60.0,1.498994100256823,0.2212565999943763,3.0612489485780494,0.0,0.10479164677692632,0.05487809755092199,0.028716125992066188,0.049063012134068607,0.4792406809869101,0.5358663921041926,0.3020833333333333
bulk,bo-ei@gp-poisson-cat,46,120.0,120.0,2.908936100138817,0.3649848001077771,2.9964029337430382,0.0,0.06237032183653379,0.02098900127441139,0.046501280253066546,0.0,0.42959571342655184,0.5055945270933664,0.5833333333333334
bulk,bo-ei@gp-poisson-cat,46,180.0,180.0,4.263513499754481,0.48974289995385334,2.9588186696307175,0.0,0.06237032183653379,0.02098900127441139,0.046501280253066546,0.0,0.4035264049798001,0.49632959681840827,0.75
bulk,bo-ei@gp-poisson-cat,46,240.0,240.0,5.609482599655166,0.5906672999844886,2.947654270343724,0.0,0.06237032183653379,0.02098900127441139,0.046501280253066546,0.0,0.3705213903646348,0.4947870266064097,0.75
bulk,bo-ei@gp-poisson-cat,47,30.0,30.0,0.6990713997511193,0.1277863000286743,3.658107708777622,0.7518408260002188,0.7853156713763885,0.5594498091009342,0.6047041354587721,0.41953781231569187,1.615966200079479,0.5533144778808478,0.15625
bulk,bo-ei@gp-poisson-cat,47,60.0,60.0,1.4615103998803534,0.2109133000485599,3.4339780532670763,0.16787775138573646,0.4578453757087324,0.5524911461177904,0.38450694154274945,0.4444550163870684,1.481406371903731,0.5427420234541201,0.1875
bulk,bo-ei@gp-poisson-cat,47,120.0,120.0,2.887642700050492,0.3456531998817809,3.2963345347830653,0.007429293762375999,0.08425184153325405,0.1951911807879757,0.3058188948241529,0.3345376598873332,1.2589402830102054,0.5518448002506996,0.3020833333333333
bulk,bo-ei@gp-poisson-cat,47,180.0,180.0,4.2685091001330875,0.4978267000988126,3.176099271973102,0.007429293762375999,0.06662089000640892,0.05870212952855469,0.0,0.013096937198803782,0.6248786589333503,0.5735110113472981,0.5833333333333334
bulk,bo-ei@gp-poisson-cat,47,240.0,240.0,5.692841300042346,0.6132938999217004,3.1143611303593666,0.007429293762375999,0.06662089000640892,0.05870212952855469,0.0,0.013096937198803782,0.5454894189657457,0.5201838155875387,0.75
bulk,bo-ei@gp-poisson-cat,48,30.0,30.0,0.7137246998026967,0.1340603999560699,3.360606222221879,0.0,0.0,0.07926557574964221,0.16517310013476616,0.2419800831432849,0.8363211855546705,0.5292787135063151,0.16666666666666666
bulk,bo-ei@gp-poisson-cat,48,60.0,60.0,1.465776899654884,0.23114090017043054,3.2965553158780696,0.0,0.0,0.07926557574964221,0.14737350038780028,0.18699899072956572,0.713441093838073,0.5012232334146107,0.3125
bulk,bo-ei@gp-poisson-cat,48,120.0,120.0,2.8433277995791286,0.38283190032234415,3.2730461718889963,0.0,0.0,0.07926557574964221,0.1929868599831155,0.2202285268920655,0.6912859150808215,0.5083102918518412,0.59375
bulk,bo-ei@gp-poisson-cat,48,180.0,180.0,4.2169868996716104,0.5233822006266564,3.1841645299009387,0.0,0.0,0.0,0.05907598254579616,0.11126335493927797,0.5845963969347189,0.47453159940702516,0.75
bulk,bo-ei@gp-poisson-cat,48,240.0,240.0,5.593182699638419,0.6268911006627604,3.176905710790892,0.0,0.0,0.0,0.13072285532264072,0.14650760289563214,0.5867771377535314,0.4717980060120043,0.75
bulk,bo-ei@gp-poisson-cat,49,30.0,30.0,0.7242437998065725,0.13348040007986128,3.176903045691786,0.710067179705034,0.6838311102363761,0.6491715443352735,0.6555793086041821,0.6365059651415996,1.3359364089176113,0.5354139620640157,0.25
bulk,bo-ei@gp-poisson-cat,49,60.0,60.0,1.4769097997341305,0.22191240009851754,3.1505757292496877,0.41843685522238694,0.44896543147815826,0.46967250574186903,0.47499519967785697,0.4747519256190421,1.263115442055968,0.5011473259150321,0.2916666666666667
bulk,bo-ei@gp-poisson-cat,49,120.0,120.0,2.8712356999749318,0.36751450021984056,3.090826090109354,0.0,0.0,0.09563253814132944,0.16420924559882377,0.17009327674163766,0.766242072437015,0.5290315141363428,0.3645833333333333
bulk,bo-ei@gp-poisson-cat,49,180.0,180.0,4.278801100095734,0.5091607001959346,3.0604528250474465,0.0,0.0,0.09563253814132944,0.16420924559882377,0.17009327674163766,0.7270234152623826,0.5119023338992935,0.5208333333333334
bulk,bo-ei@gp-poisson-cat,49,240.0,240.0,5.668184799782466,0.6130136999418028,3.0425588412966493,0.0,0.0,0.09563253814132944,0.16420924559882377,0.17009327674163766,0.7071787062200858,0.48500629629369874,0.6354166666666666
bulk,systematic,0,30.0,12.0,1.5799771063029766e-05,3.5300152376294136e-05,3.293689796889742,0.8817332282625162,0.7726816744208329,0.7953527598011366,0.773954504948354,0.7774608946518518,1.4568282018812408,0.6031340519814011,0.125
bulk,systematic,0,60.0,24.0,2.369965659454465e-05,5.26001094840467e-05,3.2459206799443465,0.6959061190695064,0.7553137232931675,0.7780745286476586,0.7813633564024023,0.7684565174930141,1.4134042585898912,0.5749978662114541,0.25
bulk,systematic,0,120.0,48.0,4.4499640353024006e-05,0.00010679994011297822,3.1525372272184193,0.675827209379247,0.6618611916330766,0.5597718366115745,0.5917550500765685,0.5907918710052935,1.3038260902997245,0.5223959880070053,0.5
bulk,systematic,0,180.0,72.0,6.329966709017754e-05,0.00015159999020397663,3.0971764340727135,0.5630904168877633,0.5903785787526836,0.5597718366115745,0.576321945293737,0.6150458540659665,1.2254271480518637,0.466965950101094,0.75
bulk,systematic,0,240.0,96.0,7.699959678575397e-05,0.0001821999903768301,2.9734739504098044,0.0,0.0,0.051527828461635616,0.05131229914848856,0.07256974881141376,0.6160794797839243,0.4057221738678569,1.0
bulk,systematic,1,30.0,12.0,7.200054824352264e-06,1.7100072000175714e-05,3.1899884615185115,0.0,0.13409788713761417,0.21628176833730695,0.30673364966553684,0.23908209492753973,1.1938960067291566,0.5989978878579632,0.125
bulk,systematic,1,60.0,24.0,1.8800084944814444e-05,4.580005770549178e-05,3.141666776029449,0.0,0.009994916171171098,0.10860623668751823,0.17753919049366174,0.24370165592369453,1.1298571258928156,0.5656181308971646,0.25
bulk,systematic,1,120.0,48.0,3.900006413459778e-05,9.90001717582345e-05,3.04845422280923,0.0,0.009994916171171098,0.10860623668751823,0.15220700928117736,0.18241413229776804,0.9771686903575262,0.49458111659956977,0.5
bulk,systematic,1,180.0,72.0,5.890015745535493e-05,0.00014300033217296004,2.9397603527245777,0.0,0.009994916171171098,0.10860623668751823,0.15220700928117736,0.18241413229776804,0.7915064050485539,0.41907300446032125,0.75
bulk,systematic,1,240.0,96.0,7.020024349913001e-05,0.0001689003547653556,2.861065211053811,0.0,0.009994916171171098,1.1102230246251565e-16,0.07976230726472633,0.09527590233873218,0.6119296811117747,0.33722745162436485,1.0
bulk,systematic,2,30.0,12.0,7.499998901039362e-06,1.7199956346303225e-05,3.256421474501321,0.8501830363086755,0.8589765821188053,0.819255700165231,0.8244802095848758,0.8099015886407593,1.3343074351132838,0.5967722706827873,0.125
bulk,systematic,2,60.0,24.0,1.869996776804328e-05,4.540017107501626e-05,3.2551992412846302,0.9709812040093898,0.9337529841151395,0.8396484620248821,0.7978427938399678,0.3525541452565397,1.2771020817725818,0.571268041914036,0.25
bulk,systematic,2,120.0,48.0,3.9599661249667406e-05,0.00010090041905641556,3.165003928458449,0.0,0.18862796549704952,0.30278143554921577,0.35066503741627075,0.38641205641818865,0.9001963521006933,0.514770315910244,0.5
bulk,systematic,2,180.0,72.0,5.9799698647111654e-05,0.0001440003397874534,3.0948528320741766,0.0,0.24781250964878587,0.16069794862858833,0.1589400560246783,0.2049854631479896,0.7090221937070835,0.43906626911969143,0.75
bulk,systematic,2,240.0,96.0,7.689965423196554e-05,0.00018290040316060185,3.0355294575718474,0.0,0.0,0.0,0.0536734157009745,0.08595978291109674,0.52141357665308,0.3904790459976086,1.0
bulk,systematic,3,30.0,12.0,1.379998866468668e-05,3.4199911169707775e-05,3.2851214063941576,0.6526222610840728,0.6158775718858858,0.6671323820082911,0.6835453530192988,0.6941048895517424,1.325320601684209,0.5707492742954828,0.125
bulk,systematic,3,60.0,24.0,2.440001117065549e-05,5.9599929954856634e-05,3.219684484274367,0.6526222610840728,0.6158775718858858,0.6582805062540581,0.6809369363969806,0.3552084250679194,1.2681046315477824,0.5379177386400721,0.25
bulk,systematic,3,120.0,48.0,4.490005085244775e-05,0.00011039996752515435,3.207760382504142,0.0,0.20934408014375994,0.21750855578353034,0.26235032158039984,0.30530080127168757,1.0510515307614263,0.4897849038403538,0.5
bulk,systematic,3,180.0,72.0,6.630003917962313e-05,0.00015819998225197196,3.154416122604481,0.0,0.20934408014375994,0.21782444628396114,0.20340259550540507,0.23348543231402197,0.9459494734201963,0.44033869578643825,0.75
bulk,systematic,3,240.0,96.0,8.089997572824359e-05,0.0001905999961309135,3.0698853335669773,0.2958734576212215,0.0,0.02980108744103438,0.04218096150325845,0.03750125105527535,0.6932810394428315,0.36657020418246317,1.0
bulk,systematic,4,30.0,12.0,1.539994264021516e-05,4.0800077840685844e-05,3.287582702930905,0.9511930626341216,0.9056653404530831,0.9031966289266395,0.9006144529079129,0.8978446160381457,2.149884971487436,0.5855030219619085,0.125
bulk,systematic,4,60.0,24.0,2.759997732937336e-05,7.21001997590065e-05,3.2620270946969865,0.9684787410602419,0.9631593722298342,0.9341472370335016,0.9174936604392565,0.8787870403294452,2.1179855103435092,0.5576622377858091,0.25
bulk,systematic,4,120.0,48.0,4.869996337220073e-05,0.000125400023534894,3.1481221535359807,0.8645919142189585,0.8385444757823505,0.32362258617097683,0.1896735796574639,0.20383078260607368,2.0134035886638073,0.49300439643313315,0.5
bulk,systematic,4,180.0,72.0,6.81999372318387e-05,0.00017129996558651328,3.0208698442194617,0.0,0.0,0.0,0.06401353639261509,0.0866061617274948,0.9544101024193502,0.43483634522699544,0.75
bulk,systematic,4,240.0,96.0,8.629990043118596e-05,0.00021300005028024316,2.9362316722536046,0.0,0.0,0.0,0.05119163460375409,0.05941591148190406,0.8137435417621289,0.35456433601163356,1.0
bulk,systematic,5,30.0,12.0,1.2699980288743973e-05,3.110012039542198e-05,3.220773043856403,0.9125848969295927,0.6726861803922622,0.7494358031097244,0.76522027396614,0.697275281467848,1.4446499330813152,0.5909080578713971,0.125
bulk,systematic,5,60.0,24.0,2.3799831978976727e-05,5.8800214901566505e-05,3.1445877941149454,0.0,0.12464858428446746,0.32382987644069217,0.3316615402509562,0.2112976600761448,1.202416331776631,0.556596359559197,0.25
bulk,systematic,5,120.0,48.0,4.419987089931965e-05,0.00011130020720884204,3.078788014594424,0.0,0.12464858428446746,0.09176893835238997,0.19139452810179136,0.17538536715380015,1.093235467614046,0.4987308346135492,0.5
bulk,systematic,5,180.0,72.0,6.389990448951721e-05,0.00015410030027851462,2.996712001449829,0.0,0.20423799960093714,0.21181613404017252,0.12506112179512763,0.21120159245553138,1.0106752517594877,0.44418120102204095,0.75
bulk,systematic,5,240.0,96.0,8.019979577511549e-05,0.00019460031762719154,2.902034297698284,0.3348133350506597,0.0,0.12004719568778255,0.09984571560893896,0.005340936488760106,0.7318397246454296,0.3660654792412152,1.0
bulk,systematic,6,30.0,12.0,1.2800039257854223e-05,2.220005262643099e-05,3.311059901687854,0.7819287552535505,0.7604197371362662,0.774356397006974,0.7305217575146294,0.7351515959890458,2.0324471106379467,0.6230510703672932,0.125
bulk,systematic,6,60.0,24.0,2.6999972760677338e-05,4.4000043999403715e-05,3.2827670211737296,0.7819287552535505,0.7989884941509717,0.8257416796925895,0.7913592587765382,0.6510367940655105,2.0197449594971273,0.6115380635823471,0.25
bulk,systematic,6,120.0,48.0,5.119998240843415e-05,8.489988977089524e-05,3.1729447711086984,0.6217707892858753,0.5673430436497546,0.44684955470983967,0.40244897858118767,0.40921913236221374,1.8824893591867649,0.5546979115880705,0.5
bulk,systematic,6,180.0,72.0,7.260002894327044e-05,0.0001282998127862811,3.032632881050104,0.6217707892858753,0.5673430436497546,0.44684955470983967,0.40244897858118767,0.33834667360527415,1.784717016157572,0.47364088878928334,0.75
bulk,systematic,6,240.0,96.0,8.590001380071044e-05,0.00016229983884841204,2.9365355467267027,0.0,0.0,0.039439265980589555,0.07482094644649273,0.017507079618267696,0.6495976555267996,0.38293413479373634,1.0
bulk,systematic,7,30.0,12.0,1.179997343569994e-05,2.180004958063364e-05,3.161610179180508,0.3740439027225396,0.5851605174460908,0.5981362151512108,0.6240411609907073,0.6153735834560898,1.133477776554275,0.5468777842712113,0.125
bulk,systematic,7,60.0,24.0,2.559996210038662e-05,4.460010677576065e-05,3.1104962705751285,0.3740439027225396,0.5345529781674645,0.4857883568800142,0.4401345484222796,0.49375147166326905,1.0500442407258033,0.5170572866880728,0.25
bulk,systematic,7,120.0,48.0,5.059980321675539e-05,8.46001785248518e-05,3.0592156578039074,0.3740439027225396,0.4070092251104752,0.47776176516817803,0.5041533640631974,0.4824593823505394,0.9246635453027534,0.46603305764742514,0.5
bulk,systematic,7,180.0,72.0,7.169978925958276e-05,0.00012610031990334392,2.9897388215681424,0.3740439027225396,0.4070092251104752,0.49985042658068046,0.4602579424641734,0.515985421048268,0.7885079232471353,0.41195953977646677,0.75
bulk,systematic,7,240.0,96.0,8.869991870597005e-05,0.00016470026457682252,2.870807741406013,0.0,0.1559949781898572,0.22041012637159896,0.11209074221166437,0.07475961113935048,0.4000068808440835,0.31304091433460624,1.0
bulk,systematic,8,30.0,12.0,1.2900098226964474e-05,2.2400054149329662e-05,3.307596533426062,0.0,0.4532372595545445,0.5696276508212814,0.2693047258974951,0.2896427766447288,2.8150349777847388,0.5807071609199103,0.125
bulk,systematic,8,60.0,24.0,2.6700145099312067e-05,4.7400186304003e-05,3.216027542873435,0.0,0.0,0.19452550627373444,0.25814668228892335,0.24208393760718783,2.1515645134754506,0.5575362276043601,0.25
bulk,systematic,8,120.0,48.0,5.580013385042548e-05,0.00010570010636001825,3.0963544787164388,0.0,0.0,0.1508332258200451,0.1800110271715193,0.20965623578525894,1.4135346131156648,0.4786653174765667,0.5
bulk,systematic,8,180.0,72.0,7.440021727234125e-05,0.00014519994147121906,3.0210367748773863,0.0,0.0,0.1489506978800209,0.15119915127334327,0.18068905751519615,1.3564217597738837,0.4238444493999614,0.75
bulk,systematic,8,240.0,96.0,9.300024248659611e-05,0.00018559995805844665,2.9503554631866713,0.0,0.0,0.0,0.013477887330978322,0.014156909092402303,0.7546775178152182,0.37011721734971903,1.0
bulk,systematic,9,30.0,12.0,1.260003773495555e-05,2.3699947632849216e-05,3.266994176215899,0.9092056610327506,0.8461820898562911,0.8337441275823546,0.8336842599329997,0.8055476488226585,1.5743894467100727,0.6151527099518977,0.125
bulk,systematic,9,60.0,24.0,2.659996971487999e-05,4.540011286735535e-05,3.232012602622982,0.9487630035303726,0.9041195966194603,0.8862897726603498,0.8464851305530272,0.5900369878565539,1.5496586206451792,0.5947232001546073,0.25
bulk,systematic,9,120.0,48.0,5.0599861424416304e-05,8.520012488588691e-05,3.1271879965723444,0.2785345721766399,0.40238855673584606,0.4825185078433305,0.1382222710057912,0.19481879419523562,1.3225661054893028,0.5461325903439821,0.5
bulk,systematic,9,180.0,72.0,7.099984213709831e-05,0.00012390018673613667,3.0465615715360705,0.2785345721766399,0.0,0.04988883946136524,0.14289140465954986,0.06247403319007783,0.9465688280883778,0.4685937121883307,0.75
bulk,systematic,9,240.0,96.0,8.859980152919888e-05,0.00016530032735317945,2.983541791824969,0.2785345721766399,0.0,0.04988883946136524,0.0,0.05275588958795652,0.8306928981567822,0.4006203568168098,1.0
bulk,systematic,10,30.0,12.0,1.179997343569994e-05,2.260011387988925e-05,3.206842118543218,0.7913713749967424,0.7633367545777285,0.7207237025630507,0.6971985342398588,0.6942911230031283,1.1398807032554041,0.5935262571894612,0.125
bulk,systematic,10,60.0,24.0,2.4800014216452837e-05,4.370009992271662e-05,3.186446635439934,0.8084328608381679,0.8263437473555159,0.8049194890482161,0.7728541137742118,0.7040143016855487,1.1031027084885314,0.579598081829815,0.25
bulk,systematic,10,120.0,48.0,3.929995000362396e-05,6.710004527121782e-05,3.12392063596376,0.6552200542892525,0.7385260194796512,0.7315934396536299,0.7078344251441969,0.6394522804013736,0.9875672353157527,0.5246732198605053,0.5
bulk,systematic,10,180.0,72.0,5.8899924624711275e-05,0.00010710017522796988,2.9840292672578292,0.0,0.0,0.20795764968411745,0.29534331269869607,0.33020582723615444,0.7329799105150083,0.47281887029544967,0.75
bulk,systematic,10,240.0,96.0,7.649994222447276e-05,0.000148200080730021,2.8740742139487607,0.0,0.01569963375519612,-2.220446049250313e-16,0.0,0.00826905645635001,0.49720661546265343,0.37559567179705394,1.0
bulk,systematic,11,30.0,12.0,1.2500036973506212e-05,2.2799998987466097e-05,3.1562363261853634,0.0,0.38469756484588247,0.5043308022520168,0.45714809292851155,0.4376894600234953,1.1289605228365613,0.5796770902491224,0.125
bulk,systematic,11,60.0,24.0,2.5700079277157784e-05,4.349998198449612e-05,3.0782059023646924,0.0,0.0,0.07467471318555285,0.15642777940099883,0.20314320132487185,1.0065209702252578,0.554640712742756,0.25
bulk,systematic,11,120.0,48.0,4.989991430193186e-05,8.420005906373262e-05,3.0076104454444703,0.0,0.0,0.07467471318555285,0.15642777940099883,0.1388335972944289,0.8771878470389627,0.4867873094949939,0.5
bulk,systematic,11,180.0,72.0,6.309995660558343e-05,0.00010819989256560802,2.9889342711061686,0.0,0.19480460605077665,0.09161121647607207,0.12939696547316448,0.15485032629321183,0.8246816025987822,0.4317653523560779,0.75
bulk,systematic,11,240.0,96.0,7.949990686029196e-05,0.00014739990001544356,2.960894338310625,0.0,0.19480460605077665,0.09161121647607207,0.16926050553102867,0.1543178896518772,0.7005617536430111,0.3733561947501667,1.0
bulk,systematic,12,30.0,12.0,1.2200034689158201e-05,2.2699765395373106e-05,3.3279401903684183,0.8617026851170898,0.7734064367714799,0.7840610662671177,0.783618485525627,0.7665572445501743,1.350026473504986,0.5992088923241944,0.125
bulk,systematic,12,60.0,24.0,1.999997766688466e-05,3.37997917085886e-05,3.2688989543850457,0.8757111886692585,0.8394923912223469,0.800261214748695,0.8137958766853745,0.8002573204741911,1.2890959641912723,0.5600398415674364,0.25
bulk,systematic,12,120.0,48.0,4.399981116876006e-05,7.239985279738903e-05,3.2020434571678007,0.5313529318893826,0.4732199093586579,0.5942014738055137,0.3615153501530167,0.42112619860322553,1.1534875891624286,0.4961292640730816,0.5
bulk,systematic,12,180.0,72.0,5.659984890371561e-05,9.37997829169035e-05,3.0484477126917233,0.0,0.03238764078072254,0.24877764147976633,0.33385484306918334,0.3513585920944675,0.8458824932848071,0.4342666956194753,0.75
bulk,systematic,12,240.0,96.0,7.25998543202877e-05,0.00012839975534006953,2.968353240468776,0.0,0.03238764078072254,0.20894966601263287,0.2507852234415032,0.2324895644738979,0.7195094280472478,0.37337592309379564,1.0
bulk,systematic,13,30.0,12.0,1.27000967040658e-05,2.1299871150404215e-05,3.196837551895154,0.0,0.20015847617960525,0.2278708357316368,0.1951537242862078,0.20994433566136117,1.2824321212526526,0.649266699526742,0.125
bulk,systematic,13,60.0,24.0,2.870004391297698e-05,4.6299886889755726e-05,3.1579205403872144,0.0,0.10849165406239225,0.09931428254209218,0.16090582381806195,0.19825964097984183,1.2610253387913912,0.6269855394441052,0.25
bulk,systematic,13,120.0,48.0,5.1300099585205317e-05,8.639995940029621e-05,3.036360727084896,0.0,0.0,0.06329163261265613,0.054204381973043336,0.12469116787644019,1.089844915390921,0.5463265336101049,0.5
bulk,systematic,13,180.0,72.0,7.090001599863172e-05,0.00012590002734214067,2.989901520007523,0.0,0.0,0.06329163261265613,0.11276875347098725,0.06667253070185153,0.9388945097625109,0.4751546697728328,0.75
bulk,systematic,13,240.0,96.0,8.780008647590876e-05,0.00016670016339048743,2.8587554300042264,0.0,0.0,0.06329163261265613,0.04554798960294737,0.05883475354424461,0.743817297192403,0.3900393276760079,1.0
bulk,systematic,14,30.0,12.0,1.1999858543276787e-05,2.2000051103532314e-05,3.244188174770614,0.9310462387893892,0.8838084525151094,0.8279684209487925,0.8287565246605633,0.8340959583444713,1.3468619901208934,0.6251982774534884,0.125
bulk,systematic,14,60.0,24.0,1.989974407479167e-05,3.52001516148448e-05,3.1680349400792487,0.0,0.3734201091990059,0.4943189097577819,0.5655651732236613,0.5962956520904055,1.0964863365560615,0.6057816314239457,0.25
bulk,systematic,14,120.0,48.0,4.3099746108055115e-05,7.550022564828396e-05,3.08187969720268,0.0,0.13040768137663383,0.24558774684357443,0.2502535101005693,0.31557200267422525,0.8818847962905013,0.5225503677607495,0.5
bulk,systematic,14,180.0,72.0,6.95998314768076e-05,0.00011590024223551154,2.93509629278797,0.0,0.21142111729533908,0.2741074157473746,0.2240279701366139,0.15245566028686286,0.7275687483124428,0.4574360224083534,0.75
bulk,systematic,14,240.0,96.0,8.52999510243535e-05,0.00015300029190257192,2.8445162913393367,0.0,0.21142111729533908,0.06273154742100173,0.1397618145368379,0.07962398987889685,0.480832255462594,0.3575551948779916,1.0
bulk,systematic,15,30.0,12.0,6.89999433234334e-06,1.1800031643360853e-05,3.609914411750294,0.9606829435635975,0.7950174725406696,0.5266050619474275,0.5390770460517678,0.5436508964189631,2.160436156686219,0.5567671154705655,0.125
bulk,systematic,15,60.0,24.0,2.2300053387880325e-05,3.539992030709982e-05,3.5294915098408723,0.4534116122380957,0.4670237184561822,0.5113135214105926,0.5274288565376084,0.5376235811720347,1.9968844421135201,0.5301673637336831,0.25
bulk,systematic,15,120.0,48.0,3.560003824532032e-05,5.6899734772741795e-05,3.3708085018357425,0.4534116122380957,0.4670237184561822,0.5046140555288636,0.541040207755495,0.5034091278085611,1.9163378072862787,0.4737223137084155,0.5
bulk,systematic,15,180.0,72.0,5.619978765025735e-05,9.609974222257733e-05,3.252675782243294,0.4534116122380957,0.4670237184561822,0.5239642455446191,0.07479730403322582,0.10831968973018713,1.8480964803585602,0.4033277644308494,0.75
bulk,systematic,15,240.0,96.0,7.209967589005828e-05,0.00013479957124218345,3.0930953757162123,0.0,0.0,0.0,0.03712017172502291,0.017323258839714528,0.556124452115115,0.31085986277055205,1.0
bulk,systematic,16,30.0,12.0,1.2999982573091984e-05,3.060000017285347e-05,3.224770447925021,0.5545026744979551,0.6333337381814932,0.6943133085481019,0.709589252988889,0.7208846112518768,1.5759169225781635,0.63097046301865,0.125
bulk,systematic,16,60.0,24.0,2.289994154125452e-05,5.509989568963647e-05,3.198298780246135,0.5545026744979551,0.6881845579123622,0.7397493713800039,0.750157730492031,0.7707737871679676,1.5343015775073872,0.6087539810047113,0.25
bulk,systematic,16,120.0,48.0,4.4199987314641476e-05,0.0001069999416358769,3.141881721523173,0.5545026744979551,0.49847201400304864,0.6012920955331148,0.5985842449170686,0.621351991399002,1.4035273775115504,0.5445489059168519,0.5
bulk,systematic,16,180.0,72.0,6.180000491440296e-05,0.00014249992091208696,3.043001670988603,0.0,0.14556881650380016,0.317220860262582,0.4154744305294076,0.44877419138808783,0.9306012358469727,0.4694729169461037,0.75
bulk,systematic,16,240.0,96.0,7.149996235966682e-05,0.00016339996363967657,2.9350430685261735,0.0,0.0,0.14222250852011908,0.11872239330047596,0.20388539105496883,0.733749430210355,0.38802764400203427,1.0
bulk,systematic,17,30.0,12.0,1.379998866468668e-05,2.5599845685064793e-05,3.3539718075757747,0.8540048889764426,0.8073663764367857,0.7487883641843712,0.7267025237969702,0.7005730203869434,2.4980735020006164,0.5147976589972552,0.125
bulk,systematic,17,60.0,24.0,2.7600035537034273e-05,4.7799607273191214e-05,3.3357458804679267,0.9279954442920118,0.8798207335747783,0.20555057604597038,0.2656216466063932,0.28844640446785175,2.5005904326373116,0.4930849239705474,0.25
bulk,systematic,17,120.0,48.0,5.250010872259736e-05,8.739955956116319e-05,3.2160422550993304,0.0,0.16790341762112626,0.22161736019343348,0.24505054007232008,0.2781204592637161,0.9447675462456476,0.44102113164059886,0.5
bulk,systematic,17,180.0,72.0,7.419998291879892e-05,0.0001281995209865272,3.1262780076435406,0.0,0.16790341762112626,0.2143751300675848,0.26377224951433587,0.29548829059465886,0.8454716858047466,0.378415955465837,0.75
bulk,systematic,17,240.0,96.0,9.220000356435776e-05,0.00017419958021491766,3.0869409632504343,0.0,0.0,0.06829193733675532,0.10831418491467659,0.13836152183962858,0.6367312736725754,0.3342525136934098,1.0
bulk,systematic,18,30.0,12.0,1.3000040780752897e-05,2.1199986804276705e-05,3.1993049816495023,0.0,0.1661289702830714,0.23241479598975,0.3164027722966074,0.2854308757261055,1.0782159467390777,0.6129336767805811,0.125
bulk,systematic,18,60.0,24.0,2.5699904654175043e-05,4.2000028770416975e-05,3.14063078328712,0.0,0.1938894974253832,0.3105108212882257,0.3067966525448862,0.2639891579241779,1.0201341886516482,0.5809280786401134,0.25
bulk,systematic,18,120.0,48.0,3.819988342002034e-05,6.199989002197981e-05,3.026618330845803,0.0,0.1938894974253832,0.32700996721012654,0.40109362645488467,0.42753256992871347,0.91373985309753,0.514230398443841,0.5
bulk,systematic,18,180.0,72.0,5.849997978657484e-05,0.000100799894426018,2.9367761335963327,0.0,0.04482090638421232,0.033717390745559905,0.11328863080326368,0.1399483514953065,0.7685667835980877,0.4657498766258853,0.75
bulk,systematic,18,240.0,96.0,7.33000342734158e-05,0.0001346995704807341,2.822103605374361,0.0,0.04482090638421232,0.0,0.0,0.0424669415775073,0.4863695389558468,0.3638596224907421,1.0
bulk,systematic,19,30.0,12.0,1.2599863111972809e-05,2.2400054149329662e-05,3.3443497433705964,0.0,0.20375261251111432,0.31866054110194886,0.3226126305885628,0.38717517617227337,1.2663933086053034,0.6016180912218454,0.125
bulk,systematic,19,60.0,24.0,2.579990541562438e-05,4.370009992271662e-05,3.293774366114254,0.0,0.2236412826454388,0.1994383903042597,0.2523920271497041,0.33603024279097315,1.1963865954088988,0.5831623837055607,0.25
bulk,systematic,19,120.0,48.0,4.8799964133650064e-05,8.250016253441572e-05,3.163011638132076,0.0,0.0,0.035192668902821356,0.034962014714033485,0.13922153525317482,0.9995095160028701,0.5257774366615097,0.5
bulk,systematic,19,180.0,72.0,6.490002851933241e-05,0.00011430011363700032,3.071213863146301,0.0,0.0,0.035192668902821356,0.034962014714033485,0.1187000423218254,0.820944571513376,0.4584555021813057,0.75
bulk,systematic,19,240.0,96.0,8.28000484034419e-05,0.00015609990805387497,2.9880991021268177,0.0,0.0,0.10614598625102656,0.10862700746803933,0.18240528101135234,0.6645346393053103,0.3774386236577085,1.0
bulk,systematic,20,30.0,12.0,1.4300108887255192e-05,3.170000854879618e-05,3.294956352674943,0.9831785133878652,0.1634461602553512,0.25398566399474143,0.21476872764355326,0.25239719045969855,2.0866929895147117,0.5349826937873751,0.125
bulk,systematic,20,60.0,24.0,2.559996210038662e-05,5.9500045608729124e-05,3.263912542562329,0.0,0.0021552395549589987,0.08938249099331452,0.07841610488199435,0.13924360137774638,1.3166813833541164,0.514579193636981,0.25
bulk,systematic,20,120.0,48.0,4.199991235509515e-05,9.970006067305803e-05,3.1929136766082564,0.0,0.0,0.009181820535113516,0.11025469027345891,0.18623633608771328,1.2612816694066276,0.47221384094225427,0.5
bulk,systematic,20,180.0,72.0,6.209994899109006e-05,0.00014300004113465548,3.1535248967764695,0.0,0.08171042833693487,0.06769904186325404,0.05939300984078111,0.14299986710976598,1.1939150557647942,0.4237889993096369,0.75
bulk,systematic,20,240.0,96.0,7.840007310733199e-05,0.00018140010070055723,3.073934335772785,0.0,0.08171042833693487,0.06769904186325404,0.11484241154555341,0.15105573356379132,1.094871403967183,0.35974559289464114,1.0
bulk,systematic,21,30.0,12.0,1.0800024028867483e-05,2.0299979951232672e-05,3.288125977696865,0.7027614025899682,0.7534969690595854,0.7153299241628677,0.7480641082598181,0.7228152133955068,1.119640067851093,0.5964793016662134,0.125
bulk,systematic,21,60.0,24.0,2.480007242411375e-05,4.049984272569418e-05,3.2444002355425225,0.9073466221046124,0.7922451463023041,0.8191583415311379,0.8296762356837961,0.8238373774811024,1.0665774446232108,0.5759489120448602,0.25
bulk,systematic,21,120.0,48.0,3.760005347430706e-05,6.079976446926594e-05,3.1489592690911237,0.341789308286889,0.4944507779335071,0.35614545397950514,0.2739318343838124,0.3724010314490407,0.9182681541016608,0.5175341287297505,0.5
bulk,systematic,21,180.0,72.0,6.050011143088341e-05,0.00011799990897998214,3.089173823889029,0.3120382182420848,0.19498606634846138,0.15120154655155993,0.25759797652758554,0.20179120030442554,0.8231432223323033,0.4552986506996481,0.75
bulk,systematic,21,240.0,96.0,7.800012826919556e-05,0.0001580998650752008,2.998214266109786,0.3120382182420848,0.004890268971063372,0.007846699964304538,0.0,0.0,0.5319979605022711,0.383083687411541,1.0
bulk,systematic,22,30.0,12.0,1.2299977242946625e-05,2.080004196614027e-05,3.636725979195077,0.9665886350756241,0.9388417904300401,0.9306756081807607,0.9272284561861611,0.8939495395559938,3.285670231804638,0.5777359888962728,0.125
bulk,systematic,22,60.0,24.0,2.610008232295513e-05,4.2299856431782246e-05,3.5905878123483355,0.9795755290815047,0.9366625806762481,0.9245828066346156,0.8892484149081612,0.8871054472604591,3.2648215933641027,0.549619812931824,0.25
bulk,systematic,22,120.0,48.0,4.800019087269902e-05,8.089974289759994e-05,3.3568976364955194,0.0,0.3819845801065104,0.36311064634419987,0.38715011330209614,0.41952257912243407,2.167891055727026,0.4952356424151978,0.5
bulk,systematic,22,180.0,72.0,6.900005973875523e-05,0.00012169970432296395,3.228280082710239,0.0,0.0,0.06833984712500629,0.06628294573564153,0.05777659591525386,0.8933706738808938,0.44481312901686126,0.75
bulk,systematic,22,240.0,96.0,8.630019146949053e-05,0.0001616997178643942,3.0943619317831073,0.0,0.0,0.0,0.04371022209708675,0.04040857584201307,0.617269095282789,0.34912923151156566,1.0
bulk,systematic,23,30.0,12.0,1.27000967040658e-05,2.2299878764897585e-05,3.4087351996840476,0.9529006365185666,0.9466958282671385,0.9075947022163626,0.8934804492121672,0.8537229622004127,3.4184468321428123,0.5893818674064394,0.125
bulk,systematic,23,60.0,24.0,2.610008232295513e-05,4.289986100047827e-05,3.384421530519703,0.8487745329942376,0.8572420306981874,0.8232295757995286,0.7964869522926752,0.6388781621639316,3.3846272326712863,0.5790144789788686,0.25
bulk,systematic,23,120.0,48.0,5.009991582483053e-05,8.089985931292176e-05,3.225589941732043,0.0,0.0,0.0,0.01744174629410422,0.04501737921624027,1.02617763693189,0.5084089760304188,0.5
bulk,systematic,23,180.0,72.0,6.919988663867116e-05,0.00012129999231547117,3.1357334904760585,0.0,0.0,0.0,0.0,0.025797723702914443,0.8305247017640904,0.4499206291656778,0.75
bulk,systematic,23,240.0,96.0,8.209998486563563e-05,0.00015069986693561077,3.0647797033514457,0.0,0.0,0.04842216513930142,0.0,0.008200934812128136,0.6342003263126592,0.39129743908805964,1.0
bulk,systematic,24,30.0,12.0,1.2500095181167126e-05,2.1899992134422064e-05,3.208909742562779,0.6034944311261337,0.2668354317504841,0.23558718742343676,0.3434409321734464,0.36893017593703137,1.1043739184152779,0.5548656079549011,0.125
bulk,systematic,24,60.0,24.0,2.6300200261175632e-05,4.42999298684299e-05,3.1777893550243856,0.6034944311261337,0.2668354317504841,0.23558718742343676,0.3560049145388451,0.4432028606328833,1.0562544454000713,0.5478354629013492,0.25
bulk,systematic,24,120.0,48.0,5.000020610168576e-05,8.349982090294361e-05,3.099578187025461,0.6034944311261337,0.2668354317504841,0.28110484665379043,0.23632559503514594,0.2877690344185142,0.9028098350967363,0.48373512281879605,0.5
bulk,systematic,24,180.0,72.0,6.630027201026678e-05,0.00011499965330585837,3.084651014974187,0.6034944311261337,0.4313297310329651,0.19612968306281597,0.20441945419961793,0.17575211193932194,0.8081262606088674,0.42532250827921536,0.75
bulk,systematic,24,240.0,96.0,8.400017395615578e-05,0.00015349965542554855,3.001128588228045,0.6034944311261337,0.4313297310329651,0.19612968306281597,0.24864177696224954,0.2440464082667968,0.7149295634180998,0.36065705037139295,1.0
bulk,systematic,25,30.0,12.0,1.00000761449337e-05,1.7399783246219158e-05,3.188445581392411,0.9706393235772001,0.9435725637683191,0.8521500058575616,0.6115153898631274,0.6308929095387079,1.407684996605742,0.5652358130019354,0.125
bulk,systematic,25,60.0,24.0,2.3900065571069717e-05,3.9699836634099483e-05,3.165646904922049,0.48237299672987943,0.6365839711419923,0.6285223823016926,0.6251963591114085,0.20896061979864766,1.351803360024841,0.5431779568640241,0.25
bulk,systematic,25,120.0,48.0,4.780001472681761e-05,7.809995440766215e-05,3.0583985385599575,0.0,0.0,0.10830087873484273,0.1291050234408544,0.1932398415484241,0.8112429129443595,0.4837044217798123,0.5
bulk,systematic,25,180.0,72.0,6.880011642351747e-05,0.00011699990136548877,3.0062954665593957,0.0,0.0,0.14744521157624035,0.21692646272147287,0.19502980314878426,0.6930797275074498,0.43730859055862065,0.75
bulk,systematic,25,240.0,96.0,8.690013783052564e-05,0.00015559984603896737,2.901718626496383,0.0,0.0,0.05822054572390101,0.002815147181113198,0.04358989895031096,0.45494685984392425,0.36326797975782243,1.0
bulk,systematic,26,30.0,12.0,1.2599979527294636e-05,2.189993392676115e-05,3.33123494397352,0.0,0.30899738930771614,0.46509147423412955,0.5529184482742395,0.5018424319612638,1.155693493586371,0.5228097772574594,0.125
bulk,systematic,26,60.0,24.0,2.4999957531690598e-05,4.2399915400892496e-05,3.2891288992915353,0.0,0.36616531857191426,0.3407248585463559,0.272659732334918,0.36313183100270796,1.0437845014291887,0.501266579118612,0.25
bulk,systematic,26,120.0,48.0,3.8300000596791506e-05,6.319984095171094e-05,3.2017539181607617,0.0,0.051796748379122404,0.11036772679748974,0.08719889101569456,0.17697976921744485,0.9169618608687694,0.43888030554361396,0.5
bulk,systematic,26,180.0,72.0,6.84000551700592e-05,0.00010509975254535675,3.1162954353083308,0.0,0.051796748379122404,0.11036772679748974,0.08719889101569456,0.20073690933060417,0.7670217762848824,0.3611705920088179,0.75
bulk,systematic,26,240.0,96.0,8.550001075491309e-05,0.00014469970483332872,3.0497256111043,0.30960974962972854,0.0,0.005918479845335778,0.10810823734889108,0.13315289745721526,0.6605127197878089,0.3087317632542018,1.0
bulk,systematic,27,30.0,12.0,1.2200034689158201e-05,2.150004729628563e-05,3.2195928565687297,0.7194530180171799,0.7440744340803676,0.7114212076459558,0.7247522840852825,0.6684317225625163,1.0583354223758386,0.5928795815749033,0.125
bulk,systematic,27,60.0,24.0,2.0300038158893585e-05,3.2999960239976645e-05,3.174887163862541,0.02325269434743038,0.4163954221243017,0.43974328075104296,0.4969154447022186,0.5101926361350848,0.9609864860775383,0.5747018835743988,0.25
bulk,systematic,27,120.0,48.0,4.549993900582194e-05,7.419998291879892e-05,3.0995666015084513,0.02325269434743038,0.34097416037257744,0.37902214291940817,0.43447431984854945,0.4460764915502865,0.8448037777514388,0.5188626712261112,0.5
bulk,systematic,27,180.0,72.0,6.579991895705462e-05,0.00011390005238354206,3.0585261059968247,0.09687691091996087,0.0490082422993261,0.2340451688542815,0.3036104858242191,0.3083545403614907,0.7495636854127613,0.46663529147705624,0.75
bulk,systematic,27,240.0,96.0,8.299987530335784e-05,0.00015560007886961102,2.9350273882340296,0.09687691091996087,0.14745465975996241,0.06757376679950544,0.0,0.0991263543265739,0.5807863144373815,0.384292713602666,1.0
bulk,systematic,28,30.0,12.0,1.4899997040629387e-05,2.529995981603861e-05,3.3744704080622463,0.894878904171747,0.8813555057438639,0.850029972383064,0.8512668042840579,0.836551872825703,1.4103945522688737,0.5821605868583485,0.125
bulk,systematic,28,60.0,24.0,2.759997732937336e-05,4.5299879275262356e-05,3.2993521476691505,0.9448352976730344,0.9007423970005992,0.8646535812800887,0.671910591931959,0.6317741438614197,1.308011703750559,0.5416516437905123,0.25
bulk,systematic,28,120.0,48.0,5.169998621568084e-05,8.539983537048101e-05,3.241033323906238,0.4997823705862072,0.0,0.12336158818311327,0.19981177331163558,0.2877466966982598,0.9474179864386488,0.48243328928895984,0.5
bulk,systematic,28,180.0,72.0,7.199984975159168e-05,0.00012589991092681885,3.119951754775453,0.4997823705862072,0.0,0.12728285044626952,0.0848724392956115,0.07336746934469984,0.7907576165776624,0.3969027728331316,0.75
bulk,systematic,28,240.0,96.0,9.039987344294786e-05,0.00016769987996667624,2.997752816743192,0.4997823705862072,0.0,0.037143087776809414,0.009746287568244694,0.07336746934469984,0.6305132100996186,0.3407745271846485,1.0
bulk,systematic,29,30.0,12.0,1.2199918273836374e-05,2.150004729628563e-05,3.2030509231134143,0.9287879945139644,0.8751503573055408,0.8491175297086873,0.7589031911357178,0.7167894966985879,1.741049168759031,0.6377018982871667,0.125
bulk,systematic,29,60.0,24.0,2.5099958293139935e-05,4.290003562346101e-05,3.1639037901393228,0.8252078902890627,0.7760665953499154,0.6831954315551678,0.6467098333804384,0.6575709105611457,1.6993886328914003,0.6110070632806321,0.25
bulk,systematic,29,120.0,48.0,4.989962326362729e-05,8.240010356530547e-05,3.0821206738896003,0.8252078902890627,0.6375067310550318,0.5612168966583189,0.5597943398568315,0.5828372773036294,1.667537925748529,0.5569485636903454,0.5
bulk,systematic,29,180.0,72.0,6.879947613924742e-05,0.00012059998698532581,3.036422152504245,0.8252078902890627,0.6375067310550318,0.5612168966583189,0.5837149205874792,0.599517714184435,1.5955922662858448,0.5085790852251144,0.75
bulk,systematic,29,240.0,96.0,8.519948460161686e-05,0.00016039994079619646,2.898146127653481,0.0,0.09242521024766526,0.000794431615735891,1.1102230246251565e-16,1.1102230246251565e-16,0.5324561954033464,0.41184514539088835,1.0
bulk,systematic,30,30.0,12.0,1.2500036973506212e-05,2.2599822841584682e-05,3.3598594123388934,0.0,0.32167313353406035,0.47949239158568024,0.4901583499860577,0.5421312424398339,1.2501386697408958,0.5836100965636224,0.125
bulk,systematic,30,60.0,24.0,2.5600078515708447e-05,4.3199805077165365e-05,3.3256479667870855,0.0,0.32167313353406035,0.49565233808537323,0.5275922343707258,0.5660429858435879,1.191375761633315,0.565211989272359,0.25
bulk,systematic,30,120.0,48.0,5.029997555539012e-05,8.299975888803601e-05,3.2114359713933602,0.0,0.32167313353406035,0.478431952124059,0.5511818450664863,0.5362796381429915,1.0481716203987552,0.49987927814382516,0.5
bulk,systematic,30,180.0,72.0,6.92000612616539e-05,0.00012219970813021064,3.0668179855947404,0.0,0.0,0.024506672874391122,0.1583683210555834,0.21806720411308456,0.8106634479508759,0.4354889188628624,0.75
bulk,systematic,30,240.0,96.0,8.540000999346375e-05,0.00016259955009445548,2.957083822167864,0.0,0.0,0.024506672874391122,0.1583683210555834,0.14106679369787545,0.5588290181197312,0.35473260568523923,1.0
bulk,systematic,31,30.0,12.0,1.4200049918144941e-05,2.5000073947012424e-05,3.142487669577674,0.7782551959792978,0.8086956766027127,0.7608925328575963,0.7642269433110168,0.7424761775107819,1.1131159582224441,0.6129193934743282,0.125
bulk,systematic,31,60.0,24.0,2.700003096833825e-05,4.55001718364656e-05,3.0902252704767665,0.8228971056299865,0.8159323833053593,0.5302039410235093,0.586761627976409,0.5295778149673116,1.0561652566307962,0.5903691649802522,0.25
bulk,systematic,31,120.0,48.0,5.170004442334175e-05,8.550018537789583e-05,3.0520410361262993,0.06274080504417423,0.47009992475264684,0.2641573454699554,0.19773703236109996,0.2545427048740989,0.9630273468742492,0.5459505527834259,0.5
bulk,systematic,31,180.0,72.0,7.100007496774197e-05,0.0001242003054358065,2.9674361899569774,0.06274080504417423,0.09456689760901471,0.33179197579791675,0.4288625706053023,0.4515318302556317,0.8384819189719838,0.4740424370567203,0.75
bulk,systematic,31,240.0,96.0,8.920009713619947e-05,0.00016580027295276523,2.900170719867301,0.06274080504417423,0.09456689760901471,0.0,0.16507801479423156,0.20734496661200574,0.6273753022554415,0.39326112980628075,1.0
bulk,systematic,32,30.0,12.0,7.90000194683671e-06,1.3400043826550245e-05,3.3730997444308213,0.3488256542786353,0.5465328954920223,0.6364543073813083,0.5282042226763777,0.556349972947677,1.364157420079156,0.6104238706617539,0.125
bulk,systematic,32,60.0,24.0,2.1899992134422064e-05,3.540009493008256e-05,3.32531709969534,0.3488256542786353,0.3211221059549567,0.4628447685004734,0.5195762761298949,0.5431643413422436,1.3056068601646755,0.5710651443822318,0.25
bulk,systematic,32,120.0,48.0,3.4800032153725624e-05,5.580025026574731e-05,3.257639488561221,0.5302285831968423,0.3211221059549567,0.45491439096284647,0.5258508950894107,0.576902716497418,1.25444984740853,0.5305380102562434,0.5
bulk,systematic,32,180.0,72.0,4.680000711232424e-05,7.600017124786973e-05,3.131691280444118,0.0,0.10986297684933799,0.0747281488445043,0.18556931230832707,0.22725987700269912,0.8980698336477305,0.4474536810403613,0.75
bulk,systematic,32,240.0,96.0,6.449990905821323e-05,0.00011520012049004436,2.9946705281676063,0.0,0.0061217202250237746,0.0791378199343451,0.0,0.07496076517609884,0.5915721139629936,0.37471291798775996,1.0
bulk,systematic,33,30.0,12.0,7.2999391704797745e-06,1.360004534944892e-05,3.6515517971718343,0.6225938968336002,0.697241212384967,0.7378679110652931,0.7351660715715729,0.690131152443859,2.6212590782099365,0.5190794357976442,0.125
bulk,systematic,33,60.0,24.0,2.089992631226778e-05,3.5399862099438906e-05,3.5755808075801734,0.6225938968336002,0.5114091634067346,0.5035138861153955,0.5083518180139945,0.5470525888198552,2.533126474068691,0.497794987442576,0.25
bulk,systematic,33,120.0,48.0,3.6799872759729624e-05,6.199994822964072e-05,3.3751377501811306,0.0,0.0,0.025348292193457134,0.07945141908376951,0.13438419699652826,1.1908742259399026,0.42922736795738625,0.5
bulk,systematic,33,180.0,72.0,5.209993105381727e-05,9.26998327486217e-05,3.2949574383000253,0.0,0.0,0.025348292193457134,0.07945141908376951,0.13438419699652826,1.0832724719513622,0.39530245936681785,0.75
bulk,systematic,33,240.0,96.0,6.279995432123542e-05,0.00011699966853484511,3.192648056611215,0.0,0.0,0.0,0.004773073089081481,0.0,0.6522132370989607,0.3237225493929479,1.0
bulk,systematic,34,30.0,12.0,1.1899915989488363e-05,2.1500105503946543e-05,3.1542897625910893,0.756049345774525,0.82010356237345,0.8347245237869042,0.7971268485380758,0.7672749185925187,1.1904065872583196,0.6041680557980005,0.125
bulk,systematic,34,60.0,24.0,2.2399879526346922e-05,3.6200101021677256e-05,3.1150654095468595,0.756049345774525,0.7586954542172858,0.7357034663109584,0.733524714451507,0.6447430477476087,1.127868840472489,0.5721541753706301,0.25
bulk,systematic,34,120.0,48.0,4.789995728060603e-05,7.690006168559194e-05,3.012558530987228,0.09694839895613083,0.2879598110694911,0.36646823464874023,0.458513529668949,0.507522732436954,0.9754003873582335,0.5184750210850574,0.5
bulk,systematic,34,180.0,72.0,6.84998813085258e-05,0.0001159000676125288,2.922973099837115,0.09694839895613083,0.2879598110694911,0.36646823464874023,0.4276085189611748,0.3691879058919634,0.7628991833732055,0.44811722872156984,0.75
bulk,systematic,34,240.0,96.0,8.569977944716811e-05,0.00015640008496120572,2.849543876954765,0.09694839895613083,0.0,0.06691769435343764,0.05418091920075396,0.11583431214220519,0.5466062858322063,0.3795464547421942,1.0
bulk,systematic,35,30.0,12.0,1.1899974197149277e-05,2.1900050342082977e-05,3.131408270018555,0.703759813958815,0.7545687295537411,0.8025485026933799,0.8019114266548566,0.5940177337937028,1.1889006167270597,0.6475124092651928,0.125
bulk,systematic,35,60.0,24.0,1.95999164134264e-05,3.3100019209086895e-05,3.0789705576682613,0.8831623908760481,0.4513411638917282,0.6006968517845845,0.6303828451213246,0.6613110422831774,1.1021964396699289,0.6056285781380613,0.25
bulk,systematic,35,120.0,48.0,4.379998426884413e-05,7.210008334368467e-05,2.9832781544550855,0.6857999348872863,0.7799662270449019,0.7792240602749885,0.7638053332823087,0.6867534062289302,0.9460063241373953,0.5289263128602213,0.5
bulk,systematic,35,180.0,72.0,6.299983942881227e-05,0.00011040014214813709,2.890445092856229,0.0,0.43834683529575025,0.5390998574928045,0.48414833998100315,0.4910044482256294,0.700418367601883,0.4453541691910454,0.75
bulk,systematic,35,240.0,96.0,7.31997424736619e-05,0.0001315002446062863,2.7910606100300015,0.0,0.1968063634606393,0.30589259537895497,0.14642117860150683,0.12585895146006443,0.4353739655966039,0.3863508909626003,1.0
bulk,systematic,36,30.0,12.0,1.1800031643360853e-05,2.1399930119514465e-05,3.1995049649425322,0.5930543431281756,0.6598697840206861,0.6701991426001749,0.6800329937340637,0.6941748625422579,1.5806430842618138,0.5718072700429887,0.125
bulk,systematic,36,60.0,24.0,2.0900042727589607e-05,3.299990203231573e-05,3.2244925354960015,0.5930543431281756,0.6534355323616247,0.6934648533272616,0.6783488957345932,0.6596717511626147,1.5617742682761067,0.5537323719890322,0.25
bulk,systematic,36,120.0,48.0,4.530017031356692e-05,7.149996235966682e-05,3.1027657068649255,0.5930543431281756,0.6534355323616247,0.6209627441745198,0.5806899255229109,0.599154990294519,1.4526434109449204,0.48934039456354356,0.5
bulk,systematic,36,180.0,72.0,6.550009129568934e-05,0.00011049996828660369,2.9716056751600206,0.0,0.0,0.12265020175265351,0.1919701464389103,0.22857316708744613,0.8357662684597079,0.430271629784691,0.75
bulk,systematic,36,240.0,96.0,8.130003698170185e-05,0.0001474000746384263,2.9179488081537683,0.0,0.0,0.12265020175265351,0.1351432380359654,0.14419674389095305,0.6880205928544981,0.3688397869729223,1.0
bulk,systematic,37,30.0,12.0,1.2000033166259527e-05,2.210005186498165e-05,3.109904805583174,0.7156796948067916,0.7545789997744777,0.7020826292792492,0.6934359508013623,0.568269875742437,1.0732179612585275,0.6011877720379043,0.125
bulk,systematic,37,60.0,24.0,2.039998071268201e-05,3.5400036722421646e-05,3.048573528792622,0.0,0.3143838162127258,0.2386263548783467,0.2101694013561669,0.29590364161543303,0.9278141293535702,0.5726314679122833,0.25
bulk,systematic,37,120.0,48.0,4.309997893869877e-05,7.429986726492643e-05,2.9968368856151213,0.0,0.0,0.04810648354115099,0.197316555795236,0.2917960927828236,0.850880184730422,0.528480712466807,0.5
bulk,systematic,37,180.0,72.0,6.24998938292265e-05,0.00011159991845488548,2.910349184448197,0.0,0.0,0.22331941318874637,0.3491852780572905,0.35858001945234375,0.6728559901714228,0.470278790722888,0.75
bulk,systematic,37,240.0,96.0,8.109997725114226e-05,0.0001526998821645975,2.8579831371372193,0.0,0.0,0.04810648354115099,0.03223733810142049,0.10682024168619086,0.4982270199625536,0.4050416475187334,1.0
bulk,systematic,38,30.0,12.0,1.190003240481019e-05,2.1600048057734966e-05,3.1262838614082846,0.8916785668196385,0.7170060123042956,0.7011915784829025,0.7120288619899224,0.14296031256207276,2.3642971437808966,0.6543043794730143,0.125
bulk,systematic,38,60.0,24.0,2.5700079277157784e-05,4.290009383112192e-05,3.0819028883298514,0.7563862066456253,0.7170060123042956,0.03377171728210593,0.10701127197484628,0.1528681345237064,2.3328585250939327,0.6286397384432182,0.25
bulk,systematic,38,120.0,48.0,5.440006498247385e-05,8.650013478472829e-05,2.9655456766696346,0.0,0.0,0.0709663591351386,0.08978380002691755,0.07284342509569974,0.9168338132030794,0.5435644949199917,0.5
bulk,systematic,38,180.0,72.0,7.340009324252605e-05,0.0001243999577127397,2.8963429627137365,0.0,0.0,0.0709663591351386,0.08978380002691755,0.07284342509569974,0.6853042781944163,0.4698358027346874,0.75
bulk,systematic,38,240.0,96.0,8.5500068962574e-05,0.00015219999477267265,2.835320787247056,0.0,0.0,0.0709663591351386,0.08978380002691755,0.07284342509569974,0.5725853603815516,0.40504141737230254,1.0
bulk,systematic,39,30.0,12.0,1.3799930457025766e-05,2.3699947632849216e-05,3.2579325123215974,0.8959792210396735,0.7325113493378514,0.7632472251294147,0.755618590632938,0.6147922916770943,1.2278478912106674,0.5885148487950191,0.125
bulk,systematic,39,60.0,24.0,2.749991836026311e-05,4.490010906010866e-05,3.212516790072758,0.701294875274963,0.7214583090423015,0.5425029844554822,0.5952539729363164,0.5802729038039589,1.1647991008984246,0.5496410441679429,0.25
bulk,systematic,39,120.0,48.0,5.119992420077324e-05,8.290004916489124e-05,3.098336597220175,0.5033542792172663,0.47173171002656655,0.5136604737152648,0.5325826215155223,0.5677604440791222,1.0599367802526636,0.5149316221467823,0.5
bulk,systematic,39,180.0,72.0,6.9500005338341e-05,0.0001186000881716609,2.980963692212802,0.5033542792172663,0.3343255442988241,0.35025742674876603,0.4335392098873756,0.1604791160272473,0.8749362527236295,0.44393931733665265,0.75
bulk,systematic,39,240.0,96.0,8.100003469735384e-05,0.00014280021423473954,2.8683281138120815,0.0,0.005934953009078203,0.052905575388039416,0.0129817478916332,0.04678155722770627,0.6096181720263439,0.35862540897716144,1.0
bulk,systematic,40,30.0,12.0,8.400063961744308e-06,1.4299992471933365e-05,3.236197742523825,0.0,0.24867597642446881,0.3413443867781053,0.38733397071629905,0.38332971348939704,1.4650446136930488,0.5753797683249777,0.125
bulk,systematic,40,60.0,24.0,2.1300045773386955e-05,3.479997394606471e-05,3.17792712840709,0.0,0.371699793796302,0.38727171851820963,0.4294872250535565,0.4577323149494801,1.2265284264091738,0.5500200858465586,0.25
bulk,systematic,40,120.0,48.0,5.090009653940797e-05,8.049950702115893e-05,3.0839758815338745,0.0,0.2992658470036381,0.38267539444490484,0.41510016654994586,0.4214757786445452,1.0890460603268441,0.4869044557621432,0.5
bulk,systematic,40,180.0,72.0,7.130013545975089e-05,0.00012099952436983585,3.00877307684276,0.0,0.2992658470036381,0.3166081511942582,0.30979119210475414,0.3389978011860528,1.009528237057302,0.41500421751505595,0.75
bulk,systematic,40,240.0,96.0,8.890009485185146e-05,0.0001620996044948697,2.882812143936944,0.0,0.0,0.045786263781075864,0.0921759253934129,0.06213804410312218,0.5555751159617922,0.3415281298909691,1.0
bulk,systematic,41,30.0,12.0,1.2299919035285711e-05,2.2699765395373106e-05,3.3777765697136206,0.9099845642642033,0.853667312918916,0.6086319781605114,0.6751182401782013,0.6753702067480362,1.2380242615555792,0.6051009322778296,0.125
bulk,systematic,41,60.0,24.0,2.440001117065549e-05,4.159973468631506e-05,3.2767595819194533,0.20523214136174073,0.5543877645239313,0.6374163191713843,0.6957425850220497,0.5228315745827067,1.1366170861585936,0.5611714757258808,0.25
bulk,systematic,41,120.0,48.0,4.8599846195429564e-05,8.139986312016845e-05,3.2245419483513285,0.20523214136174073,0.1779681232894047,0.07435203388735201,0.21222843854053686,0.2651090792281926,0.9958145559906186,0.511032002540645,0.5
bulk,systematic,41,180.0,72.0,6.859994027763605e-05,0.00012099999003112316,3.1404693568832247,0.20523214136174073,0.10518562052059677,0.07435203388735201,-2.220446049250313e-16,0.05799070478334678,0.8279716965451022,0.4440678991859921,0.75
bulk,systematic,41,240.0,96.0,8.410005830228329e-05,0.00015920004807412624,3.005782289384334,0.0,0.08014519729373637,0.005204431082027061,0.0,0.043268620535836244,0.5732470756034672,0.3832297052600451,1.0
bulk,systematic,42,30.0,12.0,1.279980642721057e-05,2.1700048819184303e-05,3.2033936731098582,0.7464825240163979,0.8214680621852701,0.8527703408009205,0.6657884911660295,0.6826722499572335,1.4680018472017085,0.6200572403777764,0.125
bulk,systematic,42,60.0,24.0,2.7599860914051533e-05,4.360004095360637e-05,3.1688122301216697,0.27185281199176325,0.4542912192924492,0.5856147004022222,0.641585409545219,0.5862852280683651,1.3754425668049357,0.58619286436392,0.25
bulk,systematic,42,120.0,48.0,5.129980854690075e-05,8.400023216381669e-05,3.069948393763917,0.27185281199176325,0.15112336422570616,0.2653835466460852,0.35011780883351074,0.40988761870659896,1.2219650903198311,0.5229376932386015,0.5
bulk,systematic,42,180.0,72.0,7.109978469088674e-05,0.00012350030010566115,2.9975327472597413,0.27185281199176325,0.15112336422570616,0.2653835466460852,0.28526515736720814,0.30679972939408395,1.1367940164384158,0.4452390075604066,0.75
bulk,systematic,42,240.0,96.0,8.859968511387706e-05,0.00016260036500170827,2.827410553602153,0.0,0.03932052416323106,0.025338251261279643,-2.220446049250313e-16,0.02407952168778249,0.5910764265812172,0.3635615207941012,1.0
bulk,systematic,43,30.0,12.0,1.1500087566673756e-05,2.0300038158893585e-05,3.3364633776499666,0.6072053955492032,0.6506798319620275,0.7283425955668092,0.7619354787524292,0.5344990007302063,1.7864630079364516,0.6294982726114643,0.125
bulk,systematic,43,60.0,24.0,2.3600063286721706e-05,3.940012538805604e-05,3.2845142074623372,0.06499276227661721,0.3138000642641554,0.4059269495306863,0.37283491024112225,0.4305864466987783,1.6021542868790775,0.6084685708566666,0.25
bulk,systematic,43,120.0,48.0,4.530011210590601e-05,7.610017200931907e-05,3.1140504282239694,0.22331329724422333,0.11540695708557702,0.0,0.04302118178496206,0.0380522767670427,0.9255638781841239,0.5353840295401577,0.5
bulk,systematic,43,180.0,72.0,6.510003004223108e-05,0.00011730019468814135,3.0014983254280097,0.22331329724422333,0.11540695708557702,0.0,0.0,0.005166448760045239,0.8211265454080764,0.46861583234153315,0.75
bulk,systematic,43,240.0,96.0,8.160003926604986e-05,0.00015780027024447918,2.905517438958611,0.22331329724422333,0.11540695708557702,0.0,0.0,0.005166448760045239,0.5571467863321272,0.36177879406493585,1.0
bulk,systematic,44,30.0,12.0,1.1200085282325745e-05,1.8400081899017096e-05,3.10348299886059,0.5317911584081663,0.6229114447535962,0.6674333764823117,0.6583211622111727,0.6363910466926188,1.2989498537927104,0.6471659696312791,0.125
bulk,systematic,44,60.0,24.0,2.4700071662664413e-05,4.000012995675206e-05,3.080523417595502,0.5317911584081663,0.6054601487769304,0.6690787354735106,0.6843069701150395,0.647866129051139,1.246646497381192,0.6243459041665134,0.25
bulk,systematic,44,120.0,48.0,4.7800131142139435e-05,7.82000133767724e-05,2.998552947640556,0.5317911584081663,0.6059509798793449,0.654094462315412,0.668785215251428,0.5859467321281153,1.148026953315615,0.5509481944737599,0.5
bulk,systematic,44,180.0,72.0,6.710027810186148e-05,0.00011690013343468308,2.883401711080896,0.0,0.0,0.0,0.12848755273276546,0.20317998725089625,0.7175169608420777,0.4896925297309151,0.75
bulk,systematic,44,240.0,96.0,8.420035010203719e-05,0.0001577000366523862,2.790295485073242,0.0,0.0,0.0,0.09873735603237199,0.12850683736268342,0.46013859866701234,0.4034518419991264,1.0
bulk,systematic,45,30.0,12.0,1.1300027836114168e-05,2.059992402791977e-05,3.135348005685337,0.8655647716915943,0.7006927575693322,0.7241780893491445,0.67237890493838,0.6677239221682044,1.2212472325752757,0.5450435138254149,0.125
bulk,systematic,45,60.0,24.0,2.4999899324029684e-05,4.160002572461963e-05,3.0998028251433287,0.7816304505415548,0.7838546044148401,0.34880248537414316,0.39440436544719326,0.44242716213845856,1.1759736264389986,0.5123547390598988,0.25
bulk,systematic,45,120.0,48.0,4.880002234131098e-05,8.010014425963163e-05,3.014489218412138,0.0,0.19969087116945072,0.10147723427337774,0.19477770562251684,0.22145907777218132,0.922866879355284,0.459777245423695,0.5
bulk,systematic,45,180.0,72.0,9.109999518841505e-05,0.0001357999281026423,2.9513277440385663,0.0,0.19969087116945072,0.10147723427337774,0.14543683918626682,0.14052406093859515,0.7850577899978494,0.38473865337235075,0.75
bulk,systematic,45,240.0,96.0,0.00010860007023438811,0.00017529993783682585,2.866640649965954,0.0,0.19969087116945072,0.15346985964993332,0.030234206828563925,0.026188165663679652,0.6250003944194341,0.34351489102763494,1.0
bulk,systematic,46,30.0,12.0,1.1899915989488363e-05,2.139998832717538e-05,3.1994267369303073,0.683352034826912,0.7008817949678195,0.6649270703608081,0.6387478843552361,0.6560286403902782,1.1861355464614052,0.6125084497163287,0.125
bulk,systematic,46,60.0,24.0,2.5999965146183968e-05,4.330009687691927e-05,3.1569384966715823,0.683352034826912,0.6602731264632166,0.698689663967718,0.6550641297888113,0.5414607240554867,1.185467369579786,0.5948238558541658,0.25
bulk,systematic,46,120.0,48.0,4.919979255646467e-05,8.220004383474588e-05,3.0844684460215994,0.0,0.06237032183653379,0.04982573845784477,0.1513495902508919,0.1977739548147368,0.9521576642839781,0.5458804147704972,0.5
bulk,systematic,46,180.0,72.0,6.989977555349469e-05,0.00012170016998425126,2.9863876986361397,0.0,0.06237032183653379,0.04982573845784477,0.12244147396594274,0.19279456619416147,0.8024179100486563,0.4665099447458338,0.75
bulk,systematic,46,240.0,96.0,8.769967826083302e-05,0.00016350013902410865,2.890188108952616,0.0,0.06237032183653379,0.10470383600876665,0.07093625991151009,0.09364074163063685,0.5517773506188923,0.3831630188052339,1.0
bulk,systematic,47,30.0,12.0,1.1899915989488363e-05,2.160010626539588e-05,3.3574268956185462,0.16787775138573646,0.48225810697316973,0.5886148657984449,0.4124887897377977,0.47479172961421634,1.5856101093327064,0.6164371840536051,0.125
bulk,systematic,47,60.0,24.0,1.9099912606179714e-05,3.2400013878941536e-05,3.3066882623688354,0.16787775138573646,0.08425184153325405,0.34464076158101,0.44370084015014155,0.4897938183787829,1.5114386585037458,0.5838355024098498,0.25
bulk,systematic,47,120.0,48.0,4.3499807361513376e-05,7.180002285167575e-05,3.234762610932625,0.007429293762375999,0.08425184153325405,0.1951911807879757,0.30124278775102764,0.359572731945202,1.3096462864460394,0.5297624738880568,0.5
bulk,systematic,47,180.0,72.0,6.379996193572879e-05,0.00011059996904805303,3.138233739056488,0.007429293762375999,0.06662089000640892,0.05870212952855469,0.14168177536121018,0.12383004972079381,0.9809122559906704,0.4616184923988723,0.75
bulk,systematic,47,240.0,96.0,8.050003089010715e-05,0.00014999991981312633,3.0356037500483772,0.0,0.0,0.0,0.0,0.013096937198803782,0.5008558548909403,0.3982205874867389,1.0
bulk,systematic,48,30.0,12.0,1.4400109648704529e-05,2.6099965907633305e-05,3.3941366446437606,0.4524162928617015,0.576538105444454,0.615429489515424,0.5016638724443758,0.5620584495092387,1.1876880634010165,0.5648416773095559,0.125
bulk,systematic,48,60.0,24.0,2.7700152713805437e-05,4.919996717944741e-05,3.3420541188058124,0.4524162928617015,0.6265695462829095,0.4802222465534156,0.47893716694739774,0.4654973502028106,1.1432143175488583,0.5431998640272102,0.25
bulk,systematic,48,120.0,48.0,5.2300107199698687e-05,8.859991794452071e-05,3.2643265962012222,0.4524162928617015,0.34141949689075035,0.4226973932921636,0.4870567888808245,0.49206302186622686,1.0445831662301968,0.504439082198242,0.5
bulk,systematic,48,180.0,72.0,7.150013698264956e-05,0.0001275999820791185,3.1481147679894352,0.4524162928617015,0.34141949689075035,0.4339027615405866,0.13485403625268855,0.17626064157548205,0.8799384817944239,0.43558017164725527,0.75
bulk,systematic,48,240.0,96.0,8.860020898282528e-05,0.0001675000530667603,3.077224653658938,0.0,0.0,0.0,0.04682638281886109,0.0745468859816455,0.652912320991366,0.3578803895404925,1.0
bulk,systematic,49,30.0,12.0,1.2200034689158201e-05,2.189993392676115e-05,3.226080158356845,0.710067179705034,0.7108952579439586,0.7491652139926631,0.7800952731306935,0.7480382609064933,1.5088318063794053,0.5973772272945137,0.125
bulk,systematic,49,60.0,24.0,3.630010178312659e-05,4.509999416768551e-05,3.1713270415669066,0.710067179705034,0.7985876660568686,0.7721854680004939,0.7881530087801115,0.7932251628646548,1.4749080784409048,0.5683303552186595,0.25
bulk,systematic,49,120.0,48.0,6.0100050177425146e-05,8.47998890094459e-05,3.0741274722472256,0.0,0.1843937280946526,0.14092521772717992,0.26413880325783634,0.29346663877044465,0.966143377793321,0.4782320115331247,0.5
bulk,systematic,49,180.0,72.0,7.629982428625226e-05,0.00011749990517273545,2.9568831419451302,0.0,0.05926324740827971,0.14092521772717992,0.26654258593806845,0.3308744609506382,0.7811102929878442,0.41405500866829165,0.75
bulk,systematic,49,240.0,96.0,0.00010029977420344949,0.00015999999595806003,2.863196429501741,0.0,0.0,0.0,0.05269856508197612,0.07591209600147397,0.4846384912071393,0.35090353746588687,1.0
bulk,random,0,30.0,4.0,6.240000948309898e-05,1.2199976481497288e-05,3.3284444081309665,0.9477539179104024,0.9437363048103852,0.8858719660617329,0.8619255630639633,0.786489335005808,1.505647950072667,0.6054943066464675,0.041666666666666664
bulk,random,0,60.0,5.0,7.760000880807638e-05,1.5099998563528061e-05,3.298683384410346,0.675827209379247,0.7974079561616274,0.8228172207971599,0.7898424904555785,0.7803518527871205,1.4947120331751726,0.6042472436286499,0.052083333333333336
bulk,random,0,120.0,9.0,0.00011419999646022916,2.2899999748915434e-05,3.262792006727846,0.675827209379247,0.7974079561616274,0.8228172207971599,0.7898424904555785,0.7803518527871205,1.4572099796618285,0.584236631757573,0.09375
bulk,random,0,180.0,12.0,0.00015979993622750044,3.299990203231573e-05,3.2444666593424265,0.675827209379247,0.7974079561616274,0.8228172207971599,0.7898424904555785,0.7803518527871205,1.445618415065616,0.5801829515181526,0.125
bulk,random,0,240.0,16.0,0.00022179994266480207,4.499999340623617e-05,3.23149098073557,0.9477539179104024,0.9437363048103852,0.8858719660617329,0.8619255630639633,0.786489335005808,1.4276398357334272,0.5754023879746637,0.15625
bulk,random,1,30.0,1.0,2.629996743053198e-05,2.010003663599491e-05,3.2549546953107114,0.8535483465545524,0.8047943573790837,0.23019200052455902,0.31848189159419504,0.24955206464826452,1.7038674097858888,0.6207052338056562,0.010416666666666666
bulk,random,1,60.0,2.0,4.680000711232424e-05,2.3700064048171043e-05,3.2508442426591344,0.8535483465545524,0.8047943573790837,0.23019200052455902,0.31848189159419504,0.24955206464826452,1.701310679236403,0.6181069546684218,0.020833333333333332
bulk,random,1,120.0,5.0,0.00015780003741383553,3.950006794184446e-05,3.233770201886523,0.8535483465545524,0.8047943573790837,0.23019200052455902,0.31848189159419504,0.24955206464826452,1.6817913988221402,0.608091790479345,0.052083333333333336
bulk,random,1,180.0,9.0,0.00020540005061775446,5.0900038331747055e-05,3.213104509980532,0.8535483465545524,0.8047943573790837,0.23019200052455902,0.31848189159419504,0.24955206464826452,1.6791897055197325,0.5942645720422354,0.08333333333333333
bulk,random,1,240.0,29.0,0.00043270003516227007,9.810016490519047e-05,3.1255985914959994,0.8535483465545524,0.13409788713761417,0.2615759265611508,0.21579352885447645,0.24580123562946998,1.5834658624388616,0.5621655665077271,0.2708333333333333
bulk,random,2,30.0,3.0,3.2299954909831285e-05,5.599984433501959e-06,3.2570073032058207,0.847991072403385,0.820680404220288,0.7704215498234775,0.7707937737055034,0.7360347858705696,1.3663183076869123,0.6070052719634124,0.03125
bulk,random,2,60.0,6.0,7.870001718401909e-05,1.620006514713168e-05,3.2250869096880894,0.0,0.18374698544525958,0.28597156124066614,0.2887765654082176,0.32785781731452157,1.1376039367248933,0.6049686338370436,0.052083333333333336
bulk,random,2,120.0,8.0,0.00011250004172325134,2.360012149438262e-05,3.2152739957118706,0.0,0.18374698544525958,0.28597156124066614,0.2887765654082176,0.32785781731452157,1.1366478124807278,0.6044818710972621,0.0625
bulk,random,2,180.0,12.0,0.00017170002683997154,3.44001455232501e-05,3.2029798207813656,0.0,0.04799075344499426,0.14777051402563957,0.19053138794483704,0.19159193822943865,1.1252182390383654,0.6054681652715803,0.10416666666666667
bulk,random,2,240.0,28.0,0.00034659990342333913,7.450021803379059e-05,3.1695640048727576,0.0,0.04799075344499426,0.1767955215018291,0.19164264237633133,0.23917248950725967,1.0700668796433246,0.5725125702230032,0.25
bulk,random,3,30.0,4.0,0.00012239994248375297,1.3199984095990658e-05,3.311498566917671,0.9241993815384905,0.7516743347083105,0.6662678410697295,0.5885698853487323,0.6164257204472394,1.3316818741348493,0.5755540836829895,0.041666666666666664
bulk,random,3,60.0,5.0,0.00014459999511018395,1.769996015354991e-05,3.2961825505785503,0.9241993815384905,0.7516743347083105,0.6662678410697295,0.5885698853487323,0.6164257204472394,1.331499402769552,0.5755115001324235,0.052083333333333336
bulk,random,3,120.0,7.0,0.00017860002117231488,2.5200017262250185e-05,3.2744693152619457,0.9241993815384905,0.7516743347083105,0.6662678410697295,0.5885698853487323,0.6164257204472394,1.3297572230195545,0.5668209346433887,0.07291666666666667
bulk,random,3,180.0,11.0,0.00023410003632307053,3.7200108636170626e-05,3.2630145707738394,0.9241993815384905,0.7516743347083105,0.6662678410697295,0.5885698853487323,0.6164257204472394,1.3196492971720355,0.5594505539308844,0.11458333333333333
bulk,random,3,240.0,20.0,0.00033710000570863485,6.0100224800407887e-05,3.2457845025684944,0.9241993815384905,0.7516743347083105,0.6545816065842973,0.6833110369810236,0.6938965693934418,1.2793919274654262,0.5495877573392008,0.19791666666666666
bulk,random,4,30.0,1.0,2.370000584051013e-05,4.099973011761904e-06,3.335150549008915,0.9797514966934601,0.9403100518102916,0.9201067481705976,0.8878328705351792,0.8786791336366433,2.180584177218339,0.6143580034611624,0.010416666666666666
bulk,random,4,60.0,2.0,5.859998054802418e-05,8.899951353669167e-06,3.3260204833621914,0.9797514966934601,0.9403100518102916,0.9201067481705976,0.8878328705351792,0.8786791336366433,2.1803405854525555,0.6052210190741981,0.020833333333333332
bulk,random,4,120.0,6.0,0.00011789996642619371,2.1999934688210487e-05,3.296486176071028,0.9329010931189623,0.9140477187234728,0.8823617579947032,0.8789451521797528,0.873690637726147,2.161698799050933,0.5893909174718998,0.0625
bulk,random,4,180.0,11.0,0.0001783999614417553,3.520003519952297e-05,3.2666717263455993,0.9329010931189623,0.9140477187234728,0.8823617579947032,0.8789451521797528,0.873690637726147,2.1588310350675033,0.566881080730605,0.10416666666666667
bulk,random,4,240.0,24.0,0.00032839999767020345,6.669998401775956e-05,3.221476677039474,0.9329010931189623,0.9140477187234728,0.8823617579947032,0.8789451521797528,0.873690637726147,2.1374017227684403,0.5533598013080075,0.20833333333333334
bulk,random,5,30.0,2.0,3.920000744983554e-05,7.399998139590025e-06,3.2461150864471455,0.8171233381002264,0.7096371028592765,0.7197630963642594,0.734776521854049,0.6148543794553787,1.4600636299802237,0.6076885478157281,0.020833333333333332
bulk,random,5,60.0,6.0,9.380001574754715e-05,1.9399914890527725e-05,3.2335454570994266,0.8171233381002264,0.7096371028592765,0.7197630963642594,0.734776521854049,0.6148543794553787,1.4421072109193447,0.5964111075197759,0.0625
bulk,random,5,120.0,9.0,0.00016120006330311298,3.079988528043032e-05,3.203624277107743,0.8171233381002264,0.7096371028592765,0.7197630963642594,0.734776521854049,0.6148543794553787,1.4385355887171376,0.5852087548719925,0.09375
bulk,random,5,180.0,12.0,0.00026430009165778756,4.199991235509515e-05,3.1903014471484643,0.8171233381002264,0.7096371028592765,0.7197630963642594,0.734776521854049,0.6148543794553787,1.4370449613639176,0.5788002894972238,0.11458333333333333
bulk,random,5,240.0,25.0,0.0004210001206956804,7.569981971755624e-05,3.1812126399522644,0.8171233381002264,0.7096371028592765,0.7197630963642594,0.734776521854049,0.6148543794553787,1.4188461013077676,0.5654984035483868,0.22916666666666666
bulk,random,6,30.0,2.0,2.7099973522126675e-05,5.599984433501959e-06,3.364351988055762,0.9173280287116432,0.9194369393769469,0.8986008679022046,0.8589228175281372,0.8467300856059715,2.082734112314772,0.6518585937739072,0.020833333333333332
bulk,random,6,60.0,3.0,5.139998393133283e-05,1.0300020221620798e-05,3.359270694027187,0.9173280287116432,0.9194369393769469,0.8986008679022046,0.8589228175281372,0.8467300856059715,2.0825251705178425,0.6473565442416322,0.03125
bulk,random,6,120.0,5.0,7.270002970471978e-05,1.4500052202492952e-05,3.3229868743005126,0.9173280287116432,0.9194369393769469,0.8986008679022046,0.8589228175281372,0.8467300856059715,2.0461569243187476,0.6349546250338316,0.052083333333333336
bulk,random,6,180.0,7.0,0.00010510004358366132,2.2400054149329662e-05,3.294984208121889,0.9173280287116432,0.9194369393769469,0.8986008679022046,0.8589228175281372,0.8467300856059715,2.04407293283344,0.6328255539283372,0.07291666666666667
bulk,random,6,240.0,18.0,0.00017850002041086555,3.600004129111767e-05,3.2305425471878757,0.7819287552535505,0.7817901306278532,0.8119257112756486,0.807304747327138,0.8008864364589836,2.014004224843234,0.6060531943672345,0.1875
bulk,random,7,30.0,1.0,2.2499996703118086e-05,3.0999653972685337e-06,3.1924910643094306,0.1783870131808849,0.24859251830947027,0.397557262990168,0.4708787468539771,0.4772545598348522,1.160443672013867,0.5624054737523838,0.010416666666666666
bulk,random,7,60.0,5.0,8.150003850460052e-05,1.5699886716902256e-05,3.175804333973852,0.1783870131808849,0.24859251830947027,0.397557262990168,0.4708787468539771,0.4772545598348522,1.1316437524272596,0.5535620770736914,0.052083333333333336
bulk,random,7,120.0,9.0,0.00011169997742399573,2.2899883333593607e-05,3.166977277951117,0.3740439027225396,0.5671093746680077,0.633499496576349,0.6202978931076658,0.6307375156550874,1.147503292328902,0.5465154316005431,0.09375
bulk,random,7,180.0,10.0,0.00013079994823783636,2.7599860914051533e-05,3.163259233241007,0.3740439027225396,0.5671093746680077,0.633499496576349,0.6202978931076658,0.6307375156550874,1.14751694212295,0.5465676126172287,0.10416666666666667
bulk,random,7,240.0,31.0,0.0003729997551999986,7.98999099060893e-05,3.1302230457570843,0.3740439027225396,0.5851605174460908,0.5981362151512108,0.6240411609907073,0.6153735834560898,1.0289099657743122,0.5100857227616088,0.3020833333333333
bulk,random,8,30.0,6.0,7.790012750774622e-05,1.6900012269616127e-05,3.3038039696472663,0.9720778476366154,0.9612470859426762,0.9389638271811437,0.5783898803304464,0.5896968975121033,2.8344043827414676,0.5879569347796225,0.052083333333333336
bulk,random,8,60.0,6.0,7.790012750774622e-05,1.6900012269616127e-05,3.3038039696472663,0.9720778476366154,0.9612470859426762,0.9389638271811437,0.5783898803304464,0.5896968975121033,2.8344043827414676,0.5879569347796225,0.052083333333333336
bulk,random,8,120.0,12.0,0.00015810009790584445,3.349996404722333e-05,3.243086965856795,0.0,0.46548051634020027,0.5694228770941914,0.5783898803304464,0.5896968975121033,2.188546634551276,0.575888626048866,0.11458333333333333
bulk,random,8,180.0,17.0,0.0002275000442750752,4.819990135729313e-05,3.2247189570888257,0.0,0.46548051634020027,0.5694228770941914,0.5783898803304464,0.5896968975121033,2.186615000388233,0.5676487749306047,0.14583333333333334
bulk,random,8,240.0,22.0,0.00030580011662095785,6.2700011767447e-05,3.1947322189747887,0.0,0.46548051634020027,0.5569241974600849,0.5766101708662555,0.5978961562187907,2.158695108060812,0.5504167623482189,0.1875
bulk,random,9,30.0,3.0,4.6700064558535814e-05,2.1499989088624716e-05,3.276871736807635,0.9059837643330712,0.9174255558055113,0.8909080901779691,0.8333981030584015,0.8141121910202075,1.59876268453949,0.6353734359615097,0.03125
bulk,random,9,60.0,5.0,8.130009518936276e-05,2.870004391297698e-05,3.2733884368353308,0.9059837643330712,0.9174255558055113,0.8909080901779691,0.8333981030584015,0.8141121910202075,1.596201535515676,0.6257989572450943,0.052083333333333336
bulk,random,9,120.0,7.0,0.00011410011211410165,3.5600096452981234e-05,3.2657671937500368,0.9059837643330712,0.9174255558055113,0.8909080901779691,0.8333981030584015,0.8286854926584254,1.5838118757491644,0.6232607157291916,0.07291666666666667
bulk,random,9,180.0,10.0,0.0001601001131348312,4.4700049329549074e-05,3.256397540382727,0.9059837643330712,0.9174255558055113,0.8909080901779691,0.8333981030584015,0.8286854926584254,1.5794843933292235,0.6168077657744592,0.10416666666666667
bulk,random,9,240.0,24.0,0.00032380007905885577,7.930013816803694e-05,3.2183992941243305,0.5861706085300908,0.7049922589622009,0.739624506485495,0.735210996218822,0.6931108862541802,1.5447194471441892,0.5964363082235867,0.22916666666666666
bulk,random,10,30.0,2.0,1.92999723367393e-05,5.200039595365524e-06,3.2356460974690155,0.8540755672142665,0.8652519291926222,0.8589302359569199,0.810010997929606,0.7661698351698167,1.2059964386851159,0.6169641504133282,0.020833333333333332
bulk,random,10,60.0,3.0,3.479997394606471e-05,8.200062438845634e-06,3.2320576256369917,0.8540755672142665,0.8652519291926222,0.8589302359569199,0.810010997929606,0.7661698351698167,1.205642521782763,0.6125566216358982,0.03125
bulk,random,10,120.0,7.0,9.170005796477199e-05,2.040015533566475e-05,3.2178031483000056,0.8540755672142665,0.8652519291926222,0.8589302359569199,0.810010997929606,0.7661698351698167,1.2029196177855257,0.5939859215413706,0.052083333333333336
bulk,random,10,180.0,10.0,0.00011690007522702217,2.590013900771737e-05,3.1899131759315367,0.8540755672142665,0.8652519291926222,0.8589302359569199,0.810010997929606,0.7661698351698167,1.1785162863239893,0.5894435514088737,0.08333333333333333
bulk,random,10,240.0,21.0,0.00025640008971095085,5.590019281953573e-05,3.1446421488243943,0.8540755672142665,0.8652519291926222,0.8589302359569199,0.8064422037086445,0.7407177077560447,1.1004854521808614,0.5624614591755573,0.17708333333333334
bulk,random,11,30.0,2.0,3.460003063082695e-05,7.300055585801601e-06,3.241353244956376,0.9220384425622549,0.8706264726682558,0.8861369877491849,0.8850003640058202,0.8720177566414349,1.3030680208738359,0.6247036115333787,0.020833333333333332
bulk,random,11,60.0,5.0,8.290004916489124e-05,1.750001683831215e-05,3.19903495026916,0.2558078094946533,0.5286335115943339,0.5899689599634659,0.6597230166082979,0.6851412772496693,1.2523202470499029,0.6143153581782108,0.052083333333333336
bulk,random,11,120.0,8.0,0.00010880001354962587,2.3000058718025684e-05,3.179408867537347,0.2558078094946533,0.5286335115943339,0.5899689599634659,0.6597230166082979,0.6851412772496693,1.2448294594304092,0.6102382909431362,0.08333333333333333
bulk,random,11,180.0,13.0,0.00017389998538419604,3.709999145939946e-05,3.1560814391967154,0.2558078094946533,0.5286335115943339,0.5899689599634659,0.6597230166082979,0.6851412772496693,1.2090670089973021,0.6004956039297915,0.125
bulk,random,11,240.0,19.0,0.00025350000942125916,5.330005660653114e-05,3.14010743879266,0.2558078094946533,0.5286335115943339,0.6339479882685874,0.6847306608944363,0.6991911678201284,1.1812807869609783,0.5902465653320289,0.17708333333333334
bulk,random,12,30.0,6.0,7.71000050008297e-05,1.5199999324977398e-05,3.325104319211826,0.43120128619364884,0.5875738570297755,0.6156332582457387,0.6399339660217165,0.6137290335216083,1.328413119674168,0.6096183941189927,0.0625
bulk,random,12,60.0,6.0,7.71000050008297e-05,1.5199999324977398e-05,3.325104319211826,0.43120128619364884,0.5875738570297755,0.6156332582457387,0.6399339660217165,0.6137290335216083,1.328413119674168,0.6096183941189927,0.0625
bulk,random,12,120.0,11.0,0.00014620006550103426,2.90999305434525e-05,3.3068555239350315,0.7855238756391186,0.7455957293426364,0.7729304700524873,0.7236545611642191,0.7200872202063822,1.307781467998973,0.6014363409994377,0.10416666666666667
bulk,random,12,180.0,14.0,0.00019040005281567574,3.869994543492794e-05,3.29812252028016,0.7855238756391186,0.7455957293426364,0.7729304700524873,0.7236545611642191,0.7200872202063822,1.3030806346178314,0.5960933403327361,0.125
bulk,random,12,240.0,24.0,0.00031240005046129227,6.5100088249892e-05,3.2767660426445637,0.43120128619364884,0.5875738570297755,0.6156332582457387,0.6399339660217165,0.6137290335216083,1.2760079708855778,0.5770605245748145,0.20833333333333334
bulk,random,13,30.0,1.0,1.5099998563528061e-05,3.400025889277458e-06,3.2603300907903594,0.9353883973557836,0.8156040894721786,0.22980754159462546,0.30691109515194837,0.28369589599270006,1.7207577089956252,0.673567578250927,0.010416666666666666
bulk,random,13,60.0,4.0,6.469996878877282e-05,1.4199991710484028e-05,3.2192707589478733,0.6707417912172076,0.7036920224945029,0.6447109327418116,0.1659617528387839,0.21452213704730472,1.6704794937444667,0.662129914110022,0.03125
bulk,random,13,120.0,7.0,0.000112100038677454,2.4600070901215076e-05,3.1764164392056364,0.0,0.0,0.13778846174283477,0.1659617528387839,0.21452213704730472,1.2279184558332996,0.6491544467193112,0.0625
bulk,random,13,180.0,13.0,0.00015310000162571669,3.330007893964648e-05,3.1298557452947313,0.0,0.0,0.13778846174283477,0.1659617528387839,0.21452213704730472,1.212134370401604,0.6292611725447168,0.125
bulk,random,13,240.0,15.0,0.00017450004816055298,3.760005347430706e-05,3.1175228843603215,0.0,0.0,0.0,0.109348754652975,0.10699741271733998,1.203547204765349,0.6280672977128936,0.14583333333333334
bulk,random,14,30.0,4.0,3.640010254457593e-05,7.3999399319291115e-06,3.2479360238094945,0.8658742104992223,0.8784435562249276,0.8578316332852598,0.8585757757055033,0.8325684463936788,1.3810500847140958,0.6313896213211788,0.041666666666666664
bulk,random,14,60.0,5.0,6.140006007626653e-05,1.1899915989488363e-05,3.2472338932383984,0.8658742104992223,0.8784435562249276,0.8578316332852598,0.8585757757055033,0.8325684463936788,1.3805879251734505,0.6312891481346093,0.052083333333333336
bulk,random,14,120.0,10.0,0.00011600006837397814,2.3100001271814108e-05,3.2219131234130685,0.6360584414356751,0.7120364942451977,0.7289768034488089,0.7532627330362616,0.7396314033934093,1.3636876979500658,0.6148594852387126,0.09375
bulk,random,14,180.0,17.0,0.00016970006981864572,3.2800016924738884e-05,3.1703988359054196,0.6360584414356751,0.7120364942451977,0.7289768034488089,0.7532627330362616,0.7396314033934093,1.3002314416939047,0.5947272178728157,0.16666666666666666
bulk,random,14,240.0,21.0,0.0002248000237159431,4.34999237768352e-05,3.1550254619098475,0.6360584414356751,0.7120364942451977,0.7289768034488089,0.7532627330362616,0.7396314033934093,1.2963673130517517,0.5775353928006814,0.20833333333333334
bulk,random,15,30.0,2.0,3.71999922208488e-05,7.700000423938036e-06,3.6406122776801717,0.915455917292943,0.8576183925497723,0.8223853807254434,0.8200832599624726,0.7055948110241638,2.1656464445457004,0.5605135350051544,0.020833333333333332
bulk,random,15,60.0,5.0,8.22999281808734e-05,1.73999578692019e-05,3.6350255656101695,0.915455917292943,0.8782094883400964,0.8751973466481817,0.7497459525753404,0.5168733438940127,2.168434816255287,0.5507467522487515,0.052083333333333336
bulk,random,15,120.0,7.0,0.00011969992192462087,2.5099958293139935e-05,3.6243311519644146,0.915455917292943,0.8782094883400964,0.8751973466481817,0.7497459525753404,0.5168733438940127,2.16716288443121,0.5330103979385705,0.07291666666666667
bulk,random,15,180.0,11.0,0.00019109988352283835,3.739999374374747e-05,3.596715139940853,0.915455917292943,0.8782094883400964,0.8751973466481817,0.7497459525753404,0.5168733438940127,2.151326830159249,0.5267500641239995,0.11458333333333333
bulk,random,15,240.0,20.0,0.0003038999275304377,6.130000110715628e-05,3.527506206054594,0.915455917292943,0.8782094883400964,0.8751973466481817,0.7497459525753404,0.5168733438940127,2.1223377050443464,0.5141377111960603,0.19791666666666666
bulk,random,16,30.0,3.0,4.270009230822325e-05,9.400071576237679e-06,3.28940576567013,0.8741519264434925,0.6622786380229682,0.7250323629544335,0.705627364355567,0.7220654201515373,1.5980240642217174,0.6514715683421121,0.03125
bulk,random,16,60.0,3.0,4.270009230822325e-05,9.400071576237679e-06,3.28940576567013,0.8741519264434925,0.6622786380229682,0.7250323629544335,0.705627364355567,0.7220654201515373,1.5980240642217174,0.6514715683421121,0.03125
bulk,random,16,120.0,5.0,7.680011913180351e-05,1.7100072000175714e-05,3.2855393038161367,0.8741519264434925,0.6622786380229682,0.7250323629544335,0.705627364355567,0.7220654201515373,1.5951555122462826,0.6492002769075094,0.052083333333333336
bulk,random,16,180.0,8.0,0.00012730015441775322,2.7200032491236925e-05,3.260446680670922,0.8741519264434925,0.6622786380229682,0.7250323629544335,0.705627364355567,0.7220654201515373,1.5710048848387677,0.6423193001298709,0.08333333333333333
bulk,random,16,240.0,18.0,0.000246400129981339,5.2499992307275534e-05,3.2303849317878317,0.908801199212523,0.8717039357679397,0.7056208113824198,0.7366409862959429,0.7144765584210848,1.5684168832340462,0.6180551353599167,0.17708333333333334
bulk,random,17,30.0,2.0,1.7899961676448584e-05,3.400025889277458e-06,3.3957885880040073,0.9834174808385546,0.9241738171872995,0.9141933909057812,0.8307560629498961,0.7852724741417498,2.5327592807219395,0.5308696165762818,0.020833333333333332
bulk,random,17,60.0,3.0,3.8899946957826614e-05,7.200054824352264e-06,3.392328614702482,0.9834174808385546,0.9241738171872995,0.9141933909057812,0.8307560629498961,0.7852724741417498,2.5326186103810704,0.5274085446602828,0.03125
bulk,random,17,120.0,6.0,6.519991438835859e-05,1.1500087566673756e-05,3.388906507797717,0.9834174808385546,0.9241738171872995,0.9141933909057812,0.8307560629498961,0.7852724741417498,2.532041146701086,0.5234814918686173,0.0625
bulk,random,17,180.0,14.0,0.00011949980398640037,2.1600164473056793e-05,3.3760837874886263,0.9834174808385546,0.9241738171872995,0.9141933909057812,0.8307560629498961,0.7852724741417498,2.5229977912478514,0.5172607610908786,0.14583333333333334
bulk,random,17,240.0,29.0,0.0002069998299703002,3.610010026022792e-05,3.351667560036192,0.9834174808385546,0.9241738171872995,0.9141933909057812,0.8307560629498961,0.7852724741417498,2.504085475605347,0.5028840976884497,0.2708333333333333
bulk,random,18,30.0,6.0,7.630005711689591e-05,1.610000617802143e-05,3.202180278566003,0.8688398087730804,0.7781664452927688,0.7753432818010636,0.4719903925064891,0.4275750482425539,1.1270405602286322,0.626195507892546,0.052083333333333336
bulk,random,18,60.0,9.0,0.00011700007598847151,2.3300061002373695e-05,3.188481194643853,0.8688398087730804,0.7781664452927688,0.7753432818010636,0.4719903925064891,0.4275750482425539,1.1253017434350818,0.6213482324083842,0.08333333333333333
bulk,random,18,120.0,12.0,0.0001610000617802143,3.190001007169485e-05,3.162407177128703,0.8688398087730804,0.7781664452927688,0.3947529657229446,0.3831572700415683,0.3650939581564797,1.0858031934652563,0.617407045260165,0.11458333333333333
bulk,random,18,180.0,17.0,0.00019640004029497504,3.900006413459778e-05,3.1513426206287445,0.8688398087730804,0.7781664452927688,0.3947529657229446,0.3831572700415683,0.3650939581564797,1.0804524234010504,0.611458118278899,0.16666666666666666
bulk,random,18,240.0,21.0,0.00023680005688220263,4.659994738176465e-05,3.1462348208183726,0.8688398087730804,0.7781664452927688,0.3947529657229446,0.3831572700415683,0.3650939581564797,1.0790044796492586,0.6057303203471862,0.20833333333333334
bulk,random,19,30.0,4.0,6.019999273121357e-05,1.279998105019331e-05,3.3523923208343978,0.6602520635034184,0.7389535349013473,0.3224476093988681,0.2782278169726832,0.28382065872317164,1.399636683298079,0.6080622984347942,0.041666666666666664
bulk,random,19,60.0,5.0,8.259998867288232e-05,1.7199956346303225e-05,3.348791286388319,0.6602520635034184,0.7389535349013473,0.3224476093988681,0.2782278169726832,0.28382065872317164,1.3993550485106083,0.6042660843718354,0.052083333333333336
bulk,random,19,120.0,11.0,0.00015760003589093685,3.42000275850296e-05,3.30426752073909,0.6602520635034184,0.7389535349013473,0.3224476093988681,0.2782278169726832,0.28382065872317164,1.3712789617759906,0.595166102389005,0.11458333333333333
bulk,random,19,180.0,14.0,0.00020540010882541537,4.530011210590601e-05,3.29128899095371,0.6602520635034184,0.7389535349013473,0.3224476093988681,0.2782278169726832,0.28382065872317164,1.3663741979430224,0.5817712608801756,0.14583333333333334
bulk,random,19,240.0,22.0,0.00031430006492882967,6.480020238086581e-05,3.28524617430033,0.6602520635034184,0.2236412826454388,0.1994383903042597,0.22164771033090525,0.2992249240421234,1.3319668376662581,0.563894872379149,0.21875
bulk,random,20,30.0,6.0,4.150002496317029e-05,8.800067007541656e-06,3.314213203917315,0.925279496623629,0.9073180459533485,0.9093536735510904,0.3062663606228949,0.3552867795819594,2.1103039578859275,0.5487807608535752,0.0625
bulk,random,20,60.0,9.0,8.289999095723033e-05,1.5600118786096573e-05,3.3041464946007033,0.925279496623629,0.9073180459533485,0.9093536735510904,0.3062663606228949,0.3552867795819594,2.1060698120251664,0.5402442668671025,0.09375
bulk,random,20,120.0,12.0,0.0001284999307245016,2.3400119971483946e-05,3.2361896120181677,0.0,0.11581179627968385,0.22102545757909708,0.3062663606228948,0.3552867795819594,1.0846757598690162,0.5300034486717187,0.125
bulk,random,20,180.0,16.0,0.00018299993826076388,3.2300129532814026e-05,3.206567367477199,0.0,0.11581179627968385,0.22102545757909708,0.3062663606228948,0.3552867795819594,1.0492056009039534,0.5094190193904916,0.16666666666666666
bulk,random,20,240.0,26.0,0.0003087999066337943,5.2300107199698687e-05,3.181807839306637,0.0,0.013225603958854748,0.10797285305121285,0.19411715810064756,0.2728476753207394,1.0352091092774587,0.4934235831247409,0.25
bulk,random,21,30.0,4.0,5.5500015150755644e-05,1.1700030881911516e-05,3.306910065248278,0.8901036554424799,0.8498699540006177,0.7868179694715747,0.7369130051784056,0.7509649144515442,1.1552176458075725,0.6017475497635183,0.03125
bulk,random,21,60.0,6.0,7.660005940124393e-05,1.660006819292903e-05,3.3018321300716593,0.8901036554424799,0.8498699540006177,0.7868179694715747,0.7369130051784056,0.7509649144515442,1.1549874297976856,0.6002588069351877,0.052083333333333336
bulk,random,21,120.0,14.0,0.00017390004359185696,3.880012081936002e-05,3.2704138791859436,0.8901036554424799,0.8498699540006177,0.7868179694715747,0.7369130051784056,0.7509649144515442,1.1367528648874257,0.5855505959969214,0.125
bulk,random,21,180.0,18.0,0.0002346000401303172,5.110021447762847e-05,3.2388113034942525,0.3120382182420848,0.5296360414925128,0.6046415930907513,0.609299397385936,0.5985264082702115,1.0999953547291845,0.5681876062063199,0.16666666666666666
bulk,random,21,240.0,26.0,0.0003329999162815511,7.910025306046009e-05,3.225648249046619,0.3120382182420848,0.5296360414925128,0.6046415930907513,0.609299397385936,0.5985264082702115,1.0616642812932726,0.5563535300197083,0.23958333333333334
bulk,random,22,30.0,5.0,7.019989425316453e-05,1.3899989426136017e-05,3.622858304445215,0.9366097045080282,0.8961128154741422,0.8808854466893563,0.8757346073210044,0.8534877040585366,3.2949926732695047,0.596435802849557,0.052083333333333336
bulk,random,22,60.0,7.0,0.00010419986210763454,2.039998071268201e-05,3.6079970540171953,0.9366097045080282,0.8961128154741422,0.8808854466893563,0.8757346073210044,0.8534877040585366,3.290201532189388,0.5906157092179419,0.07291666666666667
bulk,random,22,120.0,13.0,0.00018569990061223507,3.6800047382712364e-05,3.565404630769551,0.8799889670530008,0.901462239907477,0.8959305695735665,0.8706097727606041,0.867583498807684,3.2726208264060297,0.5704370326303867,0.125
bulk,random,22,180.0,18.0,0.00025379989529028535,5.0400092732161283e-05,3.533291106130685,0.8799889670530008,0.913094299295837,0.8855872016015417,0.881523030416051,0.8818063796588425,3.2657362189242995,0.5546765724207529,0.17708333333333334
bulk,random,22,240.0,25.0,0.00034229987068101764,6.59999786876142e-05,3.496715936787998,0.7727880995325499,0.8033165121416233,0.8089761814705043,0.7910893061825234,0.7940696009012534,3.2502079773432038,0.5447781349010146,0.23958333333333334
bulk,random,23,30.0,3.0,4.390004323795438e-05,9.800074622035027e-06,3.419748444063771,0.9744801534015455,0.9312331776444175,0.9264883052180153,0.8990544655872824,0.89069617212795,3.43407370815373,0.6049137925550445,0.03125
bulk,random,23,60.0,8.0,0.00010410003596916795,2.0800100173801184e-05,3.4005276613995243,0.9744801534015455,0.9312331776444175,0.9264883052180153,0.8990544655872824,0.89069617212795,3.4248104439526865,0.595301404494239,0.08333333333333333
bulk,random,23,120.0,9.0,0.00012850004713982344,2.4700129870325327e-05,3.3958933999927456,0.9744801534015455,0.9312331776444175,0.9264883052180153,0.8990544655872824,0.89069617212795,3.4240262315670877,0.5941479022386023,0.09375
bulk,random,23,180.0,13.0,0.00018980010645464063,3.650010330602527e-05,3.363131949771651,0.9744801534015455,0.9312331776444175,0.9052408962280829,0.8970447228416834,0.861182953486284,3.410267591449655,0.5867887772865139,0.13541666666666666
bulk,random,23,240.0,22.0,0.0003102001501247287,5.840009544044733e-05,3.285233264393382,0.7392651981720917,0.6732379654814162,0.6649076048146562,0.6519727751627753,0.6546089551768763,3.3201277637269975,0.5715978095687339,0.19791666666666666
bulk,random,24,30.0,2.0,3.5400036722421646e-05,5.699985194951296e-06,3.2568807517817895,0.3866724493292012,0.46983823079770515,0.3847985360693189,0.22021751733284212,0.31037035605126295,1.1685255372621106,0.5769277442028005,0.020833333333333332
bulk,random,24,60.0,4.0,9.280000813305378e-05,1.160003012046218e-05,3.235290328495361,0.3866724493292012,0.46983823079770515,0.3847985360693189,0.22021751733284212,0.31037035605126295,1.1359986180628123,0.5646591867855386,0.041666666666666664
bulk,random,24,120.0,12.0,0.00019059993792325258,2.810009755194187e-05,3.21812947370603,0.3866724493292012,0.46983823079770515,0.3847985360693189,0.22021751733284212,0.31037035605126295,1.119732514838114,0.5541241059668524,0.11458333333333333
bulk,random,24,180.0,13.0,0.0002142999437637627,3.1300121918320656e-05,3.2178336013023183,0.3866724493292012,0.46983823079770515,0.3847985360693189,0.22021751733284212,0.31037035605126295,1.1197581296072765,0.5545420805306185,0.11458333333333333
bulk,random,24,240.0,19.0,0.0003053999971598387,4.610017640516162e-05,3.190212278274618,0.3866724493292012,0.46983823079770515,0.3847985360693189,0.22021751733284212,0.2650726155828955,1.034950043796023,0.5401193494133846,0.15625
bulk,random,25,30.0,3.0,4.329998046159744e-05,8.00006091594696e-06,3.215460772008619,0.970686817709879,0.904186972198859,0.8464846357139224,0.8474432703090782,0.8357356240601772,1.4417591133499297,0.582132173046515,0.03125
bulk,random,25,60.0,5.0,7.969996659085155e-05,1.4400051441043615e-05,3.200920915111593,0.970686817709879,0.904186972198859,0.8464846357139224,0.8474432703090782,0.8357356240601772,1.4151132205440131,0.5743808869672498,0.052083333333333336
bulk,random,25,120.0,8.0,0.00012850004713982344,2.3500120732933283e-05,3.180535702903754,0.970686817709879,0.904186972198859,0.8464846357139224,0.8474432703090782,0.8357356240601772,1.3908980229919887,0.5712847650774188,0.08333333333333333
bulk,random,25,180.0,13.0,0.00021740002557635307,3.900012234225869e-05,3.1575822131296305,0.970686817709879,0.904186972198859,0.8464846357139224,0.8474432703090782,0.8357356240601772,1.3916390155884204,0.5480700446349012,0.125
bulk,random,25,240.0,21.0,0.00031340017449110746,6.0500227846205235e-05,3.138799577249209,0.48237299672987943,0.6396082934860032,0.6360751482698688,0.6064202624723041,0.6282942484879096,1.3518640218962568,0.5371475976935997,0.17708333333333334
bulk,random,26,30.0,5.0,7.070001447573304e-05,1.3399985618889332e-05,3.32973542582141,0.39716646809067924,0.5957313132612303,0.5892881925004607,0.3330191970902727,0.3994505225373365,1.1489109489946094,0.5243158197572333,0.052083333333333336
bulk,random,26,60.0,8.0,0.00019200000679120421,2.659996971487999e-05,3.3165341689642367,0.39716646809067924,0.5957313132612303,0.5892881925004607,0.3330191970902727,0.3994505225373365,1.1194538485463152,0.5171906633137389,0.08333333333333333
bulk,random,26,120.0,12.0,0.0002465000143274665,3.7899939343333244e-05,3.300423354429101,0.39716646809067924,0.5957313132612303,0.5892881925004607,0.3330191970902727,0.3994505225373365,1.1159314980814852,0.5039722282393592,0.125
bulk,random,26,180.0,22.0,0.000341000035405159,5.689996760338545e-05,3.2565763370922287,0.39716646809067924,0.4871460585907492,0.19071397705497872,0.3361393755514335,0.32216091060831953,1.0673726574396991,0.49065822754801997,0.22916666666666666
bulk,random,26,240.0,38.0,0.0005630001542158425,9.479990694671869e-05,3.205402131285228,0.39716646809067924,0.4871460585907492,0.19071397705497872,0.20667551778252446,0.30843954033490206,0.9997447423549528,0.46954021387899336,0.3541666666666667
bulk,random,27,30.0,1.0,2.0200037397444248e-05,3.4999684430658817e-06,3.2604321948635397,0.8478415620365957,0.8388366830410989,0.8294640358865452,0.7892775794466529,0.7747763742392018,1.1304921532875634,0.6254845490508376,0.010416666666666666
bulk,random,27,60.0,2.0,4.390004323795438e-05,8.599949069321156e-06,3.253749633427246,0.8478415620365957,0.8388366830410989,0.8294640358865452,0.7892775794466529,0.7747763742392018,1.13009247793141,0.6201930322547806,0.020833333333333332
bulk,random,27,120.0,7.0,0.00010659993859007955,2.2199994418770075e-05,3.2037142301980523,0.0,0.41714429827789734,0.5421394119053866,0.592813825875937,0.6122545095005163,1.0696303615062706,0.6087232713289388,0.07291666666666667
bulk,random,27,180.0,15.0,0.00019569986034184694,4.020001506432891e-05,3.182094550440439,0.0,0.10722349995400449,0.3343617190254692,0.431085548023167,0.4903968628979334,1.0694672920575599,0.5812954118641412,0.14583333333333334
bulk,random,27,240.0,26.0,0.0003109998069703579,6.370007758960128e-05,3.161466069329448,0.0,0.10722349995400449,0.3343617190254692,0.431085548023167,0.4903968628979334,1.0608656845080755,0.5659277869770739,0.23958333333333334
bulk,random,28,30.0,3.0,4.559993976727128e-05,9.399955160915852e-06,3.3876741016125362,0.7631554991098335,0.734359927417892,0.7399230845709157,0.7518785104160388,0.7436860614228149,1.4156923094104061,0.5863433363640902,0.03125
bulk,random,28,60.0,7.0,0.0001012999564409256,2.099998528137803e-05,3.371361331256551,0.7631554991098335,0.7720560070660936,0.7857800124360212,0.7730745360366045,0.7833119650586149,1.4068693797678802,0.5832439919576993,0.07291666666666667
bulk,random,28,120.0,12.0,0.00015700003132224083,3.3599964808672667e-05,3.3499202697336634,0.7631554991098335,0.7720560070660936,0.7857800124360212,0.7730745360366045,0.7833119650586149,1.4003686956351848,0.5757583434638954,0.11458333333333333
bulk,random,28,180.0,16.0,0.00020919996313750744,4.42999298684299e-05,3.3413331275466214,0.7631554991098335,0.7720560070660936,0.7857800124360212,0.7977182692478753,0.7902621639952905,1.382339421295287,0.569124900806794,0.15625
bulk,random,28,240.0,27.0,0.00032950006425380707,6.999995093792677e-05,3.3212177323482037,0.7631554991098335,0.7720560070660936,0.7857800124360212,0.7977182692478753,0.7902621639952905,1.3581739172442013,0.54769532435959,0.2708333333333333
bulk,random,29,30.0,4.0,6.000004941597581e-05,1.1399912182241678e-05,3.1844280252044648,0.8528404573286286,0.8583807024404236,0.7653713333663221,0.7470142409455935,0.7196217032358033,1.743005071900382,0.6551945082109655,0.041666666666666664
bulk,random,29,60.0,9.0,0.00012260000221431255,2.3499829694628716e-05,3.153888180687647,0.8528404573286286,0.8583807024404236,0.7653713333663221,0.7470142409455935,0.7196217032358033,1.7165460164931277,0.6310838974526966,0.09375
bulk,random,29,120.0,16.0,0.00020189996575936675,3.809982445091009e-05,3.089743870538839,0.963843263688791,0.8471634896056637,0.8170226101289159,0.7815164420371022,0.7677230851361092,1.6935668784560394,0.6127380469692643,0.16666666666666666
bulk,random,29,180.0,19.0,0.00024369999300688505,4.54997643828392e-05,3.0742339073640146,0.963843263688791,0.8471634896056637,0.8170226101289159,0.7815164420371022,0.7677230851361092,1.6831904034841558,0.6112591842296413,0.1875
bulk,random,29,240.0,33.0,0.0003918000147677958,7.309979991987348e-05,3.023455214515567,0.7055699177898909,0.6366043072231586,0.6555016398630991,0.593828330187576,0.5907609140748138,1.6362505472814366,0.5877492621104636,0.3125
bulk,random,30,30.0,4.0,5.7100027333945036e-05,9.500014130026102e-06,3.4072531428100867,0.0,0.35608542210950245,0.5118930022052026,0.5804695654310404,0.5487462762380841,1.32051067454756,0.610269099946987,0.041666666666666664
bulk,random,30,60.0,5.0,7.960002403706312e-05,1.309998333454132e-05,3.3986030613708724,0.0,0.35608542210950245,0.5118930022052026,0.5804695654310404,0.5487462762380841,1.3209468341268806,0.6104373839489482,0.052083333333333336
bulk,random,30,120.0,9.0,0.00013289996422827244,2.2099993657320738e-05,3.348351920542033,0.23967963187482588,0.06508524388206216,0.27194684381796297,0.3997279718873924,0.4488753109403014,1.275471570487879,0.5955850849312078,0.09375
bulk,random,30,180.0,13.0,0.00015979993622750044,2.719997428357601e-05,3.333333077277261,0.23967963187482588,0.06508524388206216,0.27194684381796297,0.3997279718873924,0.4488753109403014,1.2714866662265598,0.5919525252276168,0.13541666666666666
bulk,random,30,240.0,25.0,0.0003005998441949487,5.3199881222099066e-05,3.3145756360857637,0.23967963187482588,0.06508524388206216,0.27194684381796297,0.3997279718873924,0.4488753109403014,1.2353585759983576,0.5629906869635969,0.21875
bulk,random,31,30.0,2.0,2.0099978428333998e-05,3.7999707274138927e-06,3.152479352106758,0.8616828710680454,0.8399917392490857,0.7537768953396713,0.7461017226440924,0.7339479882537208,1.1768065325555621,0.6173284896322688,0.020833333333333332
bulk,random,31,60.0,4.0,5.3600058890879154e-05,1.0000017937272787e-05,3.135650383291353,0.8616828710680454,0.8399917392490857,0.7537768953396713,0.7461017226440924,0.7339479882537208,1.174900109211669,0.6141209998830017,0.041666666666666664
bulk,random,31,120.0,9.0,0.00010600016685202718,1.930008875206113e-05,3.11688801351499,0.8616828710680454,0.8399917392490857,0.7537768953396713,0.7461017226440924,0.7339479882537208,1.156790556049667,0.5960277433121914,0.09375
bulk,random,31,180.0,13.0,0.00013720017159357667,2.6000081561505795e-05,3.081891320636455,0.0,0.4124084521596961,0.5243465505889846,0.5265140460823362,0.5180205637534075,1.114296816207732,0.5848383502207051,0.13541666666666666
bulk,random,31,240.0,24.0,0.00028140004724264145,5.210010567680001e-05,3.0722237357951294,0.0,0.4124084521596961,0.5243465505889846,0.5678187078019631,0.5736487423538489,1.0788690584928957,0.5703515634220826,0.22916666666666666
bulk,random,32,30.0,2.0,3.3999967854470015e-05,6.199989002197981e-06,3.389011957716369,0.8797727454892672,0.7312944936095644,0.7040747890895052,0.518645788371684,0.5520699019270066,1.3884014707655588,0.6189403815466975,0.020833333333333332
bulk,random,32,60.0,2.0,3.3999967854470015e-05,6.199989002197981e-06,3.389011957716369,0.8797727454892672,0.7312944936095644,0.7040747890895052,0.518645788371684,0.5520699019270066,1.3884014707655588,0.6189403815466975,0.020833333333333332
bulk,random,32,120.0,7.0,0.00010159995872527361,1.819990575313568e-05,3.3524378324547137,0.8797727454892672,0.7312944936095644,0.7040747890895052,0.518645788371684,0.5520699019270066,1.3841789357330803,0.6034933842875413,0.07291666666666667
bulk,random,32,180.0,8.0,0.00012449995847418904,2.1999876480549574e-05,3.338828841962022,0.8797727454892672,0.7312944936095644,0.7040747890895052,0.518645788371684,0.5520699019270066,1.382374105570499,0.5886653963207051,0.08333333333333333
bulk,random,32,240.0,17.0,0.00022549997083842754,3.9699836634099483e-05,3.2520385606519198,0.0,0.32155725565047577,0.3701884530083489,0.3923517519711648,0.26882009165792675,1.1335696766362893,0.5528717921715048,0.17708333333333334
bulk,random,33,30.0,3.0,5.289999535307288e-05,1.3400043826550245e-05,3.7281787920838614,0.8207704294449678,0.8400535147825715,0.8463969098033439,0.8484684489962655,0.8500867739351693,2.7638711157970097,0.5486396765684852,0.03125
bulk,random,33,60.0,8.0,0.00011659989831969142,2.7400150429457426e-05,3.7109277210032956,0.8207704294449678,0.8400535147825715,0.8463969098033439,0.8484684489962655,0.8500867739351693,2.761784649050817,0.533046194141319,0.08333333333333333
bulk,random,33,120.0,10.0,0.0001515998737886548,3.580015618354082e-05,3.6867372455789504,0.8207704294449678,0.8400535147825715,0.8463969098033439,0.8484684489962655,0.8500867739351693,2.7596094968887184,0.5293845041815296,0.10416666666666667
bulk,random,33,180.0,12.0,0.00017959991237148643,4.0900136809796095e-05,3.6771822008103072,0.8207704294449678,0.8400535147825715,0.8463969098033439,0.8484684489962655,0.8500867739351693,2.7578780137754957,0.5211040826865093,0.125
bulk,random,33,240.0,21.0,0.00023509992752224207,5.550013156607747e-05,3.6508337100655726,0.8207704294449678,0.8400535147825715,0.8463969098033439,0.8484684489962655,0.8500867739351693,2.7520897085633433,0.5187115876086479,0.1875
bulk,random,34,30.0,1.0,1.4199991710484028e-05,2.900022082030773e-06,3.196755959512414,0.9390883215093939,0.8955868796133307,0.8313470099494846,0.7851898171251702,0.7872836696600671,1.2560923064747238,0.6133918852124879,0.010416666666666666
bulk,random,34,60.0,3.0,5.1600043661892414e-05,1.0200077667832375e-05,3.174617093016146,0.09694839895613083,0.4934644551909584,0.5634790845508675,0.5737546123777448,0.5644229515981541,1.217397794844241,0.6125311172200534,0.03125
bulk,random,34,120.0,9.0,0.00013090012362226844,2.5400135200470686e-05,3.1538067633862936,0.09694839895613083,0.4934644551909584,0.5634790845508675,0.5737546123777448,0.5644229515981541,1.2082244798794635,0.5983643492462151,0.08333333333333333
bulk,random,34,180.0,15.0,0.0001782002509571612,3.500020829960704e-05,3.1332657894092555,0.09694839895613083,0.4934644551909584,0.5634790845508675,0.5737546123777448,0.5644229515981541,1.181407927296759,0.5865863620391876,0.14583333333333334
bulk,random,34,240.0,27.0,0.00033510022331029177,6.440019933506846e-05,3.110920681678261,0.09694839895613083,0.45306607666120413,0.4976869516279656,0.5150369250521878,0.5540395314530411,1.1519332641828195,0.5600884646111327,0.25
bulk,random,35,30.0,4.0,5.509995389729738e-05,1.0500021744519472e-05,3.1499975207658366,0.8377634031195382,0.8301213488544879,0.7852749502868815,0.7363929754729485,0.7499846116669038,1.2108688463326305,0.6605110339370581,0.041666666666666664
bulk,random,35,60.0,9.0,0.0001200000406242907,2.2900057956576347e-05,3.1178793620666325,0.8377634031195382,0.8301213488544879,0.7852749502868815,0.7935185827915805,0.5868035142491739,1.166874309124943,0.6431479653167841,0.09375
bulk,random,35,120.0,12.0,0.0001661001006141305,3.2300129532814026e-05,3.1020402385829606,0.8377634031195382,0.8301213488544879,0.7852749502868815,0.7935185827915805,0.5868035142491739,1.165665732234293,0.6351826660273499,0.125
bulk,random,35,180.0,20.0,0.00022659997921437025,4.5200169552117586e-05,3.0656520439006965,0.8377634031195382,0.8301213488544879,0.7852749502868815,0.7935185827915805,0.5868035142491739,1.139199786104239,0.6225967284709424,0.19791666666666666
bulk,random,35,240.0,23.0,0.0002812999300658703,5.420012166723609e-05,3.0589689361282324,0.8377634031195382,0.8301213488544879,0.7852749502868815,0.7935185827915805,0.5868035142491739,1.11325492792001,0.6158548125095217,0.22916666666666666
bulk,random,36,30.0,4.0,5.70000265724957e-05,1.4799938071519136e-05,3.2557305911381853,0.9144811161973347,0.7340827522755526,0.7397643226414087,0.733650322422188,0.7199986977600527,1.6652785791947455,0.5936545118682455,0.041666666666666664
bulk,random,36,60.0,8.0,0.00010000006295740604,2.5899906177073717e-05,3.2035683074038794,0.0,0.22845713443105764,0.18956991972656212,0.2514775407328368,0.28626543322652365,1.216983589904521,0.5845801172694566,0.08333333333333333
bulk,random,36,120.0,11.0,0.00014439999358728528,3.649987047538161e-05,3.1905376827188534,0.0,0.22845713443105764,0.18956991972656212,0.2514775407328368,0.28626543322652365,1.2092582367365425,0.5667317072454168,0.11458333333333333
bulk,random,36,180.0,15.0,0.00019860005704686046,4.9799797125160694e-05,3.1424216292218183,0.0,0.0,0.11977966095086823,0.07498288979892243,0.12805447994701424,1.11606854286699,0.554731617489445,0.15625
bulk,random,36,240.0,20.0,0.0002587999915704131,6.459979340434074e-05,3.1351514064576556,0.0,0.0,0.11977966095086823,0.19002008789472247,0.23043768749782,1.1167918616235517,0.5505313074503897,0.17708333333333334
bulk,random,37,30.0,4.0,5.779997445642948e-05,1.179997343569994e-05,3.1169745193166647,0.7141891990975477,0.7766574024459069,0.7079679053251295,0.6736328912434615,0.6828000547092354,1.1226682906797698,0.6066006932499023,0.041666666666666664
bulk,random,37,60.0,6.0,9.210000280290842e-05,1.850002445280552e-05,3.0975575548056984,0.7141891990975477,0.7766574024459069,0.7079679053251295,0.6736328912434615,0.6828000547092354,1.0926947280971069,0.5960114413979103,0.0625
bulk,random,37,120.0,12.0,0.00014449999434873462,2.849992597475648e-05,3.0835658978632665,0.7141891990975477,0.7766574024459069,0.7079679053251295,0.6736328912434615,0.6828000547092354,1.0384090578873475,0.5905650901160787,0.125
bulk,random,37,180.0,16.0,0.0002169999643228948,4.009983967989683e-05,3.064509320382618,0.7141891990975477,0.7766574024459069,0.7079679053251295,0.6736328912434615,0.6828000547092354,1.0275563933110154,0.5806198184922455,0.16666666666666666
bulk,random,37,240.0,24.0,0.0003257999778725207,6.049976218491793e-05,3.063967654580884,0.7141891990975477,0.7766574024459069,0.7079679053251295,0.6736328912434615,0.6828000547092354,0.9994006390644182,0.5662673902427333,0.22916666666666666
bulk,random,38,30.0,3.0,4.710000939667225e-05,8.300004992634058e-06,3.131556237770766,0.8916785668196385,0.8614282304027114,0.8351997830446758,0.6934949519655256,0.6796286948098249,2.3762095607257394,0.6640866909229414,0.03125
bulk,random,38,60.0,5.0,6.900005973875523e-05,1.1800031643360853e-05,3.1049061382103424,0.852067481634016,0.7939441063490003,0.7711085049967187,0.7553396890323122,0.6311429298117777,2.3627828161040187,0.6606311411694833,0.052083333333333336
bulk,random,38,120.0,11.0,0.00012400007108226418,2.1200045011937618e-05,3.101923517512889,0.852067481634016,0.7939441063490003,0.7711085049967187,0.7553396890323122,0.6311429298117777,2.361234532844737,0.6559853365573495,0.09375
bulk,random,38,180.0,16.0,0.00018950010417029262,3.240007208660245e-05,3.067936968080673,0.852067481634016,0.7939441063490003,0.7711085049967187,0.7553396890323122,0.6311429298117777,2.3432865704705717,0.6346237687278076,0.14583333333333334
bulk,random,38,240.0,29.0,0.00035520014353096485,6.0900114476680756e-05,3.059293644282962,0.9437208713752582,0.8357917481440039,0.7766325668425176,0.7566179530653029,0.7422120004221218,2.3542554625946046,0.6171878243949359,0.25
bulk,random,39,30.0,5.0,6.179994670674205e-05,1.2699980288743973e-05,3.2422019121761867,0.9189901770787723,0.6597640864349166,0.6980177314408624,0.7087871100750338,0.6444336500720305,1.2366713614046685,0.5972956011718298,0.052083333333333336
bulk,random,39,60.0,10.0,0.00012799998512491584,2.670002868399024e-05,3.2075016072924623,0.9189901770787723,0.6597640864349166,0.6980177314408624,0.7087871100750338,0.6444336500720305,1.2069092568410449,0.5875248216940905,0.10416666666666667
bulk,random,39,120.0,12.0,0.00017139996634796262,3.42000275850296e-05,3.1956262567076212,0.9189901770787723,0.6597640864349166,0.6980177314408624,0.7087871100750338,0.6444336500720305,1.2018065978355088,0.5814241444228699,0.11458333333333333
bulk,random,39,180.0,15.0,0.0002212999970652163,4.379998426884413e-05,3.167817899539474,0.9189901770787723,0.6597640864349166,0.6980177314408624,0.6287843377775426,0.6559805873618645,1.1554351504220568,0.5640626321022026,0.14583333333333334
bulk,random,39,240.0,22.0,0.00032169994665309787,6.230000872164965e-05,3.1354144167682314,0.6003476963634762,0.6807464767456808,0.5445545754228585,0.5873015255010473,0.5400853397295735,1.1465440879963642,0.5564777805168176,0.20833333333333334
bulk,random,40,30.0,2.0,2.300000051036477e-05,6.100046448409557e-06,3.2557337218514797,0.8488904445039113,0.7323909559406478,0.7343110396468234,0.3464831501030521,0.2918157014344154,1.4929167119111033,0.6000257621282175,0.020833333333333332
bulk,random,40,60.0,3.0,3.679998917505145e-05,9.200070053339005e-06,3.2502537163355947,0.8488904445039113,0.7323909559406478,0.7343110396468234,0.3464831501030521,0.2918157014344154,1.492648159058767,0.5996906011928055,0.03125
bulk,random,40,120.0,9.0,0.00011239992454648018,2.6700086891651154e-05,3.226296525783487,0.8488904445039113,0.7323909559406478,0.7343110396468234,0.3464831501030521,0.2918157014344154,1.4723680434912485,0.5845243381891068,0.09375
bulk,random,40,180.0,15.0,0.00018770003225654364,4.430016269907355e-05,3.175697385043179,0.25759043074780463,0.48719340130130073,0.41256648969208565,0.45532270211712234,0.1264668619866477,1.2644652613789358,0.5559151013988107,0.15625
bulk,random,40,240.0,23.0,0.0002799999783746898,6.490014493465424e-05,3.1522586113293216,0.25759043074780463,0.48719340130130073,0.41256648969208565,0.45532270211712234,0.1264668619866477,1.2566753805403081,0.5354158351944194,0.23958333333333334
bulk,random,41,30.0,1.0,1.610000617802143e-05,4.200031980872154e-06,3.3803345966869993,0.7639916036697202,0.7844926962985658,0.8170404076022741,0.8326224843743387,0.8004961424281702,1.2790353813552058,0.6189635080579281,0.010416666666666666
bulk,random,41,60.0,2.0,4.2000028770416975e-05,1.0500021744519472e-05,3.375637105631835,0.7639916036697202,0.7844926962985658,0.8170404076022741,0.8326224843743387,0.8004961424281702,1.2775749838648787,0.6141688457351696,0.020833333333333332
bulk,random,41,120.0,4.0,7.589999586343765e-05,1.9099970813840628e-05,3.3563248869761715,0.7639916036697202,0.7844926962985658,0.8170404076022741,0.8326224843743387,0.8004961424281702,1.2767641519801265,0.6073291801239328,0.041666666666666664
bulk,random,41,180.0,10.0,0.00012250000145286322,3.17999511025846e-05,3.3239645849891666,0.7639916036697202,0.7844926962985658,0.8170404076022741,0.8326224843743387,0.8004961424281702,1.2524980379744715,0.6009794177424781,0.10416666666666667
bulk,random,41,240.0,19.0,0.00023209990467876196,6.27998961135745e-05,3.3053351269657782,0.7639916036697202,0.7844926962985658,0.8170404076022741,0.8326224843743387,0.8004961424281702,1.2355081085105033,0.5903578173461174,0.17708333333333334
bulk,random,42,30.0,2.0,3.430002834647894e-05,5.700043402612209e-06,3.291031775604594,0.894545045005095,0.907241938323069,0.9090624035239985,0.9086335645293636,0.903955753154356,1.565181033737133,0.654802790132572,0.020833333333333332
bulk,random,42,60.0,3.0,7.06000137142837e-05,9.900075383484364e-06,3.2859730133447704,0.894545045005095,0.907241938323069,0.9090624035239985,0.9086335645293636,0.903955753154356,1.5630012735878842,0.6532612848102252,0.03125
bulk,random,42,120.0,8.0,0.00013899995246902108,2.1500163711607456e-05,3.2535079029340785,0.27185281199176325,0.5365993849634707,0.654799973332399,0.7097377301484991,0.7278020824906279,1.5154554592103275,0.6467022779701537,0.07291666666666667
bulk,random,42,180.0,12.0,0.0001930998987518251,3.150012344121933e-05,3.237252543535124,0.27185281199176325,0.5365993849634707,0.654799973332399,0.7097377301484991,0.7278020824906279,1.5121224535196653,0.6319027690943397,0.10416666666666667
bulk,random,42,240.0,21.0,0.0003168000257574022,7.990020094439387e-05,3.1868611103486018,0.27185281199176325,0.5365993849634707,0.6519035464920946,0.7078603912357795,0.7280230993962205,1.4689073823097758,0.6049623752121671,0.19791666666666666
bulk,random,43,30.0,6.0,0.0002744999947026372,1.720007276162505e-05,3.374038931984819,0.9564903782247978,0.8311881917584193,0.7346873611096758,0.7595101786335079,0.7775686645058126,1.8154735285825587,0.6542064471589987,0.0625
bulk,random,43,60.0,7.0,0.00029859994538128376,2.150004729628563e-05,3.3624886833366454,0.7168575510145717,0.8311881917584193,0.7346873611096758,0.7595101786335079,0.7775686645058126,1.8165164800662532,0.6542566757074305,0.07291666666666667
bulk,random,43,120.0,10.0,0.00034769997000694275,3.20000690408051e-05,3.3390137162161007,0.7168575510145717,0.8311881917584193,0.7346873611096758,0.7595101786335079,0.7775686645058126,1.8156019012381688,0.6461666850306936,0.10416666666666667
bulk,random,43,180.0,13.0,0.0004319999134168029,5.15999854542315e-05,3.3240152074025295,0.7168575510145717,0.8311881917584193,0.7346873611096758,0.7595101786335079,0.7775686645058126,1.798314526067812,0.6355953766170206,0.13541666666666666
bulk,random,43,240.0,25.0,0.0005457999650388956,7.639994146302342e-05,3.2556096317106396,0.4676424674063645,0.5059609824246012,0.543048901937428,0.6046236762476933,0.5431925607691663,1.758766063329215,0.6227176252375137,0.23958333333333334
bulk,random,44,30.0,4.0,2.8299924451857805e-05,6.500049494206905e-06,3.116298851124332,0.866143240862798,0.7751063490839074,0.6050288334410315,0.6108142060165718,0.6312853766218071,1.317254692378995,0.661423264302188,0.041666666666666664
bulk,random,44,60.0,6.0,6.649992428719997e-05,1.1500029359012842e-05,3.1036049328064563,0.866143240862798,0.7751063490839074,0.6050288334410315,0.6108142060165718,0.6312853766218071,1.2979522803472063,0.659238002956604,0.0625
bulk,random,44,120.0,11.0,0.00010089995339512825,1.729995710775256e-05,3.0840858895306766,0.866143240862798,0.7751063490839074,0.6050288334410315,0.6108142060165718,0.6312853766218071,1.2946477046900882,0.6508796963664102,0.11458333333333333
bulk,random,44,180.0,15.0,0.00015439995331689715,2.6899971999228e-05,3.055146352253564,0.866143240862798,0.7751063490839074,0.6050288334410315,0.6108142060165718,0.6312853766218071,1.2567181241446221,0.6478550067316974,0.15625
bulk,random,44,240.0,21.0,0.00022689992329105735,4.679989069700241e-05,3.007271553057549,0.0,0.31924723481159434,0.3558064122101592,0.28471288475085355,0.31894432929746397,0.9995246725408246,0.6316092958485615,0.20833333333333334
bulk,random,45,30.0,4.0,3.0500057619065046e-05,6.89999433234334e-06,3.168574028868879,0.9732038464755884,0.9375378279140257,0.8951649072660366,0.8540636901209826,0.7482286607149471,1.2955021732372594,0.5718390178553479,0.041666666666666664
bulk,random,45,60.0,4.0,3.0500057619065046e-05,6.89999433234334e-06,3.168574028868879,0.9732038464755884,0.9375378279140257,0.8951649072660366,0.8540636901209826,0.7482286607149471,1.2955021732372594,0.5718390178553479,0.041666666666666664
bulk,random,45,120.0,14.0,0.00013580016093328595,3.139994805678725e-05,3.1344387764018875,0.9732038464755884,0.9375378279140257,0.8951649072660366,0.8540636901209826,0.7482286607149471,1.2661916640875768,0.5513243682085546,0.13541666666666666
bulk,random,45,180.0,16.0,0.00017700012540444732,4.049990093335509e-05,3.124507429122891,0.9732038464755884,0.9375378279140257,0.8951649072660366,0.8540636901209826,0.7482286607149471,1.2506565584364024,0.5493329272753719,0.14583333333333334
bulk,random,45,240.0,25.0,0.0002868002047762275,6.429996574297547e-05,3.103891253678149,0.9732038464755884,0.9375378279140257,0.8951649072660366,0.8540636901209826,0.7482286607149471,1.2425345670129637,0.5275507529288754,0.22916666666666666
bulk,random,46,30.0,3.0,4.6999892219901085e-05,9.299954399466515e-06,3.2299049293861644,0.9173433225088615,0.797102867810853,0.8063127344493851,0.6832338603111318,0.6738197203456316,1.2353661882985434,0.6120099624187783,0.03125
bulk,random,46,60.0,7.0,0.00010109989671036601,1.98000343516469e-05,3.2106587387615377,0.9173433225088615,0.797102867810853,0.8063127344493851,0.6832338603111318,0.6738197203456316,1.2039521079706001,0.6034409519464058,0.07291666666666667
bulk,random,46,120.0,13.0,0.00017149996710941195,3.3399846870452166e-05,3.15299468884526,0.0,0.2290034550396367,0.2690097373217868,0.3538155111347955,0.28925286616437884,1.0245786756322621,0.6015531782127435,0.125
bulk,random,46,180.0,16.0,0.00021160003961995244,4.139984957873821e-05,3.1273643334907675,0.0,0.2290034550396367,0.2690097373217868,0.3538155111347955,0.28925286616437884,0.9796248864195743,0.5819846934311935,0.15625
bulk,random,46,240.0,23.0,0.00030450010672211647,5.919986870139837e-05,3.108252322125562,0.0,0.2290034550396367,0.35247552589720155,0.2986722197664343,0.33166110108034685,0.961445281824348,0.565500789549567,0.22916666666666666
bulk,random,47,30.0,3.0,5.3099996875971556e-05,9.90001717582345e-06,3.366936444572939,0.8062732213876166,0.8041751713133236,0.7767855575448578,0.601707015320643,0.6046598555026788,1.585474707304923,0.6198472112660313,0.03125
bulk,random,47,60.0,9.0,0.0001303000026382506,2.41999514400959e-05,3.3020812150284953,0.0,0.4009112073787431,0.5138879598083288,0.5562356715134396,0.415159575048785,1.369451509542615,0.604251277781767,0.09375
bulk,random,47,120.0,11.0,0.00016369996592402458,3.069988451898098e-05,3.2893253200861086,0.0,0.35853593481382706,0.4853217017250355,0.5481089734493441,0.5462994930978637,1.3692897923880565,0.6038707744062202,0.11458333333333333
bulk,random,47,180.0,13.0,0.0002022999688051641,3.789988113567233e-05,3.270741547494374,0.0,0.35853593481382706,0.4853217017250355,0.5481089734493441,0.5462994930978637,1.3498693413404828,0.5981769406225267,0.13541666666666666
bulk,random,47,240.0,22.0,0.00026110000908374786,4.949991125613451e-05,3.2508276978971558,0.0,0.35853593481382706,0.4853217017250355,0.5481089734493441,0.5462994930978637,1.3468130815868273,0.5818673901961743,0.1875
bulk,random,48,30.0,2.0,2.600002335384488e-05,5.89998671784997e-06,3.424967894766233,0.7911902926001259,0.5112423250197877,0.5594898048350949,0.5974188245422947,0.612731215855926,1.2192239200872115,0.57696139592994,0.020833333333333332
bulk,random,48,60.0,4.0,5.909998435527086e-05,1.3899931218475103e-05,3.4114616311192854,0.7911902926001259,0.5112423250197877,0.5594898048350949,0.5974188245422947,0.612731215855926,1.1802611648985848,0.5641642897612,0.041666666666666664
bulk,random,48,120.0,7.0,0.00011510000331327319,2.4699955247342587e-05,3.393567696772685,0.7911902926001259,0.5112423250197877,0.5594898048350949,0.5974188245422947,0.612731215855926,1.1672981877723456,0.5612095953604785,0.0625
bulk,random,48,180.0,13.0,0.00019809987861663103,4.229997284710407e-05,3.3493532485596575,0.7911902926001259,0.5112423250197877,0.5594898048350949,0.5974188245422947,0.612731215855926,1.1493049229812304,0.5461668305018326,0.125
bulk,random,48,240.0,20.0,0.0002542997826822102,5.469983443617821e-05,3.309647664798343,0.7911902926001259,0.5112423250197877,0.5594898048350949,0.5974188245422947,0.612731215855926,1.1090840664748116,0.5211240546241585,0.19791666666666666
bulk,random,49,30.0,6.0,8.060003165155649e-05,1.629994949325919e-05,3.225458795824274,0.41843685522238694,0.5967559589604976,0.6210379248581053,0.5687125761900518,0.5535138701455533,1.5120554967960282,0.6301180961787661,0.0625
bulk,random,49,60.0,6.0,8.060003165155649e-05,1.629994949325919e-05,3.225458795824274,0.41843685522238694,0.5967559589604976,0.6210379248581053,0.5687125761900518,0.5535138701455533,1.5120554967960282,0.6301180961787661,0.0625
bulk,random,49,120.0,13.0,0.00017040001694113016,3.419996937736869e-05,3.1529685204647286,0.41843685522238694,0.5967559589604976,0.6210379248581053,0.5687125761900518,0.5914439357492352,1.4143820247100871,0.6106629154955369,0.13541666666666666
bulk,random,49,180.0,15.0,0.00020480004604905844,4.040001658722758e-05,3.1365567639964507,0.41843685522238694,0.5967559589604976,0.5517107589977956,0.6026917265926559,0.5891331365920227,1.404674064787065,0.6044204902992859,0.15625
bulk,random,49,240.0,28.0,0.0003662000526674092,7.099990034475923e-05,3.120491098059063,0.41843685522238694,0.4994373821417234,0.59028457986402,0.5431599387903082,0.5685557517089109,1.4071671019839687,0.5806367608558166,0.25
bulk,d-optimality,0,30.0,30.0,0.16346709989011288,0.00010720000136643648,3.2913037151746587,0.0,0.2873182204829363,0.43113794573098485,0.4998401821500251,0.5108341302828764,1.2756037319094256,0.5873241866846376,0.3125
bulk,d-optimality,0,60.0,60.0,0.20604080002522096,0.00023120013065636158,3.2105839620149283,0.0,0.0,0.09812097291781519,0.08311315108860873,0.18344155633609682,0.9815723648003514,0.5488907667458907,0.625
bulk,d-optimality,0,120.0,120.0,0.2832366998773068,0.00041220017010346055,3.0834919327620938,0.0,0.0,0.09812097291781519,0.090778918156877,0.07256974881141376,0.7259911757080796,0.45430897696496664,1.0
bulk,d-optimality,0,180.0,180.0,0.3503691999358125,0.0005983003065921366,2.9915195957711043,0.0,0.0,0.051527828461635616,0.08311315108860873,0.07256974881141376,0.6401683691737966,0.43996164124970094,1.0
bulk,d-optimality,0,240.0,240.0,0.4347412002389319,0.0007922003860585392,2.9952844762749447,0.0,0.0,0.051527828461635616,0.05131229914848856,0.07256974881141376,0.6490161819687161,0.4236033622706559,1.0
bulk,d-optimality,1,30.0,30.0,0.16824160009855404,0.00011550000635907054,3.1839192556140374,0.8535483465545524,0.8047943573790837,0.23019200052455902,0.31848189159419504,0.24955206464826452,1.675179583166737,0.5736397886764468,0.3125
bulk,d-optimality,1,60.0,60.0,0.20544660004088655,0.0002162997843697667,3.062864519821879,0.0,0.16011883661849413,0.28878783690895904,0.3704049153540714,0.3542950240700379,0.9396466767421031,0.4790447523185826,0.625
bulk,d-optimality,1,120.0,120.0,0.277597900130786,0.0004064995446242392,2.979668490660942,0.0,0.13409788713761417,0.1005113274049868,0.07976230726472622,0.09527590233873218,0.7212118337090339,0.4024960108462915,1.0
bulk,d-optimality,1,180.0,180.0,0.34767200000351295,0.0005965997697785497,2.876456855567986,0.0,0.009994916171171098,1.1102230246251565e-16,0.07976230726472633,0.09527590233873218,0.5764098524259489,0.3763832547685754,1.0
bulk,d-optimality,1,240.0,240.0,0.4159575002267957,0.0007712997612543404,2.7991679498760256,0.0,0.009994916171171098,1.1102230246251565e-16,1.1102230246251565e-16,0.04137570656200562,0.44856160940873285,0.3445980821262482,1.0
bulk,d-optimality,2,30.0,30.0,0.15766760002588853,0.00011770002311095595,3.233905559174912,0.847991072403385,0.820680404220288,0.7877183613596622,0.7351806956627864,0.7354342374818197,1.3290262087677676,0.5589563975714046,0.3125
bulk,d-optimality,2,60.0,60.0,0.19311120035126805,0.0002283001085743308,3.2111373007547215,0.9384091835988198,0.873212205637345,0.8404439502363332,0.782090652316358,0.7463490751685896,1.1638200829010223,0.49839555316319345,0.625
bulk,d-optimality,2,120.0,120.0,0.2696447999915108,0.00045419996604323387,3.087978011190678,0.0,0.0,0.0,0.05551045069714444,0.08334319007111846,0.5663524973883816,0.43172001031365104,1.0
bulk,d-optimality,2,180.0,180.0,0.34841450006933883,0.0006862999289296567,3.0215801279426864,0.0,0.0,0.0,0.050394398970301624,0.0786721265506527,0.4853403764304202,0.4130679922862631,1.0
bulk,d-optimality,2,240.0,240.0,0.43024570017587394,0.000990800210274756,3.0227014561528915,0.0,0.0,0.0,0.05208034001929096,0.03382305459019341,0.4786631162514082,0.39729937931802506,1.0
bulk,d-optimality,3,30.0,30.0,0.14514269982464612,0.0001427999814040959,3.319619156246832,0.9241993815384905,0.7516743347083105,0.6662678410697295,0.5885698853487323,0.6164257204472394,1.316203747418363,0.5483478128229078,0.3125
bulk,d-optimality,3,60.0,60.0,0.1828606995404698,0.0002449997700750828,3.2724139878078624,0.0,0.0,0.1177423243450092,0.19849061789719102,0.16196568616794194,0.9633717408655549,0.48157334795422924,0.625
bulk,d-optimality,3,120.0,120.0,0.2432651995914057,0.00040059920866042376,3.1699815690921276,0.0,0.0,0.04911053994108194,0.04218096150325856,0.09015031721027633,0.7884461510954274,0.4219419251507352,1.0
bulk,d-optimality,3,180.0,180.0,0.3034343996550888,0.0005645991768687963,3.0987290686262177,0.0,0.0,0.04911053994108194,0.04218096150325856,0.06120469998450817,0.6405264967012847,0.3935606264202255,1.0
bulk,d-optimality,3,240.0,240.0,0.3772117994376458,0.0007534995093010366,3.067537344439136,0.0,0.0,0.02980108744103438,0.10112868757825311,0.09015031721027622,0.6165878234724187,0.37876775366843496,1.0
bulk,d-optimality,4,30.0,30.0,0.15733339998405427,0.00012759986566379666,3.267360839091739,0.9797514966934601,0.9403100518102916,0.9201067481705976,0.9071091177831303,0.8742906410774397,2.1547043328283046,0.5569506437356573,0.3125
bulk,d-optimality,4,60.0,60.0,0.19738219981081784,0.0002367000561207533,3.1309199063852433,0.5366479141518523,0.434329016229385,0.47302951904408375,0.5087924463761712,0.5045821477842489,1.9150835655269622,0.4833845034618879,0.625
bulk,d-optimality,4,120.0,120.0,0.2724367000046186,0.00042600027518346906,3.0118351555411293,0.0,0.0,0.11058377912779749,0.05119163460375409,0.05941591148190406,1.0200110900150408,0.40138718093053394,1.0
bulk,d-optimality,4,180.0,180.0,0.34399480000138283,0.0006321999244391918,2.903355785325248,0.0,0.0,0.0,0.0,0.0,0.6496029229524554,0.38174736276175236,1.0
bulk,d-optimality,4,240.0,240.0,0.4163717997726053,0.0008140000281855464,2.870978437894907,0.0,0.0,0.0,0.0,0.0,0.6407727868707237,0.35658448390563297,1.0
bulk,d-optimality,5,30.0,30.0,0.13771269982680678,0.0001053001033142209,3.1638875016347874,0.3348133350506597,0.0,0.1829243242268298,0.20987166073629482,0.24889644086726048,1.194800160727006,0.5461715288801361,0.3125
bulk,d-optimality,5,60.0,60.0,0.17285109974909574,0.0002231001271866262,3.108494517443797,0.3348133350506597,0.0,0.1829243242268298,0.2651406233964426,0.19760645828902235,1.0791870779825414,0.5032419009831228,0.625
bulk,d-optimality,5,120.0,120.0,0.25159069971414283,0.0004575001075863838,3.015958182524855,0.3348133350506597,0.0,0.06145177569479343,0.09984571560893896,0.005340936488760106,0.7122608400204342,0.4351472017365095,1.0
bulk,d-optimality,5,180.0,180.0,0.32609799975762144,0.0006829999038018286,2.9154783244502656,0.0,0.0,0.06145177569479343,0.09984571560893896,0.005340936488760106,0.5301074422478732,0.4069103054021421,1.0
bulk,d-optimality,5,240.0,240.0,0.4073814998846501,0.000902399595361203,2.8545097944888043,0.0,0.0,0.06145177569479343,0.09984571560893896,0.005340936488760106,0.4774585541107189,0.3775975626730827,1.0
bulk,d-optimality,6,30.0,30.0,0.15331249975133687,0.0001112002064473927,3.284302799363408,0.7819287552535505,0.6541926095214675,0.6803912697778343,0.7136970257170494,0.7169930113049177,2.0131570101051186,0.5989575589060443,0.3125
bulk,d-optimality,6,60.0,60.0,0.18967799982056022,0.00021759996889159083,3.258679072697774,0.7819287552535505,0.6541926095214675,0.511488898632974,0.5696982127844993,0.5898605193298008,1.9640629105855814,0.5423183784203469,0.625
bulk,d-optimality,6,120.0,120.0,0.2721422001486644,0.00048660009633749723,3.0252970460402615,0.0,0.054854258347196705,0.039439265980589555,0.07482094644649273,0.10482152681591628,0.7759501978860004,0.4353528333696496,1.0
bulk,d-optimality,6,180.0,180.0,0.3411930000875145,0.0007161006215028465,2.9342698319351057,0.0,0.004780149589788452,0.0432041975146088,0.0,0.017507079618267696,0.6371414621627699,0.418500984971472,1.0
bulk,d-optimality,6,240.0,240.0,0.4253808998619206,0.0019901000196114182,2.889187250900356,0.0,0.004780149589788452,0.0432041975146088,0.0,0.017507079618267696,0.5945404873997474,0.38122622826573255,1.0
bulk,d-optimality,7,30.0,30.0,0.14670759974978864,9.500014130026102e-05,3.171631846451147,0.1783870131808849,0.24859251830947027,0.397557262990168,0.4708787468539771,0.4772545598348522,1.0989326001742337,0.5134511228682542,0.3125
bulk,d-optimality,7,60.0,60.0,0.1874063997529447,0.0002111002686433494,3.0725608051863524,0.0,0.1559949781898572,0.3452984518741893,0.3911488707799443,0.4367254506706617,0.8327427909732994,0.44548122910898996,0.625
bulk,d-optimality,7,120.0,120.0,0.2684930997202173,0.0005009001470170915,2.967215355164928,0.0,0.21284965782332954,0.22041012637159896,0.11209074221166437,0.07475961113935048,0.4955552826605193,0.3728050103773499,1.0
bulk,d-optimality,7,180.0,180.0,0.3312762998393737,0.0006708998116664588,2.909219710668905,0.0,0.1559949781898572,0.07119741508081112,0.11209074221166437,0.1203808766120733,0.450978809566334,0.352439676800853,1.0
bulk,d-optimality,7,240.0,240.0,0.43115230003604665,0.0009019998251460493,2.876650055142124,0.0,0.1559949781898572,0.07119741508081112,0.11209074221166437,0.1203808766120733,0.40095106069425956,0.32512094111280704,1.0
bulk,d-optimality,8,30.0,30.0,0.15087660012068227,9.159999899566174e-05,3.233170513050324,0.427531462295199,0.6877968619398451,0.7407407100451509,0.7348150204916901,0.412116581472309,2.6174908879134464,0.5629451144161793,0.3125
bulk,d-optimality,8,60.0,60.0,0.18859820009674877,0.00020769983530044556,3.183710665490974,0.427531462295199,0.5787684423969182,0.6417850402754259,0.6627085844672701,0.6699039201333958,2.5474433004828967,0.5034320968340764,0.625
bulk,d-optimality,8,120.0,120.0,0.26382719998946413,0.0004600997781381011,3.0425755206730525,0.0,0.0,0.0,0.013477887330978322,0.0,0.8759075501804083,0.4277741308839323,1.0
bulk,d-optimality,8,180.0,180.0,0.3321048998623155,0.000672899535857141,3.0157332306555897,0.0,0.0,0.0,0.013477887330978322,0.0,0.6951908629407668,0.41466650309078135,1.0
bulk,d-optimality,8,240.0,240.0,0.42869559972314164,0.0009376995731145144,2.9499314696349628,0.0,0.0,0.0,0.013477887330978322,0.0,0.6820847033230013,0.3888082452993375,1.0
bulk,d-optimality,9,30.0,30.0,0.15126620011869818,9.369978215545416e-05,3.2524786572626194,0.9059837643330712,0.9174255558055113,0.9081638117070847,0.8825464470880047,0.8276717316397121,1.5946578970071206,0.5865633155148293,0.3125
bulk,d-optimality,9,60.0,60.0,0.19485049997456372,0.00022549956338480115,3.180540704481682,0.2785345721766399,0.3405067560788899,0.4457778739328522,0.47857104075596935,0.4812242446579268,1.3370449551980188,0.5331322141804201,0.625
bulk,d-optimality,9,120.0,120.0,0.26851129985880107,0.00043319963151589036,3.0797770989961184,0.2785345721766399,0.0,0.04988883946136524,0.0,0.05827911903401495,0.8992763149383831,0.4567472124386925,0.9895833333333334
bulk,d-optimality,9,180.0,180.0,0.35093670000787824,0.0006689995643682778,2.995926419747756,0.2785345721766399,0.0,0.04988883946136524,0.0,0.03728535271679212,0.732698087481957,0.43193458150953584,1.0
bulk,d-optimality,9,240.0,240.0,0.4721981000620872,0.0009506995556876063,2.9419673904681454,0.0,0.0,0.04988883946136524,0.0,0.03728535271679212,0.5559809757319311,0.4138882882494131,1.0
bulk,d-optimality,10,30.0,30.0,0.16586270002881065,0.0001352999242953956,3.1616747558386322,0.0,0.36641319994764376,0.5195929940266175,0.5480006431974265,0.5360700208081888,1.0928283439392177,0.5642344998650184,0.3125
bulk,d-optimality,10,60.0,60.0,0.20112850004807115,0.00023909995798021555,3.0828586681697754,0.0,0.3930296864757069,0.4912086328131342,0.4662379257859627,0.4683030489840543,0.8166147329777685,0.5078966320444197,0.625
bulk,d-optimality,10,120.0,120.0,0.2722220001160167,0.00042600015876814723,3.0042290069351125,0.0,0.01569963375519612,-2.220446049250313e-16,0.0,0.00826905645635001,0.5655526510055007,0.4399533404982381,1.0
bulk,d-optimality,10,180.0,180.0,0.35977420018753037,0.0007025001104921103,2.9062527355658645,0.0,0.01569963375519612,-2.220446049250313e-16,0.06279161508554743,0.06417468922714464,0.4212890015544152,0.4138733716897509,1.0
bulk,d-optimality,10,240.0,240.0,0.4420193998957984,0.0009836999815888703,2.8081784124585645,0.1913694655711885,0.0,0.0,0.02898400057632966,0.00826905645635001,0.3600566552297945,0.38007227877427,1.0
bulk,d-optimality,11,30.0,30.0,0.15905490011209622,0.00012410018825903535,3.1559518927676415,0.2558078094946533,0.0,0.22962948519249793,0.3386434027462455,0.41661771118783597,1.143507243988896,0.5632293008981117,0.3125
bulk,d-optimality,11,60.0,60.0,0.19479430001229048,0.00022900005569681525,3.091845657936798,0.2558078094946533,0.0,0.12487275176433987,0.09916463039249224,0.12876075176985347,0.9383036589996983,0.49734860059378583,0.625
bulk,d-optimality,11,120.0,120.0,0.2650529003003612,0.00043360027484595776,3.0415852809728214,0.0,0.19480460605077665,0.09161121647607207,0.1771158403016122,0.19549780968403874,0.7334043553296861,0.43045515416271307,1.0
bulk,d-optimality,11,180.0,180.0,0.3649237003410235,0.0007077003247104585,2.9849501150338056,0.0,0.19480460605077665,0.09161121647607207,0.16926050553102867,0.1543178896518772,0.6279984588405529,0.40322488811581797,1.0
bulk,d-optimality,11,240.0,240.0,0.47004270053002983,0.0009801999549381435,2.921508342189391,0.0,0.19480460605077665,0.09161121647607207,0.1771158403016122,0.1610968017457065,0.5881440723627652,0.3728379058359382,1.0
bulk,d-optimality,12,30.0,30.0,0.20012579998001456,0.00012469995999708772,3.2397109881511574,0.16232208603999354,0.2594327016494813,0.4077339840992392,0.4283636318166003,0.4715439195265835,1.163731827729648,0.5540496975047426,0.3125
bulk,d-optimality,12,60.0,60.0,0.24630820011952892,0.0002737997565418482,3.1725402806356464,0.672679110174433,0.3865806230486548,0.46045847307034526,0.3812283617699793,0.411089485196393,1.1781771430774346,0.5000692414983732,0.625
bulk,d-optimality,12,120.0,120.0,0.3186394004151225,0.0004592998302541673,3.0973118654171983,0.16232208603999354,0.03238764078072254,0.20894966601263287,0.20329311675175787,0.23889046820723125,0.8179403321858685,0.4410758835961543,1.0
bulk,d-optimality,12,180.0,180.0,0.39184059971012175,0.0007357998983934522,3.0152840987061573,0.0,0.03238764078072254,0.20894966601263287,0.07304970139314193,0.12540514640506573,0.6353598114728638,0.42542492665661474,1.0
bulk,d-optimality,12,240.0,240.0,0.4686927996808663,0.0009486004710197449,2.9687575706691383,0.0,0.03238764078072254,0.20894966601263287,0.07304970139314193,0.12540514640506573,0.5913745082714753,0.40362254191260083,1.0
bulk,d-optimality,13,30.0,30.0,0.20696450001560152,0.00013700011186301708,3.2030971964077266,0.8181241139566362,0.8145676385077285,0.7358777965043468,0.24403911160928127,0.2852158987131591,1.6894766724915857,0.6044451009788724,0.3125
bulk,d-optimality,13,60.0,60.0,0.25559230014914647,0.00025370047660544515,3.126288263274367,0.8181241139566362,0.7424500636456367,0.6737671026636508,0.6863781009673608,0.6294584145355377,1.5695959122976424,0.5300168982421568,0.625
bulk,d-optimality,13,120.0,120.0,0.33878540026489645,0.0005127004696987569,2.9332627374686275,0.0,0.0,0.06329163261265613,0.04554798960294737,0.048569303811817455,0.7731705118158394,0.44596436312545407,1.0
bulk,d-optimality,13,180.0,180.0,0.4062794002238661,0.0007044004159979522,2.886467173091926,0.0,0.0,0.06329163261265613,0.04554798960294737,0.04124062048274957,0.6330826314120246,0.423504905038305,1.0
bulk,d-optimality,13,240.0,240.0,0.49534230056451634,0.0009232009761035442,2.8264886551910298,0.0,0.0,0.0,0.04554798960294737,0.05883475354424461,0.42968010075721125,0.4006755579055887,1.0
bulk,d-optimality,14,30.0,30.0,0.23763130005681887,0.0033800998353399336,3.1797387107049158,0.0,0.34429181198023706,0.4581836136908479,0.5179080131471838,0.5522965930720654,1.1913516458159,0.5773306695161821,0.3125
bulk,d-optimality,14,60.0,60.0,0.2776924003264867,0.0034952000132761896,3.116575506493436,0.0,0.21142111729533908,0.06273154742100173,0.20611819482648097,0.2647610919659321,1.0073892480015516,0.507089104230192,0.625
bulk,d-optimality,14,120.0,120.0,0.3673241001670249,0.0037138001644052565,2.9439315164563893,0.0,0.21142111729533908,0.06273154742100173,0.04953466319969879,0.07809215195067187,0.5688883225801454,0.414472361472035,1.0
bulk,d-optimality,14,180.0,180.0,0.4436164000071585,0.00393400015309453,2.8711388323758738,0.0,0.0,0.06273154742100173,0.051270488957540605,0.0,0.4440756524437933,0.3919531978032002,1.0
bulk,d-optimality,14,240.0,240.0,0.5240043999510817,0.0041592002380639315,2.8200749588448617,0.0,0.0,0.0021238540543825346,0.051270488957540605,0.07962398987889685,0.4045599208700179,0.36285701580827556,1.0
bulk,d-optimality,15,30.0,30.0,0.20365159993525594,0.00014790002023801208,3.5969682528176112,0.915455917292943,0.8576183925497723,0.8223853807254434,0.8200832599624726,0.7055948110241638,2.1467647696918384,0.5392680126816435,0.3125
bulk,d-optimality,15,60.0,60.0,0.24503900011768565,0.0002564002643339336,3.4554675210923036,0.0,0.29887190500545957,0.3592589472096548,0.40171881539046417,0.3175771151173792,1.3226782640756538,0.46811536639374207,0.625
bulk,d-optimality,15,120.0,120.0,0.31758510001236573,0.0005173998069949448,3.218331233921558,0.0,0.0,0.0,0.03712017172502291,0.034427599408315634,0.5563410855171412,0.3769340301745687,1.0
bulk,d-optimality,15,180.0,180.0,0.399427900032606,0.0007431998965330422,3.1448151544680987,0.0,0.0,0.0,0.024542979053203573,0.04008597279991921,0.5947504718732594,0.3637463988292079,1.0
bulk,d-optimality,15,240.0,240.0,0.48300739971455187,0.0009750995668582618,3.1006100847789,0.0,0.0,0.0,0.024542979053203573,0.005658373391603688,0.5556204315482525,0.3411832007224051,1.0
bulk,d-optimality,16,30.0,30.0,0.1710112000000663,0.00010559998918324709,3.199416230418862,0.0,0.3736163351649697,0.47324416719036466,0.3950477370210541,0.4583779422161095,1.2432511435835627,0.597707339272228,0.3125
bulk,d-optimality,16,60.0,60.0,0.21251609997125342,0.00020689988741651177,3.1371709554504115,0.0,0.14556881650380016,0.317220860262582,0.40789914408459305,0.4284802059365789,1.0600400656812237,0.5383061814740662,0.625
bulk,d-optimality,16,120.0,120.0,0.2941456999978982,0.0004446997190825641,3.0625521815239853,0.0,0.0,0.14222250852011908,0.11872239330047596,0.20388539105496883,0.890307335227377,0.45708100117797834,1.0
bulk,d-optimality,16,180.0,180.0,0.36767039995174855,0.000650999543722719,2.9505299504649485,0.0,0.0,0.05037921940374224,0.11872239330047596,0.20388539105496883,0.6366007061752947,0.43179618769134115,1.0
bulk,d-optimality,16,240.0,240.0,0.44625290005933493,0.0008499000687152147,2.8853250809599977,0.0,0.0,0.05037921940374224,0.11872239330047596,0.05297643829374721,0.5736093428709224,0.39962572455610584,1.0
bulk,d-optimality,17,30.0,30.0,0.1755311000160873,0.0001181000261567533,3.330842120101726,0.9834174808385546,0.9241738171872995,0.9141933909057812,0.8307560629498961,0.7852724741417498,2.5129742987663457,0.48429404355387057,0.3125
bulk,d-optimality,17,60.0,60.0,0.2133876999723725,0.00022520002676174045,3.2168490659337206,0.0,0.0,0.0,0.018130369706661487,0.08605053909307481,0.8565736558919197,0.4337612756776682,0.625
bulk,d-optimality,17,120.0,120.0,0.29373460001079366,0.0004677001270465553,3.1243535452373035,0.0,0.0,0.0655655180963638,0.10956925332530343,0.08463706630173262,0.6200424338674548,0.3713725330465317,1.0
bulk,d-optimality,17,180.0,180.0,0.3573304001474753,0.0006573001155629754,3.0614626395971043,0.0,0.0,0.03323486981016366,0.07645673365033945,0.1112997034765727,0.6573704333805612,0.3438902575172139,1.0
bulk,d-optimality,17,240.0,240.0,0.44166970025980845,0.0009300000383518636,3.0494964834543397,0.0,0.0,0.03323486981016366,0.07645673365033945,0.1112997034765727,0.5229911374916613,0.3380366741684531,1.0
bulk,d-optimality,18,30.0,30.0,0.16230779996840283,8.580036228522658e-05,3.1572120285370517,0.40536025593833713,0.5652504417270202,0.5737905930139503,0.6138619814535404,0.36658525116594776,1.0744140772526747,0.5825208658747628,0.3125
bulk,d-optimality,18,60.0,60.0,0.20434789964929223,0.00016030011465772986,3.122664417146227,0.6776953805282718,0.7003527988109037,0.5164137443596639,0.5330887931706225,0.29708238736094306,0.9789387083276556,0.5152261900799593,0.625
bulk,d-optimality,18,120.0,120.0,0.2789133994956501,0.00037550023989751935,3.0487228681140177,0.0,0.04482090638421232,0.033717390745559905,0.1215028937710293,0.1399483514953065,0.7241390713734387,0.45577291310374274,1.0
bulk,d-optimality,18,180.0,180.0,0.3504985997569747,0.0005780005012638867,2.8986916927197393,0.33053324269773776,0.2428082225448862,0.0,0.0,0.03302308859955694,0.5525215192556795,0.42177690100860427,1.0
bulk,d-optimality,18,240.0,240.0,0.42882419988745824,0.0008733000722713768,2.8572072504573556,0.33053324269773776,0.2428082225448862,0.0,0.04543160208505015,0.07211559589418592,0.5186401019870398,0.39661432181199924,1.0
bulk,d-optimality,19,30.0,30.0,0.17014269984792918,0.00011710001854225993,3.3395107972061893,0.6602520635034184,0.7389535349013473,0.3224476093988681,0.2782278169726832,0.3421407635212772,1.40010491274802,0.5854092437345839,0.3125
bulk,d-optimality,19,60.0,60.0,0.21200609992956743,0.00022270018234848976,3.255845109142564,0.6602520635034184,0.7339702631964043,0.31843057596783375,0.27482593689148116,0.33917739555055315,1.2147847236919145,0.531341377918409,0.625
bulk,d-optimality,19,120.0,120.0,0.2946858002105728,0.0005165006150491536,3.1219285543611197,0.0,0.0,0.1381525252938114,0.10592878951863327,0.10410132330786348,0.7342467725871,0.4444690691120935,1.0
bulk,d-optimality,19,180.0,180.0,0.35878800036152825,0.0007081003859639168,3.0165240562518982,0.0,0.0,0.019160339630237444,0.09504980863610613,0.12425482163057255,0.7048544881769502,0.41807283740721035,1.0
bulk,d-optimality,19,240.0,240.0,0.4499579005059786,0.001009300525765866,2.9863739668266764,0.2743184219509164,0.0,0.019160339630237444,0.09504980863610613,0.12425482163057255,0.6575484929192792,0.3992197091273646,1.0
bulk,d-optimality,20,30.0,30.0,0.1675328001147136,0.00010579999070614576,3.2601692941011677,0.814873058477645,0.7862197242682941,0.8028231457928058,0.8037158930137831,0.8159291856806432,2.081876631729353,0.53856034206535,0.3125
bulk,d-optimality,20,60.0,60.0,0.21054020017618313,0.00022200000239536166,3.21781681135367,0.8896689270471004,0.7319435779258362,0.6422838499318873,0.6727876950564468,0.16130342078047,2.0152929107433213,0.4787070358734721,0.625
bulk,d-optimality,20,120.0,120.0,0.2856055003940128,0.0004401998594403267,3.110672732621809,0.0,0.08721791592256556,0.14191883106454983,0.11484241154555341,0.15105573356379132,1.102173843140154,0.3917512086213767,1.0
bulk,d-optimality,20,180.0,180.0,0.3642253007274121,0.0007242002175189555,3.05413213289299,0.0,0.0,0.06769904186325404,0.05939300984078111,0.10165677142409513,0.8291245742941683,0.37611571471486205,1.0
bulk,d-optimality,20,240.0,240.0,0.4485668007400818,0.0009755998617038131,2.997739523502515,0.0,0.0,0.009181820535113516,0.05939300984078111,0.10212463934468063,0.7526520744989352,0.35256258111713223,1.0
bulk,d-optimality,21,30.0,30.0,0.18060640001203865,0.00011099997209385037,3.2683486947811744,0.8901036554424799,0.8498699540006177,0.7868179694715747,0.7369130051784056,0.7509649144515442,1.1204754917196387,0.5552511195487893,0.3125
bulk,d-optimality,21,60.0,60.0,0.22328430006746203,0.00021989986998960376,3.174565591004418,0.3120382182420848,0.20638645822940027,0.1433548465872555,0.23584397560058523,0.33855473830662375,0.8699284297155679,0.5033341910509544,0.625
bulk,d-optimality,21,120.0,120.0,0.30370139982551336,0.00043269986053928733,3.085937263108267,0.0,0.004890268971063372,0.007846699964304538,0.0,0.0,0.5615238857936126,0.429689185709691,1.0
bulk,d-optimality,21,180.0,180.0,0.375374999770429,0.0006647002883255482,3.043978424476381,0.0,0.004890268971063372,0.007846699964304538,0.0,0.0,0.5171624640585586,0.4208311530911339,1.0
bulk,d-optimality,21,240.0,240.0,0.45307449984829873,0.0008931001648306847,2.9854249305529055,0.0,0.004890268971063372,0.007846699964304538,0.0,0.10711311958407876,0.5123157465191098,0.3955426338597133,1.0
bulk,d-optimality,22,30.0,30.0,0.18067400011932477,0.00010960001964122057,3.5449026205494047,0.2346106569735552,0.5305400240506596,0.5238431800826471,0.5397920417575528,0.5603778565337225,2.7396744075310293,0.5440372107347089,0.3125
bulk,d-optimality,22,60.0,60.0,0.22754630004055798,0.0002329999697394669,3.443619044661044,0.2346106569735552,0.5148791497380213,0.5233961099741942,0.4598627260760184,0.449743062543549,2.6812656751885053,0.47677224840796195,0.625
bulk,d-optimality,22,120.0,120.0,0.29736800014507025,0.0004182998090982437,3.244079348299041,0.0,0.0,0.0,0.04371022209708675,0.07637705340143985,0.7493708125631491,0.4062083008478845,1.0
bulk,d-optimality,22,180.0,180.0,0.3774865004234016,0.0007161000394262373,3.1720927365870257,0.0,0.0,0.0,0.04371022209708675,0.04643608485538775,0.5907419763325455,0.388956164174753,1.0
bulk,d-optimality,22,240.0,240.0,0.4574173000873998,0.0009446001495234668,3.0965777166549198,0.0,0.0,0.020543402010223755,0.0,0.0,0.543902834149817,0.3593703111438469,1.0
bulk,d-optimality,23,30.0,30.0,0.19030879985075444,0.00011489988537505269,3.3535413989694445,0.8487745329942376,0.8598076983772017,0.831495121773437,0.829396304316894,0.8068812765980082,3.3933412547301374,0.5452941737200934,0.3125
bulk,d-optimality,23,60.0,60.0,0.2393200996448286,0.000233299913816154,3.23944737817744,0.0,0.0,0.04842216513930142,0.0,0.028184752889551468,1.2817853060754012,0.49340350324077437,0.625
bulk,d-optimality,23,120.0,120.0,0.31310909969033673,0.0004516997723840177,3.135516236275484,0.0,0.0,0.04842216513930142,0.0,0.0034999151229940795,0.7232461154283208,0.43099447074654684,1.0
bulk,d-optimality,23,180.0,180.0,0.3938559996895492,0.0006931999232620001,3.051193550838008,0.0,0.0,0.04842216513930142,0.0,0.0034999151229940795,0.6022951932070932,0.4073161489468055,1.0
bulk,d-optimality,23,240.0,240.0,0.4722380999010056,0.0009219003841280937,3.042959229118639,0.0,0.0,0.04842216513930142,0.0,0.00958255421519838,0.60861673227948,0.39286323212038515,1.0
bulk,d-optimality,24,30.0,30.0,0.17660110007273033,0.00011859997175633907,3.197614658997727,0.5335309876643433,0.5469388734675836,0.4414691382887532,0.2660425193178133,0.34899347744048026,1.0827455549123572,0.5326458377209828,0.3125
bulk,d-optimality,24,60.0,60.0,0.22006729990243912,0.00022950000129640102,3.1431962573388144,0.5335309876643433,0.3945989660706194,0.40201163392813255,0.33409328321657084,0.20079870930248345,0.9129927234016955,0.47208801725133737,0.625
bulk,d-optimality,24,120.0,120.0,0.2932501996983774,0.0004327999777160585,3.0916125922995015,0.3133228403882854,0.3945989660706194,0.16913179435118475,0.20441945419961793,0.17229278891158017,0.7154521503023207,0.41873737260968014,1.0
bulk,d-optimality,24,180.0,180.0,0.364306099829264,0.0006092998664826155,3.071770623862213,0.3133228403882854,0.4313297310329651,0.19612968306281597,0.16350858132416635,0.2095651089593662,0.705360987552364,0.4110812269090014,1.0
bulk,d-optimality,24,240.0,240.0,0.43662060028873384,0.0007782000466249883,3.022190813776444,0.3133228403882854,0.3326719590855888,0.12361413512083097,0.16761294883541522,0.06048250886173623,0.6617392242716587,0.38136722222578834,1.0
bulk,d-optimality,25,30.0,30.0,0.17203479987801984,0.00012499967124313116,3.176571317208282,0.970686817709879,0.904186972198859,0.8464846357139224,0.8474432703090782,0.8357356240601772,1.4189427592226969,0.5399952161149668,0.3125
bulk,d-optimality,25,60.0,60.0,0.21442939969711006,0.0002383996034041047,3.0675926080254055,0.0,0.0,0.15092023381205,0.20860449512793766,0.19652024807462143,0.8663601911511629,0.48008789502449506,0.625
bulk,d-optimality,25,120.0,120.0,0.29013669985579327,0.00044039980275556445,2.9786457647110702,0.0,0.0,0.10830087873484273,0.17038704875038302,0.15520222503432146,0.5257470405380642,0.40571270542177607,1.0
bulk,d-optimality,25,180.0,180.0,0.34606189985061064,0.0006135996663942933,2.890170564520951,0.0,0.0,0.06616308367517565,0.009958236095370387,0.006506499767683804,0.4904801761747465,0.37904287153240795,1.0
bulk,d-optimality,25,240.0,240.0,0.42248909996123984,0.0008086995221674442,2.8322987592840625,0.0,0.0,0.0,0.03170507256356292,0.035386029302516,0.455217767411623,0.34956911562772963,1.0
bulk,d-optimality,26,30.0,30.0,0.17743829981191084,0.00010229978943243623,3.2972407913649477,0.7965519138924428,0.8319995038250839,0.7624163861630974,0.469803626098515,0.5128269384103855,1.1495997754954723,0.49413311438317997,0.3125
bulk,d-optimality,26,60.0,60.0,0.2193824996938929,0.00022490002447739244,3.2665517646656834,0.689063412447807,0.5501776742808108,0.40906740444001044,0.5055349974055856,0.5151840718747791,1.060834976371081,0.4393128827953432,0.625
bulk,d-optimality,26,120.0,120.0,0.29646489990409464,0.00043019966688007116,3.166820728633132,0.30960974962972854,0.40763569968347324,0.3711127501842908,0.2966684759053554,0.13315289745721537,0.7987375505365916,0.36223582076140215,1.0
bulk,d-optimality,26,180.0,180.0,0.3712080998811871,0.0006496997666545212,3.09053527891227,0.0,0.0,0.13245186067683523,0.10810823734889108,0.08673871610142525,0.5837526297013271,0.34750402704376077,1.0
bulk,d-optimality,26,240.0,240.0,0.4463899998809211,0.0008499996620230377,2.995351250057991,0.0,0.0,0.13245186067683523,0.16064401850444943,0.13028401300177028,0.5504562668588856,0.31085087960722146,1.0
bulk,d-optimality,27,30.0,30.0,0.18135379994055256,0.0001330999657511711,3.1948891439494553,0.02325269434743038,0.4289074074426037,0.550213627463823,0.5991635269651325,0.6050391299360208,1.0393633039517414,0.5607764673105676,0.3125
bulk,d-optimality,27,60.0,60.0,0.2219510999857448,0.0002554000820964575,3.1019002566443263,0.0,0.0,0.11179880040982271,0.2543866152370815,0.3322953803905191,0.7450758136521662,0.5087378718226679,0.625
bulk,d-optimality,27,120.0,120.0,0.2828311999910511,0.00043580023339018226,3.031065289410359,0.0,0.0,0.04200865223490835,0.0,0.0991263543265739,0.6004278773672215,0.44854373450494917,1.0
bulk,d-optimality,27,180.0,180.0,0.3489603996858932,0.0006300002569332719,3.0041604724123623,0.0,0.037245133134619635,0.06757376679950544,0.0,0.057197055005752895,0.6116763369610796,0.4328922354944022,1.0
bulk,d-optimality,27,240.0,240.0,0.4226024996605702,0.0008316001039929688,2.9503213937125774,0.0,0.037245133134619635,0.06757376679950544,0.0,0.0,0.5770368288204776,0.400028082129961,1.0
bulk,d-optimality,28,30.0,30.0,0.17401639989111573,0.0001088999561034143,3.3499216288817486,0.7631554991098335,0.6794976832917419,0.6682176314167174,0.6782365051616114,0.6947421090534911,1.2775638661867996,0.547646953827227,0.3125
bulk,d-optimality,28,60.0,60.0,0.21771779988193884,0.00021680002100765705,3.2541835331186193,0.894878904171747,0.8931583024938522,0.8587781406801018,0.6670137602906516,0.6275411072206507,1.0826502262852062,0.47426362915856196,0.625
bulk,d-optimality,28,120.0,120.0,0.2857519999379292,0.00038550025783479214,3.0881845986148044,0.0,0.0,0.037143087776809414,0.009746287568244694,0.05937019618707373,0.7440137996062588,0.39001496900275395,1.0
bulk,d-optimality,28,180.0,180.0,0.35103869962040335,0.0005626999773085117,2.9697340356330995,0.0,0.0,0.0,0.009746287568244694,0.04752510944977539,0.4885447999587339,0.3660905284655045,1.0
bulk,d-optimality,28,240.0,240.0,0.4154603997594677,0.0007212001946754754,2.9518088606024215,0.0,0.04261714568147823,0.0,0.06868021231837651,0.05937019618707373,0.5630568503455964,0.34649844245963984,1.0
bulk,d-optimality,29,30.0,30.0,0.15611570002511144,8.609984070062637e-05,3.177827002342795,0.8528404573286286,0.8583807024404236,0.7653713333663221,0.7470142409455935,0.7196217032358033,1.7206698366661959,0.6054095447673056,0.3125
bulk,d-optimality,29,60.0,60.0,0.19232299993745983,0.00017369992565363646,3.1212851499370053,0.8252078902890627,0.7512792256553489,0.6710865901615418,0.6627467632525259,0.6428945466317624,1.6153307024219343,0.543848238129275,0.625
bulk,d-optimality,29,120.0,120.0,0.27209840016439557,0.00037419970612972975,2.9530789301015723,0.0,0.09242521024766526,0.000794431615735891,1.1102230246251565e-16,0.03314709397888027,0.543131805443371,0.4589164666579118,1.0
bulk,d-optimality,29,180.0,180.0,0.3216437002411112,0.0005211991956457496,2.8683078210442097,0.0,0.0,0.00079443161573578,0.0,0.0,0.38622813292787894,0.4335377059550398,1.0
bulk,d-optimality,29,240.0,240.0,0.40833650063723326,0.0007701993454247713,2.831296405126666,0.0,0.0,0.00079443161573578,0.008680371024676448,0.0,0.38087608747581275,0.4181025449442781,1.0
bulk,d-optimality,30,30.0,30.0,0.1562655998277478,0.00010279979323968291,3.3422073704989264,0.46664580535131095,0.1856280885625372,0.3557108516705193,0.46513776813742935,0.505320993904289,1.2655988790885355,0.5656552594436595,0.3125
bulk,d-optimality,30,60.0,60.0,0.19345199991948903,0.00020089955069124699,3.219017243963832,0.0,0.06508524388206216,0.15349776072554688,0.27031685049292953,0.3371993915975342,1.0482742635473752,0.5120273851330734,0.625
bulk,d-optimality,30,120.0,120.0,0.2641604000236839,0.0004052993026562035,3.044932463431605,0.0,0.06508524388206216,0.0245066728743909,-2.220446049250313e-16,0.004402126410558926,0.5985300247300052,0.4034495340640507,1.0
bulk,d-optimality,30,180.0,180.0,0.3345216997549869,0.0006012992816977203,2.987133370156611,0.0,0.0,0.024506672874391122,0.08454661313088407,0.14106679369787545,0.5725216587102662,0.3955464981172065,1.0
bulk,d-optimality,30,240.0,240.0,0.42451349983457476,0.0008665992645546794,2.9543478030009034,0.0,0.06508524388206216,0.0245066728743909,0.15020982802161165,0.13402638480408968,0.5381554888273353,0.3652384565118658,1.0
bulk,d-optimality,31,30.0,30.0,0.17422290006652474,0.0001267999759875238,3.115385502016999,0.8616828710680454,0.8399917392490857,0.7537768953396713,0.7461017226440924,0.7339479882537208,1.1237938479227145,0.5801612004409218,0.3125
bulk,d-optimality,31,60.0,60.0,0.21381480019772425,0.0002270000404678285,3.0634378507462507,0.18320059193150984,0.472531609922057,0.5666383667751069,0.5593776696845427,0.5307835811381907,0.9488069684191077,0.5295597784405869,0.625
bulk,d-optimality,31,120.0,120.0,0.2950498000718653,0.00044299999717622995,2.988484463695181,0.06274080504417423,0.09456689760901471,0.0,0.16507801479423156,0.20734496661200574,0.6622347463622492,0.45098346573603654,1.0
bulk,d-optimality,31,180.0,180.0,0.35874969989527017,0.0006226996774785221,2.885810290889148,0.06274080504417423,0.09456689760901471,0.0,0.0,0.048854029630156504,0.4828985093684294,0.42386603665651323,1.0
bulk,d-optimality,31,240.0,240.0,0.4533355004969053,0.0009212002623826265,2.8407927479553856,0.06274080504417423,0.09456689760901471,0.0,0.0,0.048854029630156504,0.441496002004054,0.3950226906097275,1.0
bulk,d-optimality,32,30.0,30.0,0.17298570013372228,0.00010610022582113743,3.3132805721436327,0.6865651110505455,0.6424776513179535,0.6900155398956064,0.6256311201396522,0.6017948756809511,1.3654940475353115,0.5783650818863411,0.3125
bulk,d-optimality,32,60.0,60.0,0.21513600007165223,0.00021640013437718153,3.2126202185171686,0.6865651110505455,0.6424776513179535,0.6900155398956064,0.6577816750008529,0.6726915122081171,1.0851317142528345,0.49829565562375455,0.625
bulk,d-optimality,32,120.0,120.0,0.28271359973587096,0.0004118006327189505,3.044816492433629,0.35893368166587825,0.0061217202250237746,0.0,0.0,0.0,0.542587488391794,0.42008093963807597,1.0
bulk,d-optimality,32,180.0,180.0,0.37299119972158223,0.0006588004762306809,2.990765261261236,0.0,0.0061217202250237746,0.0,0.0,0.04615441804843545,0.47002774721786195,0.40194274810454844,1.0
bulk,d-optimality,32,240.0,240.0,0.45654980005929247,0.0009307006257586181,2.9777553854789063,0.0,0.0061217202250237746,0.0,0.0,0.04615441804843545,0.44594926412106234,0.3898246636288225,1.0
bulk,d-optimality,33,30.0,30.0,0.17730779998237267,9.609991684556007e-05,3.642843192469004,0.6225938968336002,0.518381548546747,0.5895912693393308,0.6283378426057145,0.6566456731169321,2.662349024846472,0.5049292949156726,0.3125
bulk,d-optimality,33,60.0,60.0,0.21859439986292273,0.00020160002168267965,3.553635195233182,0.6225938968336002,0.518381548546747,0.44132418242557725,0.46163576149116137,0.4460372333534919,2.5348994645908207,0.4622550240407281,0.625
bulk,d-optimality,33,120.0,120.0,0.28970589966047555,0.0003891998203471303,3.3206128993296384,0.0,0.0,0.030943290942523016,0.004773073089081481,0.09218370049105828,0.7679429659345434,0.3697731417809491,1.0
bulk,d-optimality,33,180.0,180.0,0.36262019927380607,0.0006227997364476323,3.259497937516459,0.0,0.0,0.0,0.004773073089081481,0.050630711633390946,0.7017144271442888,0.3575732527316459,1.0
bulk,d-optimality,33,240.0,240.0,0.46274579933378845,0.0009063997422344983,3.2346107753738003,0.0,0.0,0.0,0.004773073089081481,0.050630711633390946,0.6870134443093652,0.3410390193976451,1.0
bulk,d-optimality,34,30.0,30.0,0.18581459973938763,0.00011219986481592059,3.193643337548,0.9390883215093939,0.8955868796133307,0.8313470099494846,0.7851898171251702,0.7872836696600671,1.2229156168386313,0.5868488494399172,0.3125
bulk,d-optimality,34,60.0,60.0,0.22722879948560148,0.00021559972083196044,3.123665846585549,0.09694839895613083,0.0,0.14934694517549862,0.2796893776632111,0.35738401902754147,0.9883676512644433,0.526875839151405,0.625
bulk,d-optimality,34,120.0,120.0,0.30097389966249466,0.00039079971611499786,3.0166146126195392,0.5480023794920852,0.2879598110694911,0.06691769435343764,0.173707151208793,0.12226565482035079,0.7255180680914567,0.4376460572194251,1.0
bulk,d-optimality,34,180.0,180.0,0.389204099716153,0.0007336995913647115,2.907205656992853,0.09694839895613083,0.0,0.15854709995568483,0.1737071512087931,0.21903066426682583,0.5215011764948116,0.41714371590421523,1.0
bulk,d-optimality,34,240.0,240.0,0.4666897999122739,0.0009691999293863773,2.82850117147977,0.09694839895613083,0.0,0.05056151128698938,0.16046412121921516,0.14997498073478677,0.4737697976870132,0.38064447979845384,1.0
bulk,d-optimality,35,30.0,30.0,0.16252559999702498,0.00010700029088184237,3.1235052087742976,0.8377634031195382,0.8301213488544879,0.7852749502868815,0.7363929754729485,0.727705264043016,1.163746631682825,0.6186891846979079,0.3125
bulk,d-optimality,35,60.0,60.0,0.19796529994346201,0.00020650035003200173,3.028820322463392,0.03727130723871708,0.4282684209397828,0.5154445108040864,0.5111708499225531,0.5341115446226476,0.8815834992533883,0.5486261030535787,0.625
bulk,d-optimality,35,120.0,120.0,0.2801188999437727,0.00042160035809502006,2.912215226900115,0.0,0.002499023648485754,0.13447850695146657,0.1483658108495708,0.12585895146006432,0.5143133552860254,0.45948842040419285,1.0
bulk,d-optimality,35,180.0,180.0,0.3611277999007143,0.0007147002615965903,2.840946265621499,0.0,0.002499023648485754,0.0,0.0,0.02937541760549256,0.40543575880132815,0.43651824311030724,1.0
bulk,d-optimality,35,240.0,240.0,0.4364091999013908,0.0009507003123871982,2.800234083795639,0.0,0.0,0.13047070521127246,0.0,0.02937541760549256,0.39286007872822937,0.40693428107640706,1.0
bulk,d-optimality,36,30.0,30.0,0.19021839991910383,0.00011630018707364798,3.1329904641629898,0.0,0.0,0.11977966095086823,0.07498288979892243,0.12805447994701424,1.0768829329888734,0.5398537062774122,0.3125
bulk,d-optimality,36,60.0,60.0,0.24983180005801842,0.0002526003518141806,3.0670087339432412,0.0,0.0,0.12650541890897737,0.11140094552955138,0.15245318447028022,0.8828560234422876,0.4881435568948584,0.625
bulk,d-optimality,36,120.0,120.0,0.3233203000272624,0.0004843001952394843,2.995685154354291,0.0,0.23191652042852617,0.12265020175265351,0.07751069423811507,0.09184353281141144,0.6734899544267859,0.41616171637686794,1.0
bulk,d-optimality,36,180.0,180.0,0.41049349994864315,0.0007086004479788244,2.916874072152267,0.0,0.0,0.06544674339413936,0.1351432380359654,0.14419674389095305,0.583738145556687,0.39708565903108217,1.0
bulk,d-optimality,36,240.0,240.0,0.5082947001210414,0.0009356005466543138,2.880953549695775,0.0,0.0,0.06544674339413936,0.1351432380359654,0.14419674389095305,0.5460993417142118,0.3768728428700895,1.0
bulk,d-optimality,37,30.0,30.0,0.2003249999252148,0.00014650000957772136,3.0993453987779205,0.7141891990975477,0.7766574024459069,0.7079679053251295,0.6736328912434615,0.6828000547092354,1.0405735711983561,0.5802233467673835,0.3125
bulk,d-optimality,37,60.0,60.0,0.26019119971897453,0.00033559981966391206,3.0514761822125998,0.2346261350567539,0.40539837425870096,0.4440075635654106,0.4882035807266306,0.394983476246928,0.8444382237716548,0.5235491930231054,0.625
bulk,d-optimality,37,120.0,120.0,0.34047339961398393,0.0005701997433789074,2.9398017690071647,0.0,0.13837320129121722,0.3039741603531271,0.2357142977696769,0.27862447368120136,0.5776557080661052,0.44581859791638534,1.0
bulk,d-optimality,37,180.0,180.0,0.42302589956671,0.000794599240180105,2.873762530384166,0.2346261350567539,0.0,0.007568759662925029,0.0,0.009991827769413097,0.4620962424231837,0.43517994605812105,1.0
bulk,d-optimality,37,240.0,240.0,0.5527079998864792,0.0023737993906252086,2.8306214894050683,0.2346261350567539,0.0,0.007568759662925029,0.0,0.0,0.44153485667608816,0.40822299136045537,1.0
bulk,d-optimality,38,30.0,30.0,0.17072770011145622,0.00010940013453364372,3.098193697618754,0.8916785668196385,0.8614282304027114,0.8351997830446758,0.6934949519655256,0.6796286948098249,2.345794760718295,0.6259223825395758,0.3125
bulk,d-optimality,38,60.0,60.0,0.2175781999831088,0.00024430034682154655,3.05331300427101,0.9157456958563097,0.8807808052658088,0.8524005633059151,0.7090510288197057,0.7168529100431789,2.275952736307593,0.5430674369090239,0.625
bulk,d-optimality,38,120.0,120.0,0.3014501999714412,0.0004791002720594406,2.9141825114537845,0.0,0.0,0.0709663591351386,0.1053398768810978,0.08711261365308842,0.6536857559092777,0.46264108891615885,1.0
bulk,d-optimality,38,180.0,180.0,0.3949526996584609,0.000716900045517832,2.86986767325624,0.0,0.0,0.0709663591351386,0.08978380002691755,0.07284342509569974,0.5535807674447945,0.440543040988077,1.0
bulk,d-optimality,38,240.0,240.0,0.4773088996880688,0.0009438998531550169,2.8344886858174028,0.0,0.0,0.0709663591351386,0.05924126523726403,0.07284342509569974,0.506647637881947,0.41185053512456427,1.0
bulk,d-optimality,39,30.0,30.0,0.18455550010548905,0.00013609981397166848,3.222017002650597,0.4944187250993831,0.6103889523595694,0.49164900003481915,0.5437715162727201,0.5714130994233189,1.1892201474930562,0.5690888434144528,0.3125
bulk,d-optimality,39,60.0,60.0,0.22653189999982715,0.00026890001026913524,3.152018797738885,0.6003476963634762,0.5835671034765895,0.4343524242752733,0.5013028011711067,0.4194364046816548,1.0809331975770116,0.5121595224969905,0.625
bulk,d-optimality,39,120.0,120.0,0.3046782001038082,0.0005558001575991511,2.9927443515221115,0.0,0.07035752438611154,0.052905575388039416,0.0129817478916332,0.0669578315453585,0.7117042555831412,0.4301617753929123,1.0
bulk,d-optimality,39,180.0,180.0,0.38567400025203824,0.0008077002712525427,2.9694052140422222,0.0,0.005934953009078203,0.052905575388039416,0.12148442248522018,0.06695783154535861,0.5925822549041636,0.41653167469446,1.0
bulk,d-optimality,39,240.0,240.0,0.48333710042061284,0.001092000282369554,2.8673272594252133,0.0,0.005934953009078203,0.052905575388039416,0.12148442248522018,0.06695783154535861,0.5544119599474306,0.3777886293772711,1.0
bulk,d-optimality,40,30.0,30.0,0.18606879987055436,0.00012060010340064764,3.2009518337311085,0.8488904445039113,0.7323909559406478,0.7343110396468234,0.3464831501030521,0.2918157014344154,1.4627803586635677,0.5591486036076361,0.3125
bulk,d-optimality,40,60.0,60.0,0.23590290010906756,0.00023659999715164304,3.07614030806765,0.0,0.0,0.06318300287895373,0.05236979867038094,0.11346889476301814,0.8577833519532877,0.4737203755105576,0.625
bulk,d-optimality,40,120.0,120.0,0.3514467002823949,0.0016386002535000443,3.0132976507003817,0.0,0.2992658470036381,0.045786263781075864,0.0921759253934129,0.05982518295123518,0.6660710829440439,0.4076465647176158,1.0
bulk,d-optimality,40,180.0,180.0,0.4668208000366576,0.0018685003160499036,2.9787183333218388,0.0,0.2992658470036381,0.25637075525850817,0.039806126723031965,0.01252738129712172,0.6333120145821504,0.3865915288064715,1.0
bulk,d-optimality,40,240.0,240.0,0.5542580001056194,0.002104500192217529,2.901675492869735,0.0,0.24867597642446881,0.0029456069432038934,0.039806126723031965,0.01252738129712172,0.5664400957535234,0.3614011218209826,1.0
bulk,d-optimality,41,30.0,30.0,0.18686779990093783,0.00012699997751042247,3.3401721010969356,0.7639916036697202,0.7844926962985658,0.8170404076022741,0.8326224843743387,0.8004961424281702,1.2407219483293654,0.587829976187373,0.3125
bulk,d-optimality,41,60.0,60.0,0.24503859999822453,0.00024330010637640953,3.3105471284154553,0.7639916036697202,0.7844926962985658,0.8170404076022741,0.8029505409640425,0.6226408409344244,1.1073121863019577,0.5263435125762941,0.625
bulk,d-optimality,41,120.0,120.0,0.32311840023612604,0.00045840046368539333,3.1290075087143996,0.20523214136174073,0.10518562052059677,0.005204431082027061,0.0,0.043268620535836244,0.6558150009387903,0.4389996040008231,1.0
bulk,d-optimality,41,180.0,180.0,0.40529530053026974,0.0006818005349487066,3.083617734104495,0.0,0.0,0.005204431082027061,0.1612146396243741,0.043268620535836244,0.5790458461858186,0.4215440071190345,1.0
bulk,d-optimality,41,240.0,240.0,0.5035377011517994,0.0010029011173173785,3.0268370487002954,0.0,0.0,0.005204431082027061,0.1612146396243741,0.043268620535836244,0.529822332178464,0.39674444971166967,1.0
bulk,d-optimality,42,30.0,30.0,0.17216519970679656,0.00013039971236139536,3.2021882328342266,0.20615776203539382,0.5000794134037019,0.6294617220711192,0.6899552456167445,0.7104671719320763,1.437632972468912,0.5970439291741877,0.3125
bulk,d-optimality,42,60.0,60.0,0.22575899946969002,0.00028109963750466704,3.121732552638916,0.0,0.0,0.0,0.1866088188173073,0.26939692746764865,1.173305968701242,0.5372491403008323,0.625
bulk,d-optimality,42,120.0,120.0,0.3396025992115028,0.000572599412407726,2.9913891539481186,0.0,0.0028005526034621253,-2.220446049250313e-16,0.10555006278834023,0.09249095556972975,0.8133063414283013,0.4442157924006963,1.0
bulk,d-optimality,42,180.0,180.0,0.44261109927902,0.0008226995705626905,2.900563055998232,0.0,0.03932052416323106,0.025338251261279643,-2.220446049250313e-16,0.02407952168778249,0.6109253055318781,0.43240722667166176,1.0
bulk,d-optimality,42,240.0,240.0,0.5228507993160747,0.0010871993727050722,2.763866426517351,0.0,0.03932052416323106,0.025338251261279643,-2.220446049250313e-16,0.0,0.382697808917586,0.3832415233904202,1.0
bulk,d-optimality,43,30.0,30.0,0.2173510001739487,0.00013750017387792468,3.2246136627276454,0.22331329724422333,0.08181909187785608,0.2710042138589548,0.37722224987538566,0.37195278924904107,1.3182722318342481,0.5935776576419899,0.3125
bulk,d-optimality,43,60.0,60.0,0.26876800024183467,0.00024960015434771776,3.092506624189736,0.06499276227661721,0.11540695708557702,0.0,0.03936274888306324,0.04321872552708794,0.9716754670012285,0.5022439478992399,0.625
bulk,d-optimality,43,120.0,120.0,0.3534677003044635,0.0004964998224750161,2.9887086102150824,0.22331329724422333,0.11540695708557702,0.0,0.0,0.005166448760045239,0.7017995198151877,0.42017104554460555,1.0
bulk,d-optimality,43,180.0,180.0,0.4389187001506798,0.000911199429538101,2.9227087967654395,0.22331329724422333,0.08181909187785608,0.0,0.0,0.008402336188999437,0.5179903832990588,0.4075808110940818,1.0
bulk,d-optimality,43,240.0,240.0,0.528943800018169,0.0011625991319306195,2.856687145003786,0.22331329724422333,0.08181909187785608,0.0,0.0,0.008402336188999437,0.48746454522238736,0.37266209553720736,1.0
bulk,d-optimality,44,30.0,30.0,0.1952548999688588,0.000139700248837471,3.059767543434793,0.866143240862798,0.7751063490839074,0.6050288334410315,0.6108142060165718,0.6312853766218071,1.27443041491437,0.6219128040062109,0.3125
bulk,d-optimality,44,60.0,60.0,0.24444409972056746,0.0002641000901348889,2.9557640513414083,0.0,0.0,0.130881453202079,0.18671910872147124,0.12822881682896348,0.7823769196704748,0.5436505023048588,0.625
bulk,d-optimality,44,120.0,120.0,0.334348899719771,0.0005320999771356583,2.87416409752878,0.0,0.2866705252083517,0.13126458381333184,0.09873735603237199,0.08650734164987217,0.546463969275432,0.46354687752057533,1.0
bulk,d-optimality,44,180.0,180.0,0.4230808996944688,0.0008472998742945492,2.8015311153616054,0.0,0.11850661846540711,0.0,0.0,0.0,0.40000937810446247,0.44943275244348035,1.0
bulk,d-optimality,44,240.0,240.0,0.5014996996615082,0.001074699917808175,2.7671022402969765,0.0,0.11850661846540711,0.0,0.0,0.029652471694154525,0.4046507483765732,0.41841204990577985,1.0
bulk,d-optimality,45,30.0,30.0,0.2543306997977197,0.0001555001363158226,3.1263638982723294,0.9732038464755884,0.9375378279140257,0.8951649072660366,0.8540636901209826,0.7482286607149471,1.2414304135766443,0.5181991370683016,0.3125
bulk,d-optimality,45,60.0,60.0,0.3075851997709833,0.00029850011924281716,3.032426562450389,0.0,0.17705719377845475,0.24479061890063547,0.3161357127037031,0.3911067960045923,0.9388584318084122,0.45696001727602353,0.625
bulk,d-optimality,45,120.0,120.0,0.4040383997489698,0.0005348003469407558,2.948403389319767,0.0,0.19969087116945072,0.15346985964993332,0.13170948592595677,0.1596649646950299,0.7741777110540953,0.38801693850384505,1.0
bulk,d-optimality,45,180.0,180.0,0.47880999982589856,0.0007478000479750335,2.8276712466805627,0.0,0.0,0.0,0.030234206828564036,0.02648760314340337,0.4166263635032982,0.352215944671762,1.0
bulk,d-optimality,45,240.0,240.0,0.5583726998884231,0.0009562999475747347,2.835210782460314,0.0,0.15385138543865517,0.1182405104046158,0.131709485925957,0.11538813018016603,0.4765581725450261,0.3430016914645004,1.0
bulk,d-optimality,46,30.0,30.0,0.2505089999176562,0.00011959997937083244,3.15654250190563,0.9173433225088615,0.797102867810853,0.8063127344493851,0.6832338603111318,0.6738197203456316,1.187130179319609,0.5680136133522227,0.3125
bulk,d-optimality,46,60.0,60.0,0.29584929975681007,0.00023639987921342254,3.0494030953941027,0.0,0.2290034550396367,0.2690097373217868,0.3538155111347955,0.28925286616437884,0.7915205979454824,0.5147790206495914,0.625
bulk,d-optimality,46,120.0,120.0,0.378242899896577,0.0004819001769647002,2.9237872100219775,0.0,0.06237032183653379,0.02098900127441139,0.046501280253066546,0.0,0.5518569935287628,0.424013367907993,1.0
bulk,d-optimality,46,180.0,180.0,0.45002589985961094,0.0006920002633705735,2.8967276796325554,0.0,0.06237032183653379,0.04982573845784477,0.10873978986937327,0.1272759310255419,0.46468665249274715,0.4171185534816525,1.0
bulk,d-optimality,46,240.0,240.0,0.5348983000149019,0.0009235001052729785,2.8858178244580794,0.0,0.06237032183653379,0.04982573845784477,0.0,0.03363518939490506,0.4352088496226585,0.39798798726206114,1.0
bulk,d-optimality,47,30.0,30.0,0.24877990002278239,0.00012649985728785396,3.341282915622512,0.0,0.4009112073787431,0.5138879598083288,0.5562356715134396,0.415159575048785,1.4505236908349657,0.5900414716112754,0.3125
bulk,d-optimality,47,60.0,60.0,0.29297190002398565,0.00026019971119239926,3.2177600950642984,0.0,0.0628923930757258,0.28426791725990164,0.3783693490546386,0.2597041856906548,1.1699907236641505,0.5063259379698222,0.625
bulk,d-optimality,47,120.0,120.0,0.4102553999982774,0.0005402999231591821,3.114219645979039,0.0,0.0628923930757258,0.056104314385423404,0.0,0.013096937198803782,0.584169906221836,0.44769276158937127,1.0
bulk,d-optimality,47,180.0,180.0,0.4860912997974083,0.0007600000826641917,3.005834452992438,0.0,0.0628923930757258,0.0,0.0,0.013096937198803782,0.43559909133675945,0.4229527944765476,1.0
bulk,d-optimality,47,240.0,240.0,0.575688999670092,0.001033800421282649,2.9849293321111685,0.0,0.0628923930757258,0.0,0.0,0.0,0.4244538421617088,0.39914352317859914,1.0
bulk,d-optimality,48,30.0,30.0,0.16817989997798577,9.469978976994753e-05,3.3367365675920104,0.6580852719362138,0.6441391616340885,0.45606995697092845,0.5028913372423482,0.5363009466644213,1.161291876735765,0.5278157716666075,0.3125
bulk,d-optimality,48,60.0,60.0,0.21585760003654286,0.00023279967717826366,3.292625670514015,0.0,0.0,0.07926557574964221,0.11143926920070857,0.16554981395178003,1.0000944917685077,0.4968868426008892,0.625
bulk,d-optimality,48,120.0,120.0,0.29571870010113344,0.00048409978626295924,3.1856519233853953,0.0,0.0,0.0,0.05907598254579616,0.10536883785643458,0.6386335787791073,0.41889030385126236,1.0
bulk,d-optimality,48,180.0,180.0,0.35957800009055063,0.00067209976259619,3.1311397300662698,0.0,0.0,0.0,0.04682638281886109,0.13600072516939743,0.6391978655620554,0.4038140992713906,1.0
bulk,d-optimality,48,240.0,240.0,0.4449130003922619,0.0008982998551800847,3.0624823596087083,0.0,0.0,0.0,0.04682638281886109,0.10075647721304337,0.5369690624564069,0.37236761752767594,1.0
bulk,d-optimality,49,30.0,30.0,0.16271100012818351,9.420007700100541e-05,3.19778476665552,0.0,0.26226974078373577,0.40902623750294176,0.4501574778417209,0.4032181507836413,1.1600394438861967,0.5613618827646121,0.3125
bulk,d-optimality,49,60.0,60.0,0.2065281001268886,0.00021189998369663954,3.0969224020337527,0.0,0.2843764242460496,0.3515446053647172,0.3940301619401789,0.4349762027550911,0.9659179666786732,0.4836302553991986,0.625
bulk,d-optimality,49,120.0,120.0,0.2864712000009604,0.000423399789724499,2.993802065346273,0.0,0.0,0.13420635900755373,0.18989413127122523,0.2269636907632021,0.7063613332504487,0.41034555935780287,1.0
bulk,d-optimality,49,180.0,180.0,0.3556361999944784,0.0006111997063271701,2.873517473182742,0.0,0.0,0.0,0.08474915528303761,0.07591209600147397,0.44855455737779043,0.3836499886591666,1.0
bulk,d-optimality,49,240.0,240.0,0.4349312999402173,0.0008344994275830686,2.8188850483131205,0.0,0.0,0.0,0.07838345075437747,0.09891873837376042,0.38394808514447964,0.35683992765082945,1.0
bulk,thompson,0,30.0,1.0,0.04837839998072013,5.499983672052622e-06,3.322673453726279,0.9477539179104024,0.879521051780491,0.8586054329968204,0.7737756098009159,0.7802197026654291,1.4854359640773844,0.6186961945953455,0.010416666666666666
bulk,thompson,0,60.0,2.0,0.09936860000016168,1.1999974958598614e-05,3.3129597403531013,0.9477539179104024,0.879521051780491,0.8586054329968204,0.7737756098009159,0.7802197026654291,1.4689658982089473,0.6164596356272959,0.020833333333333332
bulk,thompson,0,120.0,3.0,0.15339350001886487,1.7700018361210823e-05,3.3013654896048776,0.9477539179104024,0.879521051780491,0.8586054329968204,0.7737756098009159,0.7802197026654291,1.4689374249378766,0.6164380931486023,0.03125
bulk,thompson,0,180.0,5.0,0.2503754000645131,2.8600043151527643e-05,3.2514475144598056,0.1419859063633485,0.44584941586198135,0.5255884601836507,0.4916943263257215,0.5339221237856204,1.3534795462571008,0.609522490495905,0.052083333333333336
bulk,thompson,0,240.0,6.0,0.29768180003156886,3.390002530068159e-05,3.241481295196927,0.1419859063633485,0.44584941586198135,0.5255884601836507,0.4916943263257215,0.5339221237856204,1.3513577601555915,0.6094037537581405,0.0625
bulk,thompson,1,30.0,1.0,0.05760820000432432,7.099995855242014e-06,3.2469273466366597,0.888000001208635,0.16011883661849413,0.2826503629932049,0.23359248248666653,0.2951116386767171,1.70258301604375,0.6261449292516752,0.010416666666666666
bulk,thompson,1,60.0,2.0,0.10826150001958013,1.650000922381878e-05,3.2378862991210933,0.888000001208635,0.16011883661849413,0.2826503629932049,0.23359248248666653,0.2951116386767171,1.6894033830585151,0.6242983311994198,0.020833333333333332
bulk,thompson,1,120.0,3.0,0.15799840004183352,2.2899999748915434e-05,3.2244773868941867,0.888000001208635,0.16011883661849413,0.2826503629932049,0.23359248248666653,0.2951116386767171,1.6729731818752376,0.6214405469835241,0.03125
bulk,thompson,1,180.0,5.0,0.25944220006931573,3.479997394606471e-05,3.2080771510337875,0.888000001208635,0.16011883661849413,0.2826503629932049,0.23359248248666653,0.2951116386767171,1.6661750633940666,0.6159653712347951,0.052083333333333336
bulk,thompson,1,240.0,6.0,0.3111764000495896,4.069996066391468e-05,3.1719177275898716,0.6991604245967464,0.688186886473588,0.1357512986237247,0.23871958432946871,0.17846832743991625,1.632402294016298,0.6133601618885672,0.0625
bulk,thompson,2,30.0,1.0,0.05232600000454113,5.999987479299307e-06,3.2587638955844453,0.847991072403385,0.820680404220288,0.7877183613596622,0.7351806956627864,0.7354342374818197,1.3815749320889807,0.6179524150899759,0.010416666666666666
bulk,thompson,2,60.0,2.0,0.10108250001212582,1.009996049106121e-05,3.2486565969852124,0.847991072403385,0.820680404220288,0.7877183613596622,0.7351806956627864,0.7354342374818197,1.3676176817938712,0.61649717827324,0.020833333333333332
bulk,thompson,2,120.0,3.0,0.14560470002470538,1.5799945686012506e-05,3.2314460756800507,0.847991072403385,0.820680404220288,0.7877183613596622,0.7351806956627864,0.7354342374818197,1.3405468116882935,0.6106942700354379,0.03125
bulk,thompson,2,180.0,5.0,0.2571114000165835,2.9199931304901838e-05,3.186094726326386,0.847991072403385,0.820680404220288,0.7877183613596622,0.7351806956627864,0.7035192917789004,1.2827109769358584,0.596774597985562,0.052083333333333336
bulk,thompson,2,240.0,6.0,0.31100800004787743,3.509991802275181e-05,3.1705481608876376,0.847991072403385,0.820680404220288,0.7877183613596622,0.7351806956627864,0.7035192917789004,1.258540353955239,0.5929717175425507,0.0625
bulk,thompson,3,30.0,1.0,0.03853770002024248,6.999995093792677e-06,3.326638508896483,0.9241993815384905,0.7516743347083105,0.6662678410697295,0.5885698853487323,0.6164257204472394,1.3341234248096392,0.5831457124698193,0.010416666666666666
bulk,thompson,3,60.0,2.0,0.0886363000026904,1.0999967344105244e-05,3.3155514145171465,0.9241993815384905,0.7516743347083105,0.6662678410697295,0.5885698853487323,0.6164257204472394,1.3216777126836685,0.5819269582161601,0.020833333333333332
bulk,thompson,3,120.0,3.0,0.1335638000164181,1.7899961676448584e-05,3.3018421782944554,0.9241993815384905,0.7516743347083105,0.6662678410697295,0.5885698853487323,0.6164257204472394,1.2979588560052373,0.5779219132543866,0.03125
bulk,thompson,3,180.0,5.0,0.23682170000392944,3.069994272664189e-05,3.2804177913794415,0.9241993815384905,0.7516743347083105,0.6662678410697295,0.5885698853487323,0.6164257204472394,1.2747789558040945,0.5742522713875432,0.052083333333333336
bulk,thompson,3,240.0,6.0,0.2877089999965392,6.269995355978608e-05,3.2570800851789876,0.9241993815384905,0.7516743347083105,0.6662678410697295,0.5885698853487323,0.6164257204472394,1.2643775681146874,0.5730981545798455,0.0625
bulk,thompson,4,30.0,1.0,0.047032699978444725,5.89998671784997e-06,3.3354210285720036,0.9797514966934601,0.9403100518102916,0.9201067481705976,0.9071091177831303,0.8742906410774397,2.1843557654281844,0.6154854025041764,0.010416666666666666
bulk,thompson,4,60.0,2.0,0.09836829995037988,1.2699980288743973e-05,3.3263576435821363,0.9797514966934601,0.9460635295646099,0.9301145233993786,0.896553926092317,0.8867738194517429,2.1767320699710866,0.6143268555526573,0.020833333333333332
bulk,thompson,4,120.0,3.0,0.1441064999671653,1.829996472224593e-05,3.318213711195474,0.9797514966934601,0.9460635295646099,0.9301145233993786,0.896553926092317,0.8867738194517429,2.1665865290863136,0.6124803204509233,0.03125
bulk,thompson,4,180.0,5.0,0.2497752999770455,2.8199981898069382e-05,3.297665487695056,0.9797514966934601,0.9460635295646099,0.9301145233993786,0.896553926092317,0.8867738194517429,2.153628727123587,0.6093786010316146,0.052083333333333336
bulk,thompson,4,240.0,6.0,0.29930199997033924,3.3599964808672667e-05,3.2927929671162643,0.9797514966934601,0.9528100985810299,0.9133956566721997,0.9059889604522131,0.8987920867164805,2.144389730153907,0.6078248059196601,0.0625
bulk,thompson,5,30.0,1.0,0.05434069997863844,6.100046448409557e-06,3.247366525837998,0.8171233381002264,0.7096371028592765,0.74758022618824,0.6217778118948076,0.6568830033711874,1.4577023158225475,0.6168584226451993,0.010416666666666666
bulk,thompson,5,60.0,2.0,0.09789499995531514,1.160003012046218e-05,3.2340129611936157,0.8171233381002264,0.7096371028592765,0.74758022618824,0.6217778118948076,0.6568830033711874,1.436804104292057,0.6133268118397464,0.020833333333333332
bulk,thompson,5,120.0,3.0,0.148752799956128,1.7100072000175714e-05,3.217493889928519,0.8171233381002264,0.7096371028592765,0.74758022618824,0.6217778118948076,0.6568830033711874,1.4366481628795198,0.6132253070790451,0.03125
bulk,thompson,5,180.0,5.0,0.252630400005728,3.0200055334717035e-05,3.187899034674885,0.6585598398083947,0.6851303021290228,0.635269304698066,0.664501301803388,0.5524183740904834,1.4318817328850006,0.6049646748805061,0.052083333333333336
bulk,thompson,5,240.0,6.0,0.3053976999945007,3.870006185024977e-05,3.177749872962115,0.6585598398083947,0.6851303021290228,0.635269304698066,0.664501301803388,0.5524183740904834,1.4315350939143443,0.6048437235619646,0.0625
bulk,thompson,6,30.0,1.0,0.051439099945127964,5.799985956400633e-06,3.350950454376872,0.9173280287116432,0.9194369393769469,0.8986008679022046,0.8589228175281372,0.8467300856059715,2.0671998631954516,0.6516283702472757,0.010416666666666666
bulk,thompson,6,60.0,2.0,0.10121659992728382,1.3499986380338669e-05,3.345751854552048,0.9173280287116432,0.9194369393769469,0.8986008679022046,0.8589228175281372,0.8467300856059715,2.066019225934236,0.6507380696368854,0.020833333333333332
bulk,thompson,6,120.0,3.0,0.14854549994925037,1.9899976905435324e-05,3.3242132556580724,0.9173280287116432,0.9194369393769469,0.8986008679022046,0.8589228175281372,0.8467300856059715,2.047351777095981,0.6443473739875866,0.03125
bulk,thompson,6,180.0,5.0,0.24963699997169897,3.1100003980100155e-05,3.275378861214176,0.6283589310821049,0.6703646703505499,0.724165020692493,0.7324838008806454,0.7138928788817944,2.009195190922088,0.6424707266515425,0.052083333333333336
bulk,thompson,6,240.0,6.0,0.3064148999983445,3.749999450519681e-05,3.250793904170122,0.6283589310821049,0.6703646703505499,0.724165020692493,0.7324838008806454,0.7138928788817944,2.006135346440366,0.6418840038104988,0.0625
bulk,thompson,7,30.0,1.0,0.04706130002159625,4.200031980872154e-06,3.182674790679561,0.1783870131808849,0.24859251830947027,0.397557262990168,0.4708787468539771,0.4772545598348522,1.1382288266863765,0.5614657338437319,0.010416666666666666
bulk,thompson,7,60.0,2.0,0.10801080003147945,1.0400020983070135e-05,3.1725481862160687,0.1783870131808849,0.24859251830947027,0.397557262990168,0.4708787468539771,0.4772545598348522,1.1321249336731936,0.5610919659668527,0.020833333333333332
bulk,thompson,7,120.0,3.0,0.1632448000018485,1.7600017599761486e-05,3.161812593762729,0.1783870131808849,0.465547347500475,0.5623020814955378,0.5636887365555466,0.5828086209640337,1.1313809938518076,0.5610581457770412,0.03125
bulk,thompson,7,180.0,5.0,0.25937980000162497,3.0500057619065046e-05,3.159301216278936,0.1783870131808849,0.465547347500475,0.5623020814955378,0.5636887365555466,0.5828086209640337,1.1279964108933542,0.5606612211728498,0.052083333333333336
bulk,thompson,7,240.0,6.0,0.2982552999746986,3.630004357546568e-05,3.153924721052274,0.1783870131808849,0.465547347500475,0.5623020814955378,0.5636887365555466,0.5828086209640337,1.113480773197348,0.559446367915964,0.0625
bulk,thompson,8,30.0,1.0,0.04617310001049191,6.399990525096655e-06,3.3228009708771498,0.9720778476366154,0.9612470859426762,0.9389638271811437,0.5783898803304464,0.5896968975121033,2.834081326528663,0.6082310129482961,0.010416666666666666
bulk,thompson,8,60.0,2.0,0.09623810002813116,1.3199984095990658e-05,3.3137304890662036,0.9720778476366154,0.9612470859426762,0.9389638271811437,0.5783898803304464,0.5896968975121033,2.8320282344997807,0.603029181603953,0.020833333333333332
bulk,thompson,8,120.0,3.0,0.15095119999023154,2.0400038920342922e-05,3.31137459172187,0.9720778476366154,0.9612470859426762,0.9389638271811437,0.5783898803304464,0.5896968975121033,2.831425451002491,0.5991947249897777,0.03125
bulk,thompson,8,180.0,5.0,0.2588013999629766,3.9400067180395126e-05,3.277885777210783,0.762407796101743,0.861932543931532,0.8749303378828481,0.8573395176857772,0.5262571876354964,2.817717791367734,0.5969606984496438,0.052083333333333336
bulk,thompson,8,240.0,6.0,0.3202457999577746,4.690006608143449e-05,3.2674835594109637,0.762407796101743,0.861932543931532,0.8749303378828481,0.8573395176857772,0.5262571876354964,2.817694278379283,0.5969463784935494,0.0625
bulk,thompson,9,30.0,1.0,0.049606099957600236,8.100003469735384e-06,3.2784385753737717,0.9059837643330712,0.9174255558055113,0.9081638117070847,0.8825464470880047,0.8276717316397121,1.6022260692720893,0.634314147717202,0.010416666666666666
bulk,thompson,9,60.0,2.0,0.09876259992597625,1.4399993233382702e-05,3.266372717007169,0.9059837643330712,0.9174255558055113,0.9081638117070847,0.8825464470880047,0.8589991661705016,1.599553133472283,0.6341314886335064,0.020833333333333332
bulk,thompson,9,120.0,3.0,0.15105919993948191,1.950003206729889e-05,3.263542815796048,0.9059837643330712,0.9174255558055113,0.9081638117070847,0.8825464470880047,0.8589991661705016,1.5985076499552013,0.6305827303834006,0.03125
bulk,thompson,9,180.0,5.0,0.2545169999357313,3.350002225488424e-05,3.2387448073737435,0.9059837643330712,0.9174255558055113,0.9081638117070847,0.8825464470880047,0.8589991661705016,1.5677983530631672,0.6261348750545609,0.052083333333333336
bulk,thompson,9,240.0,6.0,0.29893849993823096,3.950006794184446e-05,3.232484358763949,0.9059837643330712,0.9174255558055113,0.9081638117070847,0.8825464470880047,0.8589991661705016,1.5653815373152267,0.6241826390191284,0.0625
bulk,thompson,10,30.0,1.0,0.05609230004483834,5.099980626255274e-06,3.237008750639111,0.8540755672142665,0.8652519291926222,0.8589302359569199,0.810010997929606,0.7661698351698167,1.2135523016353125,0.6191009479176086,0.010416666666666666
bulk,thompson,10,60.0,2.0,0.10917840001638979,1.079996582120657e-05,3.232835907756089,0.8540755672142665,0.8652519291926222,0.8589302359569199,0.810010997929606,0.7661698351698167,1.2114268917627677,0.6180991605454069,0.020833333333333332
bulk,thompson,10,120.0,3.0,0.16391790000488982,1.6599951777607203e-05,3.2265613001820572,0.8540755672142665,0.8652519291926222,0.8589302359569199,0.810010997929606,0.7661698351698167,1.1979710044290157,0.6170217125346975,0.03125
bulk,thompson,10,180.0,5.0,0.26984790002461523,2.6699912268668413e-05,3.198808285195682,0.8540755672142665,0.8652519291926222,0.8589302359569199,0.810010997929606,0.7661698351698167,1.1643925670968889,0.6029867110411999,0.052083333333333336
bulk,thompson,10,240.0,6.0,0.31153240002458915,3.269989974796772e-05,3.1895792740425075,0.8540755672142665,0.8652519291926222,0.8589302359569199,0.810010997929606,0.7661698351698167,1.1578366525047477,0.6025960756140969,0.0625
bulk,thompson,11,30.0,1.0,0.05606710002757609,5.399982910603285e-06,3.256162720251084,0.9220384425622549,0.8706264726682558,0.8861369877491849,0.8850003640058202,0.8720177566414349,1.327129177018335,0.6271139230099825,0.010416666666666666
bulk,thompson,11,60.0,2.0,0.11145490000490099,1.1599971912801266e-05,3.2505401447935847,0.9220384425622549,0.9302663385870684,0.917627785877449,0.9012812350944844,0.7860292452460569,1.3085394860647337,0.624967723507959,0.020833333333333332
bulk,thompson,11,120.0,3.0,0.1637516000191681,1.8799968529492617e-05,3.239259406073201,0.9220384425622549,0.9302663385870684,0.917627785877449,0.9012812350944844,0.7860292452460569,1.3039534325004656,0.6246871295691563,0.03125
bulk,thompson,11,180.0,5.0,0.2712415999849327,2.9899936635047197e-05,3.2166134719167947,0.9220384425622549,0.9302663385870684,0.917627785877449,0.9012812350944844,0.7860292452460569,1.2637109643565152,0.6185156607171676,0.052083333333333336
bulk,thompson,11,240.0,6.0,0.3330358999664895,3.609992563724518e-05,3.2013516896280776,0.5403036241157084,0.6917438707449661,0.7542271839279028,0.7802474314703884,0.7816192005050722,1.2638244654383364,0.6185202897146894,0.0625
bulk,thompson,12,30.0,1.0,0.05059580004308373,7.599999662488699e-06,3.3300944023394905,0.43120128619364884,0.5875738570297755,0.6156332582457387,0.6399339660217165,0.6137290335216083,1.3326740418636016,0.6205632085330899,0.010416666666666666
bulk,thompson,12,60.0,2.0,0.10124340001493692,1.4299992471933365e-05,3.3034764370644454,0.43120128619364884,0.5875738570297755,0.6156332582457387,0.6399339660217165,0.6137290335216083,1.3226969136479405,0.6183960744758444,0.020833333333333332
bulk,thompson,12,120.0,3.0,0.15927990002091974,2.1099986042827368e-05,3.2961552668085736,0.43120128619364884,0.5875738570297755,0.6156332582457387,0.6399339660217165,0.6137290335216083,1.307806779969027,0.6169599575404647,0.03125
bulk,thompson,12,180.0,5.0,0.2623180999653414,3.9499951526522636e-05,3.2741976279750644,0.5313529318893826,0.4537424904674493,0.5425709980275446,0.5399995271951412,0.5677090060786029,1.3043095007422734,0.6139057220492081,0.052083333333333336
bulk,thompson,12,240.0,6.0,0.3059221999719739,4.689994966611266e-05,3.2684019468369594,0.5313529318893826,0.4537424904674493,0.5425709980275446,0.5399995271951412,0.5677090060786029,1.3016687417879764,0.6122166985628293,0.0625
bulk,thompson,13,30.0,1.0,0.05623729998478666,6.200047209858894e-06,3.2609735377650573,0.9353883973557836,0.8156040894721786,0.22980754159462546,0.30691109515194837,0.28369589599270006,1.7292537929590321,0.6664082622911105,0.010416666666666666
bulk,thompson,13,60.0,2.0,0.11114370002178475,1.3300043065100908e-05,3.261662424485903,0.9353883973557836,0.8156040894721786,0.22980754159462546,0.30691109515194837,0.28369589599270006,1.7286002482950482,0.6649131903220157,0.020833333333333332
bulk,thompson,13,120.0,3.0,0.16071430005831644,1.9200029782950878e-05,3.252830796095052,0.9353883973557836,0.8156040894721786,0.22980754159462546,0.30691109515194837,0.28369589599270006,1.7187826036044913,0.66382848895136,0.03125
bulk,thompson,13,180.0,5.0,0.26320450007915497,3.180006751790643e-05,3.2320215446508747,0.7126365914886036,0.7352094507823894,0.6706259643257126,0.18815597050755617,0.23461749835234347,1.7128685048214476,0.6628205265625745,0.052083333333333336
bulk,thompson,13,240.0,6.0,0.30830770009197295,3.900006413459778e-05,3.2186399822110907,0.7126365914886036,0.7352094507823894,0.6706259643257126,0.18815597050755617,0.23461749835234347,1.6961627864177005,0.6599423527973935,0.0625
bulk,thompson,14,30.0,1.0,0.050877399975433946,6.799993570894003e-06,3.262050186760733,0.8658742104992223,0.8784435562249276,0.8578316332852598,0.8585757757055033,0.8325684463936788,1.4059367062836303,0.6433755472874123,0.010416666666666666
bulk,thompson,14,60.0,2.0,0.10694629995850846,1.3199984095990658e-05,3.2569195971385194,0.8658742104992223,0.8784435562249276,0.8578316332852598,0.8585757757055033,0.8325684463936788,1.4027096010896398,0.6406647781033157,0.020833333333333332
bulk,thompson,14,120.0,3.0,0.16311509994557127,1.8799968529492617e-05,3.2455528928288047,0.8658742104992223,0.8604094681917605,0.8610401750020686,0.8381247243346799,0.7979613395255116,1.3793787997344544,0.6366864170732822,0.03125
bulk,thompson,14,180.0,5.0,0.2602174999192357,2.8699985705316067e-05,3.211673823066901,0.8658742104992223,0.8604094681917605,0.8610401750020686,0.8381247243346799,0.7979613395255116,1.3302664340017907,0.6278951869767632,0.052083333333333336
bulk,thompson,14,240.0,6.0,0.31040709995431826,3.4800032153725624e-05,3.2010590156857064,0.8658742104992223,0.8604094681917605,0.8610401750020686,0.8193601991753168,0.8258038543131637,1.3135560464429334,0.6260617499809114,0.0625
bulk,thompson,15,30.0,1.0,0.0483770000282675,8.000002708286047e-06,3.6406439855466233,0.915455917292943,0.8576183925497723,0.8223853807254434,0.7020383565690136,0.47262629632627795,2.156143125415631,0.5689734713797296,0.010416666666666666
bulk,thompson,15,60.0,2.0,0.1001424000132829,1.4899997040629387e-05,3.6265448464451726,0.915455917292943,0.8576183925497723,0.8223853807254434,0.7020383565690136,0.47262629632627795,2.141328567536465,0.5646247041013873,0.020833333333333332
bulk,thompson,15,120.0,3.0,0.15190310002071783,2.1599989850074053e-05,3.6158833671435637,0.915455917292943,0.8576183925497723,0.8223853807254434,0.7020383565690136,0.47262629632627795,2.1355817722454336,0.5638232757601135,0.03125
bulk,thompson,15,180.0,5.0,0.25521460006712005,3.139994805678725e-05,3.5899675517301173,0.915455917292943,0.8576183925497723,0.7270659073263053,0.48278766927505123,0.489436235569665,2.131469929376028,0.5633887504969973,0.052083333333333336
bulk,thompson,15,240.0,6.0,0.30799650005064905,3.759993705898523e-05,3.5745435472200278,0.915455917292943,0.8576183925497723,0.7270659073263053,0.48278766927505123,0.489436235569665,2.130932476548979,0.5633428214957283,0.0625
bulk,thompson,16,30.0,1.0,0.05180690000997856,5.499983672052622e-06,3.289213412623264,0.7612096729939878,0.7844628179906277,0.6400434902842356,0.6818993241777496,0.6668528194122936,1.6208766108018537,0.658182951276864,0.010416666666666666
bulk,thompson,16,60.0,2.0,0.10554910002974793,1.1399970389902592e-05,3.2692460763418096,0.7612096729939878,0.7844628179906277,0.6400434902842356,0.6818993241777496,0.6668528194122936,1.5970687300912614,0.6518489263723609,0.020833333333333332
bulk,thompson,16,120.0,3.0,0.16926580003928393,1.7499958630651236e-05,3.257288281865597,0.7612096729939878,0.7844628179906277,0.6400434902842356,0.6818993241777496,0.6668528194122936,1.5970622408841821,0.6518492925303474,0.03125
bulk,thompson,16,180.0,5.0,0.27137680002488196,2.8999929782003164e-05,3.2364175150915684,0.7612096729939878,0.595518650592295,0.6748502785911068,0.6637371093009127,0.6856220514897091,1.5862851508283986,0.6508023446635752,0.052083333333333336
bulk,thompson,16,240.0,6.0,0.338684500020463,3.5299977753311396e-05,3.22452209899422,0.7612096729939878,0.595518650592295,0.6748502785911068,0.6637371093009127,0.6856220514897091,1.5676323661207683,0.647658933673849,0.0625
bulk,thompson,17,30.0,1.0,0.05238170002121478,5.999987479299307e-06,3.3942485144893593,0.9834174808385546,0.9241738171872995,0.9141933909057812,0.8307560629498961,0.7852724741417498,2.5322498927572448,0.5233299763918561,0.010416666666666666
bulk,thompson,17,60.0,2.0,0.10523099999409169,1.2599979527294636e-05,3.38344511444009,0.9834174808385546,0.9241738171872995,0.9141933909057812,0.8307560629498961,0.7852724741417498,2.529462178343941,0.5229178454122788,0.020833333333333332
bulk,thompson,17,120.0,3.0,0.1559646999812685,1.7900019884109497e-05,3.3628985865851226,0.9188943238983741,0.9160549735085867,0.8251657038227251,0.7772459838664818,0.7274532618464032,2.5145612152119003,0.5154257164215741,0.03125
bulk,thompson,17,180.0,5.0,0.25877869996475056,2.9200047720223665e-05,3.3439589248317048,0.9188943238983741,0.9160549735085867,0.8251657038227251,0.7772459838664818,0.7274532618464032,2.5102192290632237,0.5092087882472627,0.052083333333333336
bulk,thompson,17,240.0,6.0,0.3154750000103377,3.50000336766243e-05,3.3257863169998996,0.9188943238983741,0.9160549735085867,0.8251657038227251,0.7772459838664818,0.7274532618464032,2.5102040502967156,0.5091478796959157,0.0625
bulk,thompson,18,30.0,1.0,0.0454596999916248,5.999987479299307e-06,3.212230557790266,0.8688398087730804,0.7781664452927688,0.7753432818010636,0.4719903925064891,0.4275750482425539,1.1290274406529817,0.6350028996547067,0.010416666666666666
bulk,thompson,18,60.0,2.0,0.09246180002810434,1.3399985618889332e-05,3.20291482416388,0.8688398087730804,0.7781664452927688,0.7753432818010636,0.4719903925064891,0.4275750482425539,1.1298336429067353,0.6351241265754297,0.020833333333333332
bulk,thompson,18,120.0,3.0,0.13606820005225018,2.1199986804276705e-05,3.191393468513519,0.8688398087730804,0.7781664452927688,0.7753432818010636,0.4719903925064891,0.4275750482425539,1.1249065382192456,0.6348738613449643,0.03125
bulk,thompson,18,180.0,5.0,0.23176740005146712,3.779993858188391e-05,3.181861369965752,0.8688398087730804,0.7781664452927688,0.7753432818010636,0.4719903925064891,0.4275750482425539,1.1211006827523768,0.6331081745957461,0.052083333333333336
bulk,thompson,18,240.0,6.0,0.2849537000874989,4.519993672147393e-05,3.1733559618524403,0.8688398087730804,0.7781664452927688,0.7753432818010636,0.4719903925064891,0.4275750482425539,1.1013409365741798,0.6313088489332048,0.0625
bulk,thompson,19,30.0,1.0,0.04967880004551262,6.200047209858894e-06,3.3786231105766986,0.8892648606610035,0.3563498889553517,0.3064152801262843,0.37919273723034097,0.3717709108533216,1.422083528038555,0.6151427681259286,0.010416666666666666
bulk,thompson,19,60.0,2.0,0.1050567000056617,1.1800031643360853e-05,3.367478240633704,0.8892648606610035,0.3563498889553517,0.3064152801262843,0.37919273723034097,0.3717709108533216,1.4074841914297342,0.6134765248959793,0.020833333333333332
bulk,thompson,19,120.0,3.0,0.1569071999983862,1.780001912266016e-05,3.3556178118480626,0.8892648606610035,0.3563498889553517,0.3064152801262843,0.37919273723034097,0.3717709108533216,1.385125304229937,0.6096592797829476,0.03125
bulk,thompson,19,180.0,5.0,0.2723759999498725,3.100000321865082e-05,3.33088341213783,0.6259305518407197,0.7190648647670228,0.3064152801262843,0.37919273723034097,0.3717709108533216,1.3759784489321953,0.6089809679291016,0.052083333333333336
bulk,thompson,19,240.0,6.0,0.3315551999839954,3.689998993650079e-05,3.318895502203505,0.6259305518407197,0.7190648647670228,0.3064152801262843,0.37919273723034097,0.3717709108533216,1.3703213227642939,0.608580171944027,0.0625
bulk,thompson,20,30.0,1.0,0.04980069998418912,6.099988240748644e-06,3.329120226652884,0.925279496623629,0.9205981531994212,0.9058741280712075,0.9070905777239885,0.37004001440036927,2.1121530794971317,0.5680532192439828,0.010416666666666666
bulk,thompson,20,60.0,2.0,0.09787619998678565,1.3299984857439995e-05,3.317278457789634,0.925279496623629,0.9205981531994212,0.9058741280712075,0.9070905777239885,0.37004001440036927,2.1080887881386854,0.5675636540044546,0.020833333333333332
bulk,thompson,20,120.0,3.0,0.15308449999429286,1.9199971575289965e-05,3.293333650244444,0.925279496623629,0.9205981531994212,0.9058741280712075,0.30321372245785905,0.35256723432980897,2.0891797155226124,0.5592446450939282,0.03125
bulk,thompson,20,180.0,5.0,0.2705728999571875,3.0399940442293882e-05,3.2841917879507894,0.925279496623629,0.9205981531994212,0.23232642424343708,0.2965679400664235,0.25684459804381543,2.0741817622816052,0.554319207645866,0.052083333333333336
bulk,thompson,20,240.0,6.0,0.32322899997234344,3.739993553608656e-05,3.272516790982013,0.925279496623629,0.9205981531994212,0.23232642424343708,0.2965679400664235,0.25684459804381543,2.0741094945298104,0.554194034674195,0.0625
bulk,thompson,21,30.0,1.0,0.060654399974737316,6.800051778554916e-06,3.306346998192479,0.322451314503841,0.5357749088129702,0.60900910190659,0.6127004056585085,0.6013256441797701,1.1689697275322777,0.6049292978038152,0.010416666666666666
bulk,thompson,21,60.0,2.0,0.1132769999676384,1.1800089851021767e-05,3.292414930474198,0.322451314503841,0.5357749088129702,0.60900910190659,0.6127004056585085,0.6013256441797701,1.1427204889356049,0.601297408794918,0.020833333333333332
bulk,thompson,21,120.0,3.0,0.16362989996559918,1.76000758074224e-05,3.2890224809530864,0.322451314503841,0.5357749088129702,0.60900910190659,0.6127004056585085,0.6013256441797701,1.1412053887063984,0.5973185665547968,0.03125
bulk,thompson,21,180.0,5.0,0.2689690999686718,3.2600073609501123e-05,3.277548119493185,0.3037430655887825,0.1900957973773979,0.37769888542404806,0.46812917577880553,0.49406201869997435,1.121761904736106,0.5961172644561473,0.052083333333333336
bulk,thompson,21,240.0,6.0,0.31954559992300346,3.9400067180395126e-05,3.268113910247198,0.3037430655887825,0.1900957973773979,0.37769888542404806,0.46812917577880553,0.49406201869997435,1.121467638401294,0.5958271829159917,0.0625
bulk,thompson,22,30.0,1.0,0.06811900000320747,7.199996616691351e-06,3.666246177913205,0.8799889670530008,0.8961128154741422,0.8808854466893563,0.8757346073210044,0.8534877040585366,3.2989591000544243,0.6078602064711466,0.010416666666666666
bulk,thompson,22,60.0,2.0,0.12387359997956082,1.2199976481497288e-05,3.6532717883296493,0.8799889670530008,0.8961128154741422,0.8808854466893563,0.8757346073210044,0.8534877040585366,3.290939040036608,0.6051727503252672,0.020833333333333332
bulk,thompson,22,120.0,3.0,0.16619619994889945,1.5599944163113832e-05,3.635000936638836,0.8799889670530008,0.8961128154741422,0.8808854466893563,0.8757346073210044,0.8534877040585366,3.2798743677544655,0.5993446151023013,0.03125
bulk,thompson,22,180.0,5.0,0.269883899949491,2.549990313127637e-05,3.6153384027822177,0.8799889670530008,0.8961128154741422,0.8808854466893563,0.8757346073210044,0.8723212296192946,3.277230343637995,0.5897217216024693,0.052083333333333336
bulk,thompson,22,240.0,6.0,0.3175311999511905,3.069988451898098e-05,3.6049298758953072,0.8799889670530008,0.8961128154741422,0.8808854466893563,0.8757346073210044,0.8723212296192946,3.2663526718513807,0.5843913170846882,0.0625
bulk,thompson,23,30.0,1.0,0.05340729997260496,5.500041879713535e-06,3.3927879698888894,0.9744801534015455,0.9312331776444175,0.9264883052180153,0.8990544655872824,0.89069617212795,3.4316012616381717,0.6034023915116798,0.010416666666666666
bulk,thompson,23,60.0,2.0,0.11355029995320365,9.00006853044033e-06,3.3605028316376035,0.7392651981720917,0.7729461834389522,0.7539367532843544,0.7561368751491477,0.7368816958199983,3.379984484078878,0.6015924732005863,0.020833333333333332
bulk,thompson,23,120.0,3.0,0.16198849998181686,1.5100056771188974e-05,3.3525689798895453,0.7392651981720917,0.7729461834389522,0.7539367532843544,0.7561368751491477,0.7368816958199983,3.379965709927147,0.6016132038603694,0.03125
bulk,thompson,23,180.0,5.0,0.2608528000419028,2.7900096029043198e-05,3.3345564550286695,0.7392651981720917,0.7729461834389522,0.7539367532843544,0.7561368751491477,0.7368816958199983,3.3730416944330446,0.5993524175689735,0.052083333333333336
bulk,thompson,23,240.0,6.0,0.3026143000461161,3.400008426979184e-05,3.3301256584726313,0.7392651981720917,0.7729461834389522,0.7851543550521197,0.765554435701614,0.763136536023621,3.3717786917301775,0.59919915775314,0.0625
bulk,thompson,24,30.0,1.0,0.061014799983240664,5.89998671784997e-06,3.2527342276883897,0.6034944311261337,0.485011866482553,0.2723373439375685,0.37315785645611377,0.39397677330019276,1.1632957797637644,0.5824895825181461,0.010416666666666666
bulk,thompson,24,60.0,2.0,0.10840339999413118,1.1699972674250603e-05,3.2489580453687155,0.6034944311261337,0.485011866482553,0.2723373439375685,0.37315785645611377,0.39397677330019276,1.161960838252178,0.5792332257731793,0.020833333333333332
bulk,thompson,24,120.0,3.0,0.1590256000054069,1.7300015315413475e-05,3.245987426128823,0.6034944311261337,0.485011866482553,0.2723373439375685,0.37315785645611377,0.39397677330019276,1.1586434233564207,0.5770856723589716,0.03125
bulk,thompson,24,180.0,5.0,0.2512884000316262,2.870004391297698e-05,3.223817833922204,0.6034944311261337,0.485011866482553,0.2723373439375685,0.37315785645611377,0.39397677330019276,1.1301953800052915,0.5745133006211164,0.052083333333333336
bulk,thompson,24,240.0,6.0,0.30659520003246143,3.5100034438073635e-05,3.2025309928456083,0.0952358728844116,0.3168342066794453,0.2723373439375685,0.37315785645611377,0.39397677330019276,1.1045127120126348,0.5739709053707928,0.0625
bulk,thompson,25,30.0,1.0,0.05550129996845499,6.099988240748644e-06,3.2289546541658978,0.970686817709879,0.904186972198859,0.8464846357139224,0.8474432703090782,0.8357356240601772,1.4505083916528068,0.5916565336804456,0.010416666666666666
bulk,thompson,25,60.0,2.0,0.10359199997037649,1.2899981811642647e-05,3.2155175892975483,0.970686817709879,0.904186972198859,0.8464846357139224,0.8474432703090782,0.8357356240601772,1.4468370394232206,0.5914005647720189,0.020833333333333332
bulk,thompson,25,120.0,3.0,0.1511670000036247,1.869996776804328e-05,3.205032402897899,0.970686817709879,0.904186972198859,0.8464846357139224,0.8474432703090782,0.8357356240601772,1.4383142223895344,0.5906394141246378,0.03125
bulk,thompson,25,180.0,5.0,0.24890130007406697,3.049994120374322e-05,3.1834461626831665,0.970686817709879,0.904186972198859,0.8464846357139224,0.8474432703090782,0.8357356240601772,1.4368186836697998,0.5835781615416349,0.052083333333333336
bulk,thompson,25,240.0,6.0,0.3063757000491023,3.679993096739054e-05,3.1715595329402078,0.970686817709879,0.8922036152472141,0.8940912446871364,0.8769722941546013,0.805323383706121,1.426606727014762,0.5825733038985491,0.0625
bulk,thompson,26,30.0,1.0,0.04579340002965182,4.00003045797348e-06,3.356621227699391,0.7965519138924428,0.8319995038250839,0.7624163861630974,0.469803626098515,0.5128269384103855,1.1963233883488709,0.5339613575191244,0.010416666666666666
bulk,thompson,26,60.0,2.0,0.09242140001151711,9.800074622035027e-06,3.35161564479691,0.7965519138924428,0.8319995038250839,0.7624163861630974,0.469803626098515,0.5128269384103855,1.194293782804153,0.5328653710435213,0.020833333333333332
bulk,thompson,26,120.0,3.0,0.14171360002364963,1.6100064385682344e-05,3.3308825221393437,0.39716646809067924,0.5230204280696331,0.6155755432091742,0.605828083499421,0.38940580939956293,1.1864340552796426,0.5326278083736466,0.03125
bulk,thompson,26,180.0,5.0,0.2474995000520721,2.5800138246268034e-05,3.3140349842707493,0.39716646809067924,0.5230204280696331,0.6155755432091742,0.605828083499421,0.38940580939956293,1.1658676673323038,0.5286655613497615,0.052083333333333336
bulk,thompson,26,240.0,6.0,0.2988842000486329,3.1700124964118004e-05,3.301760356309545,0.39716646809067924,0.5230204280696331,0.6155755432091742,0.605828083499421,0.38940580939956293,1.1629802493142287,0.5284998401389241,0.0625
bulk,thompson,27,30.0,1.0,0.047191300021950155,3.400025889277458e-06,3.252846777329447,0.09687691091996087,0.46615254057722333,0.57577874202842,0.6192683699212536,0.6216705772545263,1.1459488677970557,0.626893273361381,0.010416666666666666
bulk,thompson,27,60.0,2.0,0.09763910004403442,9.000010322779417e-06,3.239130803870403,0.09687691091996087,0.4589375178978212,0.568700686087826,0.5842088251812088,0.605136144236862,1.1177342544080957,0.6229191832127529,0.020833333333333332
bulk,thompson,27,120.0,3.0,0.14788720005890355,1.2899981811642647e-05,3.227048622597415,0.09687691091996087,0.4589375178978212,0.568700686087826,0.5842088251812088,0.605136144236862,1.111289523514724,0.6128275566951426,0.03125
bulk,thompson,27,180.0,5.0,0.26321070006815717,2.3900007363408804e-05,3.2109375650567586,0.09687691091996087,0.4589375178978212,0.568700686087826,0.5842088251812088,0.605136144236862,1.0903420717932073,0.6094998712835414,0.052083333333333336
bulk,thompson,27,240.0,6.0,0.3114393000723794,2.9399991035461426e-05,3.1990497615500413,0.09687691091996087,0.4589375178978212,0.568700686087826,0.5842088251812088,0.605136144236862,1.088094745016064,0.5965351479260456,0.0625
bulk,thompson,28,30.0,1.0,0.04424340004334226,5.999987479299307e-06,3.398720101736403,0.7631554991098335,0.6794976832917419,0.6682176314167174,0.6782365051616114,0.6947421090534911,1.4206354327714283,0.5863052108544027,0.010416666666666666
bulk,thompson,28,60.0,2.0,0.09243640000931919,1.4199991710484028e-05,3.395278526608582,0.7631554991098335,0.6794976832917419,0.6682176314167174,0.6782365051616114,0.6947421090534911,1.4192207530043537,0.5802988923953515,0.020833333333333332
bulk,thompson,28,120.0,3.0,0.14329650002764538,2.0499981474131346e-05,3.3893786286235765,0.7631554991098335,0.6794976832917419,0.6682176314167174,0.6782365051616114,0.6947421090534911,1.4179188453273184,0.5796177625733192,0.03125
bulk,thompson,28,180.0,5.0,0.2394460000214167,3.190001007169485e-05,3.3719361637946306,0.7631554991098335,0.6794976832917419,0.6682176314167174,0.6782365051616114,0.6947421090534911,1.4098886878631922,0.5790199379902209,0.052083333333333336
bulk,thompson,28,240.0,6.0,0.292207500024233,3.760005347430706e-05,3.3670297555850133,0.7631554991098335,0.6794976832917419,0.6682176314167174,0.6782365051616114,0.6947421090534911,1.3951174455393573,0.5773150228831594,0.0625
bulk,thompson,29,30.0,1.0,0.05572569998912513,7.299997378140688e-06,3.2020588033689408,0.8528404573286286,0.8583807024404236,0.7653713333663221,0.7470142409455935,0.7196217032358033,1.7452916593063301,0.65859808504422,0.010416666666666666
bulk,thompson,29,60.0,2.0,0.10091460001422092,1.379998866468668e-05,3.1989743543475107,0.8528404573286286,0.8583807024404236,0.7653713333663221,0.7470142409455935,0.7196217032358033,1.7447572820492903,0.6574941514149566,0.020833333333333332
bulk,thompson,29,120.0,3.0,0.1487961999955587,2.1299987565726042e-05,3.17953435543644,0.8528404573286286,0.8583807024404236,0.7653713333663221,0.7470142409455935,0.7196217032358033,1.744297786247772,0.6572112619675463,0.03125
bulk,thompson,29,180.0,5.0,0.2472902000299655,3.350002225488424e-05,3.1304764526053988,0.0,0.11377249460031713,0.1952366213764074,0.1824640854551346,0.21620586993486557,1.0527436715072993,0.6529623132976891,0.041666666666666664
bulk,thompson,29,240.0,6.0,0.2923910000245087,4.040001658722758e-05,3.126515534131451,0.0,0.11377249460031713,0.1952366213764074,0.1824640854551346,0.21620586993486557,1.050971289704709,0.6485050615005555,0.052083333333333336
bulk,thompson,30,30.0,1.0,0.051621600054204464,7.199996616691351e-06,3.409886711306522,0.0,0.35608542210950245,0.5118930022052026,0.5804695654310404,0.6200657190373968,1.3191158729569243,0.6109314660830587,0.010416666666666666
bulk,thompson,30,60.0,2.0,0.1027251000632532,1.209997572004795e-05,3.403970538890056,0.0,0.35608542210950245,0.5118930022052026,0.5804695654310404,0.6200657190373968,1.3189773663736755,0.6107902703523767,0.020833333333333332
bulk,thompson,30,120.0,3.0,0.15780310006812215,1.8599967006593943e-05,3.395337844942379,0.0,0.35608542210950245,0.5118930022052026,0.5804695654310404,0.6200657190373968,1.3171629993432128,0.5992941937361626,0.03125
bulk,thompson,30,180.0,5.0,0.2538935000775382,2.8899929020553827e-05,3.3791248416102935,0.0,0.35608542210950245,0.5118930022052026,0.5804695654310404,0.6200657190373968,1.3152527168100998,0.5932018583407933,0.052083333333333336
bulk,thompson,30,240.0,6.0,0.30409250006778166,3.4599972423166037e-05,3.363856181760976,0.0,0.35608542210950245,0.5118930022052026,0.5804695654310404,0.6200657190373968,1.29132719274975,0.5892553541913929,0.0625
bulk,thompson,31,30.0,1.0,0.042118299985304475,6.299989763647318e-06,3.1636611912397057,0.8616828710680454,0.8399917392490857,0.7537768953396713,0.7461017226440924,0.7339479882537208,1.1794256786867763,0.6286805677882512,0.010416666666666666
bulk,thompson,31,60.0,2.0,0.09510299999965355,1.2499978765845299e-05,3.1494147151820733,0.8616828710680454,0.8399917392490857,0.7537768953396713,0.7461017226440924,0.6986724005374378,1.1541608210000116,0.6253973479128082,0.020833333333333332
bulk,thompson,31,120.0,3.0,0.14770889998180792,1.7899961676448584e-05,3.1441430676137094,0.8616828710680454,0.8399917392490857,0.7537768953396713,0.7461017226440924,0.6986724005374378,1.1535306781679495,0.624578764423621,0.03125
bulk,thompson,31,180.0,5.0,0.24568399996496737,2.8699927497655153e-05,3.117737454245146,0.8616828710680454,0.8399917392490857,0.7537768953396713,0.7461017226440924,0.6986724005374378,1.117629321832698,0.6162698908514922,0.052083333333333336
bulk,thompson,31,240.0,6.0,0.29859249998116866,3.6499928683042526e-05,3.1054389946220766,0.8616828710680454,0.8399917392490857,0.7537768953396713,0.7461017226440924,0.6986724005374378,1.10463451884312,0.6153360514874171,0.0625
bulk,thompson,32,30.0,1.0,0.048806099977809936,5.799985956400633e-06,3.386763496781816,0.8797727454892672,0.7312944936095644,0.7040747890895052,0.518645788371684,0.5520699019270066,1.391207458695573,0.6211907283891616,0.010416666666666666
bulk,thompson,32,60.0,2.0,0.10047340003075078,1.209997572004795e-05,3.376435820480394,0.8797727454892672,0.7312944936095644,0.7040747890895052,0.518645788371684,0.5520699019270066,1.3747736992092832,0.619229429411083,0.020833333333333332
bulk,thompson,32,120.0,3.0,0.1526317000389099,1.8099963199347258e-05,3.3660331012403266,0.8797727454892672,0.7312944936095644,0.7040747890895052,0.518645788371684,0.5520699019270066,1.3703896609565684,0.6135705611534912,0.03125
bulk,thompson,32,180.0,5.0,0.2458011000417173,2.9099988751113415e-05,3.3534705696235902,0.8797727454892672,0.7312944936095644,0.7040747890895052,0.518645788371684,0.5520699019270066,1.3567002239248378,0.6093658732454141,0.052083333333333336
bulk,thompson,32,240.0,6.0,0.3023751000291668,3.470003139227629e-05,3.3424953709449965,0.8797727454892672,0.7312944936095644,0.5223651680228556,0.5682738332095282,0.5991738948678388,1.3509047183835814,0.6089685149711418,0.0625
bulk,thompson,33,30.0,1.0,0.05088250001426786,6.099988240748644e-06,3.734937608312596,0.9589183056365318,0.9387037181237543,0.9267904532643144,0.9178562755956763,0.9137501230620259,2.7668799091404277,0.5492848233544371,0.010416666666666666
bulk,thompson,33,60.0,2.0,0.11410770006477833,1.2199976481497288e-05,3.72843457482896,0.9589183056365318,0.9387037181237543,0.9267904532643144,0.9178562755956763,0.9137501230620259,2.7661261073139554,0.5417738632469709,0.020833333333333332
bulk,thompson,33,120.0,3.0,0.1660992000834085,1.9199971575289965e-05,3.722240319950025,0.9589183056365318,0.9387037181237543,0.9267904532643144,0.9178562755956763,0.9137501230620259,2.764898132877933,0.539907801006802,0.03125
bulk,thompson,33,180.0,5.0,0.2685382001218386,3.069994272664189e-05,3.700715127698944,0.9589183056365318,0.9387037181237543,0.927733356109221,0.9219846927636238,0.8956114934772865,2.755666792810576,0.5375096024743263,0.052083333333333336
bulk,thompson,33,240.0,6.0,0.31461950013181195,3.829994238913059e-05,3.69425655021668,0.9589183056365318,0.9387037181237543,0.927733356109221,0.9219846927636238,0.8956114934772865,2.7480532029088356,0.5356273330614294,0.0625
bulk,thompson,34,30.0,1.0,0.05093000002671033,5.199981387704611e-06,3.2011159654872823,0.9390883215093939,0.8955868796133307,0.8313470099494846,0.7851898171251702,0.7872836696600671,1.255422923831234,0.626346139189315,0.010416666666666666
bulk,thompson,34,60.0,2.0,0.10120740003185347,9.999959729611874e-06,3.185522964737622,0.9390883215093939,0.8955868796133307,0.8313470099494846,0.7851898171251702,0.7872836696600671,1.2296312884828737,0.6223357665255895,0.020833333333333332
bulk,thompson,34,120.0,3.0,0.15141039999434724,1.499993959441781e-05,3.1750190044270354,0.9390883215093939,0.8955868796133307,0.8246181832512793,0.8264329070433061,0.8294305048229887,1.220006298744247,0.6216522060046679,0.03125
bulk,thompson,34,180.0,5.0,0.24326949997339398,2.6399968191981316e-05,3.1571555205386197,0.9390883215093939,0.8955868796133307,0.8246181832512793,0.8264329070433061,0.8294305048229887,1.2176905112493928,0.6204302486739508,0.052083333333333336
bulk,thompson,34,240.0,6.0,0.29457849997561425,3.1299947295337915e-05,3.1411290856841245,0.9390883215093939,0.8955868796133307,0.8246181832512793,0.8264329070433061,0.8294305048229887,1.1909003164285668,0.6163121741269864,0.0625
bulk,thompson,35,30.0,1.0,0.047897899989038706,5.500041879713535e-06,3.153671474755035,0.8377634031195382,0.8301213488544879,0.7852749502868815,0.7363929754729485,0.727705264043016,1.2230075395199271,0.6608181147497877,0.010416666666666666
bulk,thompson,35,60.0,2.0,0.09703030000673607,1.1400086805224419e-05,3.1451965805601176,0.8377634031195382,0.8301213488544879,0.7852749502868815,0.7675993430416974,0.7768086048801347,1.209739497279069,0.6598398959942402,0.020833333333333332
bulk,thompson,35,120.0,3.0,0.14843430003384128,1.76000758074224e-05,3.1339085743682715,0.8377634031195382,0.8301213488544879,0.7852749502868815,0.7675993430416974,0.7768086048801347,1.2078313715134812,0.6506834198817997,0.03125
bulk,thompson,35,180.0,5.0,0.2399247000575997,2.8900103643536568e-05,3.116025956533987,0.8377634031195382,0.8301213488544879,0.7852749502868815,0.7675993430416974,0.7768086048801347,1.18409291603083,0.6424182497139882,0.052083333333333336
bulk,thompson,35,240.0,6.0,0.28397120005683973,3.4600088838487864e-05,3.1141784049291856,0.8377634031195382,0.8301213488544879,0.7852749502868815,0.7675993430416974,0.7768086048801347,1.180648801919476,0.6402501482026243,0.0625
bulk,thompson,36,30.0,1.0,0.0518832000088878,6.599992047995329e-06,3.252191936106737,0.9144811161973347,0.7340827522755526,0.7397643226414087,0.733650322422188,0.7199986977600527,1.6687251627456023,0.5992163863286223,0.010416666666666666
bulk,thompson,36,60.0,2.0,0.10295359999872744,1.2399978004395962e-05,3.2387540921516558,0.9144811161973347,0.7340827522755526,0.7397643226414087,0.733650322422188,0.7199986977600527,1.6687288667805302,0.5991716299374044,0.020833333333333332
bulk,thompson,36,120.0,3.0,0.15454409999074414,1.969997538253665e-05,3.2258283961553276,0.9144811161973347,0.7340827522755526,0.7397643226414087,0.733650322422188,0.7199986977600527,1.6545207256224568,0.5969861829921169,0.03125
bulk,thompson,36,180.0,5.0,0.2563269999809563,3.0599941965192556e-05,3.2028511155808466,0.9144811161973347,0.7340827522755526,0.7397643226414087,0.733650322422188,0.7199986977600527,1.6496492400938547,0.596621555045074,0.052083333333333336
bulk,thompson,36,240.0,6.0,0.2990035999682732,3.4699973184615374e-05,3.1888641430745714,0.9144811161973347,0.7340827522755526,0.7397643226414087,0.733650322422188,0.7199986977600527,1.6497274690512898,0.596626922353733,0.0625
bulk,thompson,37,30.0,1.0,0.05036549997748807,5.700043402612209e-06,3.1245720329936675,0.7141891990975477,0.7766574024459069,0.7079679053251295,0.6736328912434615,0.6828000547092354,1.1101807603516995,0.6201246378540214,0.010416666666666666
bulk,thompson,37,60.0,2.0,0.08580579998670146,1.2300093658268452e-05,3.1198373314856767,0.7141891990975477,0.7766574024459069,0.7079679053251295,0.6736328912434615,0.6828000547092354,1.1088975441766806,0.6197100063858684,0.020833333333333332
bulk,thompson,37,120.0,3.0,0.13647289999062195,1.7800077330321074e-05,3.111721526237607,0.7141891990975477,0.7766574024459069,0.7079679053251295,0.6736328912434615,0.6828000547092354,1.0835467419660072,0.6168354353413169,0.03125
bulk,thompson,37,180.0,5.0,0.23132339993026108,2.9200047720223665e-05,3.0944617773980725,0.7141891990975477,0.7766574024459069,0.7079679053251295,0.6736328912434615,0.6828000547092354,1.0782572403074153,0.6125923842340872,0.052083333333333336
bulk,thompson,37,240.0,6.0,0.28139099990949035,3.290001768618822e-05,3.0879898109887427,0.7141891990975477,0.7766574024459069,0.7079679053251295,0.6736328912434615,0.6828000547092354,1.0546458550225368,0.6101971885174926,0.0625
bulk,thompson,38,30.0,1.0,0.04695220000576228,6.400048732757568e-06,3.1466616413985604,0.8916785668196385,0.8614282304027114,0.8351997830446758,0.6934949519655256,0.6796286948098249,2.377360344918027,0.6742161117652082,0.010416666666666666
bulk,thompson,38,60.0,2.0,0.09229320002486929,1.1600088328123093e-05,3.1376076542297486,0.8916785668196385,0.8614282304027114,0.8351997830446758,0.6934949519655256,0.6796286948098249,2.3676946351228096,0.6723809108373485,0.020833333333333332
bulk,thompson,38,120.0,3.0,0.13353490002918988,1.7500075045973063e-05,3.1278761098305137,0.8916785668196385,0.8614282304027114,0.8351997830446758,0.6934949519655256,0.6796286948098249,2.3674529490574336,0.6609413788880393,0.03125
bulk,thompson,38,180.0,5.0,0.2254389000008814,2.8000096790492535e-05,3.1001612521080015,0.8916785668196385,0.8614282304027114,0.8351997830446758,0.6934949519655256,0.6796286948098249,2.3463506271294854,0.656051136662918,0.052083333333333336
bulk,thompson,38,240.0,6.0,0.2776369000202976,3.580009797587991e-05,3.0903431248648783,0.8916785668196385,0.8614282304027114,0.8351997830446758,0.6934949519655256,0.6796286948098249,2.3449801027226247,0.6559252606142008,0.0625
bulk,thompson,39,30.0,1.0,0.04771670000627637,5.699985194951296e-06,3.260950003947732,0.9189901770787723,0.6597640864349166,0.6980177314408624,0.7087871100750338,0.6444336500720305,1.2442923404919184,0.6066458169820036,0.010416666666666666
bulk,thompson,39,60.0,2.0,0.09719529998255894,1.1500029359012842e-05,3.2479610578584666,0.9189901770787723,0.6597640864349166,0.6980177314408624,0.7087871100750338,0.6444336500720305,1.2441999901066505,0.606622130246086,0.020833333333333332
bulk,thompson,39,120.0,3.0,0.14497209998080507,1.7200014553964138e-05,3.241994072292576,0.9189901770787723,0.6597640864349166,0.6980177314408624,0.7087871100750338,0.6444336500720305,1.2427728876536053,0.6060264369771294,0.03125
bulk,thompson,39,180.0,5.0,0.24274079996393993,2.8500042390078306e-05,3.2228533922346085,0.9189901770787723,0.6597640864349166,0.6980177314408624,0.7087871100750338,0.6444336500720305,1.2352775591409275,0.6047022386243035,0.052083333333333336
bulk,thompson,39,240.0,6.0,0.31510509992949665,3.4100026823580265e-05,3.2145933381150407,0.9189901770787723,0.6597640864349166,0.6980177314408624,0.6287843377775426,0.6559805873618645,1.214691330971575,0.6022732051762199,0.0625
bulk,thompson,40,30.0,1.0,0.05062190000899136,5.999987479299307e-06,3.2559847380196367,0.8488904445039113,0.7323909559406478,0.7343110396468234,0.3464831501030521,0.2918157014344154,1.495241882688608,0.5974602444746211,0.010416666666666666
bulk,thompson,40,60.0,2.0,0.09651070000836626,1.1399970389902592e-05,3.251327240815307,0.8488904445039113,0.7323909559406478,0.7343110396468234,0.3464831501030521,0.2918157014344154,1.494243856899951,0.5945562914494285,0.020833333333333332
bulk,thompson,40,120.0,3.0,0.14087699999799952,1.5199941117316484e-05,3.226633118837148,0.8488904445039113,0.7323909559406478,0.7343110396468234,0.3464831501030521,0.2918157014344154,1.4908254592778953,0.5933040450353098,0.03125
bulk,thompson,40,180.0,5.0,0.2275193000677973,2.4999899324029684e-05,3.206164379777404,0.8488904445039113,0.7323909559406478,0.7343110396468234,0.3464831501030521,0.2918157014344154,1.4774526301740836,0.5915895805052126,0.052083333333333336
bulk,thompson,40,240.0,6.0,0.277530400082469,2.8899870812892914e-05,3.1961108027195837,0.8488904445039113,0.7323909559406478,0.7343110396468234,0.3464831501030521,0.2918157014344154,1.462451941437327,0.5896391200885339,0.0625
bulk,thompson,41,30.0,1.0,0.05109859997173771,6.099988240748644e-06,3.3738505054157657,0.7639916036697202,0.8357157917288981,0.8512622166013395,0.829521700842601,0.646479714156166,1.26672390986964,0.6193184886599343,0.010416666666666666
bulk,thompson,41,60.0,2.0,0.0980746999848634,1.2200034689158201e-05,3.356727747174143,0.7639916036697202,0.8357157917288981,0.8512622166013395,0.829521700842601,0.646479714156166,1.2388168546426923,0.6142217076212453,0.020833333333333332
bulk,thompson,41,120.0,3.0,0.14967610000167042,2.1200045011937618e-05,3.3395151967920937,0.7639916036697202,0.8357157917288981,0.8512622166013395,0.829521700842601,0.646479714156166,1.2072527991777933,0.6074070580015584,0.03125
bulk,thompson,41,180.0,5.0,0.2560640999581665,0.0005025000427849591,3.3294349735805007,0.7639916036697202,0.8357157917288981,0.8512622166013395,0.829521700842601,0.646479714156166,1.199687414760044,0.605879217806942,0.052083333333333336
bulk,thompson,41,240.0,6.0,0.30649719992652535,0.0005092000355944037,3.328319462959683,0.7639916036697202,0.8357157917288981,0.8512622166013395,0.829521700842601,0.646479714156166,1.1984822441756124,0.6034062982182196,0.0625
bulk,thompson,42,30.0,1.0,0.038494400039780885,5.500041879713535e-06,3.2854915250673273,0.894545045005095,0.907241938323069,0.9090624035239985,0.9086335645293636,0.903955753154356,1.5521710048792432,0.6576828510183056,0.010416666666666666
bulk,thompson,42,60.0,2.0,0.08725570002570748,1.1300027836114168e-05,3.2687938362524904,0.894545045005095,0.907241938323069,0.9090624035239985,0.9086335645293636,0.903955753154356,1.5306861145797317,0.6535313759215028,0.020833333333333332
bulk,thompson,42,120.0,3.0,0.1385610000579618,1.690007047727704e-05,3.2563012904189783,0.894545045005095,0.907241938323069,0.9095542544882694,0.9111471322100264,0.7300046607793769,1.5095490946986319,0.6496656131290769,0.03125
bulk,thompson,42,180.0,5.0,0.2540502001065761,3.0200055334717035e-05,3.2249151508213445,0.894545045005095,0.907241938323069,0.9095542544882694,0.9111471322100264,0.7300046607793769,1.4903365868388814,0.6465028430980084,0.052083333333333336
bulk,thompson,42,240.0,6.0,0.30650440009776503,3.530003596097231e-05,3.2117792592641705,0.894545045005095,0.907241938323069,0.9095542544882694,0.9111471322100264,0.7300046607793769,1.4871227496060389,0.6462965908013802,0.0625
bulk,thompson,43,30.0,1.0,0.047077400027774274,5.099980626255274e-06,3.3904350183141045,0.9564903782247978,0.8311881917584193,0.7346873611096758,0.7595101786335079,0.7775686645058126,1.818633766897772,0.6562498591269912,0.010416666666666666
bulk,thompson,43,60.0,2.0,0.09663800004636869,1.179997343569994e-05,3.379281584674049,0.9564903782247978,0.8311881917584193,0.7346873611096758,0.7595101786335079,0.7775686645058126,1.8172887637169983,0.6443502912062518,0.020833333333333332
bulk,thompson,43,120.0,3.0,0.14762910007266328,3.4599972423166037e-05,3.370922231907095,0.9564903782247978,0.8311881917584193,0.7346873611096758,0.7595101786335079,0.7775686645058126,1.8159843028402896,0.6340563042229149,0.03125
bulk,thompson,43,180.0,5.0,0.2503548000822775,4.4599990360438824e-05,3.3644727278158464,0.9564903782247978,0.8311881917584193,0.7346873611096758,0.7595101786335079,0.7775686645058126,1.7979969040885604,0.6299394061906555,0.052083333333333336
bulk,thompson,43,240.0,6.0,0.30436530004953966,5.15999854542315e-05,3.3564877845697,0.9564903782247978,0.8311881917584193,0.7346873611096758,0.7595101786335079,0.7775686645058126,1.7898274817405861,0.6290569790727548,0.0625
bulk,thompson,44,30.0,1.0,0.04822740005329251,1.0600022505968809e-05,3.118665213617733,0.866143240862798,0.7751063490839074,0.6050288334410315,0.6108142060165718,0.6312853766218071,1.3200248506753647,0.6626631650347173,0.010416666666666666
bulk,thompson,44,60.0,2.0,0.09404470003210008,1.7900019884109497e-05,3.111241531835521,0.866143240862798,0.6385276894825875,0.64292241481118,0.6725964376949205,0.6551214312802438,1.3158503717226455,0.6624275344866586,0.020833333333333332
bulk,thompson,44,120.0,3.0,0.14531940000597388,2.5100016500800848e-05,3.094145572932188,0.5575072381389854,0.6539672873378597,0.5104706798418818,0.5324969377561262,0.5626688068174688,1.3143814226205637,0.6623801046307135,0.03125
bulk,thompson,44,180.0,5.0,0.24739089998183772,3.700004890561104e-05,3.074326614223548,0.5575072381389854,0.6539672873378597,0.5104706798418818,0.5324969377561262,0.5626688068174688,1.2906174997355224,0.6559436400700743,0.052083333333333336
bulk,thompson,44,240.0,6.0,0.3059588000178337,4.310003714635968e-05,3.0632135366900477,0.5575072381389854,0.6539672873378597,0.5104706798418818,0.5324969377561262,0.5626688068174688,1.2815579321407073,0.6553044483221426,0.0625
bulk,thompson,45,30.0,1.0,0.04613309999695048,4.699977580457926e-06,3.1701223571193857,0.9732038464755884,0.9375378279140257,0.8951649072660366,0.8540636901209826,0.7482286607149471,1.2972983487528469,0.574496149824098,0.010416666666666666
bulk,thompson,45,60.0,2.0,0.09139620000496507,1.0300020221620798e-05,3.1415768150439347,0.9732038464755884,0.9375378279140257,0.8951649072660366,0.8540636901209826,0.7482286607149471,1.2638960070673653,0.5634370862646768,0.020833333333333332
bulk,thompson,45,120.0,3.0,0.14550769998459145,1.7400016076862812e-05,3.137430881305803,0.9732038464755884,0.9375378279140257,0.8951649072660366,0.8540636901209826,0.7482286607149471,1.250362100415444,0.5622870363853678,0.03125
bulk,thompson,45,180.0,5.0,0.24563879997003824,2.95999925583601e-05,3.124347963120289,0.9732038464755884,0.9375378279140257,0.8951649072660366,0.8540636901209826,0.7482286607149471,1.2324424298383276,0.5511363406081703,0.052083333333333336
bulk,thompson,45,240.0,6.0,0.2967699999571778,3.559998003765941e-05,3.1100166882759446,0.9732038464755884,0.9375378279140257,0.8951649072660366,0.8540636901209826,0.7482286607149471,1.2311927262036826,0.5510706777919381,0.0625
bulk,thompson,46,30.0,1.0,0.05008900002576411,5.200039595365524e-06,3.2094665789136188,0.0,0.2290034550396367,0.2690097373217868,0.3538155111347955,0.28925286616437884,1.0779742851115046,0.6269290611308319,0.010416666666666666
bulk,thompson,46,60.0,2.0,0.10232200002064928,1.090002479031682e-05,3.1920660642057785,0.0,0.03609693773767064,0.18294384124957497,0.21016183632840024,0.2734287610436896,1.077865589723894,0.6269255818333072,0.020833333333333332
bulk,thompson,46,120.0,3.0,0.14957490004599094,1.630006590858102e-05,3.1869061457795205,0.0,0.03609693773767064,0.18294384124957497,0.21016183632840024,0.2734287610436896,1.0724125007461645,0.621972553340285,0.03125
bulk,thompson,46,180.0,5.0,0.24587670003529638,2.6800029445439577e-05,3.156854844701815,0.0,0.03609693773767064,0.18294384124957497,0.21016183632840024,0.2734287610436896,1.0517491455398633,0.619759266308257,0.052083333333333336
bulk,thompson,46,240.0,6.0,0.2948655000072904,3.270001616328955e-05,3.146916180169883,0.0,0.03609693773767064,0.18294384124957497,0.21016183632840024,0.2734287610436896,1.051671195914565,0.6197565762208918,0.0625
bulk,thompson,47,30.0,1.0,0.04868810001062229,5.199981387704611e-06,3.4052533784680996,0.8062732213876166,0.8041751713133236,0.7767855575448578,0.601707015320643,0.6046598555026788,1.6017249105727742,0.6285094047973436,0.010416666666666666
bulk,thompson,47,60.0,2.0,0.10183780000079423,1.0699965059757233e-05,3.3959644268137468,0.8062732213876166,0.8041751713133236,0.7767855575448578,0.601707015320643,0.6046598555026788,1.5940341926014674,0.6277903995867083,0.020833333333333332
bulk,thompson,47,120.0,3.0,0.15113379998365417,1.6099947970360518e-05,3.3859740362152366,0.8062732213876166,0.8041751713133236,0.7767855575448578,0.601707015320643,0.6046598555026788,1.5878539698245961,0.6272634365094374,0.03125
bulk,thompson,47,180.0,5.0,0.2593166999868117,2.9999937396496534e-05,3.3622052768274684,0.8062732213876166,0.8041751713133236,0.7767855575448578,0.601707015320643,0.6046598555026788,1.5814275509385567,0.6196238086753006,0.052083333333333336
bulk,thompson,47,240.0,6.0,0.30691289994865656,3.6199926398694515e-05,3.309577676365071,0.13274683385024943,0.467532097385152,0.5603057952323798,0.592191460005346,0.4465849793772665,1.4215716166551058,0.6109091178480661,0.0625
bulk,thompson,48,30.0,1.0,0.05399739998392761,5.499983672052622e-06,3.429238257809756,0.7911902926001259,0.5112423250197877,0.5594898048350949,0.5974188245422947,0.612731215855926,1.2118881026018253,0.5784107464839536,0.010416666666666666
bulk,thompson,48,60.0,2.0,0.10433679999550804,1.1899974197149277e-05,3.426004803343504,0.7911902926001259,0.5112423250197877,0.5594898048350949,0.5974188245422947,0.612731215855926,1.2110712878357075,0.578167130574079,0.020833333333333332
bulk,thompson,48,120.0,3.0,0.15492030000314116,1.7899961676448584e-05,3.4130279033890774,0.7911902926001259,0.5112423250197877,0.5594898048350949,0.5974188245422947,0.612731215855926,1.1868991178431858,0.5747610345404304,0.03125
bulk,thompson,48,180.0,5.0,0.2612762000062503,2.859998494386673e-05,3.387774445080797,0.4524162928617015,0.5112423250197877,0.5594898048350949,0.5974188245422947,0.612731215855926,1.1608831772969026,0.5724920661529922,0.052083333333333336
bulk,thompson,48,240.0,6.0,0.3143411999917589,3.470003139227629e-05,3.3784929314228687,0.4524162928617015,0.5112423250197877,0.5594898048350949,0.5974188245422947,0.612731215855926,1.1606304714563271,0.5722247738828854,0.0625
bulk,thompson,49,30.0,1.0,0.05151799996383488,1.279998105019331e-05,3.258376657797854,0.710067179705034,0.7112351722618941,0.7521536954529151,0.7352585462483525,0.7026935714122016,1.5550139473579936,0.6330183493691762,0.010416666666666666
bulk,thompson,49,60.0,2.0,0.09940469998400658,1.8899969290941954e-05,3.2499693346816074,0.710067179705034,0.7112351722618941,0.7521536954529151,0.7352585462483525,0.7026935714122016,1.5461719833917273,0.6321877757138971,0.020833333333333332
bulk,thompson,49,120.0,3.0,0.1398676999961026,2.5500019546598196e-05,3.237209792885615,0.710067179705034,0.7112351722618941,0.7521536954529151,0.7352585462483525,0.7026935714122016,1.5442050840231616,0.6320652908316398,0.03125
bulk,thompson,49,180.0,5.0,0.2380598999443464,3.7999998312443495e-05,3.22276334137457,0.710067179705034,0.7112351722618941,0.7521536954529151,0.7352585462483525,0.7026935714122016,1.5374407039478541,0.6244967866549491,0.052083333333333336
bulk,thompson,49,240.0,6.0,0.2832997999503277,4.329998046159744e-05,3.210098409325262,0.710067179705034,0.7112351722618941,0.7521536954529151,0.7352585462483525,0.7026935714122016,1.5173227083440048,0.6208727858423186,0.0625
bulk,lucb,0,30.0,30.0,0.6696254002163187,0.00016639992827549577,3.2101311016245915,0.1419859063633485,0.3030603582697473,0.29329822549449425,0.2949334015405689,0.36034720498043404,1.1182363233665473,0.5836307344209929,0.25
bulk,lucb,0,60.0,60.0,1.2878449004492722,0.0003211001167073846,3.164634003250194,0.1419859063633485,0.36373632024311775,0.33084138793160767,0.2879042262257827,0.30452859272465904,1.109898773741371,0.563732391808853,0.3958333333333333
bulk,lucb,0,120.0,120.0,2.5665245001437142,0.0006168997497297823,3.128009089067047,0.0,0.0,0.051527828461635616,0.08311315108860873,0.07256974881141376,0.7110208763656569,0.5321802440980824,0.7083333333333334
bulk,lucb,0,180.0,180.0,3.838933800230734,0.0009307994623668492,3.064279534330929,0.0,0.0,0.051527828461635616,0.05131229914848856,0.07256974881141376,0.6476137992938371,0.5160447240323973,0.75
bulk,lucb,0,240.0,240.0,5.123262100270949,0.0012652997393161058,3.024007567810149,0.0,0.0,0.051527828461635616,0.05131229914848856,0.07256974881141376,0.6321822565329092,0.4916969763649614,0.8125
bulk,lucb,1,30.0,30.0,0.6758905999013223,0.00023390003480017185,3.1480421169345036,0.0,0.0,0.1005113274049868,0.07976230726472622,0.09527590233873218,0.8731421412198588,0.5903643350985402,0.25
bulk,lucb,1,60.0,60.0,1.2427154000033624,0.00036850007018074393,3.0766180094210056,0.0,0.13409788713761417,0.1005113274049868,0.07976230726472622,0.09527590233873218,0.774531892395585,0.5668044846735262,0.375
bulk,lucb,1,120.0,120.0,2.557489899918437,0.000666400243062526,3.0074488036469256,0.0,0.0,0.1005113274049868,0.07976230726472622,0.09527590233873218,0.6985771045840712,0.4716366232265652,0.6875
bulk,lucb,1,180.0,180.0,3.837954099988565,0.0009741002577356994,2.97412900876096,0.0,0.009994916171171098,1.1102230246251565e-16,0.07976230726472633,0.1251938978013778,0.6716002003994284,0.44815505707878484,0.75
bulk,lucb,1,240.0,240.0,5.111428599921055,0.0012861001305282116,2.896565039089818,0.0,0.009994916171171098,1.1102230246251565e-16,1.1102230246251565e-16,0.04676806813487033,0.5079939654485144,0.43689001349081413,0.75
bulk,lucb,2,30.0,30.0,0.6497232000110671,0.00016050005797296762,3.188001445759774,0.0,0.0,0.16069794862858844,0.19378051910959715,0.21074877038007767,0.7839203827737413,0.5767911820417222,0.25
bulk,lucb,2,60.0,60.0,1.2464274000376463,0.00030200014589354396,3.109921250246142,0.0,0.0,0.0,0.050807553513752324,0.08166593823423685,0.6285150203353578,0.5397144886666039,0.3958333333333333
bulk,lucb,2,120.0,120.0,2.5614949999726377,0.0006426998879760504,3.046290903818074,0.0,0.0,0.0,0.0,0.03382305459019341,0.5237800172619989,0.4717763534572491,0.7083333333333334
bulk,lucb,2,180.0,180.0,3.8004912000033073,0.0009373000939376652,3.018334724536974,0.0,0.0,0.0,0.0,0.03266097356896969,0.49020578222438327,0.45027269539572107,0.8020833333333334
bulk,lucb,2,240.0,240.0,5.052157600061037,0.0012315999483689666,3.0049171253853957,0.0,0.0,0.0,0.0,0.03168320633661392,0.48435123209977277,0.41761075483048066,1.0
bulk,lucb,3,30.0,30.0,0.6563727998873219,0.00015760003589093685,3.24273294373868,0.6934524701891533,0.2333036911759817,0.049110539941082165,0.04218096150325856,0.09015031721027633,0.955216292505281,0.5463277591791624,0.25
bulk,lucb,3,60.0,60.0,1.2157675999915227,0.00029600015841424465,3.2367711434084554,0.6934524701891533,0.2333036911759817,0.049110539941082165,0.04218096150325856,0.037501251055275464,0.9193703350454469,0.5371944276680417,0.3645833333333333
bulk,lucb,3,120.0,120.0,2.4977950001484714,0.0005984001909382641,3.1889210959098926,0.0,0.0,0.02980108744103438,0.04218096150325845,0.03750125105527535,0.6967766419981569,0.46357117888162647,0.6770833333333334
bulk,lucb,3,180.0,180.0,3.7421386001515202,0.0008800002397038043,3.171607138473765,0.0,0.0,0.02980108744103438,0.04218096150325845,0.03750125105527535,0.6588048201191367,0.4529554669905872,0.75
bulk,lucb,3,240.0,240.0,5.026196700287983,0.0012037002015858889,3.1335793631004347,0.0,0.0,0.02980108744103438,0.0,0.00024121683404099148,0.6129382173074291,0.4431816419899487,0.7604166666666666
bulk,lucb,4,30.0,30.0,0.6832300000824034,0.00015939981676638126,3.172331680742616,0.0,0.0,0.0,0.057794955997924835,0.09474057605351449,0.9815578418079541,0.5660741340711852,0.25
bulk,lucb,4,60.0,60.0,1.291153300087899,0.0003046999336220324,3.1259981973883764,0.0,0.0,0.0,0.08048587633478499,0.08083421655627554,0.9299592967680569,0.5370389511025099,0.40625
bulk,lucb,4,120.0,120.0,2.5763654998736456,0.0005829001311212778,3.021645446353606,0.0,0.0,0.0,0.08048587633478499,0.0866061617274948,0.8126804962807005,0.4598229134590924,0.71875
bulk,lucb,4,180.0,180.0,3.837441499810666,0.000884900102391839,2.9374692390357318,0.0,0.0,0.0,0.0,0.0,0.6779950764279474,0.4402376055199423,0.75
bulk,lucb,4,240.0,240.0,5.142827199772,0.0011831999872811139,2.9280931384074926,0.0,0.0,0.0,0.0,0.0,0.670825668554147,0.4204922563819455,0.8541666666666666
bulk,lucb,5,30.0,30.0,0.6262045000330545,0.00015290029114112258,3.2059442718732747,0.5423764954059687,0.5299531322178976,0.5765115344136806,0.6048541542808099,0.5998185591929949,1.301807675313664,0.5911242697820154,0.25
bulk,lucb,5,60.0,60.0,1.194009600149002,0.00029160024132579565,3.1058328504871064,0.0,0.12464858428446746,0.21181613404017252,0.12506112179512763,0.16544447805329798,0.92607464288956,0.5497837706877369,0.40625
bulk,lucb,5,120.0,120.0,2.4479336999938823,0.00059080048231408,3.0070849943390265,0.0,0.0,0.12004719568778255,0.09984571560893896,0.005340936488760106,0.5392494662063517,0.4827339396916567,0.71875
bulk,lucb,5,180.0,180.0,3.7389588999794796,0.0008932004566304386,2.9333458295973274,0.0,0.0,0.06145177569479343,0.0,0.005340936488760106,0.4446827253436986,0.4716084855459691,0.75
bulk,lucb,5,240.0,240.0,5.010458499949891,0.0012053007376380265,2.8891673943342795,0.0,0.0,0.06145177569479343,0.0,0.005340936488760106,0.40170356927079437,0.4616080752905971,0.75
bulk,lucb,6,30.0,30.0,0.6565335998311639,0.00017029984155669808,3.241827553100181,0.0,0.054854258347196705,0.15851912416739145,0.09831248927324532,0.1458275355199744,1.1933090121058856,0.6146794734772449,0.25
bulk,lucb,6,60.0,60.0,1.2408930998644792,0.000322299893014133,3.1442189854801956,0.0,0.054854258347196705,0.039439265980589555,0.07482094644649273,0.06645086118837873,1.0186421032085489,0.5842514015258284,0.40625
bulk,lucb,6,120.0,120.0,2.576742499892134,0.0006562001071870327,3.1176133813377622,0.0,0.054854258347196705,0.039439265980589555,0.0551086922615619,0.06645086118837895,0.9954761989880524,0.5126405306702707,0.71875
bulk,lucb,6,180.0,180.0,3.8347193998051807,0.0009529003873467445,3.022635281004192,0.0,0.004780149589788452,0.0432041975146088,0.0,0.0,0.8022596084983808,0.4954733510897873,0.75
bulk,lucb,6,240.0,240.0,5.1537272001150995,0.001256900664884597,3.0263525670819766,0.0,0.004780149589788452,0.0432041975146088,0.0,0.0,0.8072780079014112,0.4957073134084176,0.75
bulk,lucb,7,30.0,30.0,0.6392677000840195,0.00016930006677284837,3.1157973751594565,0.6713828167356015,0.5044979112215051,0.46471903465091724,0.3694987037864206,0.3719159406656102,0.8440517621073536,0.5256044690203613,0.2604166666666667
bulk,lucb,7,60.0,60.0,1.2426254001329653,0.0003127000527456403,3.0781986539912083,0.6713828167356015,0.5044979112215051,0.46471903465091724,0.3694987037864206,0.3383187480515908,0.7874482477924964,0.4950017130895642,0.4166666666666667
bulk,lucb,7,120.0,120.0,2.5532883000560105,0.0006311998004093766,3.0098847102986146,0.0,0.1559949781898572,0.22041012637159896,0.17524837573499252,0.1738541263554919,0.5961332344648361,0.4252086452085427,0.7291666666666666
bulk,lucb,7,180.0,180.0,3.762860599788837,0.0009583000210113823,2.9384887054133917,0.0,0.0,0.07119741508081112,0.05660915655211918,0.07475961113935048,0.4124728359885895,0.4033274060528655,0.75
bulk,lucb,7,240.0,240.0,5.023013199912384,0.0012676999322138727,2.9066881587061357,0.0,0.11331059641963881,0.04127464048564655,0.056609156552119066,0.07340665480184794,0.39461143934518184,0.3755301454951008,0.875
bulk,lucb,8,30.0,30.0,0.595983199949842,0.00015089975204318762,3.144745131200478,0.0,0.0,0.13418962783769728,0.1360023845250654,0.16653214842279374,1.3823888544076617,0.5661730106239437,0.25
bulk,lucb,8,60.0,60.0,1.158669799740892,0.0002744996454566717,3.0884881482350774,0.0,0.0,0.13418962783769728,0.1360023845250654,0.1564182555965281,1.3590147920642115,0.5468576933994846,0.3854166666666667
bulk,lucb,8,120.0,120.0,2.435788399539888,0.0006049996009096503,3.0113715964835577,0.0,0.0,0.0,0.013477887330978322,0.0,0.8155182364135877,0.47814192213099704,0.6875
bulk,lucb,8,180.0,180.0,3.6881561998161487,0.0009049999644048512,2.9996932178038436,0.0,0.0,0.0,0.0,0.0,0.7935386869355363,0.46470355046062495,0.75
bulk,lucb,8,240.0,240.0,5.03321589960251,0.0012034999672323465,2.985354433159849,0.0,0.0,0.0,0.0,0.0016012629564290393,0.7484401070803987,0.46261647701115394,0.75
bulk,lucb,9,30.0,30.0,0.597714499977883,0.00014019996160641313,3.2102474387189806,0.2785345721766399,0.0,0.04988883946136524,0.0,0.06247403319007783,0.9798124803788703,0.6026701667742306,0.25
bulk,lucb,9,60.0,60.0,1.170670299907215,0.00028119998751208186,3.168517721559741,0.2785345721766399,0.0,0.04988883946136524,0.0,0.0505708462947102,0.8937018867155945,0.5761112487966723,0.375
bulk,lucb,9,120.0,120.0,2.4573487998568453,0.0006114998832345009,3.1129355539263877,0.2785345721766399,0.0,0.04988883946136524,0.0,0.0,0.8652610395983613,0.5147349648197781,0.6875
bulk,lucb,9,180.0,180.0,3.738781599851791,0.0009389998740516603,3.051054065722532,0.2785345721766399,0.0,0.04988883946136524,0.0,0.0,0.8265024572605004,0.49293196710481046,0.75
bulk,lucb,9,240.0,240.0,5.081787499657366,0.0012695001205429435,3.0112869175165784,0.2785345721766399,0.0,0.04988883946136524,0.0,0.0,0.7957881742446253,0.4797646107690245,0.75
bulk,lucb,10,30.0,30.0,0.571518900047522,0.00014430034207180142,3.1465346351353816,0.21976430256018553,0.12150867652446751,0.2928458914383315,0.2962148649328542,0.2796452394537734,0.9091228198765441,0.5807264688598007,0.25
bulk,lucb,10,60.0,60.0,1.186736499716062,0.000290300406049937,3.103529587564213,0.21976430256018553,0.12150867652446751,0.2928458914383315,0.2962148649328542,0.2933763199127394,0.8558982007517383,0.5557520961998856,0.40625
bulk,lucb,10,120.0,120.0,2.449439499701839,0.0005878002848476171,3.0003226581898677,0.21976430256018553,0.01569963375519612,-2.220446049250313e-16,0.0,0.0296455743725077,0.5870640400421704,0.5009166181792162,0.71875
bulk,lucb,10,180.0,180.0,3.7129652996663935,0.000888200243934989,2.940859484669712,0.21976430256018553,0.12150867652446751,-2.220446049250313e-16,-2.220446049250313e-16,0.008269056456349788,0.554731455570293,0.47127203268349277,0.75
bulk,lucb,10,240.0,240.0,5.054363299685065,0.0012549000675790012,2.9098549866662666,0.21976430256018553,0.12150867652446751,-2.220446049250313e-16,-2.220446049250313e-16,0.008269056456349788,0.5398053016650093,0.4473395626319096,0.8958333333333334
bulk,lucb,11,30.0,30.0,0.598494200152345,0.00016360013978555799,3.2223985814364142,0.5955844820428887,0.5813777362196171,0.563478263152428,0.5445991192820949,0.47822355915515125,1.228730128004559,0.5924003105741306,0.2604166666666667
bulk,lucb,11,60.0,60.0,1.2340636000735685,0.0004268001648597419,3.114017108399544,0.5955844820428887,0.3414672335336677,0.09161121647607195,0.1771158403016122,0.19549780968403874,1.022222974524654,0.5582581367991424,0.40625
bulk,lucb,11,120.0,120.0,2.5161315001314506,0.000737900089006871,3.0540264060665834,0.5955844820428887,0.3414672335336677,0.09161121647607195,0.16987748772579914,0.1548503262932116,0.9403645463346653,0.4781675775034534,0.71875
bulk,lucb,11,180.0,180.0,3.7673000001814216,0.0010773999383673072,3.0175022185391818,0.5955844820428887,0.3414672335336677,0.09161121647607195,0.11983546128836697,0.11166559793678643,0.9075753800266342,0.46235705810343347,0.75
bulk,lucb,11,240.0,240.0,5.1673151003196836,0.0014130001072771847,2.993956194223714,0.5955844820428887,0.19480460605077665,0.09161121647607207,0.11983546128836708,0.11166559793678654,0.8609498870392812,0.45294296749729857,0.75
bulk,lucb,12,30.0,30.0,0.781122200016398,0.00015089981025084853,3.2389517414625537,0.0,0.3222942113237721,0.4158483283839689,0.37459116580769203,0.3851581669377606,1.0756330854979024,0.5966507385051907,0.25
bulk,lucb,12,60.0,60.0,1.4222621001536027,0.0002955997479148209,3.136993278060457,0.16232208603999354,0.03238764078072254,0.22183827539970424,0.21396401050111835,0.2480825602087785,0.8311385198887805,0.5640700963636318,0.3854166666666667
bulk,lucb,12,120.0,120.0,2.6797924002166837,0.0005816995399072766,3.082946311062686,0.16232208603999354,0.03238764078072254,0.15731170651904414,0.21546316373940588,0.24297305294273575,0.7617002458867609,0.49715387577183096,0.6979166666666666
bulk,lucb,12,180.0,180.0,4.048559800430667,0.0008875995990820229,3.0218050243765826,0.16232208603999354,0.03238764078072254,-2.220446049250313e-16,0.030296975894097966,0.07938511896206035,0.6167403923007339,0.4739036265343633,0.75
bulk,lucb,12,240.0,240.0,5.222242900636047,0.0011769997072406113,2.9526590399983696,0.0,0.03238764078072254,-2.220446049250313e-16,0.030296975894097966,0.016458845712309378,0.5033192917091718,0.46443762451834264,0.7604166666666666
bulk,lucb,13,30.0,30.0,0.7418904998921789,0.0001574999769218266,3.1503252869590326,0.0,0.10849165406239225,0.16769684775392946,0.1436193635098555,0.13802712853794596,1.051185578489461,0.639581371462842,0.25
bulk,lucb,13,60.0,60.0,1.3842639998765662,0.0003103000344708562,3.1098449968061814,0.0,0.10849165406239225,0.16769684775392946,0.1436193635098555,0.13003760903863804,1.01061495104199,0.6177140626171665,0.3645833333333333
bulk,lucb,13,120.0,120.0,2.589768799720332,0.0006005998584441841,3.0162129250935696,0.0,0.10849165406239225,0.09931428254209218,0.12418761441449333,0.13003760903863804,0.8816594738941814,0.5241195147203763,0.6770833333333334
bulk,lucb,13,180.0,180.0,3.8992710994789377,0.0009256998309865594,2.91336555332888,0.0,0.0,0.0,0.0,0.0,0.7046772589686536,0.48908673724323065,0.75
bulk,lucb,13,240.0,240.0,5.043517099460587,0.0012055995175614953,2.9087072724727854,0.0,0.031517428287886506,0.0,0.03913262240258175,-2.220446049250313e-16,0.6987002309369679,0.48518092413659125,0.75
bulk,lucb,14,30.0,30.0,0.7594324999954551,0.00020329986000433564,3.1483401643114064,0.6360584414356751,0.3677446822649605,0.2847576172114811,0.3212237045661581,0.3074865673199977,1.0729020614532236,0.5934136376947938,0.25
bulk,lucb,14,60.0,60.0,1.435460900189355,0.0005024996935389936,3.0574148231652214,0.0,0.21142111729533908,0.06273154742100173,0.04953466319969879,0.06772541827144496,0.7533321145605724,0.5566123033710628,0.40625
bulk,lucb,14,120.0,120.0,2.6146557003376074,0.0007872998830862343,3.010537661906129,0.0,0.21142111729533908,0.06273154742100173,0.04953466319969879,0.07809215195067187,0.6639360520543028,0.4876859674398516,0.71875
bulk,lucb,14,180.0,180.0,3.9439330001478083,0.0011111999046988785,2.972002472324386,0.0,0.21142111729533908,0.06273154742100173,0.04953466319969879,0.08275953574740946,0.6223553597656997,0.463953808818037,0.75
bulk,lucb,14,240.0,240.0,5.1134959000046365,0.0013825002824887633,2.9516801527233056,0.0,0.21142111729533908,0.06273154742100173,0.04953466319969879,0.07809215195067187,0.6043366437482786,0.4513417361978163,0.8541666666666666
bulk,lucb,15,30.0,30.0,0.749674900143873,0.00017500005196779966,3.504948696083803,0.0,0.0,0.0,0.03712017172502291,0.059286019007036006,1.0573681900275465,0.5345254413297845,0.25
bulk,lucb,15,60.0,60.0,1.411400200217031,0.0003266999265179038,3.4639778154781085,0.0,0.0,0.0,0.030530236227788055,0.053174095250161146,1.0159447105973665,0.5124746519622861,0.40625
bulk,lucb,15,120.0,120.0,2.6197468999307603,0.0005993999657221138,3.368442055880053,0.0,0.17385482114263417,2.220446049250313e-16,0.0452446551672927,0.05317409525016137,0.9896971468888571,0.4509330486551938,0.71875
bulk,lucb,15,180.0,180.0,3.9263857998885214,0.0008933998178690672,3.2835348100351442,0.0,0.0,0.0,0.0,0.011211335082839669,0.8279892985446423,0.4363114189131005,0.75
bulk,lucb,15,240.0,240.0,5.067629899887834,0.001189699920359999,3.2481116262450525,0.0,0.0,0.0,0.0,0.0016141556737296892,0.8158200389038185,0.418022054101073,0.8020833333333334
bulk,lucb,16,30.0,30.0,0.7214243999915197,0.00014359998749569058,3.271471672839599,0.7612096729939878,0.44994983408849487,0.3885970861602531,0.4680305457861508,0.48079287000375237,1.6265353453873475,0.6220245597491763,0.25
bulk,lucb,16,60.0,60.0,1.3542855001869611,0.0003082999028265476,3.2282059687263396,0.7612096729939878,0.44994983408849487,0.3885970861602531,0.4680305457861508,0.4071736899865507,1.5915130486208067,0.5968514974024043,0.3958333333333333
bulk,lucb,16,120.0,120.0,2.621368200343568,0.0005983998416922987,3.094620620842054,0.7612096729939878,0.44994983408849487,0.14222250852011886,0.11872239330047574,0.052976438293746986,1.0881495167238269,0.514888750785142,0.7083333333333334
bulk,lucb,16,180.0,180.0,3.923340300505515,0.0020822003134526312,3.0359755762520897,0.7612096729939878,0.26775299647145967,0.14222250852011886,0.07666757678473457,0.0529764382937471,1.0102813677942306,0.49939948526709604,0.75
bulk,lucb,16,240.0,240.0,5.042623100511264,0.002349400136154145,3.0120861954386933,0.7612096729939878,0.26775299647145967,0.14222250852011886,0.07666757678473457,0.0529764382937471,1.0002919766274654,0.48067480071811497,0.78125
bulk,lucb,17,30.0,30.0,0.7029659999534488,0.000172399973962456,3.2357299510193136,0.0,0.0,0.0,0.040565608017942956,0.04889644084976197,0.7235922343769369,0.4939066938968884,0.25
bulk,lucb,17,60.0,60.0,1.362130499794148,0.0003284999984316528,3.2049417001395475,0.0,0.0,0.0,0.018130369706661487,0.05413710075025202,0.6634312611558454,0.4813515711781326,0.375
bulk,lucb,17,120.0,120.0,2.558298399497289,0.0006040999433025718,3.1485979623900597,0.0,0.0,0.0,0.018130369706661487,0.057575247938676855,0.5400236881019713,0.4136254040248321,0.6875
bulk,lucb,17,180.0,180.0,3.847392799507361,0.0008930997573770583,3.0968295842543747,0.0,0.0,0.0,0.018130369706661487,0.057575247938676855,0.4956569217791908,0.4018241117003938,0.75
bulk,lucb,17,240.0,240.0,5.052018699818291,0.001179699960630387,3.050896510043831,0.0,0.0,0.0,0.0,0.0,0.4455500963072757,0.39151612156082205,0.75
bulk,lucb,18,30.0,30.0,0.7060780998435803,0.00015040038852021098,3.154507697923941,0.0,0.25692586524876004,0.30973115235145077,0.2454347245067019,0.24658791018842263,0.9073980779377637,0.6142535927534576,0.25
bulk,lucb,18,60.0,60.0,1.3453074000426568,0.0003473003744147718,3.107854088701961,0.0,0.04572703425338642,0.15400109843593457,0.16746394168473222,0.17949643076998534,0.7624617883655235,0.5944829747838017,0.375
bulk,lucb,18,120.0,120.0,2.5513538999366574,0.0006448000203818083,3.0201882892823964,0.0,0.04482090638421232,0.09105068983458497,0.07214967175900822,0.1045495325516047,0.6641039347602057,0.5253447962786372,0.6875
bulk,lucb,18,180.0,180.0,3.9011663000565022,0.0009481999441049993,2.958527419528202,0.0,0.04482090638421232,0.033717390745559905,0.0721496717590081,0.08352430877602479,0.5944011139992915,0.48911080438907806,0.75
bulk,lucb,18,240.0,240.0,5.109849600004964,0.0012610999983735383,2.9406104778750244,0.0,0.04482090638421232,0.033717390745559905,0.0721496717590081,0.08352430877602479,0.5812913984648368,0.4827040586797235,0.7916666666666666
bulk,lucb,19,30.0,30.0,0.654859900008887,0.00014879979426041245,3.2811158976934323,0.0,0.0,0.1381525252938114,0.10592878951863327,0.1564436280598941,0.8560264605073479,0.5736889166091355,0.25
bulk,lucb,19,60.0,60.0,1.3276887000538409,0.0002937999088317156,3.2453711557500355,0.0,0.0,0.10614598625102656,0.07882361115574621,0.08049008026458682,0.8088270153013629,0.5660130900364679,0.3958333333333333
bulk,lucb,19,120.0,120.0,2.6073895998997614,0.0005984999588690698,3.133207662985144,0.0,0.0,0.0,0.018735817233673457,0.08049008026458682,0.7134487268479788,0.5113757562219493,0.7083333333333334
bulk,lucb,19,180.0,180.0,3.881294700142462,0.0009110001847147942,3.0539693247069573,0.0,0.0,0.019160339630237444,0.005158618401740367,0.01632071659503953,0.6419897922235792,0.4988993554316324,0.75
bulk,lucb,19,240.0,240.0,5.036588000308257,0.00119089987128973,3.020998015634003,0.0,0.0,0.019160339630237444,0.005158618401740367,0.01632071659503953,0.6121110528897054,0.4871751076120089,0.7916666666666666
bulk,lucb,20,30.0,30.0,0.6613158001564443,0.00014189997455105186,3.266342782277398,0.0,0.08721791592256556,0.14191883106454983,0.17943096180905316,0.15105573356379132,1.6302034780851966,0.5325047380049148,0.25
bulk,lucb,20,60.0,60.0,1.3073302002740093,0.0002962999860756099,3.227049229505482,0.0,0.0,0.009181820535113516,0.06297952681629593,0.10165677142409513,1.5674194029529103,0.518118893455951,0.3645833333333333
bulk,lucb,20,120.0,120.0,2.6243774000904523,0.0005950002232566476,3.161449643670679,0.0,0.0,0.009181820535113516,0.06297952681629593,0.056107427043823765,1.111425354202744,0.4732651484666033,0.6666666666666666
bulk,lucb,20,180.0,180.0,3.8400609000818804,0.0008798000053502619,3.0658881433615512,0.0,0.0,0.009181820535113516,0.008264731339944542,0.01517998748172944,1.0078750098636369,0.43762285490436903,0.75
bulk,lucb,20,240.0,240.0,4.995213399932254,0.0011724000796675682,3.0261526501250398,0.0,0.0,0.009181820535113516,0.008264731339944542,0.01517998748172944,0.9898109688449525,0.4297948079005492,0.75
bulk,lucb,21,30.0,30.0,0.6538869002251886,0.0001381001784466207,3.190081201782622,0.0,0.01102913629152058,0.007846699964304427,-2.220446049250313e-16,-2.220446049250313e-16,0.7337145006657062,0.5664039533876262,0.25
bulk,lucb,21,60.0,60.0,1.2939833001582883,0.0002811002195812762,3.1511728311547755,0.0,0.004890268971063372,0.007846699964304538,0.0,0.0,0.6794376812486806,0.5520387048791242,0.3645833333333333
bulk,lucb,21,120.0,120.0,2.6025897004292347,0.0005608999636024237,3.137333869255882,0.0,0.004890268971063372,-2.220446049250313e-16,0.006315957826361851,-2.220446049250313e-16,0.6476877428585938,0.5092563051241431,0.6770833333333334
bulk,lucb,21,180.0,180.0,3.8397249000845477,0.0008613000391051173,3.0825142622385635,0.0,0.0,0.0,0.0,0.0,0.531422445183772,0.4729936221203472,0.75
bulk,lucb,21,240.0,240.0,5.018673699814826,0.0011511998600326478,3.007667528146824,0.0,0.0,0.0,0.0,0.0,0.4437859126295766,0.4619884920117838,0.75
bulk,lucb,22,30.0,30.0,0.6308038000715896,0.00014580012066289783,3.5318909007034294,0.0,0.3819845801065104,0.3384277256286531,0.3521877571970603,0.3220856225743789,2.42212179416292,0.5667800502785857,0.25
bulk,lucb,22,60.0,60.0,1.2442453000112437,0.0002862999099306762,3.4659718405072653,0.0,0.3048491510866297,0.29063128051387055,0.2961974973745196,0.3097927333659525,2.3765915690689727,0.5451171024586203,0.3854166666666667
bulk,lucb,22,120.0,120.0,2.5313457000884227,0.0005681996117345989,3.326892225552921,0.0,0.0,0.0,0.0,0.024616010974617075,1.522775557718029,0.47184263462875914,0.6979166666666666
bulk,lucb,22,180.0,180.0,3.739215500012506,0.0008598992135375738,3.2780705273661717,0.0,0.0,0.0,0.0,0.024616010974617075,1.4691216588336864,0.4383937335572212,0.75
bulk,lucb,22,240.0,240.0,4.915844999952242,0.0011640989687293768,3.289619458269401,0.0,0.0,0.020543402010223755,0.0,0.024616010974617075,1.468062481960338,0.4361039335414883,0.75
bulk,lucb,23,30.0,30.0,0.6388648001593538,0.00014940026449039578,3.2630500417538713,0.0,0.0,0.04842216513930142,0.09128235294387554,0.11301825641919738,1.2369431161160707,0.5564885737861508,0.25
bulk,lucb,23,60.0,60.0,1.2229563999571837,0.00029000017093494534,3.195763311861905,0.0,0.0,0.04842216513930142,0.0,0.008200934812128136,1.1030321700313273,0.522372746381824,0.3958333333333333
bulk,lucb,23,120.0,120.0,2.5865706999902613,0.0006129000685177743,3.1516372841022218,0.0,0.0,0.04842216513930142,0.0,0.008200934812128136,1.0629472019827926,0.45705548462167345,0.7083333333333334
bulk,lucb,23,180.0,180.0,3.8047590999049135,0.0009277999633923173,3.112510050120003,0.0,0.0,0.04842216513930142,0.0,0.0034999151229940795,1.0612647743843493,0.45369259784360494,0.75
bulk,lucb,23,240.0,240.0,4.9685705997399054,0.0012135000433772802,3.070624187850641,0.0,0.0,0.04842216513930142,0.0,0.0,1.0473322133927259,0.4318023105782757,0.8854166666666666
bulk,lucb,24,30.0,30.0,0.6952676000073552,0.00014919997192919254,3.186251795854657,0.3133228403882854,0.5074523370458608,0.48496124724126166,0.30121112351513746,0.34245712027409425,0.947015808198761,0.5555009180584851,0.25
bulk,lucb,24,60.0,60.0,1.2846033000387251,0.00029200006974861026,3.1293830492385797,0.3133228403882854,0.3326719590855888,0.35649397469777877,0.33409328321657084,0.20079870930248345,0.8558182871803472,0.5428286143599897,0.3333333333333333
bulk,lucb,24,120.0,120.0,2.5202112999977544,0.0005879000527784228,3.0751375953404554,0.3133228403882854,0.16449429928248105,0.1603642916349628,0.13458795812647262,0.1663174099950525,0.7749599664797553,0.4754508617833904,0.6458333333333334
bulk,lucb,24,180.0,180.0,3.7005951999453828,0.0008880997193045914,2.9975443411705824,0.3133228403882854,0.11449552435351973,-2.220446049250313e-16,0.009018496620768368,0.00760114510952814,0.5636650644569797,0.447591499286239,0.75
bulk,lucb,24,240.0,240.0,4.959223800105974,0.0012227999977767467,2.9933182622000154,0.3133228403882854,0.11449552435351973,-2.220446049250313e-16,0.009018496620768368,0.00760114510952814,0.547145855320893,0.44161634369118447,0.75
bulk,lucb,25,30.0,30.0,0.6520910001127049,0.00014570000348612666,3.0998959601434546,0.0,0.0,0.10830087873484273,0.04785468916974911,0.0410256365283006,0.6790876473909067,0.546771393192017,0.25
bulk,lucb,25,60.0,60.0,1.193991100299172,0.00027260021306574345,3.0634092614254342,0.0,0.0,0.0,0.0,0.028741502247438322,0.584824231032016,0.5190060142068627,0.3958333333333333
bulk,lucb,25,120.0,120.0,2.4111332002212293,0.0005428999429568648,2.999622736871668,0.0,0.0,0.0,0.03170507256356292,0.026315267112821727,0.5279756101268602,0.4591022174187028,0.7083333333333334
bulk,lucb,25,180.0,180.0,3.567526900267694,0.0008264998905360699,2.9264056365068964,0.0,0.0,0.0,0.009958236095370387,0.006506499767683804,0.4495109921251279,0.4330320196682548,0.75
bulk,lucb,25,240.0,240.0,4.8050805001403205,0.0011111999046988785,2.9070250693544843,0.0,0.0,0.0,0.009958236095370387,0.006506499767683804,0.438913026452606,0.4059016294418606,0.8854166666666666
bulk,lucb,26,30.0,30.0,0.6717068001162261,0.00014720013132318854,3.3020302470589513,0.30960974962972854,0.40763569968347324,0.3046181574878566,0.10810823734889108,0.13315289745721526,1.0059751639372474,0.5068788108881026,0.25
bulk,lucb,26,60.0,60.0,1.2824828000739217,0.00029160024132579565,3.2668099630215663,0.30960974962972854,0.0,0.13245186067683523,0.10464703495413497,0.13028401300177028,0.8764579101633825,0.49523599314533107,0.3333333333333333
bulk,lucb,26,120.0,120.0,2.524847100081388,0.0005831998423673213,3.1867353298667567,0.30960974962972854,0.0,0.001537632384483234,0.004676048823212486,0.04742113028187167,0.7747646584647284,0.44750344141894866,0.6458333333333334
bulk,lucb,26,180.0,180.0,3.690614699968137,0.0008671999676153064,3.0987628982437436,0.0,0.045818202188495194,0.001537632384483234,0.004676048823212486,1.1102230246251565e-16,0.5476766105044919,0.40831675542951973,0.75
bulk,lucb,26,240.0,240.0,5.028205699753016,0.0011463002301752567,3.088280442076942,0.0,0.0,0.001537632384483234,0.004676048823212486,1.1102230246251565e-16,0.5427759485458402,0.40772225024039116,0.75
bulk,lucb,27,30.0,30.0,0.7018514000228606,0.0001490999129600823,3.1975050634305426,0.21785638481389136,0.14745465975996241,0.23716709810641023,0.3232079659749364,0.36649557828745594,0.8867821562710302,0.5995390693953174,0.25
bulk,lucb,27,60.0,60.0,1.269450900144875,0.0002867999719455838,3.125586492956264,0.21785638481389136,0.14745465975996241,0.0756479823579419,0.1840571202043545,0.20945570755805176,0.7368407667435106,0.5670989954329404,0.3958333333333333
bulk,lucb,27,120.0,120.0,2.5147685997071676,0.0005898000090382993,3.054954239240267,0.09687691091996087,0.0490082422993261,0.0756479823579419,0.11437503113105951,0.1518121837565849,0.6272419496360531,0.5055315697594192,0.7083333333333334
bulk,lucb,27,180.0,180.0,3.659806499897968,0.0008879001252353191,3.007935217766569,0.0,0.037245133134619635,0.0,0.0,0.0,0.5017995346119942,0.4909797105873472,0.75
bulk,lucb,27,240.0,240.0,4.9454024999868125,0.0011973001528531313,2.962557929741891,0.0,0.037245133134619635,0.0,0.004737850298568658,2.220446049250313e-16,0.4743507984875617,0.45703271322409217,0.8854166666666666
bulk,lucb,28,30.0,30.0,0.6467969999648631,0.00015810003969818354,3.298115543158866,0.6356449631964014,0.42370183547621587,0.3282441910805922,0.3914158899564152,0.4032994600523804,1.1743831670304667,0.5660753516101829,0.25
bulk,lucb,28,60.0,60.0,1.1952725999290124,0.000391000066883862,3.243460310349656,0.0,0.04261714568147823,0.0,0.009746287568244694,0.05937019618707373,0.854437791108157,0.5442458096637873,0.3854166666666667
bulk,lucb,28,120.0,120.0,2.463265499973204,0.00068910006666556,3.169350166882005,0.0,0.0,0.0,0.009746287568244694,0.05586461907104889,0.6755369578813313,0.46263268060565854,0.6979166666666666
bulk,lucb,28,180.0,180.0,3.595554400177207,0.000975200324319303,3.131566131350496,0.0,0.0,0.0,0.009746287568244694,0.05937019618707373,0.665516335050154,0.4534948488581645,0.75
bulk,lucb,28,240.0,240.0,4.931955200328957,0.0013007002416998148,3.1036019802691843,0.0,0.0,0.0,0.009746287568244694,0.05937019618707373,0.652180589290755,0.44649516716065624,0.7604166666666666
bulk,lucb,29,30.0,30.0,0.64618820004398,0.00016269984189420938,3.0990808294328276,0.0,0.09242521024766526,0.000794431615735891,1.1102230246251565e-16,1.1102230246251565e-16,1.0395053621444865,0.6250883304531101,0.2604166666666667
bulk,lucb,29,60.0,60.0,1.2311244999291375,0.00029709975933656096,3.0642152266487606,0.0,0.09242521024766526,0.000794431615735891,0.00868037102467667,1.1102230246251565e-16,1.0037216323115281,0.5948180368498349,0.4166666666666667
bulk,lucb,29,120.0,120.0,2.4356575998826884,0.0005833995528519154,3.031034873502269,0.0,0.0,0.00079443161573578,0.008680371024676448,0.0,0.9342194379002091,0.531926782581589,0.7291666666666666
bulk,lucb,29,180.0,180.0,3.59493489965098,0.0008621996967121959,2.9883573022891707,0.0,0.0,0.00079443161573578,0.0,0.0,0.9003307190004776,0.5048419016291247,0.75
bulk,lucb,29,240.0,240.0,4.939098999660928,0.0011620998266153038,2.9251137308574613,0.0,0.0,0.00079443161573578,0.0,0.0,0.8486601262844162,0.48229659066321284,0.8333333333333334
bulk,lucb,30,30.0,30.0,0.6624117998289876,0.00014329986879602075,3.278484854137981,0.0,0.06508524388206216,0.0245066728743909,0.17443640690257023,0.2115971936404184,0.8548246188107831,0.5665411863428614,0.25
bulk,lucb,30,60.0,60.0,1.2333011996815912,0.0002795997424982488,3.222815760768387,0.0,0.06508524388206216,0.0245066728743909,0.15020982802161165,0.19025900134070495,0.8021983072542087,0.5504169509185206,0.3958333333333333
bulk,lucb,30,120.0,120.0,2.5146353995078243,0.0005713996943086386,3.1422473531999677,0.0,0.0,0.024506672874391122,0.15020982802161176,0.19025900134070506,0.7153691158290731,0.485028043732415,0.7083333333333334
bulk,lucb,30,180.0,180.0,3.700433399877511,0.0008599999127909541,3.0672451989909093,0.0,0.06508524388206216,0.0245066728743909,-2.220446049250313e-16,0.004402126410558926,0.5625107015562751,0.4731284731378371,0.75
bulk,lucb,30,240.0,240.0,5.064763499831315,0.0011835998157039285,2.9940199933511855,0.0,0.0,0.024506672874391122,0.0,0.0044021264105591484,0.4661816027635412,0.4616928674022243,0.75
bulk,lucb,31,30.0,30.0,0.6586934999795631,0.00015760003589093685,3.094883004375165,0.06274080504417423,0.09456689760901471,0.2886490572381005,0.16507801479423156,0.20734496661200574,1.0455662866726372,0.5936251052302093,0.2604166666666667
bulk,lucb,31,60.0,60.0,1.2620324999443255,0.0003165999660268426,3.0577395641715874,0.06274080504417423,0.09456689760901471,0.2886490572381005,0.16507801479423156,0.19304331727914237,0.9905853059284027,0.5679834034642016,0.4166666666666667
bulk,lucb,31,120.0,120.0,2.4796920997905545,0.0005871998146176338,3.012167408280734,0.06274080504417423,0.09456689760901471,0.2886490572381005,0.16507801479423156,0.20436863014747741,0.9404795867819582,0.5104690802744845,0.7291666666666666
bulk,lucb,31,180.0,180.0,3.59725689975312,0.0008596993866376579,2.9199375852669736,0.06274080504417423,0.09456689760901471,0.0,0.0,0.0,0.8307366848029705,0.4829057891324084,0.75
bulk,lucb,31,240.0,240.0,4.900383899861481,0.0011607992346398532,2.8666563851938065,0.06274080504417423,0.09456689760901471,0.0,0.0,0.0,0.815428789699251,0.42953468234429704,1.0
bulk,lucb,32,30.0,30.0,0.6046795998699963,0.00014890014426782727,3.301126763341823,0.5302285831968423,0.4587402895224958,0.5540451749920725,0.5383304893171503,0.49823859903495515,1.145449380444157,0.5887135769503077,0.25
bulk,lucb,32,60.0,60.0,1.2160710998577997,0.0003173002041876316,3.2236145525961697,0.6865651110505455,0.525667106092031,0.4733759608265713,0.4626939220274817,0.43005823543579746,1.0931154383016275,0.5700739015820383,0.375
bulk,lucb,32,120.0,120.0,2.4179397997795604,0.0006238999194465578,3.100883357397153,0.0,0.10986297684933799,0.0747281488445043,0.13184934260118097,0.1489906001916148,0.7403466140950447,0.490824955821663,0.6875
bulk,lucb,32,180.0,180.0,3.548840999486856,0.0008951995405368507,3.0611358589362667,0.0,0.0,0.0747281488445043,0.07861065790731536,0.10283618214317936,0.6505113600416667,0.46831138394318395,0.75
bulk,lucb,32,240.0,240.0,4.872536399634555,0.0012082994799129665,3.027473730806842,0.0,0.0,0.0747281488445043,0.07861065790731536,0.10283618214317936,0.6369110126052023,0.4478351978575241,0.8229166666666666
bulk,lucb,33,30.0,30.0,0.564291600137949,0.00012300012167543173,3.6354495235437807,0.0,0.027815983603494576,0.17108535613751996,0.23109600138918696,0.2487892546563124,1.5500101859454944,0.5137816962496787,0.25
bulk,lucb,33,60.0,60.0,1.1859692001598887,0.0002774001914076507,3.5592971607752073,0.0,0.0,0.0,0.05782688318142193,0.12099975319608658,1.44024837505334,0.5026714059168632,0.3645833333333333
bulk,lucb,33,120.0,120.0,2.422197200008668,0.0005676002474501729,3.436505943881978,0.0,0.0,0.0,0.004773073089081481,0.050630711633390946,1.1503094345431712,0.46131751076494426,0.65625
bulk,lucb,33,180.0,180.0,3.562983399955556,0.0008485001162625849,3.402571893208074,0.0,0.0,0.0,0.004773073089081481,0.0,1.0977619720868401,0.4257346798150345,0.75
bulk,lucb,33,240.0,240.0,4.896808199991938,0.0011843000538647175,3.3770288422823267,0.0,0.0,0.0,0.004773073089081481,0.0,1.0579997395934349,0.42654322246973647,0.75
bulk,lucb,34,30.0,30.0,0.5608279001316987,0.00012679985957220197,3.1038393911256,0.09694839895613083,0.0,0.06691769435343764,0.16625810731097246,0.2205444535112573,0.8735779193091094,0.5931827982483091,0.25
bulk,lucb,34,60.0,60.0,1.1896899999701418,0.0002708997926674783,3.0776207548350936,0.5480023794920852,0.2879598110694911,0.06691769435343764,0.1542437920012909,0.2022264227496141,0.830121934324819,0.5702989232942876,0.3958333333333333
bulk,lucb,34,120.0,120.0,2.3668508998816833,0.0005857996293343604,3.0586975671879757,0.0,0.2370161588306594,0.06691769435343764,0.1542437920012909,0.2022264227496141,0.7475272458579615,0.5223763502237517,0.7083333333333334
bulk,lucb,34,180.0,180.0,3.5990395997068845,0.0008857991779223084,2.9840361181967565,0.0,0.2370161588306594,0.06691769435343764,0.0862749927784291,0.14997498073478677,0.6453740692819498,0.49598049925234944,0.75
bulk,lucb,34,240.0,240.0,4.8122697998187505,0.001183799235150218,2.926996863812908,0.09694839895613083,0.0,0.05056151128698938,0.04093788921117614,0.09402766890208203,0.5552851248470729,0.45867021265915564,0.8958333333333334
bulk,lucb,35,30.0,30.0,0.6273218999849632,0.00015130004612728953,3.061224999921365,0.5464059612061848,0.28019429645802607,0.3209413452175034,0.40879801764346857,0.4605964411119343,0.8099767265316926,0.6222865042969158,0.2604166666666667
bulk,lucb,35,60.0,60.0,1.2430094997398555,0.0002953000948764384,2.9816113176892434,0.5464059612061848,0.28019429645802607,0.1754218901676824,0.1483658108495708,0.15523241874915805,0.6325969688567948,0.5858824616824658,0.4166666666666667
bulk,lucb,35,120.0,120.0,2.455585599411279,0.0005958998808637261,2.926019811127434,0.0,0.26125221572234736,0.30589259537895497,0.14642117860150683,0.02937541760549256,0.48930810059600127,0.5211030979205248,0.7291666666666666
bulk,lucb,35,180.0,180.0,3.705077299149707,0.0009052997920662165,2.889169945727685,0.0,0.0,0.0,0.0,0.02937541760549256,0.4319212769593588,0.5130539045815814,0.75
bulk,lucb,35,240.0,240.0,4.984029199287761,0.0012174997827969491,2.852295198442146,0.0,0.0,0.0,0.0,0.02770192374563618,0.4170058124594249,0.4514308130756816,1.0
bulk,lucb,36,30.0,30.0,0.6070848000817932,0.00013900035992264748,3.205850735991401,0.9193482843019163,0.8369618959571454,0.7599437650166688,0.6692081232746021,0.665730504886342,1.480961777443336,0.5691045281038564,0.25
bulk,lucb,36,60.0,60.0,1.2070582002052106,0.00026840047212317586,3.1690056955315633,0.9193482843019163,0.8164142266045267,0.7599437650166688,0.6692081232746021,0.5633472973355362,1.4423914225419237,0.5430377759684945,0.40625
bulk,lucb,36,120.0,120.0,2.434645200497471,0.0005478006205521524,2.9731944188277395,0.0,0.0,0.0,0.0,0.007794075257673061,0.5674576840643127,0.4708898441538299,0.71875
bulk,lucb,36,180.0,180.0,3.578252800332848,0.0008362006628885865,2.9229754035905273,0.0,0.0,0.0,0.0271372050733234,0.007794075257673061,0.519006620008717,0.45059475163729135,0.75
bulk,lucb,36,240.0,240.0,4.803710600419436,0.001125701004639268,2.903696101536853,0.0,0.0,0.0,0.0,0.007794075257673061,0.5130878605613798,0.42158507917918076,0.8854166666666666
bulk,lucb,37,30.0,30.0,0.5818333000643179,0.00013389985542744398,3.055674848776288,0.47890656822479993,0.2712777036835742,0.34605557834148715,0.26917924769022816,0.2910275327993451,0.8530880432995082,0.5961613458240462,0.25
bulk,lucb,37,60.0,60.0,1.1018836999428459,0.000278499792329967,2.9997673076271774,0.47890656822479993,0.2712777036835742,0.04810648354115099,0.03223733810142049,0.027219352614211934,0.6800464845043853,0.5735193783436785,0.3854166666666667
bulk,lucb,37,120.0,120.0,2.3163931003655307,0.0005791000439785421,2.9394875937093694,0.2346261350567539,0.0,0.0,0.02040348096972866,0.027219352614212045,0.5234346926108225,0.5247954449218177,0.6979166666666666
bulk,lucb,37,180.0,180.0,3.4296477003372274,0.0008766997489146888,2.8965381656968177,0.2346261350567539,0.0,0.033225675724150694,0.02040348096972866,0.0,0.43064579878622944,0.4999390781604946,0.75
bulk,lucb,37,240.0,240.0,4.64651820063591,0.0011699998285621405,2.8729534884272394,0.2346261350567539,0.0,0.0,0.02040348096972866,0.0,0.4113676766830484,0.49576586208026346,0.75
bulk,lucb,38,30.0,30.0,0.5821459999424405,0.0001382000045850873,3.041486002868417,0.0,0.0,0.0709663591351386,0.1053398768810978,0.11512849400771985,0.8719867751010588,0.6462518998758057,0.25
bulk,lucb,38,60.0,60.0,1.1782616001437418,0.0002791000879369676,2.9919842947573714,0.0,0.0,0.0709663591351386,0.05924126523726403,0.04935836202003341,0.796855101813178,0.6223710276798987,0.3958333333333333
bulk,lucb,38,120.0,120.0,2.391101700195577,0.0005750003037974238,2.9135389184561897,0.0,0.0,0.0,0.0,0.018502938611047903,0.5705364133812967,0.5227099151956535,0.7083333333333334
bulk,lucb,38,180.0,180.0,3.6057276006322354,0.0008649006485939026,2.9122032852612976,0.0,0.0,0.0,0.03392025025040213,0.026132047268643932,0.5517898801058321,0.5141571402307236,0.75
bulk,lucb,38,240.0,240.0,4.781863000651356,0.00117350067012012,2.8765349411907555,0.0,0.0,0.0,0.0,0.026132047268643932,0.5149157678253411,0.47732328317917755,0.8541666666666666
bulk,lucb,39,30.0,30.0,0.6270827999105677,0.00014439999358728528,3.164723507826224,0.0,0.07035752438611154,0.052905575388039416,0.12148442248522018,0.16517456139929565,0.9042341216141729,0.5751769070016088,0.25
bulk,lucb,39,60.0,60.0,1.23002479999559,0.0002875999198295176,3.1445240734358895,0.0,0.07035752438611154,0.052905575388039416,0.12148442248522018,0.17333530495518812,0.8642522864584065,0.5559463124570082,0.3958333333333333
bulk,lucb,39,120.0,120.0,2.4298164002830163,0.000581699947360903,3.073907342841563,0.0,0.07035752438611154,0.052905575388039416,0.0129817478916332,0.07714285135248444,0.746087018702064,0.49722070800177975,0.7083333333333334
bulk,lucb,39,180.0,180.0,3.628548800421413,0.0008787996484898031,2.9762513936002475,0.0,0.07035752438611154,0.052905575388039416,0.0129817478916332,0.0,0.6547115016142955,0.4722443538386643,0.75
bulk,lucb,39,240.0,240.0,4.7786574002821,0.0011498997337184846,2.9211407580813025,0.0,0.005934953009078203,0.0,0.0129817478916332,0.0,0.5481929953114346,0.4374867750242145,0.8958333333333334
bulk,lucb,40,30.0,30.0,0.5846392998937517,0.00013470032718032598,3.1822366001705595,0.0,0.2992658470036381,0.3166081511942582,0.30979119210475414,0.2563644858155274,1.132320687901858,0.5724741206946595,0.25
bulk,lucb,40,60.0,60.0,1.1597559999208897,0.0002970003988593817,3.1516398804821093,0.0,0.2992658470036381,0.3166081511942582,0.27269512630306725,0.2563644858155274,1.0809371233255705,0.5434615485617831,0.375
bulk,lucb,40,120.0,120.0,2.4164656999055296,0.0006001003785058856,3.048733456225577,0.0,0.2992658470036381,0.2534251483153044,0.2548605117730509,0.2563644858155273,1.0210547731309805,0.4800641629078992,0.6875
bulk,lucb,40,180.0,180.0,3.5982004997786134,0.0008903001435101032,2.965021808539412,0.0,0.24867597642446881,0.0029456069432038934,0.0,0.01252738129712161,0.5884878070394807,0.43911648123747354,0.75
bulk,lucb,40,240.0,240.0,4.762882599839941,0.0011798003106378019,2.9338876086162764,0.0,0.24867597642446881,0.0029456069432038934,0.0,0.01252738129712161,0.5689987286449391,0.42017088104891614,0.8020833333333334
bulk,lucb,41,30.0,30.0,0.601080100168474,0.0001414999715052545,3.275979062983174,0.04885743558879829,0.10518562052059677,0.005204431082027061,0.1612146396243741,0.043268620535836244,0.8284880144480438,0.579457943540076,0.25
bulk,lucb,41,60.0,60.0,1.1849979000980966,0.00028889975510537624,3.256885345132659,0.20523214136174073,0.10518562052059677,0.005204431082027061,0.0,0.043268620535836244,0.7597767344029305,0.5533720955774157,0.3958333333333333
bulk,lucb,41,120.0,120.0,2.4753937002969906,0.000580499938223511,3.215399375599801,0.20523214136174073,0.10518562052059677,0.005204431082027061,0.0,0.013239410232943616,0.7135035856239648,0.5037828708021971,0.7083333333333334
bulk,lucb,41,180.0,180.0,3.640504900191445,0.0008663000189699233,3.137189795461932,0.20523214136174073,0.08014519729373637,0.005204431082027061,0.0,0.02353506157889229,0.6143467923442909,0.48166462997063186,0.75
bulk,lucb,41,240.0,240.0,4.79115060006734,0.001160500105470419,3.040082555235615,0.04885743558879829,0.10518562052059677,0.005204431082027061,0.0,0.01963944615914137,0.5150465373462244,0.45076648854595813,0.8125
bulk,lucb,42,30.0,30.0,0.5893871000153013,0.0001414999715052545,3.1753570964376556,0.0,0.03932052416323106,0.15261583215128205,0.09785315746621315,0.10982586612828127,1.0672417552837872,0.6237062212543706,0.25
bulk,lucb,42,60.0,60.0,1.1581690000602975,0.00027090025832876563,3.1120002147576566,0.0,0.0,0.025338251261279865,0.09785315746621326,0.10982586612828138,0.9981643287942218,0.6056998172231891,0.3645833333333333
bulk,lucb,42,120.0,120.0,2.3773828999255784,0.0005802000523544848,3.0044076665367547,0.0,0.0,0.025338251261279865,0.0,0.0,0.7249623899962815,0.5170568926484069,0.6770833333333334
bulk,lucb,42,180.0,180.0,3.5504786001401953,0.0008675001445226371,2.9137463211255707,0.0,0.0,0.025338251261279865,0.0,0.0,0.6232154152801517,0.491529868913038,0.75
bulk,lucb,42,240.0,240.0,4.738128500059247,0.0011516002705320716,2.879159261515998,0.0,0.03932052416323106,0.027281327953462275,-2.220446049250313e-16,0.0,0.5706719676851465,0.48899744516498544,0.75
bulk,lucb,43,30.0,30.0,0.579838200181257,0.00014329998521134257,3.251046535882798,0.06499276227661721,0.30766667912059076,0.30964645697383963,0.3018538260991602,0.3052893457536052,1.5087429817364546,0.6205473240647404,0.22916666666666666
bulk,lucb,43,60.0,60.0,1.1561864005052485,0.0002842000685632229,3.211326158777539,0.06499276227661721,0.24167478978350787,0.30964645697383975,0.30185382609916045,0.26699000021266295,1.4630770841885739,0.6054502629087193,0.3645833333333333
bulk,lucb,43,120.0,120.0,2.365694600623101,0.0006064000772312284,3.030087553590216,0.06499276227661721,0.11540695708557702,0.0,0.0,0.0,0.7609765927331701,0.5144666658764839,0.6666666666666666
bulk,lucb,43,180.0,180.0,3.562863800965715,0.0009151998674497008,2.9955737180899464,0.06499276227661721,0.11540695708557702,0.0,0.0,0.0,0.7073551139097946,0.4791049921036629,0.75
bulk,lucb,43,240.0,240.0,4.749068501405418,0.0012144998763687909,2.9732302858312725,0.06499276227661721,0.11540695708557702,0.0,0.0,0.0,0.6617413580620028,0.4766961613371851,0.75
bulk,lucb,44,30.0,30.0,0.6049243001034483,0.0001356002176180482,3.015188911462632,0.5317911584081663,0.3192804546709932,0.2979542708223587,0.34519900875535203,0.33209371366751506,1.0261193523623495,0.6337902163883186,0.25
bulk,lucb,44,60.0,60.0,1.2200029001687653,0.00028260023100301623,2.961802540594789,0.5317911584081663,0.3192804546709932,0.2979542708223587,0.3110036566957858,0.3208016969996976,1.0008072810392596,0.6242723182739744,0.3958333333333333
bulk,lucb,44,120.0,120.0,2.42192230024375,0.0005668001249432564,2.8795238171182582,0.0,0.11850661846540711,0.0,0.06422467816093069,0.056269545785681774,0.5356610825712784,0.5416783585565083,0.7083333333333334
bulk,lucb,44,180.0,180.0,3.598628700070549,0.0008625999325886369,2.823077819966773,0.0,0.11850661846540711,0.0,0.0,0.02785998259794542,0.4370873766895166,0.519105802233196,0.75
bulk,lucb,44,240.0,240.0,4.774213500262704,0.0011486999574117362,2.7838463003463274,0.0,0.11850661846540711,0.0,0.0,0.0,0.4114812817189097,0.48377572042200806,0.8541666666666666
bulk,lucb,45,30.0,30.0,0.6189692000043578,0.00013810000382363796,3.0533191079465127,0.0,0.17705719377845475,0.2023229220092574,0.2245171816337378,0.19669515524949832,0.870617218146763,0.541478893870663,0.25
bulk,lucb,45,60.0,60.0,1.2928632000694051,0.0002845000708475709,2.9871724177539725,0.0,0.0,0.06624788502806023,0.05719644035169025,0.0632183562181482,0.7495686685564382,0.5259430899102534,0.3645833333333333
bulk,lucb,45,120.0,120.0,2.5105477997567505,0.0005784999812021852,2.937733653084358,0.0,0.0,0.06624788502806023,0.05719644035169025,0.0632183562181482,0.6392168347966329,0.4440990679017821,0.6770833333333334
bulk,lucb,45,180.0,180.0,3.7000364997657016,0.0008568000048398972,2.8688292467313357,0.0,0.0676514116811846,0.0,0.0003417921449959671,0.0,0.516127430027824,0.42367895164968666,0.75
bulk,lucb,45,240.0,240.0,4.965210999478586,0.001150699914433062,2.84828354228331,0.0,0.0676514116811846,0.0,0.0003417921449959671,0.0,0.43769951480433733,0.4156826998960133,0.75
bulk,lucb,46,30.0,30.0,0.5851992999669164,0.00013629993190988898,3.1064319772406557,0.0,0.06237032183653379,0.04982573845784477,0.0,0.0235132198922412,0.7646055912666052,0.5876912724725653,0.2708333333333333
bulk,lucb,46,60.0,60.0,1.2221181998029351,0.00030929979402571917,3.0588417556102043,0.0,0.06237032183653379,0.02098900127441139,0.0,0.03363518939490506,0.7039759131203936,0.5620746287961923,0.4270833333333333
bulk,lucb,46,120.0,120.0,2.425765100051649,0.000665599771309644,2.964572322294591,0.0,0.06237032183653379,0.02098900127441139,0.0,0.0,0.6320162067849978,0.4883530996670901,0.7395833333333334
bulk,lucb,46,180.0,180.0,3.5986060004215688,0.0009449998033232987,2.9309422991894007,0.0,0.06237032183653379,0.02098900127441139,0.0,0.0,0.6185774065400589,0.486596320652299,0.75
bulk,lucb,46,240.0,240.0,4.742607100575697,0.0012395995436236262,2.8883374718913077,0.0,0.06237032183653379,0.02098900127441139,0.0,0.0,0.5062380976326741,0.4426876773315647,0.8958333333333334
bulk,lucb,47,30.0,30.0,0.6167889001080766,0.00014170014765113592,3.3002970108038077,0.007429293762375999,0.08425184153325405,0.1951911807879757,0.309369485815123,0.3345376598873332,1.2558876357504236,0.6037165410352253,0.25
bulk,lucb,47,60.0,60.0,1.2539454001234844,0.0003081001341342926,3.2925535653112554,0.007429293762375999,0.08425184153325405,0.1951911807879757,0.309369485815123,0.3538675815825919,1.2386671784622814,0.5910380316844145,0.3854166666666667
bulk,lucb,47,120.0,120.0,2.408156900200993,0.0006106997025199234,3.0950879635474267,0.0,0.0628923930757258,0.0,0.0,0.013096937198803782,0.7083905156759969,0.5047753948479655,0.6770833333333334
bulk,lucb,47,180.0,180.0,3.6013555001700297,0.0009568998939357698,3.069767776616717,0.0,0.0628923930757258,0.0,0.0,0.013096937198803782,0.7020177320586929,0.4839063165855338,0.75
bulk,lucb,47,240.0,240.0,4.843765100406017,0.001285199890844524,3.0423268820688993,0.0,0.0628923930757258,0.0,0.0,0.013096937198803782,0.6665199059150873,0.48119965268379544,0.75
bulk,lucb,48,30.0,30.0,0.6383584000286646,0.00017799995839595795,3.332142923292377,0.0,0.0,0.07926557574964221,0.1542457108322145,0.18699899072956572,0.8198637731336196,0.5430225111366208,0.25
bulk,lucb,48,60.0,60.0,1.2934317000908777,0.00033709994750097394,3.28754476496187,0.0,0.0,0.07926557574964221,0.1542457108322145,0.20677843010333008,0.7781846824355693,0.5274789746265036,0.40625
bulk,lucb,48,120.0,120.0,2.559944999811705,0.000618400052189827,3.190755475809674,0.0,0.0,0.0,0.05907598254579616,0.0745468859816455,0.6713245722374732,0.4773299744050824,0.71875
bulk,lucb,48,180.0,180.0,3.8748360997997224,0.0009280000813305378,3.1577915096397717,0.0,0.0,0.0,0.05907598254579616,0.0745468859816455,0.6381298768598216,0.45447933795683215,0.75
bulk,lucb,48,240.0,240.0,5.138002999534365,0.001222799881361425,3.1425423741913323,0.0,0.0,0.0,0.05907598254579616,0.0745468859816455,0.6169783740219906,0.44324468162066644,0.75
bulk,lucb,49,30.0,30.0,0.6653214999241754,0.00016280001727864146,3.173240016296733,0.41843685522238694,0.5489481276295551,0.5537468455875105,0.5384859976243479,0.48233637976201216,1.3056733619671592,0.5893177024990381,0.25
bulk,lucb,49,60.0,60.0,1.3335377998300828,0.0003101998590864241,3.0855582260556016,0.0,0.0,0.13420635900755373,0.16420924559882377,0.17009327674163766,0.7904954406537392,0.5476070684368818,0.40625
bulk,lucb,49,120.0,120.0,2.5956925998907536,0.0005860995734110475,3.0078655180750773,0.0,0.0,0.09563253814132944,0.15784354107016363,0.17009327674163766,0.7097388823352403,0.46178613721898243,0.71875
bulk,lucb,49,180.0,180.0,3.9414760996587574,0.0008759991615079343,2.892723513666187,0.0,0.0,0.0,0.0,0.0,0.40351793551115117,0.43723026093056344,0.75
bulk,lucb,49,240.0,240.0,5.158403099805582,0.0011642990866675973,2.859523808600054,0.0,0.0,0.0,0.0,0.0,0.3859901839868095,0.3994096908591612,0.875
bulk,lucb@gamma-poisson,0,30.0,30.0,0.21856639988254756,0.0001256001996807754,3.301559535560328,0.1419859063633485,0.3030603582697473,0.29329822549449425,0.2949334015405689,0.34822495353434535,1.1588294975735618,0.6009814244187691,0.28125
bulk,lucb@gamma-poisson,0,60.0,60.0,0.44563629996264353,0.0002607002970762551,3.23652104428851,0.1419859063633485,0.36373632024311775,0.3398913699506738,0.2879042262257827,0.30452859272465904,1.0863264225103342,0.5658060973813671,0.4375
bulk,lucb@gamma-poisson,0,120.0,120.0,0.9071469000191428,0.0005191005766391754,3.133299791328596,0.0,0.0,0.051527828461635616,0.08311315108860873,0.07256974881141376,0.6669723842787167,0.5387147836968726,0.5
bulk,lucb@gamma-poisson,0,180.0,180.0,1.3787768999463879,0.0007770007359795272,3.127381385696078,0.0,0.0,0.051527828461635616,0.08311315108860873,0.07256974881141376,0.6712607117949968,0.5302939903952512,0.6979166666666666
bulk,lucb@gamma-poisson,0,240.0,240.0,1.8139874002663419,0.0010346008348278701,3.1176305313545125,0.0,0.0,0.051527828461635616,0.05131229914848856,0.07256974881141376,0.6668700740417777,0.5228426228662326,0.75
bulk,lucb@gamma-poisson,1,30.0,30.0,0.2189284999622032,0.0001284000463783741,3.2838551306217845,0.0,0.13409788713761417,0.1005113274049868,0.07976230726472622,0.09527590233873218,0.9796144279559689,0.6066890935077208,0.2604166666666667
bulk,lucb@gamma-poisson,1,60.0,60.0,0.4285146999754943,0.00024990009842440486,3.2128697614355626,0.0,0.13409788713761417,0.1005113274049868,0.07976230726472622,0.11785180534321837,0.8784682641217192,0.5735392498757181,0.4166666666666667
bulk,lucb@gamma-poisson,1,120.0,120.0,0.8804026998113841,0.0005169004434719682,3.141689119067253,0.0,0.009994916171171098,1.1102230246251565e-16,0.07976230726472633,0.11785180534321849,0.7719699325625055,0.55291908225036,0.5
bulk,lucb@gamma-poisson,1,180.0,180.0,1.3552257997798733,0.0007887003594078124,3.0152929143131915,0.0,0.009994916171171098,1.1102230246251565e-16,1.1102230246251565e-16,0.04676806813487033,0.5871529643809331,0.4918959049381475,0.6458333333333334
bulk,lucb@gamma-poisson,1,240.0,240.0,1.7700268998160027,0.0010119007783941925,2.994454435458606,0.0,0.009994916171171098,1.1102230246251565e-16,1.1102230246251565e-16,0.04676806813487033,0.572207806407292,0.46845117438620437,0.75
bulk,lucb@gamma-poisson,2,30.0,30.0,0.2347945999354124,0.0001290998188778758,3.3392392752857085,0.0,0.0,0.16069794862858844,0.19378051910959715,0.24317317035626784,0.9336709011361157,0.5996004745832723,0.2708333333333333
bulk,lucb@gamma-poisson,2,60.0,60.0,0.4663564999355003,0.0002711999695748091,3.240450423163422,0.0,0.0,0.0,0.0,0.03266097356896969,0.7261803265814649,0.5482618668043141,0.4270833333333333
bulk,lucb@gamma-poisson,2,120.0,120.0,0.8909484001342207,0.0005189999938011169,3.1145277453653937,0.0,0.0,0.0,0.0,0.03695481824582958,0.5628700330920716,0.4961853160145322,0.5625
bulk,lucb@gamma-poisson,2,180.0,180.0,1.3569163999636658,0.0007731998921371996,3.0798336548126897,0.0,0.0,0.0,0.0,0.03266097356896969,0.5377546288521255,0.4649129364373408,0.75
bulk,lucb@gamma-poisson,2,240.0,240.0,1.7207431999850087,0.001009599829558283,3.0277965581309516,0.0,0.0,0.0,0.0,0.03266097356896969,0.510808791138802,0.4488428668426927,0.75
bulk,lucb@gamma-poisson,3,30.0,30.0,0.22346329997526482,0.0001317000132985413,3.4002074477067894,0.6934524701891533,0.2333036911759817,0.049110539941082165,0.04218096150325856,0.037501251055275464,0.9906338924115069,0.5639186172779954,0.2604166666666667
bulk,lucb@gamma-poisson,3,60.0,60.0,0.4701115000061691,0.00025320006534457207,3.3935617338995705,0.6934524701891533,0.2333036911759817,0.049110539941082165,0.04218096150325856,0.037501251055275464,0.9575774215080679,0.554357004392414,0.4166666666666667
bulk,lucb@gamma-poisson,3,120.0,120.0,0.9223858999321237,0.0005190001684240997,3.328594613178101,0.0,0.0,0.02980108744103438,0.04190964367507111,0.03750125105527535,0.7465073023718547,0.5250434178701431,0.5
bulk,lucb@gamma-poisson,3,180.0,180.0,1.3679796993383206,0.0007774000987410545,3.2511505510672145,0.0,0.0,0.02980108744103438,0.0,0.00024121683404099148,0.6578252967677319,0.48872761585274194,0.59375
bulk,lucb@gamma-poisson,3,240.0,240.0,1.8100750995217822,0.0010441000922583044,3.2477494373698,0.0,0.0,0.02980108744103438,0.0,0.0,0.6481707564955963,0.4721253272304005,0.75
bulk,lucb@gamma-poisson,4,30.0,30.0,0.21370870003011078,0.00011439999798312783,3.30908560006527,0.0,0.0,0.0,0.057794955997924835,0.11151766433428434,1.1840539761043822,0.5775389219205936,0.28125
bulk,lucb@gamma-poisson,4,60.0,60.0,0.47114290011813864,0.0002402999671176076,3.235882258377336,0.0,0.0,0.0,0.08048587633478499,0.08083421655627554,1.1071522866605383,0.5418862835554908,0.4375
bulk,lucb@gamma-poisson,4,120.0,120.0,0.9420758000924252,0.0005185999325476587,3.166517757340578,0.0,0.0,0.0,0.05119163460375409,0.07470516352230083,1.0638807813405864,0.5181487926143172,0.5416666666666666
bulk,lucb@gamma-poisson,4,180.0,180.0,1.3396333001437597,0.0007491001160815358,3.0249866079606775,0.0,0.0,0.0,0.0,0.0,0.8873236112605508,0.45763136891366524,0.75
bulk,lucb@gamma-poisson,4,240.0,240.0,1.7910979996668175,0.0010021000052802265,3.0153564113132583,0.0,0.0,0.0,0.0,0.0,0.8855830828722271,0.456488910673551,0.75
bulk,lucb@gamma-poisson,5,30.0,30.0,0.24646249995566905,0.00013200024841353297,3.338445923667265,0.5423764954059687,0.5299531322178976,0.5765115344136806,0.5372262185040395,0.5507148602408813,1.3436415615300947,0.6137350917670965,0.28125
bulk,lucb@gamma-poisson,5,60.0,60.0,0.45048499992117286,0.00024830008624121547,3.2208674336173613,0.5423764954059687,0.5299531322178976,0.21181613404017252,0.12506112179512763,0.1845268615296889,1.0301181401594781,0.54940622454032,0.4375
bulk,lucb@gamma-poisson,5,120.0,120.0,0.9262817996786907,0.0005361999501474202,3.0972231747657264,0.0,0.0,0.06145177569479343,0.0,0.0,0.5325158868586547,0.5224413141989619,0.5
bulk,lucb@gamma-poisson,5,180.0,180.0,1.327008799824398,0.000758799840696156,3.060677186512942,0.0,0.0,0.06145177569479343,0.0,0.0,0.501064612859261,0.5061776737544308,0.625
bulk,lucb@gamma-poisson,5,240.0,240.0,1.7590261997538619,0.0009964995551854372,3.008393600104156,0.0,0.0,0.0,0.0,0.0,0.44639544261145403,0.48313512937695835,0.75
bulk,lucb@gamma-poisson,6,30.0,30.0,0.2395853999769315,0.0003184000961482525,3.3441185257471733,0.0,0.054854258347196705,0.1309648880977644,0.17634325253874594,0.1048215268159165,1.2917519188186266,0.6305031488855174,0.28125
bulk,lucb@gamma-poisson,6,60.0,60.0,0.4541452998528257,0.00043560017365962267,3.2575202558911798,0.0,0.054854258347196705,0.039439265980589555,0.07482094644649273,0.06645086118837873,1.1369024441712148,0.5873676155183266,0.4375
bulk,lucb@gamma-poisson,6,120.0,120.0,0.91117339982884,0.0007180001703090966,3.1749045711697637,0.0,0.004780149589788452,0.0432041975146088,0.0,0.0,0.9791397066173858,0.5637233897953492,0.5
bulk,lucb@gamma-poisson,6,180.0,180.0,1.3431988995871507,0.0009623003425076604,3.1334951309727934,0.0,0.004780149589788452,0.0432041975146088,0.0,0.0,0.9575473866123113,0.5491023874825562,0.5520833333333334
bulk,lucb@gamma-poisson,6,240.0,240.0,1.7876797996577807,0.001226600375957787,3.1111059266162155,0.0,0.054854258347196705,0.039439265980589555,0.0,0.0,0.944534115768419,0.5116218295676266,0.75
bulk,lucb@gamma-poisson,7,30.0,30.0,0.1977437000023201,0.00011269975220784545,3.2847219353531627,0.6713828167356015,0.5044979112215051,0.3949397670529734,0.3694987037864206,0.3684522247607016,0.9141715707732029,0.5469850776062448,0.2916666666666667
bulk,lucb@gamma-poisson,7,60.0,60.0,0.41942600009497255,0.00024009979097172618,3.2505917419252772,0.6713828167356015,0.5044979112215051,0.46471903465091724,0.3694987037864206,0.3383187480515908,0.8482571588631531,0.5079152971356314,0.4479166666666667
bulk,lucb@gamma-poisson,7,120.0,120.0,0.8558397002052516,0.000510099867824465,3.1790225666274012,0.3740439027225396,0.4070092251104752,0.32659786167449567,0.3135619803807277,0.29853056951431434,0.7103343843152268,0.4803006885781088,0.5
bulk,lucb@gamma-poisson,7,180.0,180.0,1.3118687999085523,0.0007575996569357812,3.055487567395778,0.3740439027225396,0.4070092251104752,0.22041012637159896,0.17524837573499252,0.07475961113935037,0.47311257322516775,0.4269145331818249,0.75
bulk,lucb@gamma-poisson,7,240.0,240.0,1.733145300007891,0.0009987992816604674,3.02619548675043,0.0,0.1559949781898572,0.07119741508081112,0.05660915655211918,0.07475961113935048,0.39289667693785424,0.41564168436983573,0.75
bulk,lucb@gamma-poisson,8,30.0,30.0,0.21338289976119995,0.0001319000730291009,3.295033407889406,0.0,0.0,0.13418962783769728,0.1360023845250654,0.16865893921910124,1.6052868577547212,0.579676276189133,0.2708333333333333
bulk,lucb@gamma-poisson,8,60.0,60.0,0.46780839981511235,0.0002693000715225935,3.2404344457535212,0.0,0.0,0.13418962783769728,0.1360023845250654,0.1564182555965281,1.5614578808112949,0.5524241412396755,0.4270833333333333
bulk,lucb@gamma-poisson,8,120.0,120.0,0.8857380999834277,0.0005965005257166922,3.1516646091775073,0.0,0.0,0.0,0.013477887330978322,0.0,1.1624451569486172,0.530074351675954,0.5
bulk,lucb@gamma-poisson,8,180.0,180.0,1.3040697995456867,0.0008306004456244409,3.1264306952632928,0.0,0.0,0.0,0.0,0.0016012629564290393,1.1269587309095015,0.526615522078641,0.5
bulk,lucb@gamma-poisson,8,240.0,240.0,1.7228954994352534,0.0010627004085108638,3.126867575370126,0.0,0.0,0.0,0.0,0.0,1.1228417515211986,0.5185317268662327,0.59375
bulk,lucb@gamma-poisson,9,30.0,30.0,0.2305232000653632,0.00016320007853209972,3.315359362409526,0.2785345721766399,0.0,0.04988883946136524,0.0,0.04399210769219397,1.1136871682693368,0.6261856359186552,0.2708333333333333
bulk,lucb@gamma-poisson,9,60.0,60.0,0.4826663002022542,0.0003124997019767761,3.2564688792455008,0.2785345721766399,0.0,0.04988883946136524,0.0,0.0,0.9824959179306416,0.5879976300487983,0.4270833333333333
bulk,lucb@gamma-poisson,9,120.0,120.0,0.8897582999197766,0.00056719925487414,3.1985124559233697,0.2785345721766399,0.0,0.04988883946136524,0.0,0.0,0.9001965663411917,0.5662929282634555,0.5
bulk,lucb@gamma-poisson,9,180.0,180.0,1.3284915996482596,0.0008408995345234871,3.1605836626712507,0.2785345721766399,0.0,0.04988883946136524,0.0,0.0,0.8733358470920481,0.5268534028948455,0.6770833333333334
bulk,lucb@gamma-poisson,9,240.0,240.0,1.803479199821595,0.0011269995011389256,3.085819940008084,0.2785345721766399,0.0,0.04988883946136524,0.0,0.0,0.8355941750728314,0.5016626381962425,0.75
bulk,lucb@gamma-poisson,10,30.0,30.0,0.21605049999197945,0.00011209974763914943,3.2560677870415806,0.21976430256018553,0.12150867652446751,0.2928458914383315,0.2962148649328542,0.30796665753697305,0.9668481688010457,0.5954702873643466,0.28125
bulk,lucb@gamma-poisson,10,60.0,60.0,0.42414850019849837,0.0002297998289577663,3.160522746203019,0.21976430256018553,0.12150867652446751,0.2928458914383315,0.06279161508554743,0.07861884852607726,0.7754490450641487,0.5619173103280231,0.4375
bulk,lucb@gamma-poisson,10,120.0,120.0,0.8549288003123365,0.0004889995907433331,3.0541361860840257,0.21976430256018553,0.12150867652446751,-2.220446049250313e-16,-2.220446049250313e-16,0.029645574372507477,0.5720250774526274,0.5207979768714001,0.5520833333333334
bulk,lucb@gamma-poisson,10,180.0,180.0,1.283126700320281,0.0007376995054073632,3.030329028676702,0.21976430256018553,0.01569963375519612,-2.220446049250313e-16,0.0,0.00826905645635001,0.533396234783667,0.49200225845133305,0.75
bulk,lucb@gamma-poisson,10,240.0,240.0,1.7301521002082154,0.0010104993707500398,2.982314945064258,0.21976430256018553,0.12150867652446751,-2.220446049250313e-16,-2.220446049250313e-16,0.008269056456349788,0.5104768820388275,0.4805225369747211,0.75
bulk,lucb@gamma-poisson,11,30.0,30.0,0.2009803003165871,0.00011090014595538378,3.306720472377265,0.5955844820428887,0.3414672335336677,0.09161121647607195,0.16926050553102845,0.19549780968403874,1.116082876440297,0.6075176157037234,0.2916666666666667
bulk,lucb@gamma-poisson,11,60.0,60.0,0.4297259001759812,0.00023499998496845365,3.2396894815372383,0.5955844820428887,0.3414672335336677,0.09161121647607195,0.1771158403016122,0.1610968017457065,1.0108385330067307,0.5698227727857863,0.4479166666666667
bulk,lucb@gamma-poisson,11,120.0,120.0,0.8467972002690658,0.000460099836345762,3.189264074724379,0.5955844820428887,0.3414672335336677,0.09161121647607195,0.16987748772579914,0.21474988558266983,0.9241485743156781,0.5421469941652955,0.5
bulk,lucb@gamma-poisson,11,180.0,180.0,1.2973846001550555,0.0007446993258781731,3.1120984719194076,0.5955844820428887,0.3414672335336677,0.09161121647607195,0.11983546128836697,0.14659904251645328,0.8356839389462629,0.49795091623376064,0.6458333333333334
bulk,lucb@gamma-poisson,11,240.0,240.0,1.728684900153894,0.0010088994167745113,3.057865241167322,0.5955844820428887,0.19480460605077665,0.09161121647607207,0.11983546128836708,0.11166559793678654,0.7862984684654657,0.469323097961954,0.75
bulk,lucb@gamma-poisson,12,30.0,30.0,0.22150510014034808,0.00012129993410781026,3.339600004508109,0.0,0.3222942113237721,0.4158483283839689,0.37459116580769203,0.4053720900699257,1.1176630449109195,0.6143042712523552,0.2708333333333333
bulk,lucb@gamma-poisson,12,60.0,60.0,0.4252970001543872,0.00022939970949664712,3.2485324131875024,0.16232208603999354,0.03238764078072254,0.22183827539970424,0.2614561171908636,0.2889930803857411,0.8545319546040568,0.5709667495742515,0.4270833333333333
bulk,lucb@gamma-poisson,12,120.0,120.0,0.8830915999715216,0.0004914996097795665,3.1773811694068272,0.16232208603999354,0.03238764078072254,-2.220446049250313e-16,0.030296975894097966,0.0898686074308982,0.6899345235081789,0.5446415209409936,0.5
bulk,lucb@gamma-poisson,12,180.0,180.0,1.3130727999960072,0.0007386995130218565,3.1158123376814726,0.16232208603999354,0.03238764078072254,-2.220446049250313e-16,0.030296975894097966,0.0898686074308982,0.6490006336850209,0.5080947355457666,0.6875
bulk,lucb@gamma-poisson,12,240.0,240.0,1.7524064000463113,0.0009901996236294508,3.0221480629509343,0.0,0.03238764078072254,-2.220446049250313e-16,0.030296975894097966,0.016458845712309378,0.5106165095055236,0.4823556790280878,0.75
bulk,lucb@gamma-poisson,13,30.0,30.0,0.22325390041805804,0.00012420018902048469,3.285650530515382,0.0,0.10849165406239225,0.16769684775392946,0.19157596932556842,0.19205400061420863,1.207170906543689,0.6636655827773902,0.2604166666666667
bulk,lucb@gamma-poisson,13,60.0,60.0,0.42428700043819845,0.0002516001113690436,3.2003497323123633,0.0,0.10849165406239225,0.16769684775392946,0.1436193635098555,0.13003760903863804,1.0929039762355977,0.6177978539591026,0.4166666666666667
bulk,lucb@gamma-poisson,13,120.0,120.0,0.8492609007516876,0.0005052002379670739,3.127240224617392,0.0,0.10849165406239225,0.0892066641965572,0.07639859964181561,0.06917375894539524,0.9902396251705924,0.5937013164171991,0.5
bulk,lucb@gamma-poisson,13,180.0,180.0,1.2636672009248286,0.0007483002846129239,3.031797235390473,0.0,0.0,0.0,0.03913262240258175,-2.220446049250313e-16,0.8384059990063999,0.5538285226904459,0.6041666666666666
bulk,lucb@gamma-poisson,13,240.0,240.0,1.7153006008593366,0.0010087001137435436,2.9735656624009685,0.0,0.031517428287886506,0.0,0.03913262240258175,-2.220446049250313e-16,0.808378362892012,0.5113878503813514,0.75
bulk,lucb@gamma-poisson,14,30.0,30.0,0.20420259999809787,0.00011199986329302192,3.285812970131848,0.6360584414356751,0.3677446822649605,0.2847576172114811,0.3212237045661581,0.3074865673199977,1.1185617297396067,0.6130329840994964,0.28125
bulk,lucb@gamma-poisson,14,60.0,60.0,0.44783980009378865,0.0002313998411409557,3.193758696088833,0.0,0.21142111729533908,0.06273154742100173,0.04953466319969879,0.07809215195067187,0.8080958346111798,0.562090994283464,0.4375
bulk,lucb@gamma-poisson,14,120.0,120.0,0.9042298999847844,0.00048539997078478336,3.1216028160589935,0.0,0.21142111729533908,0.06273154742100173,0.04953466319969879,0.07809215195067187,0.7115398813827135,0.5398410141362101,0.5
bulk,lucb@gamma-poisson,14,180.0,180.0,1.2996476001571864,0.0007129998411983252,3.07718648459034,0.0,0.21142111729533908,0.06273154742100173,0.04953466319969879,0.08275953574740946,0.659928755914773,0.49458526964722754,0.71875
bulk,lucb@gamma-poisson,14,240.0,240.0,1.7741171001107432,0.001061199582181871,3.066943946789232,0.0,0.21142111729533908,0.06273154742100173,0.04953466319969879,0.07809215195067187,0.6501448204672451,0.48125159583190147,0.75
bulk,lucb@gamma-poisson,15,30.0,30.0,0.20958149997750297,0.00011039985110983253,3.601262547169283,0.0,0.0,0.0,0.03712017172502291,0.07766260296285676,1.2135979027505894,0.5484156921379801,0.28125
bulk,lucb@gamma-poisson,15,60.0,60.0,0.42880949995014817,0.00024040002608671784,3.5474207017252097,0.0,0.0,0.0,0.04524465516729248,0.02485841959872037,1.1353789676764352,0.515460160094027,0.4375
bulk,lucb@gamma-poisson,15,120.0,120.0,0.8472336999257095,0.0004873001598753035,3.4458359854982206,0.0,0.17385482114263417,2.220446049250313e-16,2.220446049250313e-16,0.0016141556737298002,1.0697297879664103,0.49263582551077395,0.5
bulk,lucb@gamma-poisson,15,180.0,180.0,1.287523000384681,0.0007423003553412855,3.3512712929507575,0.0,0.0,0.0,0.0,0.0016141556737296892,0.9362880533514063,0.4412226235019975,0.7395833333333334
bulk,lucb@gamma-poisson,15,240.0,240.0,1.7811144004808739,0.0010080005740746856,3.3208557489658417,0.0,0.0,0.0,0.0,0.0016141556737296892,0.9292517085615993,0.43358774292318075,0.75
bulk,lucb@gamma-poisson,16,30.0,30.0,0.24422430014237761,0.00012540025636553764,3.434197680131849,0.7612096729939878,0.44994983408849487,0.3885970861602531,0.4680305457861508,0.48079287000375237,1.58465492353862,0.6424345022797657,0.2604166666666667
bulk,lucb@gamma-poisson,16,60.0,60.0,0.4476509001106024,0.00023480027448385954,3.4025967305067595,0.7612096729939878,0.44994983408849487,0.3885970861602531,0.4680305457861508,0.5179394842741993,1.5426453206104305,0.6105205184551867,0.4166666666666667
bulk,lucb@gamma-poisson,16,120.0,120.0,0.8620358002954163,0.00047760026063770056,3.254668122004279,0.7612096729939878,0.44994983408849487,0.3885970861602531,0.2823324874250419,0.30908204733778644,1.3512442133944802,0.5578731302465769,0.53125
bulk,lucb@gamma-poisson,16,180.0,180.0,1.2981309003662318,0.0007267001201398671,3.141068431954897,0.7612096729939878,0.44994983408849487,0.14222250852011886,0.07666757678473457,0.0529764382937471,0.9369185585590771,0.5091073437484441,0.75
bulk,lucb@gamma-poisson,16,240.0,240.0,1.8272400003043003,0.0010053003788925707,3.115486716904492,0.7612096729939878,0.44994983408849487,0.14222250852011886,0.07666757678473457,0.0529764382937471,0.910823560827483,0.5084439385723482,0.75
bulk,lucb@gamma-poisson,17,30.0,30.0,0.22152139997342601,0.00011729996185749769,3.331579158560922,0.0,0.0,0.0,0.040565608017942956,0.04889644084976197,0.8896676490568635,0.5122464392690155,0.2604166666666667
bulk,lucb@gamma-poisson,17,60.0,60.0,0.4298012001090683,0.000235399988014251,3.2895759351174596,0.0,0.0,0.0,0.018130369706661487,0.05413710075025202,0.8274068942650162,0.49096765268435,0.4166666666666667
bulk,lucb@gamma-poisson,17,120.0,120.0,0.8678521998808719,0.0005044996505603194,3.2370176758880613,0.0,0.0,0.0,0.04998782097099852,0.057575247938676855,0.726909642135683,0.46451595400927453,0.5
bulk,lucb@gamma-poisson,17,180.0,180.0,1.291538200341165,0.000773699430283159,3.179594893552819,0.0,0.0,0.0,0.0,0.0,0.6580211218370451,0.45593985280090193,0.5
bulk,lucb@gamma-poisson,17,240.0,240.0,1.8094339005183429,0.001172099495306611,3.133483132378051,0.0,0.0,0.0,0.0,0.0,0.6279234913061935,0.4117541582919498,0.75
bulk,lucb@gamma-poisson,18,30.0,30.0,0.17613040003925562,0.00010309979552403092,3.2991436573369755,0.0,0.25692586524876004,0.30973115235145077,0.2454347245067019,0.32686393960652016,1.0264141443710815,0.6385265472072443,0.22916666666666666
bulk,lucb@gamma-poisson,18,60.0,60.0,0.39465470029972494,0.00022359960712492466,3.2062659275362386,0.0,0.20794791888610165,0.15400109843593457,0.16746394168473222,0.17949643076998534,0.8044261937566187,0.601135682901786,0.3958333333333333
bulk,lucb@gamma-poisson,18,120.0,120.0,0.8005206001689658,0.0004641996347345412,3.1170808492711344,0.0,0.04482090638421232,0.09105068983458497,0.07214967175900822,0.08352430877602501,0.6644180259889466,0.5803777800350102,0.5
bulk,lucb@gamma-poisson,18,180.0,180.0,1.3152308002463542,0.0009841995779424906,3.055592929424615,0.0,0.04482090638421232,0.033717390745559905,0.0721496717590081,0.08352430877602479,0.6028680567434492,0.5524273413589965,0.5729166666666666
bulk,lucb@gamma-poisson,18,240.0,240.0,1.7805063999840058,0.0012484996696002781,2.987064708460083,0.33053324269773776,0.2428082225448862,0.0,0.04543160208505015,0.0,0.5220053680547572,0.5065069681822137,0.75
bulk,lucb@gamma-poisson,19,30.0,30.0,0.20012759999372065,0.0001221001148223877,3.433941278492899,0.0,0.0,0.1381525252938114,0.19581997975299903,0.2832251608924212,1.0017532188370517,0.5942227675520215,0.28125
bulk,lucb@gamma-poisson,19,60.0,60.0,0.4055030000163242,0.00026509998133406043,3.3413136279179874,0.0,0.0,0.10614598625102656,0.10862700746803933,0.13057645912029703,0.8516882341835249,0.5648642852017102,0.4375
bulk,lucb@gamma-poisson,19,120.0,120.0,0.8439376995083876,0.000565899710636586,3.22448231766658,0.0,0.0,0.019160339630237444,0.005158618401740367,0.01632071659503953,0.711018998847293,0.5465256985175221,0.5
bulk,lucb@gamma-poisson,19,180.0,180.0,1.3530445994110778,0.0008599995635449886,3.168340687488658,0.2743184219509164,0.0,0.019160339630237444,0.005158618401740367,0.01632071659503953,0.6868141840257432,0.5170357052061714,0.71875
bulk,lucb@gamma-poisson,19,240.0,240.0,1.800584699260071,0.0011428993311710656,3.12402448363083,0.0,0.0,0.0,0.005158618401740367,0.01632071659503953,0.6238235929379768,0.5032657600805587,0.75
bulk,lucb@gamma-poisson,20,30.0,30.0,0.29831449990160763,0.0001257998519577086,3.4365572404317377,0.0,0.08721791592256556,0.08340160973640931,0.12450673300568649,0.15966551897602743,1.718347875859839,0.5515372405051046,0.25
bulk,lucb@gamma-poisson,20,60.0,60.0,0.5333135999972001,0.00024829996982589364,3.387603989594155,0.0,0.0,0.009181820535113516,0.06297952681629593,0.10165677142409513,1.6394539562913522,0.5295797991712947,0.3854166666666667
bulk,lucb@gamma-poisson,20,120.0,120.0,0.988255699921865,0.0004930997965857387,3.305517441690285,0.0,0.0,0.009181820535113516,0.06297952681629593,0.056107427043823765,1.5743192780080464,0.5078313214211105,0.5
bulk,lucb@gamma-poisson,20,180.0,180.0,1.424235199810937,0.0007519999053329229,3.2426490706262023,0.0,0.0,0.009181820535113516,0.008264731339944542,0.03749856212638969,1.164272129506076,0.4936772351682201,0.5416666666666666
bulk,lucb@gamma-poisson,20,240.0,240.0,1.8291270996560343,0.0009859998244792223,3.172500774726196,0.0,0.0,0.009181820535113516,0.008264731339944542,0.03749856212638969,1.100718616578499,0.4496380304700294,0.75
bulk,lucb@gamma-poisson,21,30.0,30.0,0.30810260004363954,0.0001363998744636774,3.295068798122648,0.0,0.01102913629152058,0.007846699964304427,-2.220446049250313e-16,-2.220446049250313e-16,0.8424933261935067,0.5887966762228267,0.2604166666666667
bulk,lucb@gamma-poisson,21,60.0,60.0,0.5330624001217075,0.0002606998314149678,3.220280504921961,0.0,0.004890268971063372,0.007846699964304538,0.0,0.0,0.7441129023768456,0.5540031245651577,0.4166666666666667
bulk,lucb@gamma-poisson,21,120.0,120.0,1.0092959001776762,0.0005192998796701431,3.1813328946015553,0.0,0.004890268971063372,-2.220446049250313e-16,0.006315957826361851,-2.220446049250313e-16,0.6145499521853306,0.5247150276330379,0.5
bulk,lucb@gamma-poisson,21,180.0,180.0,1.4287953001330607,0.0007614995120093226,3.1225066085883952,0.0,0.0,0.0,0.006315957826361962,0.0,0.5470607252756348,0.51609940202348,0.5
bulk,lucb@gamma-poisson,21,240.0,240.0,1.8356244000606239,0.0009929993539117277,3.1011521431809466,0.0,0.0,0.0,0.0,0.0,0.49181679053901517,0.48252874727826717,0.75
bulk,lucb@gamma-poisson,22,30.0,30.0,0.23890539997955784,0.0001243998995050788,3.6853894220185617,0.0,0.3819845801065104,0.3384277256286531,0.3521877571970603,0.3220856225743789,2.5361648964781813,0.5765407332827523,0.2708333333333333
bulk,lucb@gamma-poisson,22,60.0,60.0,0.4765115000773221,0.0002593001117929816,3.56520714222014,0.0,0.0,0.0,0.0,0.024616010974617075,1.9231563912344236,0.5414912342790797,0.4270833333333333
bulk,lucb@gamma-poisson,22,120.0,120.0,0.9177384002832696,0.0005220997845754027,3.4954892211158843,0.0,0.0,0.0,0.0,0.024616010974617075,1.8795001225242782,0.507738493514307,0.5
bulk,lucb@gamma-poisson,22,180.0,180.0,1.3512035999447107,0.0007791000534780324,3.4662699924284888,0.0,0.0,0.0,0.0,0.024616010974617075,1.8437507993720967,0.4821497350903555,0.59375
bulk,lucb@gamma-poisson,22,240.0,240.0,1.7826860001077875,0.0010357001447118819,3.411641088468779,0.0,0.0,0.020543402010223755,0.0,0.024616010974617075,1.8075093952275227,0.4540820856512164,0.75
bulk,lucb@gamma-poisson,23,30.0,30.0,0.23248260002583265,0.00013230001786723733,3.404598893837458,0.0,0.0,0.04842216513930142,0.09128235294387554,0.12150862225483339,1.6341091833550794,0.5863629680010547,0.2604166666666667
bulk,lucb@gamma-poisson,23,60.0,60.0,0.4887967999675311,0.00026919995434582233,3.309915542665743,0.0,0.0,0.04842216513930142,0.0,0.008200934812128136,1.5031707964583116,0.5437191865178423,0.4166666666666667
bulk,lucb@gamma-poisson,23,120.0,120.0,0.8784486998920329,0.0004968001740053296,3.2601280959067336,0.0,0.0,0.04842216513930142,0.0,0.00958255421519838,1.4614411355810588,0.5029860551999679,0.5104166666666666
bulk,lucb@gamma-poisson,23,180.0,180.0,1.2799284999491647,0.0007335000555031002,3.1840194424599324,0.0,0.0,0.04842216513930142,0.0,0.00958255421519838,1.4308303605578356,0.46411387987792946,0.75
bulk,lucb@gamma-poisson,23,240.0,240.0,1.6880302998470142,0.0009937002323567867,3.1222078532477404,0.0,0.0,0.04842216513930142,0.0,0.0,1.4156121719793229,0.45506504684555643,0.75
bulk,lucb@gamma-poisson,24,30.0,30.0,0.23661039996659383,0.0001230000052601099,3.3463595782908317,0.3133228403882854,0.5074523370458608,0.2888315641784456,0.30121112351513735,0.3256262496526049,0.9993961175586867,0.5748561995613888,0.25
bulk,lucb@gamma-poisson,24,60.0,60.0,0.45975380029994994,0.00024899980053305626,3.278695726287841,0.3133228403882854,0.3945989660706194,0.40201163392813255,0.32998891570532185,0.19733938627474157,0.8687836272185702,0.5488438445093845,0.3958333333333333
bulk,lucb@gamma-poisson,24,120.0,120.0,0.8552773003466427,0.0004940998624078929,3.2041573477058343,0.3133228403882854,0.11449552435351973,-2.220446049250313e-16,0.009018496620768368,0.00760114510952814,0.6778787525958063,0.5143978874592657,0.5
bulk,lucb@gamma-poisson,24,180.0,180.0,1.2919538000132889,0.0007518994389101863,3.1626859325366063,0.3133228403882854,0.11449552435351973,-2.220446049250313e-16,0.009018496620768368,0.00760114510952814,0.5899599201777405,0.5074100209376634,0.5
bulk,lucb@gamma-poisson,24,240.0,240.0,1.7002489999867976,0.0009887992637231946,3.1441149243844193,0.3133228403882854,0.11449552435351973,-2.220446049250313e-16,0.004914129109519605,0.00760114510952814,0.5771071424563583,0.4767063015324913,0.7291666666666666
bulk,lucb@gamma-poisson,25,30.0,30.0,0.23644530028104782,0.00015060021542012691,3.2302798132486914,0.0,0.0,0.10830087873484273,0.09739995087729147,0.0410256365283006,0.8338822816174566,0.5637326275568564,0.28125
bulk,lucb@gamma-poisson,25,60.0,60.0,0.46227010036818683,0.00027520000003278255,3.154190710328173,0.0,0.0,0.0,0.0,0.0,0.6662575683004339,0.5222689123702674,0.4375
bulk,lucb@gamma-poisson,25,120.0,120.0,0.8964194003492594,0.0005278000608086586,3.0878074373228848,0.0,0.0,0.0,0.009958236095370387,0.006506499767683804,0.5705275222598382,0.4877887913111205,0.53125
bulk,lucb@gamma-poisson,25,180.0,180.0,1.3412270006374456,0.000778000452555716,3.0245011789239395,0.0,0.0,0.06616308367517565,0.009958236095370387,0.006506499767683804,0.5466615350612141,0.45262749430748184,0.75
bulk,lucb@gamma-poisson,25,240.0,240.0,1.7872519007069059,0.001052800624165684,2.9844819740037245,0.0,0.0,0.0,0.009958236095370387,0.006506499767683804,0.5198031021624322,0.4429838285555795,0.75
bulk,lucb@gamma-poisson,26,30.0,30.0,0.24885529989842325,0.00011669989908114076,3.425107068723726,0.30960974962972854,0.40763569968347324,0.3711127501842908,0.2966684759053554,0.13315289745721537,1.035987577155411,0.5240514692797612,0.25
bulk,lucb@gamma-poisson,26,60.0,60.0,0.4540558997541666,0.00023509969469159842,3.381725011352575,0.30960974962972854,0.0,0.13245186067683523,0.10810823734889108,0.13315289745721526,0.8887782545953212,0.5014164353417273,0.3958333333333333
bulk,lucb@gamma-poisson,26,120.0,120.0,0.9061159996199422,0.0004998996737413108,3.2537944450393095,0.30960974962972854,0.0,0.001537632384483234,0.004676048823212486,0.04742113028187167,0.6777650481217159,0.4762880081757179,0.5
bulk,lucb@gamma-poisson,26,180.0,180.0,1.354455599852372,0.0007644997094757855,3.245870944545817,0.0,0.045818202188495194,0.001537632384483234,0.004676048823212486,1.1102230246251565e-16,0.6120168949966086,0.4782835496341243,0.5
bulk,lucb@gamma-poisson,26,240.0,240.0,1.8046047001844272,0.0010236995876766741,3.223249743612342,0.0,0.0,0.005918479845335778,0.0034612023947561132,0.0,0.5735763775943564,0.4649112511728417,0.59375
bulk,lucb@gamma-poisson,27,30.0,30.0,0.23744219995569438,0.00011980003910139203,3.307166129635,0.21785638481389136,0.14745465975996241,0.23716709810641023,0.24139642383122784,0.2988181357837566,0.9677110588221469,0.6152864012888071,0.2708333333333333
bulk,lucb@gamma-poisson,27,60.0,60.0,0.43114589992910624,0.00023699976736679673,3.2254594593983277,0.21785638481389136,0.14745465975996241,0.0756479823579419,0.1840571202043545,0.20945570755805176,0.7773879848569261,0.5730910070383212,0.4270833333333333
bulk,lucb@gamma-poisson,27,120.0,120.0,0.838720700063277,0.0004825997166335583,3.17668265645826,0.09687691091996087,0.0490082422993261,0.0756479823579419,0.13337109378936396,0.11032935323147797,0.6537628850709913,0.5438173479092265,0.53125
bulk,lucb@gamma-poisson,27,180.0,180.0,1.2820453001768328,0.0007413995917886496,3.0936743879401867,0.09687691091996087,0.037245133134619635,0.06757376679950544,0.0,0.0,0.5005720867922664,0.5079727048759929,0.75
bulk,lucb@gamma-poisson,27,240.0,240.0,1.7307221002993174,0.0010212996858172119,3.041381115409809,0.09687691091996087,0.037245133134619635,0.0,0.004737850298568658,2.220446049250313e-16,0.4509428888951923,0.49634364243314116,0.75
bulk,lucb@gamma-poisson,28,30.0,30.0,0.21708019997458905,0.00011899991659447551,3.4846830118016867,0.6356449631964014,0.42370183547621587,0.3282441910805922,0.3914158899564152,0.4032994600523804,1.2163913411803375,0.5835148966669496,0.2604166666666667
bulk,lucb@gamma-poisson,28,60.0,60.0,0.4217493999749422,0.00023479986703023314,3.4196170517977555,0.5637173638528568,0.04261714568147823,0.0,0.009746287568244694,0.05586461907104889,0.8912638330944935,0.5520417151439597,0.4166666666666667
bulk,lucb@gamma-poisson,28,120.0,120.0,0.8569255000911653,0.0004994999035261571,3.322120329982097,0.0,0.0,0.0,0.009746287568244694,0.04752510944977539,0.7166478042906048,0.5286997779152861,0.5
bulk,lucb@gamma-poisson,28,180.0,180.0,1.271531899808906,0.0007424997165799141,3.2757545925221,0.0,0.04261714568147823,0.0,0.009746287568244694,0.04752510944977539,0.7185242492719458,0.47652114572797377,0.6770833333333334
bulk,lucb@gamma-poisson,28,240.0,240.0,1.722981799801346,0.001006499514915049,3.2566551034282933,0.0,0.04261714568147823,0.0,0.009746287568244694,0.05586461907104889,0.7135962155037536,0.4715131119720608,0.75
bulk,lucb@gamma-poisson,29,30.0,30.0,0.2164751001400873,0.00012609997065737844,3.2325464146156158,0.0,0.09242521024766526,0.000794431615735891,1.1102230246251565e-16,0.0080359755221735,1.1973481206893613,0.6474271471561646,0.28125
bulk,lucb@gamma-poisson,29,60.0,60.0,0.448835700051859,0.0003023997996933758,3.1698229550017616,0.0,0.09242521024766526,0.000794431615735891,0.00868037102467667,1.1102230246251565e-16,1.1105596185361046,0.6005613876170695,0.4375
bulk,lucb@gamma-poisson,29,120.0,120.0,0.8849318005377427,0.0005856998614035547,3.0953896690538456,0.0,0.09242521024766526,0.000794431615735891,0.00868037102467667,1.1102230246251565e-16,1.0291446177333226,0.5665469388640382,0.5
bulk,lucb@gamma-poisson,29,180.0,180.0,1.3162323003052734,0.0008713999413885176,3.0812809106405616,0.0,0.0,0.00079443161573578,0.0,0.0,1.0056216524329862,0.5350675349149747,0.75
bulk,lucb@gamma-poisson,29,240.0,240.0,1.756637700542342,0.0011629002401605248,3.036142962551493,0.0,0.0,0.00079443161573578,0.0,0.0,0.9666493227842471,0.5271723314862385,0.75
bulk,lucb@gamma-poisson,30,30.0,30.0,0.22854560014093295,0.00013979984214529395,3.401625560948234,0.0,0.06508524388206216,0.0245066728743909,0.17443640690257023,0.2115971936404184,0.9322044119621075,0.5825443821078262,0.28125
bulk,lucb@gamma-poisson,30,60.0,60.0,0.45539510023081675,0.00027819996466860175,3.3220969402371665,0.0,0.06508524388206216,0.0245066728743909,-2.220446049250313e-16,0.06106649815007659,0.7630593687211257,0.5505416180666963,0.4375
bulk,lucb@gamma-poisson,30,120.0,120.0,0.921172000176739,0.0005501001724041998,3.261964006205089,0.0,0.06508524388206216,0.0245066728743909,-2.220446049250313e-16,0.047827408744354205,0.677479623557277,0.5316819599810509,0.5
bulk,lucb@gamma-poisson,30,180.0,180.0,1.3592100002570078,0.0008023000555112958,3.1699813452535373,0.0,0.06508524388206216,0.0245066728743909,-2.220446049250313e-16,0.047827408744354205,0.6028577907060736,0.4882214394149492,0.6875
bulk,lucb@gamma-poisson,30,240.0,240.0,1.7614692004281096,0.0010532002779655159,3.0881701485108857,0.0,0.06508524388206216,0.0245066728743909,-2.220446049250313e-16,0.004402126410558926,0.4581612759576682,0.469004627241898,0.75
bulk,lucb@gamma-poisson,31,30.0,30.0,0.22838820022298023,0.00013519974891096354,3.2353801336033263,0.06274080504417423,0.09456689760901471,0.2886490572381005,0.16507801479423156,0.20734496661200574,1.02406770679895,0.6142751234867821,0.2916666666666667
bulk,lucb@gamma-poisson,31,60.0,60.0,0.4482025002944283,0.00026069965679198503,3.164267154273668,0.06274080504417423,0.09456689760901471,0.0,0.0,0.048854029630156504,0.826632350400453,0.5693937627333896,0.4479166666666667
bulk,lucb@gamma-poisson,31,120.0,120.0,0.9046088004251942,0.0005231997929513454,3.0737435771375465,0.06274080504417423,0.09456689760901471,0.0,0.0,0.026473057706260406,0.7220168528494113,0.536364820196202,0.5104166666666666
bulk,lucb@gamma-poisson,31,180.0,180.0,1.3379601006163284,0.0007653997163288295,3.0253723091637283,0.06274080504417423,0.09456689760901471,0.0,0.0,0.0,0.6981806010445782,0.5067861467013938,0.75
bulk,lucb@gamma-poisson,31,240.0,240.0,1.7531327006872743,0.0010088994167745113,2.969564247710943,0.06274080504417423,0.09456689760901471,0.0,0.0,0.0,0.6810844385534528,0.49403711142256174,0.75
bulk,lucb@gamma-poisson,32,30.0,30.0,0.2262620001565665,0.00013140012742951512,3.500777500031488,0.5302285831968423,0.4587402895224958,0.5540451749920725,0.5713617985212659,0.5702936506050844,1.2199741257351224,0.6042212549126876,0.28125
bulk,lucb@gamma-poisson,32,60.0,60.0,0.44625630002701655,0.0002516002277843654,3.4109033756622313,0.5302285831968423,0.4587402895224958,0.4893158437132229,0.4626939220274817,0.45481120655230056,1.1160070356673077,0.5707287990808335,0.4375
bulk,lucb@gamma-poisson,32,120.0,120.0,0.872904300049413,0.0004935003235004842,3.2968009450535383,0.3488256542786353,0.3211221059549567,0.32603564788823713,0.3271849186097192,0.3298021001707607,0.9930471162966197,0.548031983108138,0.5
bulk,lucb@gamma-poisson,32,180.0,180.0,1.283912300132215,0.0007221002597361803,3.204802585630715,0.0,0.0,0.0747281488445043,0.07861065790731536,0.10283618214317936,0.7037622023689761,0.4970179380170593,0.6875
bulk,lucb@gamma-poisson,32,240.0,240.0,1.700998799817171,0.0009610999841243029,3.166571403137842,0.0,0.0,0.0747281488445043,0.07861065790731536,0.10283618214317936,0.683320286276676,0.47926237889433115,0.75
bulk,lucb@gamma-poisson,33,30.0,30.0,0.22265720006544143,0.00012159987818449736,3.7072490203981023,0.0,0.027815983603494576,0.17108535613751996,0.23109600138918696,0.2487892546563124,1.6878841607687287,0.5261824813779882,0.2708333333333333
bulk,lucb@gamma-poisson,33,60.0,60.0,0.4283583000069484,0.00024389981990680099,3.613612548412295,0.0,0.0,0.0,0.05782688318142193,0.12099975319608658,1.4693666020341212,0.4958946286689568,0.4270833333333333
bulk,lucb@gamma-poisson,33,120.0,120.0,0.8824058999307454,0.0005028997547924519,3.5179591440225746,0.0,0.0,0.0,0.004773073089081481,0.050630711633390946,1.312239592155736,0.4751716876929911,0.5
bulk,lucb@gamma-poisson,33,180.0,180.0,1.3141170997987501,0.0007600997341796756,3.5035103440730446,0.0,0.0,0.0,0.004773073089081481,0.050630711633390946,1.3061729039528713,0.47109359116568433,0.5104166666666666
bulk,lucb@gamma-poisson,33,240.0,240.0,1.7273961999453604,0.0009993996936827898,3.4442762547511188,0.0,0.0,0.0,0.004773073089081481,0.0,1.1234451600762108,0.4551139811041699,0.5416666666666666
bulk,lucb@gamma-poisson,34,30.0,30.0,0.2150965000037104,0.00011920003453269601,3.238356588983239,0.09694839895613083,0.0,0.06691769435343764,0.16625810731097246,0.2022264227496141,0.9579398068845654,0.6118974361265372,0.2916666666666667
bulk,lucb@gamma-poisson,34,60.0,60.0,0.4091826000367291,0.0002359000500291586,3.195942618561741,0.5480023794920852,0.2879598110694911,0.06691769435343764,0.1542437920012909,0.24253857825674785,0.849939977800794,0.5700174351257011,0.4479166666666667
bulk,lucb@gamma-poisson,34,120.0,120.0,0.8492502001463436,0.00047460023779422045,3.0646342110934572,0.0,0.0,0.05056151128698938,0.04093788921117614,0.04677862861016624,0.6348895116117885,0.5430494818511055,0.5
bulk,lucb@gamma-poisson,34,180.0,180.0,1.2470806002384052,0.0007004998624324799,3.0446371062572557,0.0,0.0,0.05056151128698938,0.04093788921117614,0.11083191041929363,0.5970946316371822,0.5106436953008813,0.7083333333333334
bulk,lucb@gamma-poisson,34,240.0,240.0,1.6711419998900965,0.0009508996154181659,2.992281698492505,0.09694839895613083,0.0,0.05056151128698938,0.04093788921117614,0.04677862861016624,0.5339461859363097,0.4938993536311817,0.75
bulk,lucb@gamma-poisson,35,30.0,30.0,0.2268557998468168,0.00011840008664876223,3.1940820910483456,0.5464059612061848,0.28019429645802607,0.3209413452175034,0.3437072637124341,0.36334122090275334,0.8702421627765671,0.6376529985399866,0.2916666666666667
bulk,lucb@gamma-poisson,35,60.0,60.0,0.47825619991635904,0.00024330004816874862,3.0975572038702093,0.5464059612061848,0.28019429645802607,0.1754218901676824,0.14642117860150672,0.12585895146006432,0.6541746659542484,0.5930529038013022,0.4479166666666667
bulk,lucb@gamma-poisson,35,120.0,120.0,0.8823553000111133,0.00048280006740242243,3.0405432119949456,0.0,0.26125221572234736,0.17374388161652432,0.036119263593792805,0.02937541760549256,0.5128299349113596,0.582369485096963,0.5104166666666666
bulk,lucb@gamma-poisson,35,180.0,180.0,1.315067999996245,0.0007295999675989151,2.974969127207711,0.0,0.0,0.0,0.0,0.02937541760549256,0.45084737714285217,0.5366626895515426,0.75
bulk,lucb@gamma-poisson,35,240.0,240.0,1.7381472997367382,0.000982999918051064,2.9708116333967483,0.0,0.0,0.0,0.0,0.04746966279959197,0.44303781458535396,0.5247338848087535,0.75
bulk,lucb@gamma-poisson,36,30.0,30.0,0.20587499998509884,0.00011310004629194736,3.3032885962776604,0.8512659633103727,0.7308858854303821,0.7291271190761826,0.6692081232746021,0.665730504886342,1.4687773777818076,0.5888289769956445,0.2916666666666667
bulk,lucb@gamma-poisson,36,60.0,60.0,0.44545820011990145,0.00023920013336464763,3.2413023491568596,0.0,0.23191652042852617,0.27493731723781145,0.2692476013377548,0.2000244896196568,0.9890995001906704,0.539273268120428,0.4479166666666667
bulk,lucb@gamma-poisson,36,120.0,120.0,0.8491272000828758,0.0004644001601263881,3.087830630048615,0.0,0.0,0.06544674339413936,0.0271372050733234,0.03856037127558931,0.7066540538908624,0.49251658400319,0.53125
bulk,lucb@gamma-poisson,36,180.0,180.0,1.2551892998744734,0.000693799986038357,3.0430826803960755,0.0,0.0,0.0,0.03386878982563679,0.03159775604897319,0.6870432357222326,0.47382469516643133,0.75
bulk,lucb@gamma-poisson,36,240.0,240.0,1.6435968996956944,0.000970799766946584,3.0099590096724995,0.0,0.0,0.0,0.019472475084061247,0.02548280685162696,0.6730343527076194,0.46968381597499864,0.75
bulk,lucb@gamma-poisson,37,30.0,30.0,0.22265259985579178,0.0001265999162569642,3.2399229216689136,0.47890656822479993,0.2712777036835742,0.34605557834148715,0.26917924769022816,0.30304187008635597,0.9340773043566748,0.6177105757320537,0.28125
bulk,lucb@gamma-poisson,37,60.0,60.0,0.4702440998516977,0.0002802000963129103,3.152963247288522,0.47890656822479993,0.2712777036835742,0.19937659197531898,0.03223733810142049,0.027219352614211934,0.7105286974011756,0.5779905713493415,0.4375
bulk,lucb@gamma-poisson,37,120.0,120.0,0.9008852996630594,0.0005221999599598348,3.0871612530528822,0.2346261350567539,0.0,0.007568759662925029,0.02642248354113763,0.0,0.5229360324294624,0.5581229664275729,0.5
bulk,lucb@gamma-poisson,37,180.0,180.0,1.3114748996449634,0.0007593999616801739,3.0261804717513368,0.2346261350567539,0.0,0.0,0.0,0.0,0.44703209892218293,0.5165676806173692,0.7291666666666666
bulk,lucb@gamma-poisson,37,240.0,240.0,1.7601963999914005,0.0010146002168767154,2.992443731315787,0.2346261350567539,0.0,0.0,0.02040348096972866,0.0,0.42072365660549155,0.5103502415611297,0.75
bulk,lucb@gamma-poisson,38,30.0,30.0,0.23192409990588203,0.0001291002263315022,3.21094771006252,0.0,0.0,0.0709663591351386,0.1053398768810978,0.16962313000909168,1.0914036357659531,0.6701754497057296,0.28125
bulk,lucb@gamma-poisson,38,60.0,60.0,0.4375405997852795,0.00023980019614100456,3.1435910441392676,0.0,0.0,0.0709663591351386,0.05924126523726403,0.08711261365308842,0.9723382172549869,0.6329946999315822,0.4375
bulk,lucb@gamma-poisson,38,120.0,120.0,0.848839299811516,0.0004919999628327787,3.097683797285214,0.0,0.0,0.0,0.05924126523726403,0.08047253375329588,0.8275763069223254,0.5989874906767729,0.5
bulk,lucb@gamma-poisson,38,180.0,180.0,1.2618782999343239,0.0007368000224232674,2.9892277478945766,0.0,0.0,0.0,0.0,0.026132047268643932,0.7291728825520585,0.5366378669161612,0.75
bulk,lucb@gamma-poisson,38,240.0,240.0,1.6899446996976621,0.0009865997708402574,2.9694556981116094,0.0,0.0,0.0,0.0,0.026132047268643932,0.7142070715577638,0.5304910088561042,0.75
bulk,lucb@gamma-poisson,39,30.0,30.0,0.2509625001111999,0.00011680001625791192,3.2711983616998914,0.0,0.07035752438611154,0.052905575388039416,0.12148442248522018,0.16517456139929565,0.9238349912199767,0.5972252693360147,0.2708333333333333
bulk,lucb@gamma-poisson,39,60.0,60.0,0.462852300144732,0.00023489969316869974,3.2349642383953245,0.0,0.07035752438611154,0.052905575388039416,0.12148442248522018,0.06695783154535861,0.8192596006567002,0.5699450204202644,0.4270833333333333
bulk,lucb@gamma-poisson,39,120.0,120.0,0.8579287000466138,0.0004734996473416686,3.1283494787850863,0.0,0.07035752438611154,0.052905575388039416,0.0129817478916332,0.07714285135248444,0.6619786242108252,0.5317938825868556,0.5
bulk,lucb@gamma-poisson,39,180.0,180.0,1.2653605999075808,0.0007053998415358365,3.0656621643032467,0.0,0.005934953009078203,0.052905575388039416,0.0129817478916332,0.0,0.5461547426105381,0.4966074097098032,0.7395833333333334
bulk,lucb@gamma-poisson,39,240.0,240.0,1.704387399891857,0.0009635995957069099,3.0166249236276736,0.0,0.005934953009078203,0.0,0.0129817478916332,0.0,0.4919964599114541,0.48517675884119293,0.75
bulk,lucb@gamma-poisson,40,30.0,30.0,0.21178859990322962,0.00011510000331327319,3.3344982080827363,0.0,0.2992658470036381,0.3166081511942582,0.27269512630306725,0.28482992181024835,1.19138211584965,0.5952823510906462,0.2604166666666667
bulk,lucb@gamma-poisson,40,60.0,60.0,0.4135904998402111,0.0002264998620375991,3.271533272856813,0.0,0.2992658470036381,0.3166081511942582,0.27269512630306725,0.2563644858155274,1.1034710765808797,0.5529810958123862,0.4166666666666667
bulk,lucb@gamma-poisson,40,120.0,120.0,0.8561710996436886,0.0004676998942159116,3.188734321731122,0.0,0.2992658470036381,0.25637075525850817,0.25352192619266056,0.2390482035513083,1.0350578525664464,0.5306559227624691,0.5
bulk,lucb@gamma-poisson,40,180.0,180.0,1.268980399821885,0.0007014997536316514,3.115948966594265,0.0,0.2992658470036381,0.25637075525850817,0.25352192619266056,0.2390482035513083,1.0041667827605396,0.4833732144553452,0.71875
bulk,lucb@gamma-poisson,40,240.0,240.0,1.7316596996970475,0.0009584998479112983,3.0656382446061357,0.0,0.2992658470036381,0.25637075525850817,0.039806126723031965,0.04250890068701618,0.7779797768675344,0.454903540061869,0.75
bulk,lucb@gamma-poisson,41,30.0,30.0,0.19501820002915338,0.00012260011862963438,3.474682777912909,0.04885743558879829,0.10518562052059677,0.28198529605181055,0.21490356090289353,0.20604464593509053,0.9830025992995571,0.6020378733008678,0.28125
bulk,lucb@gamma-poisson,41,60.0,60.0,0.40347920020576566,0.00025550014106556773,3.410929196096196,0.20523214136174073,0.10518562052059677,0.005204431082027061,0.0,0.043268620535836244,0.8189519044108791,0.5618897820089404,0.4375
bulk,lucb@gamma-poisson,41,120.0,120.0,0.8134051001397893,0.0005335005116648972,3.3068986317108315,0.20523214136174073,0.10518562052059677,0.005204431082027061,0.0,0.043268620535836244,0.6927903224991718,0.5375161928482305,0.5
bulk,lucb@gamma-poisson,41,180.0,180.0,1.2387057001469657,0.0008149006171151996,3.2750075753369927,0.20523214136174073,0.10518562052059677,0.005204431082027061,0.0,0.013239410232943616,0.6667141073531156,0.505702139176943,0.7395833333333334
bulk,lucb@gamma-poisson,41,240.0,240.0,1.713480000034906,0.0011225006892345846,3.213553667925449,0.20523214136174073,0.08014519729373637,0.005204431082027061,0.0,0.013239410232943616,0.5965772083334298,0.4910077595824775,0.75
bulk,lucb@gamma-poisson,42,30.0,30.0,0.20505810005124658,0.00011449999874457717,3.3538077743734305,0.0,0.18344492626458775,0.12533450419781966,0.20340322025455349,0.10982586612828127,1.1397157530369437,0.6399453054748734,0.2604166666666667
bulk,lucb@gamma-poisson,42,60.0,60.0,0.4058152000652626,0.0002311997814103961,3.2653933784331506,0.0,0.0,0.025338251261279865,0.09785315746621326,0.10982586612828138,1.0078579540420158,0.6091471857091237,0.40625
bulk,lucb@gamma-poisson,42,120.0,120.0,0.8501333000021987,0.0004943997482769191,3.130961839467457,0.0,0.0,0.025338251261279865,0.0,0.0,0.6708519877618961,0.5748468263199179,0.5
bulk,lucb@gamma-poisson,42,180.0,180.0,1.2921483002137393,0.0007692997460253537,3.0941669192422867,0.0,0.0,0.025338251261279865,0.0,0.0,0.6354191699414821,0.5699091728554594,0.5
bulk,lucb@gamma-poisson,42,240.0,240.0,1.726806100050453,0.0010285996249876916,3.0363805391817316,0.0,0.03932052416323106,0.027281327953462275,-2.220446049250313e-16,0.0,0.5941174670372442,0.5247786904467131,0.65625
bulk,lucb@gamma-poisson,43,30.0,30.0,0.21156779990997165,0.00012199993943795562,3.4139164009503773,0.06499276227661721,0.30766667912059076,0.30964645697383963,0.3018538260991602,0.3052893457536052,1.5259590641358332,0.6398553271246802,0.22916666666666666
bulk,lucb@gamma-poisson,43,60.0,60.0,0.40756400011014193,0.0002570000942796469,3.348647024657693,0.06499276227661721,0.24167478978350787,0.30964645697383975,0.30185382609916045,0.26699000021266295,1.4527983741798765,0.6179731831445889,0.375
bulk,lucb@gamma-poisson,43,120.0,120.0,0.8530085997772403,0.0005154001992195845,3.2604135798142373,0.06499276227661721,0.24167478978350787,0.30964645697383975,0.2923543043013377,0.26699000021266295,1.38927858520328,0.5811337526686673,0.5
bulk,lucb@gamma-poisson,43,180.0,180.0,1.2658564996672794,0.0007566001149825752,3.245645145969494,0.06499276227661721,0.24167478978350787,0.30964645697383975,0.2923543043013377,0.2793467075145991,1.3779674009704783,0.5780220450043078,0.5
bulk,lucb@gamma-poisson,43,240.0,240.0,1.6850281996303238,0.0009996001608669758,3.0564429134791404,0.06499276227661721,0.11540695708557702,0.0,0.0,0.0,0.6068349187676243,0.535700350038169,0.59375
bulk,lucb@gamma-poisson,44,30.0,30.0,0.21645390009507537,0.00012500013690441847,3.201323530730304,0.5317911584081663,0.3192804546709932,0.38010387443295135,0.34519900875535203,0.33209371366751506,1.0939578137190535,0.6527536436034532,0.28125
bulk,lucb@gamma-poisson,44,60.0,60.0,0.42874799988931045,0.0002514999359846115,3.1403593602181625,0.5317911584081663,0.6059509798793449,0.3804870050442042,0.3455163345672273,0.3323717342012349,1.031425616887035,0.6240073986207801,0.4375
bulk,lucb@gamma-poisson,44,120.0,120.0,0.859474900062196,0.0005101998103782535,3.049146940650875,0.5317911584081663,0.3192804546709932,0.33634716223733574,0.2785776787187382,0.28607139916796476,0.9463964301715351,0.6028427978220685,0.5
bulk,lucb@gamma-poisson,44,180.0,180.0,1.2473409000667743,0.0007372994441539049,2.928611516125302,0.5317911584081663,0.11850661846540711,0.0,0.0,0.0,0.5150452843933756,0.5423151978252331,0.75
bulk,lucb@gamma-poisson,44,240.0,240.0,1.6704619003576227,0.0009908992797136307,2.9159258539802777,0.5317911584081663,0.11850661846540711,0.0,0.0,0.0,0.5102628711771489,0.5395624815194731,0.75
bulk,lucb@gamma-poisson,45,30.0,30.0,0.22256420005578548,0.00012690009316429496,3.2320904161306525,0.0,0.17705719377845475,0.2023229220092574,0.2245171816337378,0.19669515524949832,0.9733919972316574,0.5640721504733555,0.25
bulk,lucb@gamma-poisson,45,60.0,60.0,0.44582560035632923,0.0002557000843808055,3.1737069993853617,0.0,0.17705719377845475,0.2023229220092574,0.17397750217731645,0.20323642231167804,0.8957190130385912,0.538683212505968,0.40625
bulk,lucb@gamma-poisson,45,120.0,120.0,0.9149325999896973,0.0005501997657120228,3.087040999950595,0.0,0.0676514116811846,0.0,0.0003417921449959671,0.013409099865043794,0.6582307522215506,0.5123109418327592,0.5
bulk,lucb@gamma-poisson,45,180.0,180.0,1.3701742999837734,0.0008135997923091054,3.0599545548733054,0.0,0.0676514116811846,0.0,0.0003417921449959671,0.0,0.564000414355655,0.5031177222196835,0.53125
bulk,lucb@gamma-poisson,45,240.0,240.0,1.8279089000425301,0.00107079982990399,2.9887905464213134,0.0,0.0,0.0,0.0003417921449959671,0.0,0.48556348116809195,0.4467657833821595,0.75
bulk,lucb@gamma-poisson,46,30.0,30.0,0.21438710001530126,0.00011950009502470493,3.2306341214962946,0.0,0.06237032183653379,0.02098900127441139,0.0,0.06658169106683076,0.8135871504126246,0.6048590445780119,0.2916666666666667
bulk,lucb@gamma-poisson,46,60.0,60.0,0.4296858998714015,0.00024099991424009204,3.1551290209916836,0.0,0.06237032183653379,0.02098900127441139,0.0,0.03363518939490506,0.6707528194523686,0.5603654763717293,0.4479166666666667
bulk,lucb@gamma-poisson,46,120.0,120.0,0.8572019996354356,0.0004920998471789062,3.087178704669092,0.0,0.06237032183653379,0.04982573845784477,0.0,0.0,0.6198545139667484,0.5418695239905815,0.5
bulk,lucb@gamma-poisson,46,180.0,180.0,1.2884071998414584,0.0007345000631175935,3.0453200226579766,0.0,0.06237032183653379,0.02098900127441139,0.0,0.0,0.6012263924053232,0.5007597639794588,0.75
bulk,lucb@gamma-poisson,46,240.0,240.0,1.7208541997824796,0.0009857999975793064,3.013914473274287,0.0,0.06237032183653379,0.02098900127441139,0.0,0.0,0.5316041391470736,0.499365770576027,0.75
bulk,lucb@gamma-poisson,47,30.0,30.0,0.19613559998106211,0.00011060014367103577,3.4182746604691356,0.007429293762375999,0.08425184153325405,0.1951911807879757,0.309369485815123,0.3345376598873332,1.2938317449259804,0.6216435679305287,0.2604166666666667
bulk,lucb@gamma-poisson,47,60.0,60.0,0.4278363999328576,0.00024200015468522906,3.358679225906964,0.007429293762375999,0.08425184153325405,0.1951911807879757,0.23242272977429912,0.2703893193949307,1.1978208227382112,0.5913463960634062,0.4166666666666667
bulk,lucb@gamma-poisson,47,120.0,120.0,0.8782779998728074,0.0004955001058988273,3.264625603404643,0.0,0.0,0.012284294104503712,0.09074095441308883,0.09240464539231219,0.9024627313578447,0.5731433305381599,0.5
bulk,lucb@gamma-poisson,47,180.0,180.0,1.2911631002207287,0.0007356001879088581,3.248789635212845,0.0,0.0,0.012284294104503712,0.09074095441308883,0.09240464539231219,0.8972068115631991,0.5700027083641145,0.5
bulk,lucb@gamma-poisson,47,240.0,240.0,1.7226576002431102,0.000996200367808342,3.1177981604999907,0.0,0.0,0.0,0.0,0.013096937198803782,0.49938098342954573,0.52666974171373,0.65625
bulk,lucb@gamma-poisson,48,30.0,30.0,0.20562630001222715,0.00011209986405447125,3.4255039379669037,0.0,0.0,0.07926557574964221,0.14737350038780028,0.18699899072956572,0.8897441524778215,0.5651817114176211,0.2708333333333333
bulk,lucb@gamma-poisson,48,60.0,60.0,0.43869719991926104,0.00023879989748820662,3.3622857040884093,0.0,0.0,0.07926557574964221,0.1542457108322145,0.13230153308166293,0.7807951996908703,0.53705142584778,0.4270833333333333
bulk,lucb@gamma-poisson,48,120.0,120.0,0.8817342995898798,0.0004889999981969595,3.247453531137744,0.0,0.0,0.0,0.05907598254579616,0.05067138020853179,0.6205673753543034,0.496885984882545,0.5
bulk,lucb@gamma-poisson,48,180.0,180.0,1.270458499668166,0.0007208998431451619,3.2230817510563607,0.0,0.0,0.0,0.05907598254579616,0.0745468859816455,0.5781741042385806,0.4740071009978963,0.7291666666666666
bulk,lucb@gamma-poisson,48,240.0,240.0,1.705215699679684,0.0009861999424174428,3.2170191574218916,0.0,0.0,0.0,0.04682638281886109,0.0745468859816455,0.5879870446641975,0.46125321641318584,0.75
bulk,lucb@gamma-poisson,49,30.0,30.0,0.2608411001274362,0.0001316999550908804,3.3130717093674495,0.8681961270535818,0.7838138063877731,0.7255845729652569,0.71060273289408,0.6365059651415996,1.399772703633198,0.6002861750569047,0.2916666666666667
bulk,lucb@gamma-poisson,49,60.0,60.0,0.47613110003294423,0.0002585998736321926,3.200670157943842,0.0,0.0,0.13420635900755373,0.16420924559882377,0.17009327674163766,0.8297080238383657,0.5533445121262075,0.4479166666666667
bulk,lucb@gamma-poisson,49,120.0,120.0,0.8954967999015935,0.0004943995736539364,3.0575194690818193,0.0,0.0,0.0,0.0,0.0,0.4907418963960725,0.5284695462614283,0.5
bulk,lucb@gamma-poisson,49,180.0,180.0,1.2753160001593642,0.0007136994390748441,2.9786793813509918,0.0,0.0,0.0,0.0,0.0,0.4063309863277139,0.47058520099351486,0.7083333333333334
bulk,lucb@gamma-poisson,49,240.0,240.0,1.7218299000523984,0.0009668995044194162,2.9540044383071824,0.0,0.0,0.0,0.0,0.0,0.3848694941513435,0.45786577515205495,0.75
bulk,dad,0,30.0,30.0,0.004333199933171272,0.007249800080899149,3.2913037151746587,0.0,0.2873182204829363,0.43113794573098485,0.4998401821500251,0.5108341302828764,1.2756037319094256,0.5873241866846376,0.3125
bulk,dad,0,60.0,60.0,0.00871449988335371,0.014303400297649205,3.2105839620149283,0.0,0.0,0.09812097291781519,0.08311315108860873,0.18344155633609682,0.9815723648003514,0.5488907667458907,0.625
bulk,dad,0,120.0,120.0,0.01366899983258918,0.021752700267825276,3.0834919327620938,0.0,0.0,0.09812097291781519,0.090778918156877,0.07256974881141376,0.7259911757080796,0.45430897696496664,1.0
bulk,dad,0,180.0,180.0,0.021725699887610972,0.03272000059951097,2.9915195957711043,0.0,0.0,0.051527828461635616,0.08311315108860873,0.07256974881141376,0.6401683691737966,0.43996164124970094,1.0
bulk,dad,0,240.0,240.0,0.030071199929807335,0.04628770041745156,2.9952844762749447,0.0,0.0,0.051527828461635616,0.05131229914848856,0.07256974881141376,0.6490161819687161,0.4236033622706559,1.0
bulk,dad,1,30.0,30.0,0.004142200108617544,0.007002400234341621,3.1839192556140374,0.8535483465545524,0.8047943573790837,0.23019200052455902,0.31848189159419504,0.24955206464826452,1.675179583166737,0.5736397886764468,0.3125
bulk,dad,1,60.0,60.0,0.007305600040126592,0.011507100309245288,3.062864519821879,0.0,0.16011883661849413,0.28878783690895904,0.3704049153540714,0.3542950240700379,0.9396466767421031,0.4790447523185826,0.625
bulk,dad,1,120.0,120.0,0.014845499768853188,0.022675200190860778,2.979668490660942,0.0,0.13409788713761417,0.1005113274049868,0.07976230726472622,0.09527590233873218,0.7212118337090339,0.4024960108462915,1.0
bulk,dad,1,180.0,180.0,0.02202939975541085,0.032953600282780826,2.876456855567986,0.0,0.009994916171171098,1.1102230246251565e-16,0.07976230726472633,0.09527590233873218,0.5764098524259489,0.3763832547685754,1.0
bulk,dad,1,240.0,240.0,0.028387799684423953,0.04405140021117404,2.7991679498760256,0.0,0.009994916171171098,1.1102230246251565e-16,1.1102230246251565e-16,0.04137570656200562,0.44856160940873285,0.3445980821262482,1.0
bulk,dad,2,30.0,30.0,0.004566399962641299,0.0072132000350393355,3.233905559174912,0.847991072403385,0.820680404220288,0.7877183613596622,0.7351806956627864,0.7354342374818197,1.3290262087677676,0.5589563975714046,0.3125
bulk,dad,2,60.0,60.0,0.008768500003498048,0.014033400046173483,3.2111373007547215,0.9384091835988198,0.873212205637345,0.8404439502363332,0.782090652316358,0.7463490751685896,1.1638200829010223,0.49839555316319345,0.625
bulk,dad,2,120.0,120.0,0.016761299746576697,0.02602010010741651,3.087978011190678,0.0,0.0,0.0,0.05551045069714444,0.08334319007111846,0.5663524973883816,0.43172001031365104,1.0
bulk,dad,2,180.0,180.0,0.025032899691723287,0.03794969996670261,3.0215801279426864,0.0,0.0,0.0,0.050394398970301624,0.0786721265506527,0.4853403764304202,0.4130679922862631,1.0
bulk,dad,2,240.0,240.0,0.03260679979575798,0.0496683000237681,3.0227014561528915,0.0,0.0,0.0,0.05208034001929096,0.03382305459019341,0.4786631162514082,0.39729937931802506,1.0
bulk,dad,3,30.0,30.0,0.004157199990004301,0.007291699992492795,3.319619156246832,0.9241993815384905,0.7516743347083105,0.6662678410697295,0.5885698853487323,0.6164257204472394,1.316203747418363,0.5483478128229078,0.3125
bulk,dad,3,60.0,60.0,0.008322900102939457,0.014174599957186729,3.2724139878078624,0.0,0.0,0.1177423243450092,0.19849061789719102,0.16196568616794194,0.9633717408655549,0.48157334795422924,0.625
bulk,dad,3,120.0,120.0,0.01639100007014349,0.026507599803153425,3.1699815690921276,0.0,0.0,0.04911053994108194,0.04218096150325856,0.09015031721027633,0.7884461510954274,0.4219419251507352,1.0
bulk,dad,3,180.0,180.0,0.024434900551568717,0.0385878998786211,3.0987290686262177,0.0,0.0,0.04911053994108194,0.04218096150325856,0.06120469998450817,0.6405264967012847,0.3935606264202255,1.0
bulk,dad,3,240.0,240.0,0.03211800038116053,0.05073449976043776,3.067537344439136,0.0,0.0,0.02980108744103438,0.10112868757825311,0.09015031721027622,0.6165878234724187,0.37876775366843496,1.0
bulk,dad,4,30.0,30.0,0.004058299935422838,0.006846999749541283,3.267360839091739,0.9797514966934601,0.9403100518102916,0.9201067481705976,0.9071091177831303,0.8742906410774397,2.1547043328283046,0.5569506437356573,0.3125
bulk,dad,4,60.0,60.0,0.0069628998171538115,0.011299299774691463,3.1309199063852433,0.5366479141518523,0.434329016229385,0.47302951904408375,0.5087924463761712,0.5045821477842489,1.9150835655269622,0.4833845034618879,0.625
bulk,dad,4,120.0,120.0,0.015259999432601035,0.02417609968688339,3.0118351555411293,0.0,0.0,0.11058377912779749,0.05119163460375409,0.05941591148190406,1.0200110900150408,0.40138718093053394,1.0
bulk,dad,4,180.0,180.0,0.022795299475546926,0.034349299559835345,2.903355785325248,0.0,0.0,0.0,0.0,0.0,0.6496029229524554,0.38174736276175236,1.0
bulk,dad,4,240.0,240.0,0.031069899327121675,0.047698299458716065,2.870978437894907,0.0,0.0,0.0,0.0,0.0,0.6407727868707237,0.35658448390563297,1.0
bulk,dad,5,30.0,30.0,0.004239399917423725,0.0071447998052462935,3.1638875016347874,0.3348133350506597,0.0,0.1829243242268298,0.20987166073629482,0.24889644086726048,1.194800160727006,0.5461715288801361,0.3125
bulk,dad,5,60.0,60.0,0.006973599782213569,0.0111437996965833,3.108494517443797,0.3348133350506597,0.0,0.1829243242268298,0.2651406233964426,0.19760645828902235,1.0791870779825414,0.5032419009831228,0.625
bulk,dad,5,120.0,120.0,0.014289200189523399,0.022144299582578242,3.015958182524855,0.3348133350506597,0.0,0.06145177569479343,0.09984571560893896,0.005340936488760106,0.7122608400204342,0.4351472017365095,1.0
bulk,dad,5,180.0,180.0,0.021224900207016617,0.03138229961041361,2.9154783244502656,0.0,0.0,0.06145177569479343,0.09984571560893896,0.005340936488760106,0.5301074422478732,0.4069103054021421,1.0
bulk,dad,5,240.0,240.0,0.028343699988909066,0.04244269954506308,2.8545097944888043,0.0,0.0,0.06145177569479343,0.09984571560893896,0.005340936488760106,0.4774585541107189,0.3775975626730827,1.0
bulk,dad,6,30.0,30.0,0.0035585997975431383,0.005641700001433492,3.284302799363408,0.7819287552535505,0.6541926095214675,0.6803912697778343,0.7136970257170494,0.7169930113049177,2.0131570101051186,0.5989575589060443,0.3125
bulk,dad,6,60.0,60.0,0.007041399774607271,0.01123629993526265,3.258679072697774,0.7819287552535505,0.6541926095214675,0.511488898632974,0.5696982127844993,0.5898605193298008,1.9640629105855814,0.5423183784203469,0.625
bulk,dad,6,120.0,120.0,0.01301029953174293,0.02023219980765134,3.0252970460402615,0.0,0.054854258347196705,0.039439265980589555,0.07482094644649273,0.10482152681591628,0.7759501978860004,0.4353528333696496,1.0
bulk,dad,6,180.0,180.0,0.0218328993069008,0.032999299408402294,2.9342698319351057,0.0,0.004780149589788452,0.0432041975146088,0.0,0.017507079618267696,0.6371414621627699,0.418500984971472,1.0
bulk,dad,6,240.0,240.0,0.03018419910222292,0.04636319953715429,2.889187250900356,0.0,0.004780149589788452,0.0432041975146088,0.0,0.017507079618267696,0.5945404873997474,0.38122622826573255,1.0
bulk,dad,7,30.0,30.0,0.004129700013436377,0.0071353999665006995,3.171631846451147,0.1783870131808849,0.24859251830947027,0.397557262990168,0.4708787468539771,0.4772545598348522,1.0989326001742337,0.5134511228682542,0.3125
bulk,dad,7,60.0,60.0,0.008814399770926684,0.015169799968134612,3.0725608051863524,0.0,0.1559949781898572,0.3452984518741893,0.3911488707799443,0.4367254506706617,0.8327427909732994,0.44548122910898996,0.625
bulk,dad,7,120.0,120.0,0.017969399690628052,0.028642499528359622,2.967215355164928,0.0,0.21284965782332954,0.22041012637159896,0.11209074221166437,0.07475961113935048,0.4955552826605193,0.3728050103773499,1.0
bulk,dad,7,180.0,180.0,0.025195299996994436,0.03876669937744737,2.909219710668905,0.0,0.1559949781898572,0.07119741508081112,0.11209074221166437,0.1203808766120733,0.450978809566334,0.352439676800853,1.0
bulk,dad,7,240.0,240.0,0.03331799997249618,0.05161429935833439,2.876650055142124,0.0,0.1559949781898572,0.07119741508081112,0.11209074221166437,0.1203808766120733,0.40095106069425956,0.32512094111280704,1.0
bulk,dad,8,30.0,30.0,0.004383099905680865,0.0070423000724986196,3.233170513050324,0.427531462295199,0.6877968619398451,0.7407407100451509,0.7348150204916901,0.412116581472309,2.6174908879134464,0.5629451144161793,0.3125
bulk,dad,8,60.0,60.0,0.008359499915968627,0.013712600222788751,3.183710665490974,0.427531462295199,0.5787684423969182,0.6417850402754259,0.6627085844672701,0.6699039201333958,2.5474433004828967,0.5034320968340764,0.625
bulk,dad,8,120.0,120.0,0.01717189996270463,0.02702350018080324,3.0425755206730525,0.0,0.0,0.0,0.013477887330978322,0.0,0.8759075501804083,0.4277741308839323,1.0
bulk,dad,8,180.0,180.0,0.024757500097621232,0.037866400205530226,3.0157332306555897,0.0,0.0,0.0,0.013477887330978322,0.0,0.6951908629407668,0.41466650309078135,1.0
bulk,dad,8,240.0,240.0,0.03542140015633777,0.05553310003597289,2.9499314696349628,0.0,0.0,0.0,0.013477887330978322,0.0,0.6820847033230013,0.3888082452993375,1.0
bulk,dad,9,30.0,30.0,0.004115200135856867,0.006959000020287931,3.2524786572626194,0.9059837643330712,0.9174255558055113,0.9081638117070847,0.8825464470880047,0.8276717316397121,1.5946578970071206,0.5865633155148293,0.3125
bulk,dad,9,60.0,60.0,0.008283700270112604,0.013758500048425049,3.180540704481682,0.2785345721766399,0.3405067560788899,0.4457778739328522,0.47857104075596935,0.4812242446579268,1.3370449551980188,0.5331322141804201,0.625
bulk,dad,9,120.0,120.0,0.015785600407980382,0.02420670003630221,3.0797770989961184,0.2785345721766399,0.0,0.04988883946136524,0.0,0.05827911903401495,0.8992763149383831,0.4567472124386925,0.9895833333333334
bulk,dad,9,180.0,180.0,0.023849600402172655,0.035022599797230214,2.995926419747756,0.2785345721766399,0.0,0.04988883946136524,0.0,0.03728535271679212,0.732698087481957,0.43193458150953584,1.0
bulk,dad,9,240.0,240.0,0.03263780038105324,0.04858999972930178,2.9419673904681454,0.0,0.0,0.04988883946136524,0.0,0.03728535271679212,0.5559809757319311,0.4138882882494131,1.0
bulk,dad,10,30.0,30.0,0.0022126000840216875,0.003472199954558164,3.1616747558386322,0.0,0.36641319994764376,0.5195929940266175,0.5480006431974265,0.5360700208081888,1.0928283439392177,0.5642344998650184,0.3125
bulk,dad,10,60.0,60.0,0.00518249993911013,0.008103899948764592,3.0828586681697754,0.0,0.3930296864757069,0.4912086328131342,0.4662379257859627,0.4683030489840543,0.8166147329777685,0.5078966320444197,0.625
bulk,dad,10,120.0,120.0,0.013372500194236636,0.02066229988122359,3.0042290069351125,0.0,0.01569963375519612,-2.220446049250313e-16,0.0,0.00826905645635001,0.5655526510055007,0.4399533404982381,1.0
bulk,dad,10,180.0,180.0,0.021486799989361316,0.032578799640759826,2.9062527355658645,0.0,0.01569963375519612,-2.220446049250313e-16,0.06279161508554743,0.06417468922714464,0.4212890015544152,0.4138733716897509,1.0
bulk,dad,10,240.0,240.0,0.03028939972864464,0.045419599569868296,2.8081784124585645,0.1913694655711885,0.0,0.0,0.02898400057632966,0.00826905645635001,0.3600566552297945,0.38007227877427,1.0
bulk,dad,11,30.0,30.0,0.0025064999936148524,0.003806500055361539,3.1559518927676415,0.2558078094946533,0.0,0.22962948519249793,0.3386434027462455,0.41661771118783597,1.143507243988896,0.5632293008981117,0.3125
bulk,dad,11,60.0,60.0,0.007727099990006536,0.012012999970465899,3.091845657936798,0.2558078094946533,0.0,0.12487275176433987,0.09916463039249224,0.12876075176985347,0.9383036589996983,0.49734860059378583,0.625
bulk,dad,11,120.0,120.0,0.015348599990829825,0.023111699731089175,3.0415852809728214,0.0,0.19480460605077665,0.09161121647607207,0.1771158403016122,0.19549780968403874,0.7334043553296861,0.43045515416271307,1.0
bulk,dad,11,180.0,180.0,0.023221599985845387,0.0345797996269539,2.9849501150338056,0.0,0.19480460605077665,0.09161121647607207,0.16926050553102867,0.1543178896518772,0.6279984588405529,0.40322488811581797,1.0
bulk,dad,11,240.0,240.0,0.043118900211993605,0.0468359999358654,2.921508342189391,0.0,0.19480460605077665,0.09161121647607207,0.1771158403016122,0.1610968017457065,0.5881440723627652,0.3728379058359382,1.0
bulk,dad,12,30.0,30.0,0.004114700015634298,0.0070013998774811625,3.2397109881511574,0.16232208603999354,0.2594327016494813,0.4077339840992392,0.4283636318166003,0.4715439195265835,1.163731827729648,0.5540496975047426,0.3125
bulk,dad,12,60.0,60.0,0.008684800122864544,0.014139699924271554,3.1725402806356464,0.672679110174433,0.3865806230486548,0.46045847307034526,0.3812283617699793,0.411089485196393,1.1781771430774346,0.5000692414983732,0.625
bulk,dad,12,120.0,120.0,0.016142500331625342,0.024136300024110824,3.0973118654171983,0.16232208603999354,0.03238764078072254,0.20894966601263287,0.20329311675175787,0.23889046820723125,0.8179403321858685,0.4410758835961543,1.0
bulk,dad,12,180.0,180.0,0.0242439002613537,0.03560440015280619,3.0152840987061573,0.0,0.03238764078072254,0.20894966601263287,0.07304970139314193,0.12540514640506573,0.6353598114728638,0.42542492665661474,1.0
bulk,dad,12,240.0,240.0,0.032165999931748956,0.047981400159187615,2.9687575706691383,0.0,0.03238764078072254,0.20894966601263287,0.07304970139314193,0.12540514640506573,0.5913745082714753,0.40362254191260083,1.0
bulk,dad,13,30.0,30.0,0.005044500052463263,0.007860300014726818,3.2030971964077266,0.8181241139566362,0.8145676385077285,0.7358777965043468,0.24403911160928127,0.2852158987131591,1.6894766724915857,0.6044451009788724,0.3125
bulk,dad,13,60.0,60.0,0.009295300173107535,0.014364699774887413,3.126288263274367,0.8181241139566362,0.7424500636456367,0.6737671026636508,0.6863781009673608,0.6294584145355377,1.5695959122976424,0.5300168982421568,0.625
bulk,dad,13,120.0,120.0,0.02584250015206635,0.02561589953256771,2.9332627374686275,0.0,0.0,0.06329163261265613,0.04554798960294737,0.048569303811817455,0.7731705118158394,0.44596436312545407,1.0
bulk,dad,13,180.0,180.0,0.03381409985013306,0.03673979948507622,2.886467173091926,0.0,0.0,0.06329163261265613,0.04554798960294737,0.04124062048274957,0.6330826314120246,0.423504905038305,1.0
bulk,dad,13,240.0,240.0,0.04050720011582598,0.047129899729043245,2.8264886551910298,0.0,0.0,0.0,0.04554798960294737,0.05883475354424461,0.42968010075721125,0.4006755579055887,1.0
bulk,dad,14,30.0,30.0,0.004092199786100537,0.006949200120288879,3.1797387107049158,0.0,0.34429181198023706,0.4581836136908479,0.5179080131471838,0.5522965930720654,1.1913516458159,0.5773306695161821,0.3125
bulk,dad,14,60.0,60.0,0.008162199752405286,0.013581700040958822,3.116575506493436,0.0,0.21142111729533908,0.06273154742100173,0.20611819482648097,0.2647610919659321,1.0073892480015516,0.507089104230192,0.625
bulk,dad,14,120.0,120.0,0.016739399987272918,0.028688899881672114,2.9439315164563893,0.0,0.21142111729533908,0.06273154742100173,0.04953466319969879,0.07809215195067187,0.5688883225801454,0.414472361472035,1.0
bulk,dad,14,180.0,180.0,0.025220000243280083,0.040738999960012734,2.8711388323758738,0.0,0.0,0.06273154742100173,0.051270488957540605,0.0,0.4440756524437933,0.3919531978032002,1.0
bulk,dad,14,240.0,240.0,0.03335910040186718,0.0535807998967357,2.8200749588448617,0.0,0.0,0.0021238540543825346,0.051270488957540605,0.07962398987889685,0.4045599208700179,0.36285701580827556,1.0
bulk,dad,15,30.0,30.0,0.004058299935422838,0.006786899815779179,3.5969682528176112,0.915455917292943,0.8576183925497723,0.8223853807254434,0.8200832599624726,0.7055948110241638,2.1467647696918384,0.5392680126816435,0.3125
bulk,dad,15,60.0,60.0,0.008332599652931094,0.013379499840084463,3.4554675210923036,0.0,0.29887190500545957,0.3592589472096548,0.40171881539046417,0.3175771151173792,1.3226782640756538,0.46811536639374207,0.625
bulk,dad,15,120.0,120.0,0.015865099616348743,0.024132999824360013,3.218331233921558,0.0,0.0,0.0,0.03712017172502291,0.034427599408315634,0.5563410855171412,0.3769340301745687,1.0
bulk,dad,15,180.0,180.0,0.023899399384390563,0.0356748997583054,3.1448151544680987,0.0,0.0,0.0,0.024542979053203573,0.04008597279991921,0.5947504718732594,0.3637463988292079,1.0
bulk,dad,15,240.0,240.0,0.031736999459099025,0.04780999984359369,3.1006100847789,0.0,0.0,0.0,0.024542979053203573,0.005658373391603688,0.5556204315482525,0.3411832007224051,1.0
bulk,dad,16,30.0,30.0,0.004190800187643617,0.007228600152302533,3.199416230418862,0.0,0.3736163351649697,0.47324416719036466,0.3950477370210541,0.4583779422161095,1.2432511435835627,0.597707339272228,0.3125
bulk,dad,16,60.0,60.0,0.015037400182336569,0.013655800139531493,3.1371709554504115,0.0,0.14556881650380016,0.317220860262582,0.40789914408459305,0.4284802059365789,1.0600400656812237,0.5383061814740662,0.625
bulk,dad,16,120.0,120.0,0.023661100130993873,0.026115199958439916,3.0625521815239853,0.0,0.0,0.14222250852011908,0.11872239330047596,0.20388539105496883,0.890307335227377,0.45708100117797834,1.0
bulk,dad,16,180.0,180.0,0.030117500224150717,0.035342599847353995,2.9505299504649485,0.0,0.0,0.05037921940374224,0.11872239330047596,0.20388539105496883,0.6366007061752947,0.43179618769134115,1.0
bulk,dad,16,240.0,240.0,0.0386290003079921,0.0488904996891506,2.8853250809599977,0.0,0.0,0.05037921940374224,0.11872239330047596,0.05297643829374721,0.5736093428709224,0.39962572455610584,1.0
bulk,dad,17,30.0,30.0,0.004490599851123989,0.00810740003362298,3.330842120101726,0.9834174808385546,0.9241738171872995,0.9141933909057812,0.8307560629498961,0.7852724741417498,2.5129742987663457,0.48429404355387057,0.3125
bulk,dad,17,60.0,60.0,0.008458599797450006,0.014090200245846063,3.2168490659337206,0.0,0.0,0.0,0.018130369706661487,0.08605053909307481,0.8565736558919197,0.4337612756776682,0.625
bulk,dad,17,120.0,120.0,0.016531499568372965,0.02611130051082,3.1243535452373035,0.0,0.0,0.0655655180963638,0.10956925332530343,0.08463706630173262,0.6200424338674548,0.3713725330465317,1.0
bulk,dad,17,180.0,180.0,0.024325599486473948,0.03740160015877336,3.0614626395971043,0.0,0.0,0.03323486981016366,0.07645673365033945,0.1112997034765727,0.6573704333805612,0.3438902575172139,1.0
bulk,dad,17,240.0,240.0,0.0323005992686376,0.05020780029008165,3.0494964834543397,0.0,0.0,0.03323486981016366,0.07645673365033945,0.1112997034765727,0.5229911374916613,0.3380366741684531,1.0
bulk,dad,18,30.0,30.0,0.004424599872436374,0.007578700198791921,3.1572120285370517,0.40536025593833713,0.5652504417270202,0.5737905930139503,0.6138619814535404,0.36658525116594776,1.0744140772526747,0.5825208658747628,0.3125
bulk,dad,18,60.0,60.0,0.008673199685290456,0.014528300263918936,3.122664417146227,0.6776953805282718,0.7003527988109037,0.5164137443596639,0.5330887931706225,0.29708238736094306,0.9789387083276556,0.5152261900799593,0.625
bulk,dad,18,120.0,120.0,0.015329599962569773,0.024417500069830567,3.0487228681140177,0.0,0.04482090638421232,0.033717390745559905,0.1215028937710293,0.1399483514953065,0.7241390713734387,0.45577291310374274,1.0
bulk,dad,18,180.0,180.0,0.022111999976914376,0.033496699936222285,2.8986916927197393,0.33053324269773776,0.2428082225448862,0.0,0.0,0.03302308859955694,0.5525215192556795,0.42177690100860427,1.0
bulk,dad,18,240.0,240.0,0.03045440005371347,0.046562799776438624,2.8572072504573556,0.33053324269773776,0.2428082225448862,0.0,0.04543160208505015,0.07211559589418592,0.5186401019870398,0.39661432181199924,1.0
bulk,dad,19,30.0,30.0,0.0043120000045746565,0.007288800086826086,3.3395107972061893,0.6602520635034184,0.7389535349013473,0.3224476093988681,0.2782278169726832,0.3421407635212772,1.40010491274802,0.5854092437345839,0.3125
bulk,dad,19,60.0,60.0,0.008653099939692765,0.01426759985042736,3.255845109142564,0.6602520635034184,0.7339702631964043,0.31843057596783375,0.27482593689148116,0.33917739555055315,1.2147847236919145,0.531341377918409,0.625
bulk,dad,19,120.0,120.0,0.017276500060688704,0.026869499997701496,3.1219285543611197,0.0,0.0,0.1381525252938114,0.10592878951863327,0.10410132330786348,0.7342467725871,0.4444690691120935,1.0
bulk,dad,19,180.0,180.0,0.025073000055272132,0.03812460001790896,3.0165240562518982,0.0,0.0,0.019160339630237444,0.09504980863610613,0.12425482163057255,0.7048544881769502,0.41807283740721035,1.0
bulk,dad,19,240.0,240.0,0.03596310020657256,0.05122340004891157,2.9863739668266764,0.2743184219509164,0.0,0.019160339630237444,0.09504980863610613,0.12425482163057255,0.6575484929192792,0.3992197091273646,1.0
bulk,dad,20,30.0,30.0,0.004457400122191757,0.007452899881172925,3.2601692941011677,0.814873058477645,0.7862197242682941,0.8028231457928058,0.8037158930137831,0.8159291856806432,2.081876631729353,0.53856034206535,0.3125
bulk,dad,20,60.0,60.0,0.007333700137678534,0.011834899720270187,3.21781681135367,0.8896689270471004,0.7319435779258362,0.6422838499318873,0.6727876950564468,0.16130342078047,2.0152929107433213,0.4787070358734721,0.625
bulk,dad,20,120.0,120.0,0.014588499965611845,0.022254799550864846,3.110672732621809,0.0,0.08721791592256556,0.14191883106454983,0.11484241154555341,0.15105573356379132,1.102173843140154,0.3917512086213767,1.0
bulk,dad,20,180.0,180.0,0.02335530030541122,0.03429039928596467,3.05413213289299,0.0,0.0,0.06769904186325404,0.05939300984078111,0.10165677142409513,0.8291245742941683,0.37611571471486205,1.0
bulk,dad,20,240.0,240.0,0.03142360009951517,0.047018699115142226,2.997739523502515,0.0,0.0,0.009181820535113516,0.05939300984078111,0.10212463934468063,0.7526520744989352,0.35256258111713223,1.0
bulk,dad,21,30.0,30.0,0.003985499846749008,0.006813200074248016,3.2683486947811744,0.8901036554424799,0.8498699540006177,0.7868179694715747,0.7369130051784056,0.7509649144515442,1.1204754917196387,0.5552511195487893,0.3125
bulk,dad,21,60.0,60.0,0.008114100084640086,0.013413900276646018,3.174565591004418,0.3120382182420848,0.20638645822940027,0.1433548465872555,0.23584397560058523,0.33855473830662375,0.8699284297155679,0.5033341910509544,0.625
bulk,dad,21,120.0,120.0,0.016497500182595104,0.025950899929739535,3.085937263108267,0.0,0.004890268971063372,0.007846699964304538,0.0,0.0,0.5615238857936126,0.429689185709691,1.0
bulk,dad,21,180.0,180.0,0.024527000379748642,0.03737179981544614,3.043978424476381,0.0,0.004890268971063372,0.007846699964304538,0.0,0.0,0.5171624640585586,0.4208311530911339,1.0
bulk,dad,21,240.0,240.0,0.032718600705266,0.049865900073200464,2.9854249305529055,0.0,0.004890268971063372,0.007846699964304538,0.0,0.10711311958407876,0.5123157465191098,0.3955426338597133,1.0
bulk,dad,22,30.0,30.0,0.004135400056838989,0.006939299986697733,3.5449026205494047,0.2346106569735552,0.5305400240506596,0.5238431800826471,0.5397920417575528,0.5603778565337225,2.7396744075310293,0.5440372107347089,0.3125
bulk,dad,22,60.0,60.0,0.00823190005030483,0.013487999967765063,3.443619044661044,0.2346106569735552,0.5148791497380213,0.5233961099741942,0.4598627260760184,0.449743062543549,2.6812656751885053,0.47677224840796195,0.625
bulk,dad,22,120.0,120.0,0.01686369994422421,0.02588799985824153,3.244079348299041,0.0,0.0,0.0,0.04371022209708675,0.07637705340143985,0.7493708125631491,0.4062083008478845,1.0
bulk,dad,22,180.0,180.0,0.024738599779084325,0.03686680016107857,3.1720927365870257,0.0,0.0,0.0,0.04371022209708675,0.04643608485538775,0.5907419763325455,0.388956164174753,1.0
bulk,dad,22,240.0,240.0,0.03313020005589351,0.051717299793381244,3.0965777166549198,0.0,0.0,0.020543402010223755,0.0,0.0,0.543902834149817,0.3593703111438469,1.0
bulk,dad,23,30.0,30.0,0.004171299864538014,0.007246400055009872,3.3535413989694445,0.8487745329942376,0.8598076983772017,0.831495121773437,0.829396304316894,0.8068812765980082,3.3933412547301374,0.5452941737200934,0.3125
bulk,dad,23,60.0,60.0,0.007060299860313535,0.011949100124184042,3.23944737817744,0.0,0.0,0.04842216513930142,0.0,0.028184752889551468,1.2817853060754012,0.49340350324077437,0.625
bulk,dad,23,120.0,120.0,0.015945199760608375,0.026136900123674423,3.135516236275484,0.0,0.0,0.04842216513930142,0.0,0.0034999151229940795,0.7232461154283208,0.43099447074654684,1.0
bulk,dad,23,180.0,180.0,0.023438999662175775,0.03714930027490482,3.051193550838008,0.0,0.0,0.04842216513930142,0.0,0.0034999151229940795,0.6022951932070932,0.4073161489468055,1.0
bulk,dad,23,240.0,240.0,0.03501589968800545,0.04992490034783259,3.042959229118639,0.0,0.0,0.04842216513930142,0.0,0.00958255421519838,0.60861673227948,0.39286323212038515,1.0
bulk,dad,24,30.0,30.0,0.0042854000348597765,0.007090699975378811,3.197614658997727,0.5335309876643433,0.5469388734675836,0.4414691382887532,0.2660425193178133,0.34899347744048026,1.0827455549123572,0.5326458377209828,0.3125
bulk,dad,24,60.0,60.0,0.009021000238135457,0.014535700378473848,3.1431962573388144,0.5335309876643433,0.3945989660706194,0.40201163392813255,0.33409328321657084,0.20079870930248345,0.9129927234016955,0.47208801725133737,0.625
bulk,dad,24,120.0,120.0,0.01592230034293607,0.02423710038419813,3.0916125922995015,0.3133228403882854,0.3945989660706194,0.16913179435118475,0.20441945419961793,0.17229278891158017,0.7154521503023207,0.41873737260968014,1.0
bulk,dad,24,180.0,180.0,0.02412170055322349,0.0358142004115507,3.071770623862213,0.3133228403882854,0.4313297310329651,0.19612968306281597,0.16350858132416635,0.2095651089593662,0.705360987552364,0.4110812269090014,1.0
bulk,dad,24,240.0,240.0,0.03254070022376254,0.049222000408917665,3.022190813776444,0.3133228403882854,0.3326719590855888,0.12361413512083097,0.16761294883541522,0.06048250886173623,0.6617392242716587,0.38136722222578834,1.0
bulk,dad,25,30.0,30.0,0.004089899885002524,0.006786300102248788,3.176571317208282,0.970686817709879,0.904186972198859,0.8464846357139224,0.8474432703090782,0.8357356240601772,1.4189427592226969,0.5399952161149668,0.3125
bulk,dad,25,60.0,60.0,0.008087100053671747,0.012962800043169409,3.0675926080254055,0.0,0.0,0.15092023381205,0.20860449512793766,0.19652024807462143,0.8663601911511629,0.48008789502449506,0.625
bulk,dad,25,120.0,120.0,0.016888300073333085,0.02589270018506795,2.9786457647110702,0.0,0.0,0.10830087873484273,0.17038704875038302,0.15520222503432146,0.5257470405380642,0.40571270542177607,1.0
bulk,dad,25,180.0,180.0,0.02492070000153035,0.03750430006766692,2.890170564520951,0.0,0.0,0.06616308367517565,0.009958236095370387,0.006506499767683804,0.4904801761747465,0.37904287153240795,1.0
bulk,dad,25,240.0,240.0,0.030641599849332124,0.0461920999805443,2.8322987592840625,0.0,0.0,0.0,0.03170507256356292,0.035386029302516,0.455217767411623,0.34956911562772963,1.0
bulk,dad,26,30.0,30.0,0.004052800009958446,0.0068870000541210175,3.2972407913649477,0.7965519138924428,0.8319995038250839,0.7624163861630974,0.469803626098515,0.5128269384103855,1.1495997754954723,0.49413311438317997,0.3125
bulk,dad,26,60.0,60.0,0.00819180003600195,0.013496599975042045,3.2665517646656834,0.689063412447807,0.5501776742808108,0.40906740444001044,0.5055349974055856,0.5151840718747791,1.060834976371081,0.4393128827953432,0.625
bulk,dad,26,120.0,120.0,0.016513500188011676,0.025676799996290356,3.166820728633132,0.30960974962972854,0.40763569968347324,0.3711127501842908,0.2966684759053554,0.13315289745721537,0.7987375505365916,0.36223582076140215,1.0
bulk,dad,26,180.0,180.0,0.02528540010098368,0.03787999972701073,3.09053527891227,0.0,0.0,0.13245186067683523,0.10810823734889108,0.08673871610142525,0.5837526297013271,0.34750402704376077,1.0
bulk,dad,26,240.0,240.0,0.03219429979799315,0.04876179969869554,2.995351250057991,0.0,0.0,0.13245186067683523,0.16064401850444943,0.13028401300177028,0.5504562668588856,0.31085087960722146,1.0
bulk,dad,27,30.0,30.0,0.003983500006143004,0.006862199981696904,3.1948891439494553,0.02325269434743038,0.4289074074426037,0.550213627463823,0.5991635269651325,0.6050391299360208,1.0393633039517414,0.5607764673105676,0.3125
bulk,dad,27,60.0,60.0,0.007555000251159072,0.012537799892015755,3.1019002566443263,0.0,0.0,0.11179880040982271,0.2543866152370815,0.3322953803905191,0.7450758136521662,0.5087378718226679,0.625
bulk,dad,27,120.0,120.0,0.015890000155195594,0.024666399869602174,3.031065289410359,0.0,0.0,0.04200865223490835,0.0,0.0991263543265739,0.6004278773672215,0.44854373450494917,1.0
bulk,dad,27,180.0,180.0,0.024377099995035678,0.03667699976358563,3.0041604724123623,0.0,0.037245133134619635,0.06757376679950544,0.0,0.057197055005752895,0.6116763369610796,0.4328922354944022,1.0
bulk,dad,27,240.0,240.0,0.032244200352579355,0.04912080004578456,2.9503213937125774,0.0,0.037245133134619635,0.06757376679950544,0.0,0.0,0.5770368288204776,0.400028082129961,1.0
bulk,dad,28,30.0,30.0,0.004038200015202165,0.00680820009438321,3.3499216288817486,0.7631554991098335,0.6794976832917419,0.6682176314167174,0.6782365051616114,0.6947421090534911,1.2775638661867996,0.547646953827227,0.3125
bulk,dad,28,60.0,60.0,0.008386800007428974,0.013796200044453144,3.2541835331186193,0.894878904171747,0.8931583024938522,0.8587781406801018,0.6670137602906516,0.6275411072206507,1.0826502262852062,0.47426362915856196,0.625
bulk,dad,28,120.0,120.0,0.019237700034864247,0.02589699992677197,3.0881845986148044,0.0,0.0,0.037143087776809414,0.009746287568244694,0.05937019618707373,0.7440137996062588,0.39001496900275395,1.0
bulk,dad,28,180.0,180.0,0.027008800010662526,0.036229799734428525,2.9697340356330995,0.0,0.0,0.0,0.009746287568244694,0.04752510944977539,0.4885447999587339,0.3660905284655045,1.0
bulk,dad,28,240.0,240.0,0.031847100413870066,0.04328819958027452,2.9518088606024215,0.0,0.04261714568147823,0.0,0.06868021231837651,0.05937019618707373,0.5630568503455964,0.34649844245963984,1.0
bulk,dad,29,30.0,30.0,0.004196599940769374,0.0072673000395298,3.177827002342795,0.8528404573286286,0.8583807024404236,0.7653713333663221,0.7470142409455935,0.7196217032358033,1.7206698366661959,0.6054095447673056,0.3125
bulk,dad,29,60.0,60.0,0.008853099890984595,0.014663500129245222,3.1212851499370053,0.8252078902890627,0.7512792256553489,0.6710865901615418,0.6627467632525259,0.6428945466317624,1.6153307024219343,0.543848238129275,0.625
bulk,dad,29,120.0,120.0,0.017008799710310996,0.02687589975539595,2.9530789301015723,0.0,0.09242521024766526,0.000794431615735891,1.1102230246251565e-16,0.03314709397888027,0.543131805443371,0.4589164666579118,1.0
bulk,dad,29,180.0,180.0,0.024303799495100975,0.037444599729496986,2.8683078210442097,0.0,0.0,0.00079443161573578,0.0,0.0,0.38622813292787894,0.4335377059550398,1.0
bulk,dad,29,240.0,240.0,0.032426299585495144,0.05019299971172586,2.831296405126666,0.0,0.0,0.00079443161573578,0.008680371024676448,0.0,0.38087608747581275,0.4181025449442781,1.0
bulk,dad,30,30.0,30.0,0.004945899767335504,0.007345999823883176,3.3422073704989264,0.46664580535131095,0.1856280885625372,0.3557108516705193,0.46513776813742935,0.505320993904289,1.2655988790885355,0.5656552594436595,0.3125
bulk,dad,30,60.0,60.0,0.009087099693715572,0.013916599855292588,3.219017243963832,0.0,0.06508524388206216,0.15349776072554688,0.27031685049292953,0.3371993915975342,1.0482742635473752,0.5120273851330734,0.625
bulk,dad,30,120.0,120.0,0.015829099691472948,0.023695399926509708,3.044932463431605,0.0,0.06508524388206216,0.0245066728743909,-2.220446049250313e-16,0.004402126410558926,0.5985300247300052,0.4034495340640507,1.0
bulk,dad,30,180.0,180.0,0.02482679981039837,0.035556200018618256,2.987133370156611,0.0,0.0,0.024506672874391122,0.08454661313088407,0.14106679369787545,0.5725216587102662,0.3955464981172065,1.0
bulk,dad,30,240.0,240.0,0.030918699805624783,0.04484550002962351,2.9543478030009034,0.0,0.06508524388206216,0.0245066728743909,0.15020982802161165,0.13402638480408968,0.5381554888273353,0.3652384565118658,1.0
bulk,dad,31,30.0,30.0,0.003725299902725965,0.006347499904222786,3.115385502016999,0.8616828710680454,0.8399917392490857,0.7537768953396713,0.7461017226440924,0.7339479882537208,1.1237938479227145,0.5801612004409218,0.3125
bulk,dad,31,60.0,60.0,0.007807499670889229,0.012970099807716906,3.0634378507462507,0.18320059193150984,0.472531609922057,0.5666383667751069,0.5593776696845427,0.5307835811381907,0.9488069684191077,0.5295597784405869,0.625
bulk,dad,31,120.0,120.0,0.013542799686547369,0.021680100180674344,2.988484463695181,0.06274080504417423,0.09456689760901471,0.0,0.16507801479423156,0.20734496661200574,0.6622347463622492,0.45098346573603654,1.0
bulk,dad,31,180.0,180.0,0.021735600021202117,0.033497500291559845,2.885810290889148,0.06274080504417423,0.09456689760901471,0.0,0.0,0.048854029630156504,0.4828985093684294,0.42386603665651323,1.0
bulk,dad,31,240.0,240.0,0.029512900160625577,0.0459954003454186,2.8407927479553856,0.06274080504417423,0.09456689760901471,0.0,0.0,0.048854029630156504,0.441496002004054,0.3950226906097275,1.0
bulk,dad,32,30.0,30.0,0.004176999907940626,0.007084399869199842,3.3132805721436327,0.6865651110505455,0.6424776513179535,0.6900155398956064,0.6256311201396522,0.6017948756809511,1.3654940475353115,0.5783650818863411,0.3125
bulk,dad,32,60.0,60.0,0.0072278997977264225,0.011734399944543839,3.2126202185171686,0.6865651110505455,0.6424776513179535,0.6900155398956064,0.6577816750008529,0.6726915122081171,1.0851317142528345,0.49829565562375455,0.625
bulk,dad,32,120.0,120.0,0.014359899505507201,0.021922300045844167,3.044816492433629,0.35893368166587825,0.0061217202250237746,0.0,0.0,0.0,0.542587488391794,0.42008093963807597,1.0
bulk,dad,32,180.0,180.0,0.022411899466533214,0.03363419958623126,2.990765261261236,0.0,0.0061217202250237746,0.0,0.0,0.04615441804843545,0.47002774721786195,0.40194274810454844,1.0
bulk,dad,32,240.0,240.0,0.029554899432696402,0.04400479968171567,2.9777553854789063,0.0,0.0061217202250237746,0.0,0.0,0.04615441804843545,0.44594926412106234,0.3898246636288225,1.0
bulk,dad,33,30.0,30.0,0.0030744000687263906,0.005145999835804105,3.642843192469004,0.6225938968336002,0.518381548546747,0.5895912693393308,0.6283378426057145,0.6566456731169321,2.662349024846472,0.5049292949156726,0.3125
bulk,dad,33,60.0,60.0,0.00628080009482801,0.010140399797819555,3.553635195233182,0.6225938968336002,0.518381548546747,0.44132418242557725,0.46163576149116137,0.4460372333534919,2.5348994645908207,0.4622550240407281,0.625
bulk,dad,33,120.0,120.0,0.014683300047181547,0.022737399849575013,3.3206128993296384,0.0,0.0,0.030943290942523016,0.004773073089081481,0.09218370049105828,0.7679429659345434,0.3697731417809491,1.0
bulk,dad,33,180.0,180.0,0.021822000038810074,0.03246209991630167,3.259497937516459,0.0,0.0,0.0,0.004773073089081481,0.050630711633390946,0.7017144271442888,0.3575732527316459,1.0
bulk,dad,33,240.0,240.0,0.029339500179048628,0.04403609997825697,3.2346107753738003,0.0,0.0,0.0,0.004773073089081481,0.050630711633390946,0.6870134443093652,0.3410390193976451,1.0
bulk,dad,34,30.0,30.0,0.0039678001194261014,0.006763499870430678,3.193643337548,0.9390883215093939,0.8955868796133307,0.8313470099494846,0.7851898171251702,0.7872836696600671,1.2229156168386313,0.5868488494399172,0.3125
bulk,dad,34,60.0,60.0,0.00803670019377023,0.013505399867426604,3.123665846585549,0.09694839895613083,0.0,0.14934694517549862,0.2796893776632111,0.35738401902754147,0.9883676512644433,0.526875839151405,0.625
bulk,dad,34,120.0,120.0,0.016328099998645484,0.028818899649195373,3.0166146126195392,0.5480023794920852,0.2879598110694911,0.06691769435343764,0.173707151208793,0.12226565482035079,0.7255180680914567,0.4376460572194251,1.0
bulk,dad,34,180.0,180.0,0.02421929989941418,0.04070099932141602,2.907205656992853,0.09694839895613083,0.0,0.15854709995568483,0.1737071512087931,0.21903066426682583,0.5215011764948116,0.41714371590421523,1.0
bulk,dad,34,240.0,240.0,0.07596979982918128,0.062870399618987,2.82850117147977,0.09694839895613083,0.0,0.05056151128698938,0.16046412121921516,0.14997498073478677,0.4737697976870132,0.38064447979845384,1.0
bulk,dad,35,30.0,30.0,0.004190600011497736,0.00778930023079738,3.1235052087742976,0.8377634031195382,0.8301213488544879,0.7852749502868815,0.7363929754729485,0.727705264043016,1.163746631682825,0.6186891846979079,0.3125
bulk,dad,35,60.0,60.0,0.008320499793626368,0.014792000118177384,3.028820322463392,0.03727130723871708,0.4282684209397828,0.5154445108040864,0.5111708499225531,0.5341115446226476,0.8815834992533883,0.5486261030535787,0.625
bulk,dad,35,120.0,120.0,0.01530569966416806,0.0257793998462148,2.912215226900115,0.0,0.002499023648485754,0.13447850695146657,0.1483658108495708,0.12585895146006432,0.5143133552860254,0.45948842040419285,1.0
bulk,dad,35,180.0,180.0,0.024638299830257893,0.04008339991560206,2.840946265621499,0.0,0.002499023648485754,0.0,0.0,0.02937541760549256,0.40543575880132815,0.43651824311030724,1.0
bulk,dad,35,240.0,240.0,0.03253909992054105,0.05146139988210052,2.800234083795639,0.0,0.0,0.13047070521127246,0.0,0.02937541760549256,0.39286007872822937,0.40693428107640706,1.0
bulk,dad,36,30.0,30.0,0.004366400244180113,0.007087200123351067,3.1329904641629898,0.0,0.0,0.11977966095086823,0.07498288979892243,0.12805447994701424,1.0768829329888734,0.5398537062774122,0.3125
bulk,dad,36,60.0,60.0,0.00704700022470206,0.011392200365662575,3.0670087339432412,0.0,0.0,0.12650541890897737,0.11140094552955138,0.15245318447028022,0.8828560234422876,0.4881435568948584,0.625
bulk,dad,36,120.0,120.0,0.013374500267673284,0.02049320045625791,2.995685154354291,0.0,0.23191652042852617,0.12265020175265351,0.07751069423811507,0.09184353281141144,0.6734899544267859,0.41616171637686794,1.0
bulk,dad,36,180.0,180.0,0.020153200603090227,0.029609300137963146,2.916874072152267,0.0,0.0,0.06544674339413936,0.1351432380359654,0.14419674389095305,0.583738145556687,0.39708565903108217,1.0
bulk,dad,36,240.0,240.0,0.06636650062864646,0.04311650031013414,2.880953549695775,0.0,0.0,0.06544674339413936,0.1351432380359654,0.14419674389095305,0.5460993417142118,0.3768728428700895,1.0
bulk,dad,37,30.0,30.0,0.004394300049170852,0.00783159997081384,3.0993453987779205,0.7141891990975477,0.7766574024459069,0.7079679053251295,0.6736328912434615,0.6828000547092354,1.0405735711983561,0.5802233467673835,0.3125
bulk,dad,37,60.0,60.0,0.008635800099000335,0.015131199907045811,3.0514761822125998,0.2346261350567539,0.40539837425870096,0.4440075635654106,0.4882035807266306,0.394983476246928,0.8444382237716548,0.5235491930231054,0.625
bulk,dad,37,120.0,120.0,0.017617299919947982,0.028557500045280904,2.9398017690071647,0.0,0.13837320129121722,0.3039741603531271,0.2357142977696769,0.27862447368120136,0.5776557080661052,0.44581859791638534,1.0
bulk,dad,37,180.0,180.0,0.025642199907451868,0.04065670014824718,2.873762530384166,0.2346261350567539,0.0,0.007568759662925029,0.0,0.009991827769413097,0.4620962424231837,0.43517994605812105,1.0
bulk,dad,37,240.0,240.0,0.035300399933476,0.05272220051847398,2.8306214894050683,0.2346261350567539,0.0,0.007568759662925029,0.0,0.0,0.44153485667608816,0.40822299136045537,1.0
bulk,dad,38,30.0,30.0,0.003949100093450397,0.006865499948617071,3.098193697618754,0.8916785668196385,0.8614282304027114,0.8351997830446758,0.6934949519655256,0.6796286948098249,2.345794760718295,0.6259223825395758,0.3125
bulk,dad,38,60.0,60.0,0.007915400143247098,0.013168100034818053,3.05331300427101,0.9157456958563097,0.8807808052658088,0.8524005633059151,0.7090510288197057,0.7168529100431789,2.275952736307593,0.5430674369090239,0.625
bulk,dad,38,120.0,120.0,0.02186500030802563,0.028009400353766978,2.9141825114537845,0.0,0.0,0.0709663591351386,0.1053398768810978,0.08711261365308842,0.6536857559092777,0.46264108891615885,1.0
bulk,dad,38,180.0,180.0,0.030096300353761762,0.040308700466994196,2.86986767325624,0.0,0.0,0.0709663591351386,0.08978380002691755,0.07284342509569974,0.5535807674447945,0.440543040988077,1.0
bulk,dad,38,240.0,240.0,0.03962890023831278,0.0517999007133767,2.8344886858174028,0.0,0.0,0.0709663591351386,0.05924126523726403,0.07284342509569974,0.506647637881947,0.41185053512456427,1.0
bulk,dad,39,30.0,30.0,0.006081600149627775,0.00824660004582256,3.222017002650597,0.4944187250993831,0.6103889523595694,0.49164900003481915,0.5437715162727201,0.5714130994233189,1.1892201474930562,0.5690888434144528,0.3125
bulk,dad,39,60.0,60.0,0.008520200091879815,0.011817900114692748,3.152018797738885,0.6003476963634762,0.5835671034765895,0.4343524242752733,0.5013028011711067,0.4194364046816548,1.0809331975770116,0.5121595224969905,0.625
bulk,dad,39,120.0,120.0,0.017509400087874383,0.027705200132913888,2.9927443515221115,0.0,0.07035752438611154,0.052905575388039416,0.0129817478916332,0.0669578315453585,0.7117042555831412,0.4301617753929123,1.0
bulk,dad,39,180.0,180.0,0.02662180014885962,0.04753739997977391,2.9694052140422222,0.0,0.005934953009078203,0.052905575388039416,0.12148442248522018,0.06695783154535861,0.5925822549041636,0.41653167469446,1.0
bulk,dad,39,240.0,240.0,0.0352935001719743,0.06236529990565032,2.8673272594252133,0.0,0.005934953009078203,0.052905575388039416,0.12148442248522018,0.06695783154535861,0.5544119599474306,0.3777886293772711,1.0
bulk,dad,40,30.0,30.0,0.003879200085066259,0.006348300259560347,3.2009518337311085,0.8488904445039113,0.7323909559406478,0.7343110396468234,0.3464831501030521,0.2918157014344154,1.4627803586635677,0.5591486036076361,0.3125
bulk,dad,40,60.0,60.0,0.007854700204916298,0.012772200163453817,3.07614030806765,0.0,0.0,0.06318300287895373,0.05236979867038094,0.11346889476301814,0.8577833519532877,0.4737203755105576,0.625
bulk,dad,40,120.0,120.0,0.015556900121737272,0.029674700286705047,3.0132976507003817,0.0,0.2992658470036381,0.045786263781075864,0.0921759253934129,0.05982518295123518,0.6660710829440439,0.4076465647176158,1.0
bulk,dad,40,180.0,180.0,0.024701700021978468,0.04334400006337091,2.9787183333218388,0.0,0.2992658470036381,0.25637075525850817,0.039806126723031965,0.01252738129712172,0.6333120145821504,0.3865915288064715,1.0
bulk,dad,40,240.0,240.0,0.03269889974035323,0.055851600132882595,2.901675492869735,0.0,0.24867597642446881,0.0029456069432038934,0.039806126723031965,0.01252738129712172,0.5664400957535234,0.3614011218209826,1.0
bulk,dad,41,30.0,30.0,0.003965499985497445,0.006875000020954758,3.3401721010969356,0.7639916036697202,0.7844926962985658,0.8170404076022741,0.8326224843743387,0.8004961424281702,1.2407219483293654,0.587829976187373,0.3125
bulk,dad,41,60.0,60.0,0.008203399833291769,0.013450099970214069,3.3105471284154553,0.7639916036697202,0.7844926962985658,0.8170404076022741,0.8029505409640425,0.6226408409344244,1.1073121863019577,0.5263435125762941,0.625
bulk,dad,41,120.0,120.0,0.019587099668569863,0.028963899880181998,3.1290075087143996,0.20523214136174073,0.10518562052059677,0.005204431082027061,0.0,0.043268620535836244,0.6558150009387903,0.4389996040008231,1.0
bulk,dad,41,180.0,180.0,0.029259299393743277,0.04350939969299361,3.083617734104495,0.0,0.0,0.005204431082027061,0.1612146396243741,0.043268620535836244,0.5790458461858186,0.4215440071190345,1.0
bulk,dad,41,240.0,240.0,0.03940679953666404,0.057689499109983444,3.0268370487002954,0.0,0.0,0.005204431082027061,0.1612146396243741,0.043268620535836244,0.529822332178464,0.39674444971166967,1.0
bulk,dad,42,30.0,30.0,0.00421069998992607,0.007182000088505447,3.2021882328342266,0.20615776203539382,0.5000794134037019,0.6294617220711192,0.6899552456167445,0.7104671719320763,1.437632972468912,0.5970439291741877,0.3125
bulk,dad,42,60.0,60.0,0.0088968999334611,0.01910440024221316,3.121732552638916,0.0,0.0,0.0,0.1866088188173073,0.26939692746764865,1.173305968701242,0.5372491403008323,0.625
bulk,dad,42,120.0,120.0,0.01755719998618588,0.0322565003298223,2.9913891539481186,0.0,0.0028005526034621253,-2.220446049250313e-16,0.10555006278834023,0.09249095556972975,0.8133063414283013,0.4442157924006963,1.0
bulk,dad,42,180.0,180.0,0.02599350002128631,0.044589000404812396,2.900563055998232,0.0,0.03932052416323106,0.025338251261279643,-2.220446049250313e-16,0.02407952168778249,0.6109253055318781,0.43240722667166176,1.0
bulk,dad,42,240.0,240.0,0.031188900116831064,0.05249990080483258,2.763866426517351,0.0,0.03932052416323106,0.025338251261279643,-2.220446049250313e-16,0.0,0.382697808917586,0.3832415233904202,1.0
bulk,dad,43,30.0,30.0,0.004212499770801514,0.00697400001809001,3.2246136627276454,0.22331329724422333,0.08181909187785608,0.2710042138589548,0.37722224987538566,0.37195278924904107,1.3182722318342481,0.5935776576419899,0.3125
bulk,dad,43,60.0,60.0,0.008397899917326868,0.013870200025849044,3.092506624189736,0.06499276227661721,0.11540695708557702,0.0,0.03936274888306324,0.04321872552708794,0.9716754670012285,0.5022439478992399,0.625
bulk,dad,43,120.0,120.0,0.01327850017696619,0.020830899942666292,2.9887086102150824,0.22331329724422333,0.11540695708557702,0.0,0.0,0.005166448760045239,0.7017995198151877,0.42017104554460555,1.0
bulk,dad,43,180.0,180.0,0.017776600376237184,0.026961299765389413,2.9227087967654395,0.22331329724422333,0.08181909187785608,0.0,0.0,0.008402336188999437,0.5179903832990588,0.4075808110940818,1.0
bulk,dad,43,240.0,240.0,0.022289500455372036,0.03393519943347201,2.856687145003786,0.22331329724422333,0.08181909187785608,0.0,0.0,0.008402336188999437,0.48746454522238736,0.37266209553720736,1.0
bulk,dad,44,30.0,30.0,0.004103499872144312,0.006968800094909966,3.059767543434793,0.866143240862798,0.7751063490839074,0.6050288334410315,0.6108142060165718,0.6312853766218071,1.27443041491437,0.6219128040062109,0.3125
bulk,dad,44,60.0,60.0,0.006278599670622498,0.0102268002810888,2.9557640513414083,0.0,0.0,0.130881453202079,0.18671910872147124,0.12822881682896348,0.7823769196704748,0.5436505023048588,0.625
bulk,dad,44,120.0,120.0,0.012136199686210603,0.018644400348421186,2.87416409752878,0.0,0.2866705252083517,0.13126458381333184,0.09873735603237199,0.08650734164987217,0.546463969275432,0.46354687752057533,1.0
bulk,dad,44,180.0,180.0,0.01652849989477545,0.024608200299553573,2.8015311153616054,0.0,0.11850661846540711,0.0,0.0,0.0,0.40000937810446247,0.44943275244348035,1.0
bulk,dad,44,240.0,240.0,0.020899499882943928,0.031097600411158055,2.7671022402969765,0.0,0.11850661846540711,0.0,0.0,0.029652471694154525,0.4046507483765732,0.41841204990577985,1.0
bulk,dad,45,30.0,30.0,0.004218899994157255,0.006945600034669042,3.1263638982723294,0.9732038464755884,0.9375378279140257,0.8951649072660366,0.8540636901209826,0.7482286607149471,1.2414304135766443,0.5181991370683016,0.3125
bulk,dad,45,60.0,60.0,0.006504300108645111,0.01038849982433021,3.032426562450389,0.0,0.17705719377845475,0.24479061890063547,0.3161357127037031,0.3911067960045923,0.9388584318084122,0.45696001727602353,0.625
bulk,dad,45,120.0,120.0,0.01133569999365136,0.01733419974334538,2.948403389319767,0.0,0.19969087116945072,0.15346985964993332,0.13170948592595677,0.1596649646950299,0.7741777110540953,0.38801693850384505,1.0
bulk,dad,45,180.0,180.0,0.01663919974816963,0.02441559947328642,2.8276712466805627,0.0,0.0,0.0,0.030234206828564036,0.02648760314340337,0.4166263635032982,0.352215944671762,1.0
bulk,dad,45,240.0,240.0,0.022503299813251942,0.03308659908361733,2.835210782460314,0.0,0.15385138543865517,0.1182405104046158,0.131709485925957,0.11538813018016603,0.4765581725450261,0.3430016914645004,1.0
bulk,dad,46,30.0,30.0,0.002615800069179386,0.0043264000560157,3.15654250190563,0.9173433225088615,0.797102867810853,0.8063127344493851,0.6832338603111318,0.6738197203456316,1.187130179319609,0.5680136133522227,0.3125
bulk,dad,46,60.0,60.0,0.006543700001202524,0.010796300019137561,3.0494030953941027,0.0,0.2290034550396367,0.2690097373217868,0.3538155111347955,0.28925286616437884,0.7915205979454824,0.5147790206495914,0.625
bulk,dad,46,120.0,120.0,0.011448199860751629,0.017889300012029707,2.9237872100219775,0.0,0.06237032183653379,0.02098900127441139,0.046501280253066546,0.0,0.5518569935287628,0.424013367907993,1.0
bulk,dad,46,180.0,180.0,0.019481800205539912,0.029329500102903694,2.8967276796325554,0.0,0.06237032183653379,0.04982573845784477,0.10873978986937327,0.1272759310255419,0.46468665249274715,0.4171185534816525,1.0
bulk,dad,46,240.0,240.0,0.02391580049879849,0.03597859962610528,2.8858178244580794,0.0,0.06237032183653379,0.04982573845784477,0.0,0.03363518939490506,0.4352088496226585,0.39798798726206114,1.0
bulk,dad,47,30.0,30.0,0.004467099963221699,0.007252500159665942,3.341282915622512,0.0,0.4009112073787431,0.5138879598083288,0.5562356715134396,0.415159575048785,1.4505236908349657,0.5900414716112754,0.3125
bulk,dad,47,60.0,60.0,0.006815300090238452,0.01062080025440082,3.2177600950642984,0.0,0.0628923930757258,0.28426791725990164,0.3783693490546386,0.2597041856906548,1.1699907236641505,0.5063259379698222,0.625
bulk,dad,47,120.0,120.0,0.011328800115734339,0.017048900306690484,3.114219645979039,0.0,0.0628923930757258,0.056104314385423404,0.0,0.013096937198803782,0.584169906221836,0.44769276158937127,1.0
bulk,dad,47,180.0,180.0,0.015789900382515043,0.02316360000986606,3.005834452992438,0.0,0.0628923930757258,0.0,0.0,0.013096937198803782,0.43559909133675945,0.4229527944765476,1.0
bulk,dad,47,240.0,240.0,0.020241400692611933,0.029592199542094022,2.9849293321111685,0.0,0.0628923930757258,0.0,0.0,0.0,0.4244538421617088,0.39914352317859914,1.0
bulk,dad,48,30.0,30.0,0.004022699897177517,0.006057499907910824,3.3367365675920104,0.6580852719362138,0.6441391616340885,0.45606995697092845,0.5028913372423482,0.5363009466644213,1.161291876735765,0.5278157716666075,0.3125
bulk,dad,48,60.0,60.0,0.007526999921537936,0.01136809989111498,3.292625670514015,0.0,0.0,0.07926557574964221,0.11143926920070857,0.16554981395178003,1.0000944917685077,0.4968868426008892,0.625
bulk,dad,48,120.0,120.0,0.011913599621038884,0.017735800123773515,3.1856519233853953,0.0,0.0,0.0,0.05907598254579616,0.10536883785643458,0.6386335787791073,0.41889030385126236,1.0
bulk,dad,48,180.0,180.0,0.017315099539700896,0.025006200128700584,3.1311397300662698,0.0,0.0,0.0,0.04682638281886109,0.13600072516939743,0.6391978655620554,0.4038140992713906,1.0
bulk,dad,48,240.0,240.0,0.021622099622618407,0.031184999563265592,3.0624823596087083,0.0,0.0,0.0,0.04682638281886109,0.10075647721304337,0.5369690624564069,0.37236761752767594,1.0
bulk,dad,49,30.0,30.0,0.002348699839785695,0.0036988999927416444,3.19778476665552,0.0,0.26226974078373577,0.40902623750294176,0.4501574778417209,0.4032181507836413,1.1600394438861967,0.5613618827646121,0.3125
bulk,dad,49,60.0,60.0,0.006175499816890806,0.00983220007037744,3.0969224020337527,0.0,0.2843764242460496,0.3515446053647172,0.3940301619401789,0.4349762027550911,0.9659179666786732,0.4836302553991986,0.625
bulk,dad,49,120.0,120.0,0.0120464998180978,0.018445299996528774,2.993802065346273,0.0,0.0,0.13420635900755373,0.18989413127122523,0.2269636907632021,0.7063613332504487,0.41034555935780287,1.0
bulk,dad,49,180.0,180.0,0.01644389989087358,0.024421599868219346,2.873517473182742,0.0,0.0,0.0,0.08474915528303761,0.07591209600147397,0.44855455737779043,0.3836499886591666,1.0
bulk,dad,49,240.0,240.0,0.020879199902992696,0.030932300083804876,2.8188850483131205,0.0,0.0,0.0,0.07838345075437747,0.09891873837376042,0.38394808514447964,0.35683992765082945,1.0
