setting,agent,episode,spent,rounds,act_seconds,observe_seconds,nlpd,regret_top1,regret_top2,regret_top3,regret_top4,regret_top5,rate_rmse,rate_dex,touched
gamma,eig,0,15.0,30.0,31.59668159985449,0.00019669992616400123,5.9635082021004,0.0,0.10454931088924224,0.16175986909055384,0.14964233906113267,0.1638049175273053,16.582747136524365,0.46268259632235903,0.15625
gamma,eig,0,30.0,60.0,31.816141099785455,0.0003380998969078064,5.851684493842426,0.05890372115342679,0.0,0.0,0.004524531505748719,0.0,11.589037054510639,0.3993271720244978,0.3125
gamma,eig,0,60.0,120.0,32.2698498001555,0.0005679996102117002,5.599202140029789,0.05890372115342679,0.0,0.0,0.004524531505748719,0.0,5.737196822926965,0.29071746093189316,0.625
gamma,eig,0,90.0,180.0,32.635620400251355,0.0007619996322318912,5.46379709204498,0.05890372115342679,0.0,0.0,0.004524531505748719,0.0,4.901890200794346,0.23302039509886135,0.9270833333333334
gamma,eig,0,120.0,240.0,33.4328409001464,0.0010417996672913432,5.395046555189058,0.05890372115342679,0.0,0.0,0.0,0.0,4.085042785693998,0.22242242906277468,1.0
gamma,eig,1,15.0,30.0,31.548122000007425,0.00018240016652271152,5.934228659759236,0.0,0.2669328674819066,0.2271591531806001,0.24640826106759128,0.21524105439975838,13.231822693635674,0.4552903533436575,0.15625
gamma,eig,1,30.0,60.0,31.842616300156806,0.00031790038337931037,5.791876605094409,0.0,0.0,0.0,0.04808461760398908,0.004362093376853782,9.81497737815011,0.39863826788311674,0.3125
gamma,eig,1,60.0,120.0,32.17542210017564,0.0005420002853497863,5.577944957155616,0.0,0.0,0.0,0.04808461760398908,0.004362093376853782,8.11219306480183,0.2992922847836558,0.625
gamma,eig,1,90.0,180.0,32.45174930023495,0.0007260002894327044,5.419833506812355,0.0,0.0,0.0,0.04808461760398908,0.004362093376853782,5.588362231030307,0.2201241106181848,0.9375
gamma,eig,1,120.0,240.0,33.26347680017352,0.0010629005846567452,5.343764805304662,0.0,0.0,0.0,0.0,0.0,4.332930226352342,0.2091844229738009,1.0
gamma,eig,2,15.0,30.0,31.200862199882977,0.00046930013922974467,6.134688455506005,0.5616117983173823,0.343457793565908,0.2639764148540321,0.2143683133225045,0.1814110463751697,19.35723881201627,0.4750027950643752,0.15625
gamma,eig,2,30.0,60.0,31.426800099899992,0.0005755003076046705,6.028237662068413,0.5616117983173823,0.343457793565908,0.2639764148540321,0.2143683133225045,0.1814110463751697,18.20518053921442,0.4246740158776328,0.3125
gamma,eig,2,60.0,120.0,31.814375999965705,0.0007808005902916193,5.80867976674734,0.0,0.12034319876955546,0.025358087745408597,0.02059263704324943,0.012133782626939982,10.481034892290246,0.31707162629261865,0.625
gamma,eig,2,90.0,180.0,32.17946800024947,0.0010470006964169443,5.573064870764109,0.0,0.12034319876955546,0.025358087745408597,0.02059263704324943,0.012133782626939982,6.530259021098855,0.23072637011702032,0.9270833333333334
gamma,eig,2,120.0,240.0,33.0401603000937,0.00134710076963529,5.4617650447845465,0.0,0.0,0.0,0.0,0.012133782626939982,4.9394443601673705,0.2184478631564028,1.0
gamma,eig,3,15.0,30.0,31.58656780020101,0.00022160023218020797,6.005472782673464,0.19689468118130493,0.20233440326816465,0.20442161832603534,0.1562676510622275,0.10362607967865023,16.697958116593483,0.4429680363357407,0.15625
gamma,eig,3,30.0,60.0,31.827349500148557,0.0003493002732284367,5.8718904981443325,0.19689468118130493,0.20233440326816465,0.20442161832603534,0.1562676510622275,0.10362607967865023,15.718629226159665,0.4018749115744452,0.3125
gamma,eig,3,60.0,120.0,32.180927100242116,0.0005583001184277236,5.639137599235629,0.0,0.0,0.0644366787190187,0.09851569034751184,0.055662008513103545,7.161069680496973,0.2837262235955244,0.625
gamma,eig,3,90.0,180.0,32.50599310029065,0.0007573995389975607,5.500159878012745,0.0,0.0,0.0644366787190187,0.09851569034751184,0.055662008513103545,5.798192876455953,0.23220378119782475,0.9322916666666666
gamma,eig,3,120.0,240.0,33.344417199958116,0.0010933992452919483,5.398105929142083,0.0,0.0,0.0,0.049257845173755865,0.014752457354375581,4.430761203853111,0.2180867837906928,1.0
gamma,eig,4,15.0,30.0,31.4881289001205,0.000302199914585799,5.972393680767676,0.0,0.02945186057671345,0.0,0.10087212368982745,0.09730639730639745,14.236526161854208,0.4448690444095811,0.15625
gamma,eig,4,30.0,60.0,31.79802400013432,0.0004676000098697841,5.839452451080742,0.0,0.02945186057671345,0.05700380087141932,0.0,0.019285054442475857,9.134906781267503,0.3755040141691201,0.3125
gamma,eig,4,60.0,120.0,32.145030700135976,0.0006820994312874973,5.605832747607717,0.0,0.02945186057671345,0.05700380087141932,0.0,0.019285054442475857,6.666563447012279,0.2731298732015621,0.625
gamma,eig,4,90.0,180.0,32.46370830043452,0.0008959996630437672,5.450868900089756,0.0,0.02945186057671345,0.05700380087141932,0.0,0.019285054442475857,5.717725634565358,0.22144474257742136,0.9322916666666666
gamma,eig,4,120.0,240.0,33.285751700168476,0.0011872997274622321,5.33552722846508,0.0,0.0,0.0,0.0,0.019285054442475857,4.100146623238718,0.20744661156291372,1.0
gamma,eig,5,15.0,30.0,31.279071999830194,0.0003204999375157058,6.327621273570539,0.0,0.0,0.0,0.0,0.05614299766632158,18.213506755740372,0.455847188076308,0.15625
gamma,eig,5,30.0,60.0,31.542168299958576,0.0004588001174852252,6.122281597722078,0.0,0.0,0.0,0.0,0.004802935415663123,13.656236538841792,0.3891583940196831,0.3125
gamma,eig,5,60.0,120.0,32.01681610016385,0.0006750000175088644,5.834151679367433,0.0,0.0,0.0,0.0,0.004802935415663123,7.132278100186167,0.2857068364278367,0.625
gamma,eig,5,90.0,180.0,32.4826677000965,0.0008970999042503536,5.630656714002651,0.0,0.0,0.0,0.0,0.004802935415663123,5.159936781238562,0.2264041736521835,0.90625
gamma,eig,5,120.0,240.0,33.23057939996943,0.0012460998841561377,5.5700260157825525,0.0,0.0,0.0,0.0,0.0,5.174635065068358,0.20546729918791393,1.0
gamma,eig,6,15.0,30.0,31.395592900109477,0.00028710049809888005,5.970830717867327,0.0,0.0,0.0,0.04323361938760262,0.06496455198815776,15.17615029681754,0.4510244347067976,0.15625
gamma,eig,6,30.0,60.0,31.706352500070352,0.00041510083246976137,5.819934888646096,0.0,0.0,0.007150050582440337,2.220446049250313e-16,2.220446049250313e-16,11.319318969447574,0.3992440107592337,0.3125
gamma,eig,6,60.0,120.0,32.03902980021667,0.0006051012314856052,5.56988472769141,0.0,0.0,0.007150050582440337,2.220446049250313e-16,2.220446049250313e-16,6.98420218240688,0.28217868769943144,0.625
gamma,eig,6,90.0,180.0,32.32345540053211,0.0008007010328583419,5.436602872876702,0.0,0.0,0.0,0.0,0.0,5.45741389421643,0.21669077414896973,0.9322916666666666
gamma,eig,6,120.0,240.0,33.24684870050987,0.0010947011760435998,5.365514900975088,0.0,0.0,0.0,0.0,0.0,4.621023405893542,0.20681247341107054,1.0
gamma,eig,7,15.0,30.0,31.3242040000041,0.0003811999340541661,5.9814860175758655,0.0,0.133010766041593,0.13577110391530278,0.11096768880353569,0.14559405616173537,14.298325747452365,0.4342755783249164,0.15625
gamma,eig,7,30.0,60.0,31.669159900106024,0.0005216001882217824,5.811336685028782,0.0,0.0,0.0,0.02160994193039778,0.022645892722566452,8.669871180065961,0.36652873745591585,0.3125
gamma,eig,7,60.0,120.0,32.035015499976,0.0007278000703081489,5.5477604136810585,0.0,0.0,0.0,0.02160994193039778,0.022645892722566452,5.110352680121165,0.245003219592296,0.625
gamma,eig,7,90.0,180.0,32.31047970004147,0.0009270998416468501,5.479293771834485,0.0,0.0,0.0,0.02160994193039778,0.022645892722566452,4.981333231792241,0.22303048189221822,0.9322916666666666
gamma,eig,7,120.0,240.0,33.05086730007315,0.0012256995541974902,5.410862758652002,0.0,0.0,0.0,0.0026960472537086444,0.01831367344932655,4.556387230802357,0.20872036619018738,1.0
gamma,eig,8,15.0,30.0,31.611376700049732,0.00017279991880059242,6.152713783764938,0.3648302387128344,0.2884787407250098,0.25885348098815153,0.22155394131493333,0.1964529420386627,18.69916180449297,0.4461743916929288,0.15625
gamma,eig,8,30.0,60.0,31.876043200027198,0.0003067999496124685,5.9947043699576215,0.3648302387128344,0.2884787407250098,0.25885348098815153,0.22155394131493333,0.1964529420386627,17.31388933499776,0.4145557762653175,0.3125
gamma,eig,8,60.0,120.0,32.31306300009601,0.0005100998096168041,5.767150664898838,0.0,0.0,0.004905424765740074,0.03369864667275424,0.03931599433252464,7.786021973783471,0.2922014409358513,0.625
gamma,eig,8,90.0,180.0,32.575998900516424,0.0006924998597241938,5.617245275251871,0.0,0.0,0.004905424765740074,0.03369864667275424,0.03931599433252464,6.425274687281644,0.2326701514218752,0.9375
gamma,eig,8,120.0,240.0,33.36250800039852,0.0009969996172003448,5.527136775728107,0.0,0.0,0.004905424765740074,0.003946474359598495,0.014428936696904149,5.000816502073327,0.22332211203055308,1.0
gamma,eig,9,15.0,30.0,31.454825800086837,0.0002063000574707985,6.117652816061046,0.0,0.0,0.0,0.07788291113353163,0.10635859647996249,18.372014615106625,0.4594686225752086,0.15625
gamma,eig,9,30.0,60.0,31.792448099935427,0.000354000017978251,5.979335234098748,0.0,0.0,0.0,0.07788291113353163,0.10635859647996249,16.979470902145216,0.41925371080271057,0.3125
gamma,eig,9,60.0,120.0,32.18493279971881,0.000548900046851486,5.7220905111569165,0.0,0.0,0.003440460633779674,0.01814927154293655,0.0,9.587178715016769,0.3089815691919563,0.625
gamma,eig,9,90.0,180.0,32.53211479989113,0.0007457000901922584,5.504330126918468,0.0,0.0,0.003440460633779674,0.01814927154293655,0.0,6.388015491443693,0.22681662835043162,0.9166666666666666
gamma,eig,9,120.0,240.0,33.29315789981047,0.0010220999829471111,5.348734793789565,0.0,0.0,0.0,0.0,0.0,4.413425672386638,0.20193875590725383,1.0
gamma,eig,10,15.0,30.0,31.454902799858246,0.00020750006660819054,6.093583003804774,0.0,0.0073704802629662725,0.031894955823164706,0.11098647321032806,0.14079017469085597,14.360241307831952,0.48147693479931003,0.15625
gamma,eig,10,30.0,60.0,31.710401600052137,0.00034259993117302656,5.9545576994320655,0.0,0.0073704802629662725,0.0,0.0,0.0,11.415229123295417,0.4036759381832965,0.3125
gamma,eig,10,60.0,120.0,32.145304800069425,0.0005868998123332858,5.6302526221395555,0.0,0.0073704802629662725,0.0,0.0,0.0,7.25284553546537,0.2963026847354865,0.625
gamma,eig,10,90.0,180.0,32.41429889964638,0.0007759995642118156,5.512672886201757,0.0,0.0073704802629662725,0.0,0.0,0.0,5.301756924536923,0.2417976056236937,0.9322916666666666
gamma,eig,10,120.0,240.0,33.219055799767375,0.0010585998534224927,5.420442368525514,0.0,0.0073704802629662725,0.0,0.0,0.0,3.972903148167985,0.23222243254783972,1.0
gamma,eig,11,15.0,30.0,31.56481070013251,0.00024639995535835624,6.060655393054866,0.1155566629196555,0.20707457390512907,0.08874634827892791,0.0981603727037118,0.13239623697012814,17.35903642270895,0.4844376643248556,0.15625
gamma,eig,11,30.0,60.0,31.775092300144024,0.0003659999929368496,5.935100325429172,0.1155566629196555,0.20707457390512907,0.08874634827892791,0.09276873776221961,0.09623960612371008,14.609843640017772,0.4224843810205978,0.3125
gamma,eig,11,60.0,120.0,32.13764979992993,0.0005583002930507064,5.700135482495592,0.1155566629196555,0.07817145879263643,0.1425653075913459,0.0,0.017079492834485732,7.803733314765847,0.30008733149488964,0.625
gamma,eig,11,90.0,180.0,32.446393299789634,0.000734800414647907,5.576740755661111,0.1155566629196555,0.07817145879263643,0.1425653075913459,0.0,0.017079492834485732,7.364597593131971,0.25363238796177745,0.9322916666666666
gamma,eig,11,120.0,240.0,33.29212189966347,0.001063700532540679,5.4663270050008315,0.1155566629196555,0.07817145879263643,0.0,0.020191233983764212,0.017079492834485732,5.443807853860823,0.23969609589115287,1.0
gamma,eig,12,15.0,30.0,31.77301249996526,0.0003432999365031719,6.053827110894544,0.16765366662304237,0.23256443755338174,0.2105880886552146,0.2579035266160745,0.20554517899076974,15.920817807606657,0.452938389791258,0.15625
gamma,eig,12,30.0,60.0,32.08841929998016,0.000497099885251373,5.912931554878398,0.0,0.0,0.0,0.02202360151114413,0.01880360214586041,10.473041768141472,0.41554292136305976,0.3125
gamma,eig,12,60.0,120.0,32.489931599993724,0.0007200997206382453,5.755474580503827,0.0,0.0,0.0,0.02202360151114413,0.01880360214586041,8.491394401057944,0.31904789239701065,0.625
gamma,eig,12,90.0,180.0,32.79286110011162,0.00094149901997298,5.558106638441502,0.0,0.0,0.0,0.02202360151114413,0.01880360214586041,7.051652624128269,0.24823405419514522,0.9375
gamma,eig,12,120.0,240.0,33.71665709995432,0.0012700988445430994,5.4306209505463565,0.0,0.0,0.0,0.0,0.0,4.932331550408843,0.22652465312049935,1.0
gamma,eig,13,15.0,30.0,31.889623500115704,0.0003013001987710595,6.0593541772314445,0.0,0.13987883943566837,0.15121335938887892,0.13346556138558152,0.1364841112764431,16.665449185222673,0.4250164588182808,0.15625
gamma,eig,13,30.0,60.0,32.23904170008609,0.0004518000641837716,5.893409367224128,0.0,0.13987883943566837,0.11074080653757323,0.1221597758820624,0.10247131169250168,13.931720823407439,0.3723360603535445,0.3125
gamma,eig,13,60.0,120.0,32.63869520003209,0.0006637999322265387,5.657673541817001,0.1473096846716344,0.0,0.0,0.0,0.02742664798254868,6.97277812273373,0.2833042537517718,0.625
gamma,eig,13,90.0,180.0,32.91490700014401,0.0008699997561052442,5.584923536160734,0.1473096846716344,0.0,0.0,0.0,0.02742664798254868,6.357433686394831,0.24668193524092125,0.9270833333333334
gamma,eig,13,120.0,240.0,33.77179940015776,0.0012068998767063022,5.484087381436367,0.0,0.0,0.004801326464143885,0.0038788171043011577,0.0,4.466962162885875,0.23282789186022357,1.0
gamma,eig,14,15.0,30.0,31.763242700020783,0.00030330015579238534,5.977671263656298,0.008572176416699384,0.0,0.0,0.06304117029627343,0.11623551492371564,17.364134781539203,0.454150413044936,0.15625
gamma,eig,14,30.0,60.0,32.04879080015235,0.0004451002459973097,5.845434994729032,0.008572176416699384,0.0,0.0,0.06304117029627343,0.11623551492371564,15.749694722749588,0.3989967552309752,0.3125
gamma,eig,14,60.0,120.0,32.41024149977602,0.0006492002867162228,5.64621796783517,0.008572176416699384,0.0,0.0,0.0,0.0,6.627632679050114,0.2907941295631128,0.625
gamma,eig,14,90.0,180.0,32.71260860020993,0.0008387002744711936,5.528645958082239,0.008572176416699384,0.0,0.0,0.0,0.0,5.789698156946383,0.23931671100067564,0.9375
gamma,eig,14,120.0,240.0,33.5697941002436,0.0011374002206139266,5.407330339272967,0.008572176416699384,0.0,0.0,0.0,0.0,4.077155407855187,0.22315753224361534,1.0
gamma,eig,15,15.0,30.0,32.17078119987855,0.0001810999820008874,6.059506556903272,0.0,0.0,0.036099642841438295,0.02887415588069786,0.01949512381758689,14.195363471579586,0.4574967653662793,0.15625
gamma,eig,15,30.0,60.0,32.39256049977848,0.00028879998717457056,5.9508108189279225,0.0,0.0,0.036099642841438295,0.02887415588069786,0.02405870956187628,11.258120326881714,0.39475198261516453,0.3125
gamma,eig,15,60.0,120.0,32.76465429982636,0.000500700029078871,5.754876762790719,0.0,0.0,0.036099642841438295,0.02887415588069786,0.02405870956187628,7.421732033702074,0.30012088807210174,0.625
gamma,eig,15,90.0,180.0,33.10350089991698,0.0007127003045752645,5.594485763546122,0.0,0.0,0.036099642841438295,0.02887415588069786,0.02405870956187628,6.548670266297166,0.24767573669508314,0.9322916666666666
gamma,eig,15,120.0,240.0,34.112436599854846,0.0010796004789881408,5.48146859449341,0.0,0.0,0.036099642841438295,0.02887415588069786,0.02405870956187628,5.09308309094502,0.232301134490022,1.0
gamma,eig,16,15.0,30.0,32.01022540015401,0.00020350009435787797,6.068799504401244,0.01577368333485396,0.0371672702978304,0.17103205117566456,0.24675842902759493,0.2998356771248605,21.701047462515998,0.49714190719047835,0.15625
gamma,eig,16,30.0,60.0,32.30287620029412,0.0003127999952994287,5.9447892565415446,0.01577368333485396,0.0,0.0,0.06302898309405458,0.1046336808324031,14.75961353948746,0.4224687439361763,0.3125
gamma,eig,16,60.0,120.0,32.62951220024843,0.0005916000227443874,5.666397351640058,0.01577368333485396,0.0,0.0,0.0,0.037968426088343166,7.633239071531917,0.3199061722664133,0.625
gamma,eig,16,90.0,180.0,33.023071800067555,0.0008022002875804901,5.547760290250376,0.01577368333485396,0.0,0.0,0.0,0.037968426088343166,6.053896552042809,0.26094946517811385,0.9114583333333334
gamma,eig,16,120.0,240.0,33.911727799859364,0.0011752002174034715,5.498362802414188,0.01577368333485396,0.0371672702978304,0.0,0.0,0.01872333957901462,5.594133387781619,0.2458263595679236,1.0
gamma,eig,17,15.0,30.0,31.922033900103997,0.00025150005239993334,6.065928867060374,0.0,0.24614960956244825,0.34410897225564185,0.37443121630381504,0.3843209712811362,25.404483554445644,0.4660313832202371,0.15625
gamma,eig,17,30.0,60.0,32.225259800150525,0.0003659999347291887,5.9078023571847424,0.008572176416699384,0.004286088208349748,0.0,0.021456321982812554,0.0669200163970004,18.447508032659158,0.4169568980474073,0.3125
gamma,eig,17,60.0,120.0,32.548697500198614,0.0005504001164808869,5.666623457848977,0.008572176416699384,0.004286088208349748,0.0,0.021456321982812554,0.001748209592245198,11.46704327942964,0.28593438368724716,0.625
gamma,eig,17,90.0,180.0,32.8209868001868,0.0007372000254690647,5.517701122093666,0.008572176416699384,0.004286088208349748,0.0,0.01937220710640042,0.01799811916761107,7.4387490329596995,0.2191379909963723,0.9270833333333334
gamma,eig,17,120.0,240.0,33.60837790003279,0.0010411000694148242,5.441645674729351,0.008572176416699384,0.004286088208349748,0.0,0.01937220710640042,0.0,5.646362543262368,0.21045993020712075,1.0
gamma,eig,18,15.0,30.0,32.28955050004879,0.00015219999477267265,5.9503995802839045,0.0,0.10133644118799001,0.14280184191883405,0.1479370145243296,0.1423567252057697,13.772556234019067,0.4558618138708475,0.15625
gamma,eig,18,30.0,60.0,32.601649800140876,0.00027739995857700706,5.798100478401492,0.0,0.0,0.0,0.0,0.004208824413250656,9.474342779447198,0.4124841463634967,0.3125
gamma,eig,18,60.0,120.0,32.91616299987072,0.0004932002048008144,5.580987541725297,0.0,0.0,0.0,0.0,0.004208824413250656,7.954059275583772,0.30326992003047853,0.625
gamma,eig,18,90.0,180.0,33.21320299978834,0.0006897001876495779,5.3758187424318855,0.0,0.0,0.0,0.0,0.004208824413250656,6.322488840356208,0.21300559591233065,0.9322916666666666
gamma,eig,18,120.0,240.0,34.279795700043906,0.0011303002829663455,5.25800790393254,0.0,0.0,0.0,0.0,0.015572316080596504,4.8716725155090135,0.19437666096600834,1.0
gamma,eig,19,15.0,30.0,31.946118700085208,0.00032189994817599654,6.050406057165972,0.4073605041961753,0.21589590458498975,0.19373385955992284,0.16472018297136515,0.1707053282018709,17.632893879383786,0.4590772722511516,0.15625
gamma,eig,19,30.0,60.0,32.18999570014421,0.00044609978795051575,5.937054435979518,0.0,0.15592125136716373,0.047393366121813885,0.03828665242760754,0.03211558889808408,14.488237629677851,0.39700145821587174,0.3125
gamma,eig,19,60.0,120.0,32.61648010008503,0.0006732998881489038,5.6432112654870545,0.0,0.15592125136716373,0.047393366121813885,0.008212604983236726,0.006888892830802962,8.053210539693145,0.2811875445816311,0.625
gamma,eig,19,90.0,180.0,32.943797100218944,0.0008808994316495955,5.488987408298724,0.0,0.15592125136716373,0.11302989725492951,0.008212604983236726,0.006888892830802962,6.322585344049315,0.22586360663880473,0.9270833333333334
gamma,eig,19,120.0,240.0,33.87252730020555,0.001236899639479816,5.352038327909994,0.0,0.09054356695196264,0.0,0.008212604983236838,0.006888892830802962,4.432881601516449,0.2028718580559757,1.0
gamma,eig,20,15.0,30.0,32.1936024997849,0.00016969972057268023,6.191137331469946,0.0,0.0,0.030805315414543677,0.051592473669877625,0.07507784636343262,16.053076283293013,0.4264392086328182,0.15625
gamma,eig,20,30.0,60.0,32.4979768996709,0.00032599957194179296,6.055456238380077,0.0,0.0,0.07680594405132635,0.06460733337977653,0.03339055464123686,12.356189494555663,0.3828642038487252,0.3125
gamma,eig,20,60.0,120.0,32.96231369959423,0.0005605993792414665,5.717454605821334,0.0,0.0,0.05938847904235911,0.0874521054598193,0.07302644660966395,6.011872242202656,0.26434609706786105,0.625
gamma,eig,20,90.0,180.0,33.45113789959578,0.000861999171320349,5.594611391978382,0.0,0.0,0.07680594405132635,0.0874521054598193,0.07302644660966395,5.8407714462163485,0.2205105208492352,0.9114583333333334
gamma,eig,20,120.0,240.0,34.381078299775254,0.0013541990192607045,5.496556790293087,0.0,0.0,0.030805315414543677,0.0032210463650814702,0.021766132319074205,4.641472745585058,0.20418885292086048,1.0
gamma,eig,21,15.0,30.0,31.896427200059406,0.00023009994765743613,6.103984734924059,0.38903807596187656,0.3375541941911613,0.3098434809931855,0.2561469296313029,0.21669325678664053,13.6633147669252,0.459928974888713,0.15625
gamma,eig,21,30.0,60.0,32.17896640003892,0.0003546999651007354,5.956757671232428,0.0,0.10820742816803919,0.15928876552988724,0.13628044772654146,0.11469068195957899,11.497421036385996,0.39794401750562725,0.3125
gamma,eig,21,60.0,120.0,32.587491199956276,0.00055940035963431,5.636870841668734,0.0,0.0,0.07481039736000106,0.0067078174721796335,0.0,5.742095163392576,0.2960606402590163,0.625
gamma,eig,21,90.0,180.0,32.8671475998126,0.0007350005907937884,5.507952015889216,0.0,0.0,0.07481039736000106,0.0067078174721796335,0.0,5.172167331576836,0.23860133123451094,0.9270833333333334
gamma,eig,21,120.0,240.0,33.712942599493545,0.0010631007025949657,5.411103292394877,0.0,0.0,0.0,0.0,0.0,4.217912683785212,0.22524303377539237,1.0
gamma,eig,22,15.0,30.0,32.24303579988191,0.00014670006930828094,6.175124702991844,0.0,0.00988403987666231,0.1003146655352849,0.1581842589029968,0.11701401491810781,18.633190818710233,0.43699060990586486,0.15625
gamma,eig,22,30.0,60.0,32.605014199914876,0.0002821001107804477,6.002544135312281,0.0,0.00988403987666231,0.006927503182010963,0.05152238040271906,0.04238661590795911,11.44531268183279,0.38648489841418526,0.3125
gamma,eig,22,60.0,120.0,33.047684699704405,0.0005042998236604035,5.727151189645769,0.0,0.00988403987666231,0.006927503182010963,0.05152238040271906,0.04238661590795911,8.296273812942934,0.27709473247450706,0.625
gamma,eig,22,90.0,180.0,33.50258749979548,0.0008111002389341593,5.547486217146005,0.0,0.00988403987666231,0.006927503182010963,0.01594972425291774,0.05199588077893791,7.03743187575837,0.21900277369840088,0.921875
gamma,eig,22,120.0,240.0,34.551570699724834,0.001260500110220164,5.414419946059591,0.0,0.00988403987666231,0.006927503182010963,0.0,0.0,4.566793307402041,0.20273592459421985,1.0
gamma,eig,23,15.0,30.0,32.28147450002143,0.0001503002131357789,5.963399625261215,0.0,0.0,0.0,0.022168872567189357,0.0369771837346482,12.871482336423329,0.47625810888700537,0.15625
gamma,eig,23,30.0,60.0,32.509185099974275,0.00025950034614652395,5.847796802197515,0.0,0.0,0.0,0.022168872567189357,2.220446049250313e-16,10.879716273915943,0.43828302887573845,0.3125
gamma,eig,23,60.0,120.0,32.8976888997131,0.0004857999156229198,5.633154119312405,0.0,0.0,0.0,0.022168872567189357,2.220446049250313e-16,7.502659420308982,0.32757517599971864,0.625
gamma,eig,23,90.0,180.0,33.31053569947835,0.0007509997813031077,5.369120092250092,0.0,0.0,0.0,0.022168872567189357,2.220446049250313e-16,4.790917363331218,0.23764631498817088,0.9322916666666666
gamma,eig,23,120.0,240.0,34.40255169942975,0.0012050995137542486,5.2927612637599495,0.0,0.0,0.0,0.0,0.0,4.320284753696326,0.22111925357716236,1.0
gamma,eig,24,15.0,30.0,31.996754499909002,0.0002621002495288849,6.16666876607491,0.0,0.0,0.0,0.0,0.06121594219787907,16.37445087576856,0.44991132118706034,0.15625
gamma,eig,24,30.0,60.0,32.29022069979692,0.0003855001414194703,6.042856661612986,0.0,0.0,0.0,0.0,0.035111292390164306,14.166709037599146,0.40742640448051753,0.3125
gamma,eig,24,60.0,120.0,32.62722990004113,0.0005914003122597933,5.77324372692664,0.0,0.0,0.0,0.0,0.035111292390164306,8.447127288116622,0.2877312381938833,0.625
gamma,eig,24,90.0,180.0,32.9807188998675,0.0008622001623734832,5.630788138418396,0.0,0.0,0.0,0.0,0.035111292390164306,7.681200996590208,0.2359899207621852,0.9322916666666666
gamma,eig,24,120.0,240.0,33.79488380003022,0.00113400025293231,5.536631369554482,0.0,0.0,0.0,0.0,0.0,5.7373204945950915,0.22118010161183838,1.0
gamma,eig,25,15.0,30.0,31.894693800073583,0.00025720003759488463,6.096358902104555,0.0,0.06073393785544445,0.04329333098566157,0.08653126138961598,0.15340372429666815,18.569396358836094,0.4924799612369391,0.15625
gamma,eig,25,30.0,60.0,32.283500400022604,0.0004187000449746847,5.91065800399426,0.0,0.0,0.0066505582438283195,0.029448991087107745,0.0,13.449224850126193,0.4439852417469687,0.3125
gamma,eig,25,60.0,120.0,32.60556839988567,0.0005897002993151546,5.697557114104934,0.0,0.0,0.0066505582438283195,0.029448991087107745,0.0,10.77971186795677,0.3241117422139531,0.625
gamma,eig,25,90.0,180.0,33.03274729999248,0.0008056003716774285,5.4295525724214855,0.0,0.0,0.0066505582438283195,0.029448991087107745,0.0,5.461544564325228,0.22744360918419748,0.9270833333333334
gamma,eig,25,120.0,240.0,33.80425340018701,0.0010727003100328147,5.339715401681969,0.0,0.0,0.0,0.024255326198601712,0.0,4.4759626807645,0.20982790237231635,1.0
gamma,eig,26,15.0,30.0,31.54236450023018,0.0004855999141000211,6.078890170713379,0.0,0.1134456108845282,0.14290498690629427,0.164011265795882,0.17820404287070934,17.817687292286504,0.4566095721856501,0.15625
gamma,eig,26,30.0,60.0,31.92107800033409,0.000664799939841032,5.890362326880509,0.0,0.020395371684950314,0.07850977892014244,0.06313323458456566,0.08836819970153309,14.196198296408989,0.40140918311290724,0.3125
gamma,eig,26,60.0,120.0,32.23351210006513,0.0008517999085597694,5.7299184614068395,0.0,0.020395371684950314,0.07850977892014244,0.06313323458456566,0.08836819970153309,13.429671368245772,0.31930765800376476,0.625
gamma,eig,26,90.0,180.0,32.49765130027663,0.001012799795717001,5.5101452682913346,0.0,0.0,0.0,0.0,0.0,6.395256710582186,0.237741855881562,0.9375
gamma,eig,26,120.0,240.0,33.31205270026112,0.0012845000019297004,5.407116879821179,0.0,0.020395371684950314,0.0,0.0,0.0,4.66035653938868,0.2264479162821164,1.0
gamma,eig,27,15.0,30.0,31.612049499875866,0.0004013998550362885,6.031864661458749,0.0,0.0,0.011648201976892869,0.04626947260717784,0.057564602504751594,12.650390519254978,0.45516541447208114,0.15625
gamma,eig,27,30.0,60.0,31.964888399641495,0.0005494998767971992,5.907275641899724,0.0,0.0,0.011648201976892869,0.027582357215005904,0.05299169598037923,10.533234174312668,0.39357784795285816,0.3125
gamma,eig,27,60.0,120.0,32.293495399702806,0.0007544001564383507,5.697835188812328,0.0,0.0,0.011648201976892869,0.0,0.01378824341963325,6.845706849963894,0.29763882335296565,0.625
gamma,eig,27,90.0,180.0,32.635739299526904,0.0009425999596714973,5.518154065577101,0.0,0.0,0.011648201976892869,0.0,0.01378824341963325,5.8245437587582325,0.22927858959891448,0.9322916666666666
gamma,eig,27,120.0,240.0,33.46874879958341,0.0012440996360965073,5.373119018759067,0.0,0.0,0.0,0.0,0.01378824341963325,4.501086360349173,0.2142500160166364,1.0
gamma,eig,28,15.0,30.0,31.473684799915645,0.00032989983446896076,6.39978065556739,0.05890372115342679,0.08637060842889488,0.0,0.10185400273398448,0.11725100461887683,19.63629239236752,0.4837007838263487,0.15625
gamma,eig,28,30.0,60.0,31.770695899787825,0.0004768997896462679,6.19864477137176,0.05890372115342679,0.08637060842889488,0.0,0.0,0.04461600648854758,15.608592190714655,0.4298574819130762,0.3125
gamma,eig,28,60.0,120.0,32.085902999853715,0.0006723997066728771,5.919313556674673,0.05890372115342679,0.08637060842889488,0.0,0.0,0.04461600648854758,13.011337506594963,0.32659318011712984,0.625
gamma,eig,28,90.0,180.0,32.4647921998403,0.000868000031914562,5.614255989328946,0.05890372115342679,0.08637060842889488,0.0,0.0,0.04461600648854758,6.652976766579468,0.2303387938618959,0.921875
gamma,eig,28,120.0,240.0,33.220020499720704,0.0011417001369409263,5.49563522609207,0.05890372115342679,0.0,0.0,0.0,0.0,4.521813615879912,0.20944359671500895,1.0
gamma,eig,29,15.0,30.0,31.835794600076042,0.00024939991999417543,5.906483621225521,0.0,0.09498754549539767,0.0,0.039859710559609685,0.017764750720433375,13.694726790258697,0.4916726165234726,0.15625
gamma,eig,29,30.0,60.0,32.07529509975575,0.0003782000858336687,5.770831967503528,0.0,0.09498754549539767,0.0,0.039859710559609685,0.017764750720433375,11.887008336402262,0.43274373246311,0.3125
gamma,eig,29,60.0,120.0,32.38638229976641,0.0005748997209593654,5.49760586984393,0.0,0.09498754549539767,0.0,0.039859710559609685,0.017764750720433375,7.225658765814461,0.2761148250345444,0.625
gamma,eig,29,90.0,180.0,32.65991529967869,0.0007504998939111829,5.369529904028568,0.0,0.09498754549539767,0.0,0.039859710559609685,0.017764750720433375,5.879274583514416,0.22233509567943954,0.9375
gamma,eig,29,120.0,240.0,33.407480899652,0.0010134002077393234,5.242464096948318,0.0,0.0,0.0,0.0,0.0,4.042654402328933,0.20694708538280207,1.0
gamma,eig,30,15.0,30.0,31.36644219997106,0.0002364001702517271,6.0611993080401945,0.4405805964976658,0.3860221841855783,0.3605632424998345,0.3195018049135131,0.40265140248737374,16.920011925069353,0.4753191015189939,0.15625
gamma,eig,30,30.0,60.0,31.69844689988531,0.0003903002361766994,5.94971435795285,0.4405805964976658,0.3860221841855783,0.3330833358109302,0.2968757649890472,0.20855496859334355,15.608313082445145,0.4183045597740518,0.3125
gamma,eig,30,60.0,120.0,32.075168099603616,0.0005830003647133708,5.636891979383667,0.0,0.004325330452383036,0.0771565243439083,0.06352811237685796,0.07091786300586511,7.744480426545255,0.2954695601903209,0.625
gamma,eig,30,90.0,180.0,32.40301539975917,0.0007753003155812621,5.425995369371314,0.0,0.004325330452383036,0.0771565243439083,0.06352811237685796,0.07091786300586511,5.0186820648129125,0.22058659432676875,0.9375
gamma,eig,30,120.0,240.0,33.26539909973508,0.0010598005028441548,5.33387770021291,0.0,0.09531737095923942,0.07023172084931384,0.07866996010080352,0.021336832974132247,4.2074506725909835,0.20917021533057364,1.0
gamma,eig,31,15.0,30.0,31.754729799751658,0.0001963998074643314,6.3522261248114775,0.0,0.1585859675411565,0.16274017515030215,0.1288453814470336,0.15582284817420045,24.12439550659572,0.5302961865444753,0.15625
gamma,eig,31,30.0,60.0,32.00778819969855,0.00032149977050721645,6.214816384030389,0.0,0.1134456108845282,0.20401528685736103,0.20404183434795264,0.16887028819630912,22.063421525248042,0.47990227716349804,0.3125
gamma,eig,31,60.0,120.0,32.390614499745425,0.0005291997222229838,5.936718538775892,0.0,0.1134456108845282,0.20401528685736103,0.20404183434795264,0.16887028819630912,18.783110659406034,0.3560005492341618,0.625
gamma,eig,31,90.0,180.0,32.828051899559796,0.0007452000281773508,5.533354857138726,0.0,0.0,0.07741707019142385,0.018129267505138658,0.050193191121029934,6.9038537612978494,0.23647989442812184,0.921875
gamma,eig,31,120.0,240.0,33.63138849980896,0.0010402999469079077,5.439451003130007,0.0,0.0,0.05451861519056844,0.0,0.01500424968322911,5.421197438603787,0.22044636176720572,1.0
gamma,eig,32,15.0,30.0,31.642262400186155,0.00015840004198253155,6.25272676980087,0.050766726068686485,0.0,0.0,0.1330788466832019,0.17815818027775432,19.894345797421046,0.48075404646249703,0.15625
gamma,eig,32,30.0,60.0,31.96983660000842,0.0002807998680509627,6.079049692442584,0.050766726068686485,0.0,0.0,0.056675468351075065,0.08182606412231896,17.4918549204087,0.4350638947768241,0.3125
gamma,eig,32,60.0,120.0,32.40835469972808,0.0004966999986208975,5.796575084845471,0.050766726068686485,0.0,0.0,0.056675468351075065,0.08182606412231896,15.36554658060602,0.3247519483390427,0.625
gamma,eig,32,90.0,180.0,32.821780599828344,0.0007186002330854535,5.512224914515639,0.050766726068686485,0.0,0.0,0.0,0.0,6.491343510741288,0.22897113208265932,0.921875
gamma,eig,32,120.0,240.0,33.70260969968513,0.0010586001444607973,5.382758506403395,0.050766726068686485,0.0,0.0,0.0,0.004353846992315447,4.892995031529618,0.2090668288351391,1.0
gamma,eig,33,15.0,30.0,31.55656899983296,0.00013380002928897738,5.929301893086205,0.0,0.037760856656376185,0.06343558916561298,0.07371691369724409,0.014734248781990034,12.640031220876663,0.4774475098975497,0.15625
gamma,eig,33,30.0,60.0,31.87147239985643,0.0002483997377566993,5.783254858774915,0.0,0.037760856656376185,0.06343558916561298,0.07371691369724409,0.014734248781990034,9.237041664949253,0.40434821104285024,0.3125
gamma,eig,33,60.0,120.0,32.23306869989028,0.00046019989531487226,5.5457158527720765,0.0,0.037760856656376185,0.06343558916561298,0.07371691369724409,0.014734248781990034,7.430508933676488,0.2979335399823397,0.625
gamma,eig,33,90.0,180.0,32.518623599549755,0.0006378000252880156,5.3130589027923225,0.0,0.037760856656376185,0.06343558916561298,0.07371691369724409,0.014734248781990034,5.492292770298032,0.20679761750698317,0.9375
gamma,eig,33,120.0,240.0,33.32339939981466,0.0009899999131448567,5.238967700472142,0.0,0.037760856656376185,0.06343558916561298,0.0,0.018910305509274083,4.296027317977467,0.19571546808752865,1.0
gamma,eig,34,15.0,30.0,31.520967699820176,0.00014339975314214826,6.163285995041647,0.23380769721060135,0.12407255374037962,0.24448897166534134,0.3139445106177805,0.3619750286667228,22.05678446437495,0.4408074266013324,0.15625
gamma,eig,34,30.0,60.0,31.81662259955192,0.0002634997363202274,5.9766466765527335,0.0,0.0,0.04270706901602983,0.03236801327202743,0.026059264139909,11.540751613397475,0.3896289893842344,0.3125
gamma,eig,34,60.0,120.0,32.20490089949453,0.00046570011181756854,5.730871946384039,0.0,0.0,0.04270706901602983,0.03236801327202743,0.026059264139909,7.996440896594001,0.28324017808499624,0.625
gamma,eig,34,90.0,180.0,32.51326379913371,0.0006770996260456741,5.607017494534664,0.0,0.0,0.04270706901602983,0.03236801327202743,0.026059264139909,6.736819544645078,0.2347704050287377,0.9270833333333334
gamma,eig,34,120.0,240.0,33.471951299521606,0.0010841998737305403,5.488051188653301,0.0,0.0,0.0,0.0,0.026059264139909,4.526216059656953,0.21591118560650194,1.0
gamma,eig,35,15.0,30.0,31.21747870015679,0.00036640011239796877,6.325126332236952,0.3042707341327259,0.4155085203819584,0.38777647620955935,0.37618467660353483,0.37639331883263905,26.478925718866222,0.45547324289565994,0.15625
gamma,eig,35,30.0,60.0,31.582333400088828,0.0004841000773012638,6.127346513287804,0.04340185519385875,0.14707978261395704,0.1341400915550487,0.18316590209627792,0.19283219916885852,21.789669276158577,0.4171822126517414,0.3125
gamma,eig,35,60.0,120.0,32.06613380013732,0.0006982998456805944,5.807496047113008,0.04340185519385875,0.0,0.0,0.0,0.0,11.154057068950623,0.29837798176307034,0.625
gamma,eig,35,90.0,180.0,32.42765160027193,0.0009035997791215777,5.6374069594836085,0.04340185519385875,0.0,0.0,0.0,0.0,7.052971731228234,0.2350681715514716,0.90625
gamma,eig,35,120.0,240.0,33.33830059983302,0.0013148998841643333,5.568858100133537,0.0,0.0,0.02272114243437784,0.0,0.0,5.750599628685978,0.21537186802870434,1.0
gamma,eig,36,15.0,30.0,31.58059169992339,0.0003545999061316252,5.959501143621533,0.1604569555364882,0.3513704548648382,0.37771791995606796,0.388101163330674,0.40421048553385486,20.550566877236864,0.4642170993841696,0.15625
gamma,eig,36,30.0,60.0,32.06486229982693,0.0005670999526046216,5.786012543346398,0.0,0.0,0.0,0.015380663773790992,0.07715306147340462,13.546523576651799,0.39727804662030214,0.3125
gamma,eig,36,60.0,120.0,32.416666299744975,0.0007948001148179173,5.558843117831681,0.0,0.0,0.0,0.015380663773790992,0.02154101790349594,9.95982658445205,0.3146990077206855,0.625
gamma,eig,36,90.0,180.0,32.82345619966509,0.001006499631330371,5.3193515518572525,0.0,0.0,0.0,0.025535780200414582,0.02154101790349583,4.762495417989087,0.22203756925307108,0.921875
gamma,eig,36,120.0,240.0,33.61839259980479,0.0012913997634314,5.250616001018692,0.0,0.0,0.0,0.025535780200414582,0.02154101790349583,4.03041481336865,0.20439355363835748,1.0
gamma,eig,37,15.0,30.0,31.808668999932706,0.0005552999791689217,6.031658586215701,0.4261385944248135,0.379664218783231,0.39733524348795435,0.34778830471513134,0.35989111388282435,19.554667842480143,0.448842351190973,0.15625
gamma,eig,37,30.0,60.0,32.2088266997016,0.0007611998589709401,5.8708499982895885,0.0,0.09730336656950189,0.07063409716814273,0.07669042863164066,0.07128331689130352,13.326672255861633,0.4016391859847378,0.3125
gamma,eig,37,60.0,120.0,32.57998039951781,0.0009747002040967345,5.6315443803127225,0.0,0.09730336656950189,0.03515471571314077,0.0,0.004005362471690699,6.640445288655037,0.29780209776306454,0.625
gamma,eig,37,90.0,180.0,32.84741239930736,0.0011714999563992023,5.49027083308404,0.0,0.09730336656950189,0.03515471571314077,0.0,0.004005362471690699,5.753388372406365,0.23182938676049406,0.9322916666666666
gamma,eig,37,120.0,240.0,33.65020609955536,0.0014542000135406852,5.404525017504039,0.0,0.0,0.0,0.0,0.004005362471690699,4.595851363946077,0.2185264497127751,1.0
gamma,eig,38,15.0,30.0,31.793893400055822,0.00035099987871944904,6.073151732880585,0.008572176416699384,0.08811292151987093,0.05874194767991392,0.15536556442666571,0.223941587356136,20.94037393991004,0.48173620387244603,0.15625
gamma,eig,38,30.0,60.0,32.11098750011297,0.0005291996640153229,5.916960619470063,0.008572176416699384,0.08811292151987093,0.05874194767991392,0.042003431862769225,0.0,12.401364370455166,0.4070475613007722,0.3125
gamma,eig,38,60.0,120.0,32.4752703004051,0.0007259997073560953,5.65632360298916,0.008572176416699384,0.08811292151987093,0.05874194767991392,0.042003431862769225,0.0,6.692995859321249,0.2933008204606893,0.625
gamma,eig,38,90.0,180.0,32.87193730066065,0.0009501998429186642,5.5203837363715715,0.008572176416699384,0.08811292151987093,0.05874194767991392,0.042003431862769225,0.0,5.898133730569792,0.2432128166980392,0.9166666666666666
gamma,eig,38,120.0,240.0,33.5916601010249,0.0012270999723114073,5.466748245725403,0.16765366662304237,0.08811292151987093,0.05874194767991392,0.042003431862769225,0.0,5.287884859824936,0.2291739606219429,1.0
gamma,eig,39,15.0,30.0,31.343345000059344,0.0005691000842489302,6.232370033518342,0.0,0.03567765767237552,0.12169565301378593,0.1130144654221319,0.10106787750815038,18.9259317133076,0.4532542425164907,0.15625
gamma,eig,39,30.0,60.0,31.799097300099675,0.0007976001943461597,6.108699935478948,0.0,0.03567765767237552,0.12169565301378593,0.1130144654221319,0.10106787750815038,17.552533957729228,0.39626904936332097,0.3125
gamma,eig,39,60.0,120.0,32.34119909995934,0.001069999998435378,5.733851229270222,0.0,0.03567765767237552,0.0,0.017564575254804926,0.015084615242299315,8.58017249681169,0.2843343258895755,0.625
gamma,eig,39,90.0,180.0,32.64519760000985,0.0012334997882135212,5.5512555065236,0.0,0.03567765767237552,0.0,0.017564575254804926,0.015084615242299315,5.725308746015341,0.2095922334862158,0.9322916666666666
gamma,eig,39,120.0,240.0,33.415642400155775,0.0015159998438321054,5.477988739246854,0.0,0.0,0.0,0.017564575254804926,0.019094653151359386,4.228173639050988,0.2036584594962972,1.0
gamma,eig,40,15.0,30.0,31.793371599749662,0.0003050998202525079,6.020334143150347,0.05890372115342679,0.28110409421124494,0.26025866607127857,0.26749107619222245,0.2799100810536981,18.908700607847116,0.4593726172937472,0.15625
gamma,eig,40,30.0,60.0,32.12133459968027,0.00048500002594664693,5.850423657549615,0.05890372115342679,0.0,0.0,0.05597180720941253,0.047683074411797755,13.028902342017437,0.4121824835309177,0.3125
gamma,eig,40,60.0,120.0,32.45595129969297,0.000683599675539881,5.653065658175212,0.05890372115342679,0.0,0.0,0.05341830152807303,0.07634822132162555,10.402721866168813,0.3010073434106478,0.625
gamma,eig,40,90.0,180.0,32.73591970006237,0.000872199481818825,5.4634754118003945,0.05890372115342679,0.0,0.0,0.05341830152807303,0.07634822132162555,5.681210917736227,0.22308459813146683,0.9375
gamma,eig,40,120.0,240.0,33.54795030027162,0.0011648994986899197,5.398604231346295,0.05890372115342679,0.0,0.0,0.0,0.03084050996285026,4.901138986568585,0.21493905057139773,1.0
gamma,eig,41,15.0,30.0,31.965839199954644,0.0002412996836937964,6.119680208307909,0.0,0.0,0.005938496414233052,0.04366175711400089,0.07682116184770404,15.080241752166598,0.4781848717677182,0.15625
gamma,eig,41,30.0,60.0,32.25767989997985,0.0003732996410690248,5.985271014450686,0.0,0.0,0.005938496414233052,0.004855849019995251,0.03295746797003296,12.431124614082934,0.41727513230885077,0.3125
gamma,eig,41,60.0,120.0,32.581113600346725,0.0005523993750102818,5.774825334231281,0.0,0.0,0.005938496414233052,0.004855849019995251,0.03295746797003296,8.88773475772335,0.30593548968441064,0.625
gamma,eig,41,90.0,180.0,32.95139720046427,0.000753299449570477,5.557037312282536,0.0,0.0,0.005938496414233052,0.004855849019995251,0.03295746797003296,6.658238296290777,0.22505262178488503,0.9322916666666666
gamma,eig,41,120.0,240.0,33.759920200333,0.001058499503415078,5.434178919671521,0.0,0.0,0.005938496414233052,0.004855849019995251,0.03295746797003296,4.262864352155747,0.21682294043599898,1.0
gamma,eig,42,15.0,30.0,31.694071399979293,0.00024140003370121121,6.095449656738002,0.0,0.0,0.0,0.08311887971658705,0.08738599984875606,17.19335057646447,0.49494287484859567,0.15625
gamma,eig,42,30.0,60.0,31.966538600157946,0.0003912001848220825,5.96057267121257,0.0,0.0,0.0,0.07904583519209285,0.07209422500063023,15.696219021744303,0.4249122083796913,0.3125
gamma,eig,42,60.0,120.0,32.333308900357224,0.0006492001703009009,5.729307317807991,0.0,0.0,0.0,0.0,0.0,8.369145236060108,0.3072630161494428,0.625
gamma,eig,42,90.0,180.0,32.68626670062076,0.0008614002726972103,5.525245485820757,0.0,0.0,0.0,0.0,0.0,7.202672434379991,0.24221133058314667,0.9322916666666666
gamma,eig,42,120.0,240.0,33.50820700067561,0.001141000131610781,5.400271961915666,0.0,0.0,0.0,0.0,0.003532807340374533,5.271551042587327,0.2222303539013187,1.0
gamma,eig,43,15.0,30.0,31.61692399997264,0.00024099997244775295,6.08342581141969,0.0,0.037760856656376185,0.0,0.0,0.0,12.190712145575,0.46013119736371594,0.15625
gamma,eig,43,30.0,60.0,31.900467200146522,0.0003595998859964311,5.987798191037633,0.0,0.037760856656376185,0.0,0.0,0.0,9.690638499049317,0.39502574837718274,0.3125
gamma,eig,43,60.0,120.0,32.29933170019649,0.0005749998963437974,5.723986325494562,0.0,0.037760856656376185,0.0,0.0,0.0,6.38394962074194,0.30742658624869457,0.625
gamma,eig,43,90.0,180.0,32.585414300323464,0.0007407997618429363,5.602972659836381,0.0,0.037760856656376185,0.0,0.0,0.0,5.521159329601445,0.25472571228446755,0.9375
gamma,eig,43,120.0,240.0,33.39034410013119,0.0010085997637361288,5.503201665846913,0.0,0.037760856656376185,0.0,0.0,0.0,4.785273251580568,0.24003208942635249,1.0
gamma,eig,44,15.0,30.0,32.01151239994215,0.0001419999753125012,6.1193074727352785,0.0,0.0,0.0,0.0,0.016150402905941497,11.903087500050015,0.4630475612252744,0.15625
gamma,eig,44,30.0,60.0,32.25124689977383,0.000253699894528836,5.979770849473801,0.0,0.0,0.0,0.0,0.016150402905941497,9.136392479656337,0.41084312471677426,0.3125
gamma,eig,44,60.0,120.0,32.636653099558316,0.0004715000977739692,5.732688468244771,0.0,0.0,0.0,0.0,0.016150402905941497,7.191496980705626,0.3108640386048449,0.625
gamma,eig,44,90.0,180.0,32.91528949979693,0.0006575000006705523,5.520827077842974,0.0,0.0,0.0,0.0,0.016150402905941497,5.164063150704343,0.24155739753142863,0.9322916666666666
gamma,eig,44,120.0,240.0,33.881563899922185,0.0009663999080657959,5.4485760833670325,0.0,0.0,0.0,0.0,0.0,4.427583425546052,0.2259909932945984,1.0
gamma,eig,45,15.0,30.0,31.99926440010313,0.00013180007226765156,5.962655124195209,0.0,0.0,0.03745338193177572,0.03302497339140886,0.05907835035272113,13.168776113688484,0.4853609958887288,0.15625
gamma,eig,45,30.0,60.0,32.302798600285314,0.0002516001113690436,5.8495103849399745,0.0,0.0,0.03745338193177572,0.03302497339140886,0.05907835035272113,10.879977833503055,0.42596399225942444,0.3125
gamma,eig,45,60.0,120.0,32.644341500417795,0.00046810024650767446,5.613084381148492,0.0,0.0,0.03745338193177572,0.05150356837414716,0.04448725907513551,7.193496148447673,0.3137247776354661,0.625
gamma,eig,45,90.0,180.0,32.95981780049624,0.0006789001636207104,5.435038865080107,0.0,0.0,0.03745338193177572,0.05150356837414716,0.04448725907513551,5.124649887841899,0.24385534685291907,0.9322916666666666
gamma,eig,45,120.0,240.0,33.92882200033637,0.0010441000340506434,5.355894025360658,0.0,0.0,0.019639839281917038,0.03302497339140886,0.01426326855688842,4.280892647761587,0.22632722915217926,1.0
gamma,eig,46,15.0,30.0,31.588905699842144,0.00014690012903884053,6.233899561704291,0.0,0.0,0.01800115853433093,0.0027881750668454774,0.032917282798715974,14.719649761944071,0.4711008797767879,0.15625
gamma,eig,46,30.0,60.0,31.874430999916513,0.00029410031856969,6.062350325216329,0.0,0.0,0.014563516028445744,0.014600232954366077,0.013090855196898343,10.866142466747839,0.3982479720958631,0.3125
gamma,eig,46,60.0,120.0,32.31031939975219,0.0005039001698605716,5.8166898407160765,0.0,0.0,0.014563516028445744,0.014600232954366077,0.013090855196898343,8.58815542549697,0.3013894509603108,0.625
gamma,eig,46,90.0,180.0,32.68708609981695,0.000706000137142837,5.547667771917465,0.0,0.0,0.014563516028445744,0.014600232954366077,0.0385549331545848,6.345137901620563,0.2163198422083928,0.9270833333333334
gamma,eig,46,120.0,240.0,33.59122810012195,0.0010705998283810914,5.454914849036773,0.0,0.0,0.0,0.0,0.0007915682820271996,5.2711277584034555,0.20379429761283996,1.0
gamma,eig,47,15.0,30.0,31.463434499746654,0.0001651998609304428,6.217570896909696,0.0,0.0,0.10582671405698896,0.09329633726416575,0.12379288544983857,20.259784793936088,0.48306873063970945,0.15625
gamma,eig,47,30.0,60.0,31.704682299809065,0.0002786997938528657,6.066922303996655,0.0,0.0,0.10582671405698896,0.09329633726416575,0.12379288544983857,19.56347147951136,0.44330138800004004,0.3125
gamma,eig,47,60.0,120.0,32.08365329966182,0.00048729992704465985,5.820122451553456,0.0,0.0,0.06535818018049566,0.0849878450414644,0.07731985694618249,16.64828844609666,0.34695514294645285,0.625
gamma,eig,47,90.0,180.0,32.43815309985075,0.0006934003322385252,5.483486382599618,0.0,0.0,0.0,0.0,0.026490818797627047,6.329834215271857,0.23651561969421064,0.9322916666666666
gamma,eig,47,120.0,240.0,33.304186699853744,0.001002199947834015,5.396326979821929,0.0,0.0,0.0,0.0,0.0062657885593520035,5.064426708872106,0.21814510339980567,1.0
gamma,eig,48,15.0,30.0,11.030520899919793,0.00015770021127536893,6.056221774632753,0.1604569555364882,0.24339888354347872,0.286169721402163,0.23379960838460379,0.2313139524115414,18.13733549089974,0.49482434968743727,0.15625
gamma,eig,48,30.0,60.0,11.323593899724074,0.00026600027922540903,5.917719304552769,0.0,0.0,0.0,0.008399211204512813,0.04078166549314899,12.210905692305987,0.43958361498871934,0.3125
gamma,eig,48,60.0,120.0,11.693421499687247,0.0004567003925330937,5.679346769401096,0.0,0.0,0.0,0.008399211204512813,0.04078166549314899,7.526832784335681,0.31667242114466176,0.625
gamma,eig,48,90.0,180.0,12.073901799565647,0.0006777005037292838,5.4779338178049555,0.0,0.0,0.0,0.008399211204512813,0.04078166549314899,5.506647176841784,0.24509033795469498,0.9375
gamma,eig,48,120.0,240.0,12.933636199566536,0.0010018006432801485,5.3816906685817285,0.0,0.051645831526890396,0.0,0.008399211204512813,0.007099902835698169,4.715994667432513,0.2269823316751563,1.0
gamma,eig,49,15.0,30.0,11.160986899980344,0.00013920007040724158,5.910437596481155,0.0,0.0,0.007262781841736787,0.07204030226700253,0.10388829215896878,13.309122336058055,0.41814962601359446,0.15625
gamma,eig,49,30.0,60.0,11.452777799975593,0.0002505999291315675,5.764711888030864,0.0,0.08547739429692247,0.0,0.0,0.0,8.446883372655515,0.3687422775782941,0.3125
gamma,eig,49,60.0,120.0,11.753463500062935,0.0004603002453222871,5.6260421397454365,0.0,0.08547739429692247,0.0,0.0,0.0,6.893463276259012,0.2885959601689086,0.625
gamma,eig,49,90.0,180.0,12.124213900067843,0.0006649002898484468,5.450389749851111,0.0,0.08547739429692247,0.0,0.0,0.0,4.987128747622503,0.22398681359253375,0.9322916666666666
gamma,eig,49,120.0,240.0,12.925726800167467,0.0009536001598462462,5.377120186530955,0.0,0.0,0.0,0.0,0.0,4.145848669005818,0.21340687160823626,1.0
gamma,eig@logskewnormal-poisson-m8k,0,15.0,30.0,279.04663129971595,1.8213240997865796,5.982712302455813,0.0,0.10454931088924224,0.16175986909055384,0.14964233906113267,0.1638049175273053,16.517358403461433,0.4755737911768682,0.15625
gamma,eig@logskewnormal-poisson-m8k,0,30.0,60.0,526.5313814996625,3.594925099867396,5.866908992898942,0.05890372115342679,0.0,0.0,0.004524531505748719,0.0,11.49792441878761,0.41360793868737894,0.3125
gamma,eig@logskewnormal-poisson-m8k,0,60.0,120.0,1018.8416239000508,7.168318799987901,5.6183183515170105,0.05890372115342679,0.0,0.0,0.004524531505748719,0.0,5.725523826065352,0.2968529789577051,0.625
gamma,eig@logskewnormal-poisson-m8k,0,90.0,180.0,1510.7657576998463,10.83681199979037,5.496371591219102,0.05890372115342679,0.0,0.0,0.004524531505748719,0.0,4.962391160221458,0.23249323020630727,0.9375
gamma,eig@logskewnormal-poisson-m8k,0,120.0,240.0,2007.166042400233,14.817422899708617,5.415233851674626,0.05890372115342679,0.0,0.0,0.0,0.0,4.190654101219135,0.218411319767306,1.0
gamma,eig@logskewnormal-poisson-m8k,1,15.0,30.0,279.14200459991116,1.879591400094796,5.923010803626316,0.0,0.2669328674819066,0.30341820184662893,0.24640826106759128,0.21524105439975838,13.114004146427781,0.4600886226830937,0.15625
gamma,eig@logskewnormal-poisson-m8k,1,30.0,60.0,527.6279142001295,3.8427717999438755,5.776834973056293,0.0,0.0,0.0,0.04808461760398908,0.058459302913068334,9.738680069321735,0.4074788629082454,0.3125
gamma,eig@logskewnormal-poisson-m8k,1,60.0,120.0,1020.3653220999986,7.481812299578451,5.556308155819771,0.0,0.0,0.0,0.04808461760398908,0.058459302913068334,8.063758873903806,0.3020874909634743,0.625
gamma,eig@logskewnormal-poisson-m8k,1,90.0,180.0,1512.698149200005,11.314121099421754,5.44964434331538,0.0,0.0,0.0,0.04808461760398908,0.058459302913068334,6.702345858869962,0.23566112677705905,0.9375
gamma,eig@logskewnormal-poisson-m8k,1,120.0,240.0,2011.0022349999635,15.329062899632845,5.352185220114538,0.0,0.0,0.0,0.0,0.0,4.40042631934168,0.20588806466213763,1.0
gamma,eig@logskewnormal-poisson-m8k,2,15.0,30.0,278.2369419000461,2.007034000067506,6.105807811032274,0.5616117983173823,0.343457793565908,0.2639764148540321,0.2143683133225045,0.1814110463751697,19.25359258889315,0.4812674488297815,0.15625
gamma,eig@logskewnormal-poisson-m8k,2,30.0,60.0,525.6671915000188,3.9014787998748943,5.998189225587826,0.5616117983173823,0.343457793565908,0.2639764148540321,0.2143683133225045,0.1814110463751697,18.104500382573434,0.4348308734486664,0.3125
gamma,eig@logskewnormal-poisson-m8k,2,60.0,120.0,1017.5781909999787,7.547178799984977,5.788700382854884,0.0,0.12034319876955546,0.025358087745408597,0.02059263704324943,0.012133782626939982,10.409349263198017,0.3197365500917155,0.625
gamma,eig@logskewnormal-poisson-m8k,2,90.0,180.0,1510.0054645004566,11.283394199912436,5.5640848209250064,0.0,0.12034319876955546,0.025358087745408597,0.02059263704324943,0.012133782626939982,6.379474159678138,0.23029474424403074,0.9322916666666666
gamma,eig@logskewnormal-poisson-m8k,2,120.0,240.0,2009.8398444005288,15.143459599989,5.4579918867165915,0.0,0.0,0.0,0.0,0.012133782626939982,4.849452463066301,0.21300762279632598,1.0
gamma,eig@logskewnormal-poisson-m8k,3,15.0,30.0,279.5458234997932,2.0297036999254487,6.000971080899231,0.19689468118130493,0.20233440326816465,0.20442161832603534,0.1562676510622275,0.10362607967865023,16.676553236800874,0.46120411285270496,0.15625
gamma,eig@logskewnormal-poisson-m8k,3,30.0,60.0,526.757973999891,3.980097299965564,5.86625417813809,0.19689468118130493,0.20233440326816465,0.20442161832603534,0.1562676510622275,0.10362607967865023,15.686213652164353,0.42216917575248053,0.3125
gamma,eig@logskewnormal-poisson-m8k,3,60.0,120.0,1018.5387020998751,7.722939700004645,5.644282211206931,0.0,0.0,0.0644366787190187,0.09851569034751184,0.055662008513103545,7.159492767601437,0.2871336690894659,0.625
gamma,eig@logskewnormal-poisson-m8k,3,90.0,180.0,1511.1317005001474,11.337493899918627,5.500592699735975,0.0,0.0,0.0644366787190187,0.09851569034751184,0.055662008513103545,5.783032198575591,0.23280440918037154,0.9375
gamma,eig@logskewnormal-poisson-m8k,3,120.0,240.0,2009.5867810001946,15.326736999908462,5.408720150705972,0.0,0.0,0.0,0.049257845173755865,0.014752457354375581,4.4267358312141,0.21455435178910018,1.0
gamma,eig@logskewnormal-poisson-m8k,4,15.0,30.0,279.0971452000085,1.9443102999939583,5.972209985978506,0.0,0.02945186057671345,0.0,0.10087212368982745,0.09730639730639745,14.202343709581346,0.4574385630482869,0.15625
gamma,eig@logskewnormal-poisson-m8k,4,30.0,60.0,526.7682592999772,3.8478391001117416,5.8356161711797645,0.0,0.02945186057671345,0.05700380087141932,0.0,0.019285054442475857,9.10753427339033,0.3912031651312647,0.3125
gamma,eig@logskewnormal-poisson-m8k,4,60.0,120.0,1017.6286231001723,7.579864600091241,5.602870381022772,0.0,0.02945186057671345,0.05700380087141932,0.0,0.019285054442475857,6.656376277311122,0.2800914296234872,0.625
gamma,eig@logskewnormal-poisson-m8k,4,90.0,180.0,1510.4085504001123,11.289298200164922,5.450021820720283,0.0,0.02945186057671345,0.05700380087141932,0.0,0.019285054442475857,5.715848234938524,0.2205482819169575,0.9322916666666666
gamma,eig@logskewnormal-poisson-m8k,4,120.0,240.0,2008.776267700072,15.2411131002591,5.345317654155177,0.0,0.0,0.0,0.0,0.019285054442475857,4.387977174911811,0.2063648584338321,1.0
gamma,eig@logskewnormal-poisson-m8k,5,15.0,30.0,283.64899569994304,1.8881643001222983,6.315243304703476,0.0,0.0,0.0,0.0,0.05614299766632158,18.202304525807147,0.45987721233945256,0.15625
gamma,eig@logskewnormal-poisson-m8k,5,30.0,60.0,532.5615242000786,3.7633108000154607,6.115791156450186,0.0,0.0,0.0,0.0,0.004802935415663123,13.595956702524868,0.39512208153474493,0.3125
gamma,eig@logskewnormal-poisson-m8k,5,60.0,120.0,1029.139183300198,7.390967699990142,5.835712640096424,0.0,0.0,0.0,0.0,0.004802935415663123,7.09594839642758,0.2884164665433628,0.625
gamma,eig@logskewnormal-poisson-m8k,5,90.0,180.0,1528.449275000079,11.105831299966667,5.640201857789605,0.0,0.0,0.0,0.0,0.004802935415663123,5.29998927817154,0.22888635584766215,0.9375
gamma,eig@logskewnormal-poisson-m8k,5,120.0,240.0,2031.166730399942,15.003657599911094,5.5474134662659225,0.0,0.0,0.0,0.0,0.004802935415663123,4.812437780512633,0.2010319501481677,1.0
gamma,eig@logskewnormal-poisson-m8k,6,15.0,30.0,278.9681940000155,1.7713204998872243,6.051354688291255,0.3532330099223374,0.3697116445655122,0.5078266906295745,0.5330942646929102,0.45623908426791104,20.904997859798772,0.4484573488679552,0.15625
gamma,eig@logskewnormal-poisson-m8k,6,30.0,60.0,526.8260345997987,3.8354704997618683,5.867703774610454,0.0,0.0,0.007150050582440337,0.04887009463733771,0.0697884273827265,14.435887924680719,0.4071502362474405,0.3125
gamma,eig@logskewnormal-poisson-m8k,6,60.0,120.0,1019.0007818001905,7.433407600154169,5.5480618563519535,0.0,0.0,0.007150050582440337,2.220446049250313e-16,2.220446049250313e-16,6.918064332761556,0.288675309127974,0.625
gamma,eig@logskewnormal-poisson-m8k,6,90.0,180.0,1511.3198731002049,11.076055300072767,5.418397043901986,0.0,0.0,0.007150050582440337,2.220446049250313e-16,2.220446049250313e-16,5.519770702078683,0.21493125579127037,0.9375
gamma,eig@logskewnormal-poisson-m8k,6,120.0,240.0,2009.7982821002952,14.892449699982535,5.340458461016394,0.0,0.0,0.0,0.0,0.0,4.695579669995568,0.2008771942026165,1.0
gamma,eig@logskewnormal-poisson-m8k,7,15.0,30.0,279.05380750022596,1.8592478000209667,5.9908168924917815,0.0,0.133010766041593,0.13577110391530278,0.11096768880353569,0.14559405616173537,14.159878845574228,0.4429058897365632,0.15625
gamma,eig@logskewnormal-poisson-m8k,7,30.0,60.0,527.0901689001475,3.7566537999082357,5.823514336815965,0.0,0.0,0.0,0.02160994193039778,0.022645892722566452,8.438457937287364,0.38006400067580937,0.3125
gamma,eig@logskewnormal-poisson-m8k,7,60.0,120.0,1018.9350143998745,7.502821399830282,5.54213604186747,0.0,0.0,0.0,0.02160994193039778,0.022645892722566452,5.113417283762495,0.25497243304625106,0.625
gamma,eig@logskewnormal-poisson-m8k,7,90.0,180.0,1510.9245142000145,11.205479199881665,5.474463510351552,0.0,0.0,0.0,0.02160994193039778,0.022645892722566452,5.021825915452315,0.21657089479471636,0.9375
gamma,eig@logskewnormal-poisson-m8k,7,120.0,240.0,2009.938739300007,15.164903900236823,5.42308487830702,0.0,0.0,0.0,0.0026960472537086444,0.01831367344932655,4.717002529206503,0.20676162742260337,1.0
gamma,eig@logskewnormal-poisson-m8k,8,15.0,30.0,279.3113846001215,1.9153748000389896,6.149473588963295,0.3648302387128344,0.2884787407250098,0.25885348098815153,0.22155394131493333,0.1964529420386627,18.538082132538815,0.4526009938494113,0.15625
gamma,eig@logskewnormal-poisson-m8k,8,30.0,60.0,527.0113961999305,3.8117202001740225,5.990732616024684,0.3648302387128344,0.2884787407250098,0.25885348098815153,0.22155394131493333,0.1964529420386627,17.147456158925078,0.4222431534695169,0.3125
gamma,eig@logskewnormal-poisson-m8k,8,60.0,120.0,1019.7080198999029,7.504729300097097,5.77076751526191,0.0,0.0,0.004905424765740074,0.03369864667275424,0.03931599433252464,7.761674001842824,0.295392132255482,0.625
gamma,eig@logskewnormal-poisson-m8k,8,90.0,180.0,1512.3957588996855,11.22059589996934,5.6054567983581265,0.0,0.0,0.04188705180825525,0.04700178925009202,0.05044378939139793,6.17611190604397,0.23366400195039638,0.90625
gamma,eig@logskewnormal-poisson-m8k,8,120.0,240.0,2008.8712160994182,15.122574200097006,5.512188953091129,0.0,0.0,0.004905424765740074,0.017249616936936385,0.014428936696904149,4.587672778775108,0.2195476698471983,1.0
gamma,eig@logskewnormal-poisson-m8k,9,15.0,30.0,280.0778282000101,1.9017089000553824,6.080110486465441,0.0,0.0,0.0,0.07788291113353163,0.10635859647996249,18.33332022471148,0.47225361027323487,0.15625
gamma,eig@logskewnormal-poisson-m8k,9,30.0,60.0,527.7777973999036,3.8357936000684276,5.941850183283265,0.0,0.0,0.0,0.07788291113353163,0.10635859647996249,16.9367508090524,0.4339370186789086,0.3125
gamma,eig@logskewnormal-poisson-m8k,9,60.0,120.0,1021.3142136001261,7.577572899928782,5.688925778192453,0.0,0.0,0.003440460633779674,0.01814927154293655,0.0,9.510732312867095,0.31641631969391293,0.625
gamma,eig@logskewnormal-poisson-m8k,9,90.0,180.0,1515.127775000059,11.11885480012279,5.494913452251137,0.0,0.0,0.003440460633779674,0.01814927154293655,0.0,6.629484883265857,0.21965086200526732,0.9375
gamma,eig@logskewnormal-poisson-m8k,9,120.0,240.0,2013.0726924001356,14.992677600181196,5.395613494001236,0.0,0.0,0.0,0.0,0.0,5.317733683507368,0.20062986343313527,1.0
gamma,eig@logskewnormal-poisson-m8k,10,15.0,30.0,279.4224810998421,1.9701200998970307,6.038400291561565,0.0,0.0073704802629662725,0.031894955823164706,0.11098647321032806,0.14079017469085597,14.220342477699061,0.4879150154742863,0.15625
gamma,eig@logskewnormal-poisson-m8k,10,30.0,60.0,526.784762999625,3.86102349992143,5.898616484539577,0.0,0.0073704802629662725,0.0,0.0,0.0,11.274967494418062,0.41287826261618854,0.3125
gamma,eig@logskewnormal-poisson-m8k,10,60.0,120.0,1018.5881032996695,7.483151299704332,5.580404126695842,0.0,0.0073704802629662725,0.0,0.0,0.0,7.245035604145208,0.3029105575741535,0.625
gamma,eig@logskewnormal-poisson-m8k,10,90.0,180.0,1511.2390914995922,11.306281699973624,5.469585452107754,0.0,0.0073704802629662725,0.0,0.0,0.0,5.281002435812545,0.24104004855179043,0.9270833333333334
gamma,eig@logskewnormal-poisson-m8k,10,120.0,240.0,2007.9681582993944,15.107440900290385,5.38776831220927,0.0,0.0,0.0,0.0,0.0,4.431273100215567,0.22736664992167374,1.0
gamma,eig@logskewnormal-poisson-m8k,11,15.0,30.0,279.6229176999768,1.9881967001128942,6.064465991942105,0.1155566629196555,0.20707457390512907,0.08874634827892791,0.0981603727037118,0.13239623697012814,17.239238369556293,0.4954267802805888,0.15625
gamma,eig@logskewnormal-poisson-m8k,11,30.0,60.0,527.0168877999531,3.805892800039146,5.937220793833672,0.1155566629196555,0.20707457390512907,0.08874634827892791,0.09276873776221961,0.09623960612371008,14.443480900553029,0.4363257367381062,0.3125
gamma,eig@logskewnormal-poisson-m8k,11,60.0,120.0,1019.2265499995556,7.457587700104341,5.731516685870939,0.1155566629196555,0.07817145879263643,0.1425653075913459,0.0,0.017079492834485732,8.174880434822065,0.3175114110134429,0.625
gamma,eig@logskewnormal-poisson-m8k,11,90.0,180.0,1511.9993970996002,11.153461800189689,5.609492318666917,0.1155566629196555,0.07817145879263643,0.1425653075913459,0.0,0.017079492834485732,7.520357122589478,0.2581458872601168,0.9375
gamma,eig@logskewnormal-poisson-m8k,11,120.0,240.0,2011.4027652998338,15.040192000044044,5.490538585156515,0.1155566629196555,0.07817145879263643,0.0,0.020191233983764212,0.017079492834485732,5.470962015284621,0.23576156510535584,1.0
gamma,eig@logskewnormal-poisson-m8k,12,15.0,30.0,280.2097944999696,2.055011900141835,6.055406915990645,0.16765366662304237,0.23256443755338174,0.2105880886552146,0.17091249857456592,0.20554517899076985,15.871933866392098,0.4594175511154361,0.15625
gamma,eig@logskewnormal-poisson-m8k,12,30.0,60.0,527.0686199999764,3.967532200156711,5.913491658344202,0.0,0.0,0.0,0.02202360151114413,0.01880360214586041,10.45546921806289,0.42664490244907205,0.3125
gamma,eig@logskewnormal-poisson-m8k,12,60.0,120.0,1019.5795847999398,7.683683199924417,5.755114516277089,0.0,0.0,0.0,0.02202360151114413,0.01880360214586041,8.511487323647748,0.3218241153286369,0.625
gamma,eig@logskewnormal-poisson-m8k,12,90.0,180.0,1510.5555189996376,11.31042889971286,5.565151432486039,0.0,0.0,0.0,0.02202360151114413,0.01880360214586041,7.041996167285727,0.24818890036033958,0.921875
gamma,eig@logskewnormal-poisson-m8k,12,120.0,240.0,2003.4089606996276,15.045480399858207,5.400951387037229,0.0,0.0,0.0,0.0,0.0,4.703711698452958,0.21669599962676858,1.0
gamma,eig@logskewnormal-poisson-m8k,13,15.0,30.0,281.6909565999522,2.064403700060211,6.047734208684054,0.0,0.13987883943566837,0.15121335938887892,0.13346556138558152,0.1364841112764431,16.539347934998684,0.4394809538073672,0.15625
gamma,eig@logskewnormal-poisson-m8k,13,30.0,60.0,529.4929846999003,3.9584540000068955,5.88683528356907,0.0,0.13987883943566837,0.11074080653757323,0.10253854897413228,0.11343908158892047,13.786780506216054,0.39051502838412416,0.3125
gamma,eig@logskewnormal-poisson-m8k,13,60.0,120.0,1021.2998928997549,7.631700099853333,5.656631515483878,0.1473096846716344,0.0,0.0,0.0,0.010967769896418789,7.00145291215102,0.2982457741316655,0.625
gamma,eig@logskewnormal-poisson-m8k,13,90.0,180.0,1512.1727320998325,11.242878099845257,5.584633909485767,0.1473096846716344,0.0,0.0,0.0,0.010967769896418789,6.430441163047058,0.24871604309504455,0.9375
gamma,eig@logskewnormal-poisson-m8k,13,120.0,240.0,2005.4341546997312,15.061198799521662,5.470117048096408,0.0,0.0,0.0,0.0,0.009483634542504116,4.712583384562724,0.22263358087840301,1.0
gamma,eig@logskewnormal-poisson-m8k,14,15.0,30.0,281.92981700005475,1.9788364998530596,5.962914590572201,0.008572176416699384,0.0,0.0,0.06304117029627343,0.11623551492371564,17.267425311814563,0.46721457946851447,0.15625
gamma,eig@logskewnormal-poisson-m8k,14,30.0,60.0,529.8485130000627,3.9488658998161554,5.83088955451272,0.008572176416699384,0.0,0.0,0.06304117029627343,0.11623551492371564,15.655055432169343,0.4133136007107703,0.3125
gamma,eig@logskewnormal-poisson-m8k,14,60.0,120.0,1022.174316500139,7.631768299615942,5.651970485809296,0.008572176416699384,0.0,0.0,0.0,0.0,6.598158826789881,0.29868171674027,0.625
gamma,eig@logskewnormal-poisson-m8k,14,90.0,180.0,1513.234335300338,11.341108599619474,5.5185360665989505,0.008572176416699384,0.0,0.0,0.0,0.0,5.826759033778972,0.24696302708561402,0.9375
gamma,eig@logskewnormal-poisson-m8k,14,120.0,240.0,2005.7304064003984,15.281296099768952,5.415378373761125,0.008572176416699384,0.0,0.0,0.0,0.0,4.290351484084386,0.2218659054861668,1.0
gamma,eig@logskewnormal-poisson-m8k,15,15.0,30.0,281.8196619999944,2.02970410004491,6.055363887441149,0.0,0.0,0.036099642841438295,0.02887415588069786,0.01949512381758689,14.12441677402737,0.4703917285206161,0.15625
gamma,eig@logskewnormal-poisson-m8k,15,30.0,60.0,529.6058505997644,3.929382500180509,5.945397174460105,0.0,0.0,0.036099642841438295,0.02887415588069786,0.02405870956187628,11.167135257458806,0.4108544081380435,0.3125
gamma,eig@logskewnormal-poisson-m8k,15,60.0,120.0,1021.4748021998093,7.55266820039833,5.7582661951886775,0.0,0.0,0.036099642841438295,0.02887415588069786,0.02405870956187628,7.423371180662074,0.3066300029574226,0.625
gamma,eig@logskewnormal-poisson-m8k,15,90.0,180.0,1512.580627399846,11.27533780032536,5.599386222892545,0.0,0.0,0.036099642841438295,0.02887415588069786,0.02405870956187628,6.621534792046257,0.2480117232066308,0.9375
gamma,eig@logskewnormal-poisson-m8k,15,120.0,240.0,2005.6030519995256,15.167652600386646,5.5089226251716354,0.0,0.0,0.036099642841438295,0.02887415588069786,0.02405870956187628,5.224789147094656,0.22820246011697554,1.0
gamma,eig@logskewnormal-poisson-m8k,16,15.0,30.0,281.47305169998435,1.9246177000459284,6.013238114257351,0.01577368333485396,0.0371672702978304,0.17103205117566456,0.24675842902759493,0.2998356771248605,21.649449712610974,0.5172598638586041,0.15625
gamma,eig@logskewnormal-poisson-m8k,16,30.0,60.0,529.3529138996964,3.8150880999746732,5.891698744509445,0.01577368333485396,0.0,0.0,0.06302898309405458,0.1046336808324031,14.69841263462356,0.44278116787455024,0.3125
gamma,eig@logskewnormal-poisson-m8k,16,60.0,120.0,1022.4494622995262,7.526606499624904,5.631168576480268,0.01577368333485396,0.0,0.0,0.0,0.037968426088343166,7.676325227286263,0.3343371639036617,0.625
gamma,eig@logskewnormal-poisson-m8k,16,90.0,180.0,1513.9186930992873,11.12083959946176,5.57344681085501,0.01577368333485396,0.0,0.0,0.0,0.037968426088343166,7.36813892594597,0.2676394471753151,0.9375
gamma,eig@logskewnormal-poisson-m8k,16,120.0,240.0,2007.8871016991325,14.964851199183613,5.465527661451975,0.01577368333485396,0.0371672702978304,0.0,0.0,0.01872333957901462,5.854579366308732,0.23907253158772887,1.0
gamma,eig@logskewnormal-poisson-m8k,17,15.0,30.0,280.9869980000658,1.9166259001358412,6.044004820027884,0.0,0.24614960956244825,0.34410897225564185,0.37443121630381504,0.3843209712811362,25.275443182383388,0.4793008204932354,0.15625
gamma,eig@logskewnormal-poisson-m8k,17,30.0,60.0,529.1797191999503,3.878004099999089,5.8848958250490755,0.008572176416699384,0.004286088208349748,0.0,0.021456321982812554,0.0669200163970004,18.357710487958997,0.43305275761705403,0.3125
gamma,eig@logskewnormal-poisson-m8k,17,60.0,120.0,1021.3164001001278,7.489835500076879,5.645446107713636,0.008572176416699384,0.004286088208349748,0.0,0.0,0.001748209592245198,11.411100188576619,0.2916710491918254,0.625
gamma,eig@logskewnormal-poisson-m8k,17,90.0,180.0,1512.7539381003007,11.163587799994275,5.506585933953967,0.008572176416699384,0.004286088208349748,0.0,0.0,0.019863277953268588,7.4145966979625895,0.2187194738406597,0.921875
gamma,eig@logskewnormal-poisson-m8k,17,120.0,240.0,2006.1114273002022,15.012549199862406,5.446694238396208,0.008572176416699384,0.004286088208349748,0.0,0.01937220710640042,0.03611318752863446,6.0015879305783635,0.20665123504650432,1.0
gamma,eig@logskewnormal-poisson-m8k,18,15.0,30.0,281.0271871999721,2.0135085997753777,5.939432336771567,0.0,0.10133644118799001,0.14280184191883405,0.1479370145243296,0.1423567252057697,13.67848177746365,0.46424554654230227,0.15625
gamma,eig@logskewnormal-poisson-m8k,18,30.0,60.0,527.5757290997426,3.863538099685684,5.785830378591399,0.0,0.0,0.0,0.0,0.004208824413250656,9.391866757840358,0.4234064953699036,0.3125
gamma,eig@logskewnormal-poisson-m8k,18,60.0,120.0,1017.7941364992294,7.6228340998641215,5.5656220023054574,0.0,0.0,0.0,0.0,0.004208824413250656,7.935929390270888,0.31303823026817973,0.625
gamma,eig@logskewnormal-poisson-m8k,18,90.0,180.0,1509.9058971995837,11.323666199983563,5.380742070242953,0.0,0.0,0.0,0.0,0.004208824413250656,6.317185399010675,0.20993888837471317,0.9375
gamma,eig@logskewnormal-poisson-m8k,18,120.0,240.0,2003.611267299566,15.092190900060814,5.228999569960795,0.0,0.0,0.0,0.0,0.004208824413250656,4.7253261527908235,0.18011923625094553,1.0
gamma,eig@logskewnormal-poisson-m8k,19,15.0,30.0,281.3346021002508,1.9878234998323023,6.035520357243762,0.4073605041961753,0.21589590458498975,0.19373385955992284,0.16472018297136515,0.1707053282018709,17.51713160436786,0.46313700211732556,0.15625
gamma,eig@logskewnormal-poisson-m8k,19,30.0,60.0,529.8723057002644,3.9017144997487776,5.919338489207109,0.0,0.15592125136716373,0.047393366121813885,0.03828665242760754,0.03211558889808408,14.408090797136795,0.40607698332404557,0.3125
gamma,eig@logskewnormal-poisson-m8k,19,60.0,120.0,1021.5295789003721,7.677392799523659,5.629941032868477,0.0,0.15592125136716373,0.047393366121813885,0.008212604983236726,0.006888892830802962,8.004096300503383,0.2903354590941574,0.625
gamma,eig@logskewnormal-poisson-m8k,19,90.0,180.0,1512.4842482004897,11.288543999311514,5.482312784982306,0.0,0.15592125136716373,0.047393366121813885,0.008212604983236726,0.006888892830802962,6.313160112185112,0.22559742646045233,0.9375
gamma,eig@logskewnormal-poisson-m8k,19,120.0,240.0,2004.9676906007226,15.052236899500713,5.380808489847264,0.0,0.15592125136716373,0.11302989725492951,0.008212604983236726,0.006888892830802962,5.041964905965684,0.20218634901758473,1.0
gamma,eig@logskewnormal-poisson-m8k,20,15.0,30.0,281.5169566998957,1.9728834999259561,6.207918222999059,0.0,0.0,0.030805315414543677,0.051592473669877625,0.07507784636343262,15.970151532773933,0.43455744879365654,0.15625
gamma,eig@logskewnormal-poisson-m8k,20,30.0,60.0,530.3483591999393,3.8416719000670128,6.074736316897071,0.0,0.0,0.07680594405132635,0.06460733337977653,0.03339055464123686,12.224868357452733,0.39242681921950445,0.3125
gamma,eig@logskewnormal-poisson-m8k,20,60.0,120.0,1023.0789738999447,7.460495800129138,5.74146664242902,0.0,0.0,0.05938847904235911,0.0874521054598193,0.07302644660966395,5.992973897398973,0.27208356364321334,0.625
gamma,eig@logskewnormal-poisson-m8k,20,90.0,180.0,1514.881489399937,11.192614700295962,5.603456506930004,0.0,0.0,0.05938847904235911,0.0874521054598193,0.07302644660966395,5.654345109466328,0.2159420042356007,0.9375
gamma,eig@logskewnormal-poisson-m8k,20,120.0,240.0,2007.496656299918,14.980615300359204,5.515838088518586,0.0,0.0,0.030805315414543677,0.0032210463650814702,0.021766132319074205,4.6310636144132795,0.19929770938852662,1.0
gamma,eig@logskewnormal-poisson-m8k,21,15.0,30.0,282.5577097000205,1.9722435002913699,6.032634574979966,0.38903807596187656,0.3375541941911613,0.3098434809931855,0.2561469296313029,0.21669325678664053,13.54902342995824,0.4660423939630452,0.15625
gamma,eig@logskewnormal-poisson-m8k,21,30.0,60.0,529.6963038000977,3.890545400325209,5.885113378393343,0.0,0.10820742816803919,0.15928876552988724,0.13628044772654146,0.11469068195957899,11.393726476259676,0.40785342958031273,0.3125
gamma,eig@logskewnormal-poisson-m8k,21,60.0,120.0,1020.3442662004381,7.61278110020794,5.593186543781002,0.0,0.0,0.07481039736000106,0.0067078174721796335,0.0,5.813109123297052,0.3066209591885485,0.6197916666666666
gamma,eig@logskewnormal-poisson-m8k,21,90.0,180.0,1511.069085100491,11.265132900327444,5.4737971961441945,0.0,0.0,0.07481039736000106,0.0067078174721796335,0.0,5.6435468754976545,0.24964219328892767,0.9322916666666666
gamma,eig@logskewnormal-poisson-m8k,21,120.0,240.0,2004.031260300544,15.109274100221228,5.332005702417727,0.0,0.0,0.0,0.0,0.0,4.228613388259608,0.21809421170014767,1.0
gamma,eig@logskewnormal-poisson-m8k,22,15.0,30.0,282.47767260001274,2.008473500085529,6.169183783879066,0.0,0.00988403987666231,0.1003146655352849,0.1581842589029968,0.11701401491810781,18.625197922701105,0.4475086029159355,0.15625
gamma,eig@logskewnormal-poisson-m8k,22,30.0,60.0,531.7967865001992,3.9000407002167776,5.993363363341971,0.0,0.00988403987666231,0.006927503182010963,0.05152238040271906,0.04238661590795911,11.495781694700694,0.3991272864490833,0.3125
gamma,eig@logskewnormal-poisson-m8k,22,60.0,120.0,1025.3165626002592,7.547720000089612,5.718837900478067,0.0,0.00988403987666231,0.006927503182010963,0.05152238040271906,0.04238661590795911,8.340033659267476,0.28454763838469466,0.625
gamma,eig@logskewnormal-poisson-m8k,22,90.0,180.0,1519.4064262002357,11.236826600099448,5.545155923953636,0.0,0.00988403987666231,0.006927503182010963,0.05152238040271906,0.04238661590795911,7.353913335346845,0.2163321689948748,0.9375
gamma,eig@logskewnormal-poisson-m8k,22,120.0,240.0,2014.7161195002263,15.021082300227135,5.41114412860244,0.0,0.00988403987666231,0.006927503182010963,0.0,0.0,4.801025474156839,0.20023200998053794,1.0
gamma,eig@logskewnormal-poisson-m8k,23,15.0,30.0,286.8508579999907,1.97059009980876,5.932617448394638,0.0,0.0,0.0,0.022168872567189357,0.0369771837346482,12.770236037189564,0.4902139118736864,0.15625
gamma,eig@logskewnormal-poisson-m8k,23,30.0,60.0,537.6200873998459,3.839474999869708,5.816314863551773,0.0,0.0,0.0,0.022168872567189357,2.220446049250313e-16,10.830812125140444,0.4563849964768432,0.3125
gamma,eig@logskewnormal-poisson-m8k,23,60.0,120.0,1035.8955732996692,7.478742999723181,5.607895921547535,0.0,0.0,0.0,0.022168872567189357,2.220446049250313e-16,7.484187157413491,0.33396846170552197,0.625
gamma,eig@logskewnormal-poisson-m8k,23,90.0,180.0,1533.9937470994191,11.177477099408861,5.3726678482309795,0.0,0.0,0.0,0.022168872567189357,2.220446049250313e-16,4.996911680084332,0.23520567954277596,0.9375
gamma,eig@logskewnormal-poisson-m8k,23,120.0,240.0,2033.2109130992903,14.964793999504764,5.292252535117604,0.0,0.0,0.0,0.0,0.0,4.331954438830526,0.2152124428690691,1.0
gamma,eig@logskewnormal-poisson-m8k,24,15.0,30.0,277.90359520021593,1.9473947999067605,6.159802678316452,0.0,0.0,0.0,0.0,0.06121594219787907,16.306740186583472,0.4615465367138225,0.15625
gamma,eig@logskewnormal-poisson-m8k,24,30.0,60.0,526.3456889004447,3.893993999750819,6.033885526946773,0.0,0.0,0.0,0.0,0.035111292390164306,14.08137414787773,0.4185136284444446,0.3125
gamma,eig@logskewnormal-poisson-m8k,24,60.0,120.0,1019.9028506004252,7.7013857997371815,5.771513980205238,0.0,0.0,0.0,0.0,0.035111292390164306,8.468751734392605,0.29364000180286043,0.625
gamma,eig@logskewnormal-poisson-m8k,24,90.0,180.0,1514.1083882005769,11.525832099549007,5.634493666712475,0.0,0.0,0.0,0.0,0.035111292390164306,7.744656418381993,0.23602721484433403,0.9375
gamma,eig@logskewnormal-poisson-m8k,24,120.0,240.0,2008.369227200572,15.339890599134378,5.532979612584344,0.0,0.0,0.0,0.0,0.0,6.008771544579317,0.21773263775992943,1.0
gamma,eig@logskewnormal-poisson-m8k,25,15.0,30.0,278.46129699988523,1.9952709999633953,6.0523643663755875,0.0,0.06073393785544445,0.04329333098566157,0.08653126138961598,0.15340372429666815,18.495517263492584,0.4996699324101017,0.15625
gamma,eig@logskewnormal-poisson-m8k,25,30.0,60.0,524.1224436000339,3.9181529000634328,5.866334828732522,0.0,0.0,0.0066505582438283195,0.029448991087107745,0.0,13.343785811215882,0.4527273817291069,0.3125
gamma,eig@logskewnormal-poisson-m8k,25,60.0,120.0,1017.13748210005,7.630793700343929,5.654673316936304,0.0,0.0,0.0066505582438283195,0.029448991087107745,0.0,10.727604612481292,0.32678520330738314,0.625
gamma,eig@logskewnormal-poisson-m8k,25,90.0,180.0,1511.4589456997346,11.374124500493053,5.437625351062462,0.0,0.0,0.0066505582438283195,0.029448991087107745,0.0,5.784069985001915,0.22759928637884805,0.9375
gamma,eig@logskewnormal-poisson-m8k,25,120.0,240.0,2004.3903803995927,15.310172900557518,5.334096517418087,0.0,0.0,0.0,0.024255326198601712,0.0,4.520225955138073,0.2044019578647781,1.0
gamma,eig@logskewnormal-poisson-m8k,26,15.0,30.0,277.6885630998295,2.0011691001127474,6.012902795280508,0.0,0.1134456108845282,0.14290498690629427,0.164011265795882,0.17820404287070934,17.78445575149057,0.4725921547444678,0.15625
gamma,eig@logskewnormal-poisson-m8k,26,30.0,60.0,521.998644700041,3.916733500023838,5.8235396652748035,0.0,0.020395371684950314,0.07850977892014244,0.06313323458456566,0.08836819970153309,14.188157812817629,0.41917146081815143,0.3125
gamma,eig@logskewnormal-poisson-m8k,26,60.0,120.0,1014.8132030002307,7.627975999726914,5.6592522347512455,0.0,0.020395371684950314,0.07850977892014244,0.06313323458456566,0.08836819970153309,13.396210401338921,0.32696136399767306,0.625
gamma,eig@logskewnormal-poisson-m8k,26,90.0,180.0,1507.2261238003848,11.352935299626552,5.474203849246287,0.0,0.0,0.0,0.0,0.0,6.336838460441723,0.2352385382066755,0.9270833333333334
gamma,eig@logskewnormal-poisson-m8k,26,120.0,240.0,2001.553827100317,15.274827799585182,5.3789312842909105,0.0,0.020395371684950314,0.0,0.0,0.0,4.913075986760408,0.22059112800426012,1.0
gamma,eig@logskewnormal-poisson-m8k,27,15.0,30.0,278.84100369986845,1.9402273998130113,6.008363916836962,0.0,0.0,0.011648201976892869,0.04626947260717784,0.057564602504751594,12.702272301128339,0.47050834353810483,0.15625
gamma,eig@logskewnormal-poisson-m8k,27,30.0,60.0,527.7928967998596,3.835616399999708,5.883405662393575,0.0,0.0,0.011648201976892869,0.027582357215005904,0.05299169598037923,10.563780128648645,0.4089634029842394,0.3125
gamma,eig@logskewnormal-poisson-m8k,27,60.0,120.0,1021.3446795997443,7.462399399955757,5.690677479684858,0.0,0.0,0.011648201976892869,0.0,0.01378824341963325,7.347964518013325,0.30574480252487957,0.625
gamma,eig@logskewnormal-poisson-m8k,27,90.0,180.0,1516.132883299666,11.184787000005599,5.495444259743988,0.0,0.0,0.011648201976892869,0.0,0.01378824341963325,5.847740516441236,0.23467515211478232,0.9375
gamma,eig@logskewnormal-poisson-m8k,27,120.0,240.0,2010.422488299373,14.945310199866071,5.36384103500155,0.0,0.0,0.011648201976892869,0.0,0.01378824341963325,4.907618721505735,0.21015534304246303,1.0
gamma,eig@logskewnormal-poisson-m8k,28,15.0,30.0,278.12039150006603,1.9355684001347981,6.295760344575828,0.05890372115342679,0.08637060842889488,0.0,0.10185400273398448,0.11725100461887683,19.573812378790155,0.49473150107574165,0.15625
gamma,eig@logskewnormal-poisson-m8k,28,30.0,60.0,523.3469859001925,3.881823900155723,6.09963668525986,0.05890372115342679,0.08637060842889488,0.0,0.0,0.04461600648854758,15.52021253760673,0.44060356681553636,0.3125
gamma,eig@logskewnormal-poisson-m8k,28,60.0,120.0,1016.1929315999732,7.587405500060413,5.85328040954676,0.05890372115342679,0.08637060842889488,0.0,0.0,0.04461600648854758,13.470169218005065,0.3304785112481096,0.625
gamma,eig@logskewnormal-poisson-m8k,28,90.0,180.0,1509.9639446997899,11.27444670011755,5.644420136408023,0.05890372115342679,0.08637060842889488,0.0,0.0,0.04461600648854758,10.936307723300072,0.25510338878134453,0.9375
gamma,eig@logskewnormal-poisson-m8k,28,120.0,240.0,2004.6810766996932,15.031655400060117,5.458958826071151,0.05890372115342679,0.0,0.0,0.0,0.04461600648854758,4.816836493289634,0.20532907705243733,1.0
gamma,eig@logskewnormal-poisson-m8k,29,15.0,30.0,278.7229048999143,2.024271700065583,5.890091254141784,0.0,0.09498754549539767,0.0,0.039859710559609685,0.017764750720433375,13.453542788270495,0.4947805440418804,0.15625
gamma,eig@logskewnormal-poisson-m8k,29,30.0,60.0,524.1868899998954,3.8890240999753587,5.752162333023137,0.0,0.09498754549539767,0.0,0.039859710559609685,0.017764750720433375,11.66623452130956,0.4410480681258052,0.3125
gamma,eig@logskewnormal-poisson-m8k,29,60.0,120.0,1016.8083375997376,7.5249112998717465,5.486334077520477,0.0,0.09498754549539767,0.0,0.039859710559609685,0.017764750720433375,7.177767136031711,0.28207226288289533,0.625
gamma,eig@logskewnormal-poisson-m8k,29,90.0,180.0,1510.5500540997018,11.153131900005974,5.359386306519515,0.0,0.09498754549539767,0.0,0.039859710559609685,0.017764750720433375,5.817389991903389,0.21868752923773915,0.9375
gamma,eig@logskewnormal-poisson-m8k,29,120.0,240.0,2004.8720024993527,14.86769549996825,5.254246570824944,0.0,0.0,0.0,0.0,0.0,4.179737741381818,0.20105341489674441,1.0
gamma,eig@logskewnormal-poisson-m8k,30,15.0,30.0,279.30688989994815,2.067435100034345,6.027236881985164,0.4405805964976658,0.3860221841855783,0.3605632424998345,0.3195018049135131,0.40265140248737374,16.741873314260822,0.47785082513486693,0.15625
gamma,eig@logskewnormal-poisson-m8k,30,30.0,60.0,526.2278508999152,3.9668050000909716,5.915229703634151,0.4405805964976658,0.3516651155525763,0.3330833358109302,0.2968757649890472,0.20855496859334355,15.420674778025143,0.4214022267417595,0.3125
gamma,eig@logskewnormal-poisson-m8k,30,60.0,120.0,1019.0435407999321,7.678768199926708,5.612570061441481,0.0,0.004325330452383036,0.05184155783622335,0.06352811237685796,0.07091786300586511,7.723124815768569,0.2971575654026592,0.625
gamma,eig@logskewnormal-poisson-m8k,30,90.0,180.0,1512.6049667999032,11.460411599720828,5.414741513006028,0.0,0.004325330452383036,0.05184155783622335,0.06352811237685796,0.07091786300586511,5.0084405491601425,0.21878362818774308,0.9375
gamma,eig@logskewnormal-poisson-m8k,30,120.0,240.0,2006.1065850998857,15.405808799725492,5.316595846219351,0.0,0.09531737095923942,0.07023172084931384,0.07866996010080352,0.021336832974132247,4.349104351198621,0.20104018353904865,1.0
gamma,eig@logskewnormal-poisson-m8k,31,15.0,30.0,278.49294880003436,2.002730300067924,6.257570341114376,0.0,0.1585859675411565,0.16274017515030215,0.1288453814470336,0.15582284817420045,23.975848727855393,0.5328728536167856,0.15625
gamma,eig@logskewnormal-poisson-m8k,31,30.0,60.0,523.1588385000941,3.828652099997271,6.120413115567573,0.0,0.1134456108845282,0.20401528685736103,0.20404183434795264,0.16887028819630912,21.925964043503427,0.48651174801599595,0.3125
gamma,eig@logskewnormal-poisson-m8k,31,60.0,120.0,1015.994357100164,7.435282899998128,5.849813424789262,0.0,0.1134456108845282,0.20401528685736103,0.20404183434795264,0.16887028819630912,18.7332744292495,0.3556245337794822,0.625
gamma,eig@logskewnormal-poisson-m8k,31,90.0,180.0,1509.5445481002098,11.130032600136474,5.541975734766841,0.12950420974567045,0.0,0.07741707019142385,0.018129267505138658,0.050193191121029934,7.189433921202756,0.25160105488267487,0.875
gamma,eig@logskewnormal-poisson-m8k,31,120.0,240.0,2004.6649384002667,15.057182600314263,5.441624196728935,0.12950420974567045,0.0,0.0,0.018129267505138658,0.01500424968322911,5.880139762123719,0.217193628986501,1.0
gamma,eig@logskewnormal-poisson-m8k,32,15.0,30.0,278.73810799996136,1.9685097001492977,6.186225310269137,0.050766726068686485,0.0,0.0,0.1330788466832019,0.17815818027775432,19.81861303511319,0.4943040217914228,0.15625
gamma,eig@logskewnormal-poisson-m8k,32,30.0,60.0,523.4114840998664,3.848267500055954,6.011900008287408,0.050766726068686485,0.0,0.0,0.056675468351075065,0.08182606412231896,17.446415786242444,0.4488917684942567,0.3125
gamma,eig@logskewnormal-poisson-m8k,32,60.0,120.0,1017.8610793998232,7.493502699828241,5.734496571237995,0.050766726068686485,0.0,0.0,0.056675468351075065,0.08182606412231896,15.332837711483355,0.32770773553403215,0.625
gamma,eig@logskewnormal-poisson-m8k,32,90.0,180.0,1511.9091334996629,11.187782000051811,5.487744039700011,0.050766726068686485,0.0,0.024568481297061018,0.0,0.0,6.315910194277843,0.22387332627186815,0.9375
gamma,eig@logskewnormal-poisson-m8k,32,120.0,240.0,2006.864849499485,15.021474200184457,5.370675550696805,0.050766726068686485,0.0,0.0,0.0,0.004353846992315447,5.070361281806669,0.20260833012039342,1.0
gamma,eig@logskewnormal-poisson-m8k,33,15.0,30.0,278.96281000005547,1.9177909999270923,5.892423508629112,0.0,0.037760856656376185,0.06343558916561298,0.0,0.018910305509274083,12.65380073922304,0.49556470442730194,0.15625
gamma,eig@logskewnormal-poisson-m8k,33,30.0,60.0,527.1472198000411,3.7876419997774065,5.745459198193337,0.0,0.037760856656376185,0.06343558916561298,0.0,0.018910305509274083,9.284087815868174,0.42644841997217964,0.3125
gamma,eig@logskewnormal-poisson-m8k,33,60.0,120.0,1021.1451850002632,7.353381600056309,5.505567008954572,0.0,0.037760856656376185,0.06343558916561298,0.0,0.018910305509274083,7.407024890556038,0.3048877580695141,0.625
gamma,eig@logskewnormal-poisson-m8k,33,90.0,180.0,1517.0937589004752,11.017397499992512,5.28826449998382,0.0,0.037760856656376185,0.06343558916561298,0.0,0.018910305509274083,5.500388766322864,0.20373717261899257,0.9375
gamma,eig@logskewnormal-poisson-m8k,33,120.0,240.0,2011.483959000383,14.770456899947021,5.2138097550431395,0.0,0.037760856656376185,0.0,0.0,0.018910305509274083,4.272246904323868,0.18877849473676514,1.0
gamma,eig@logskewnormal-poisson-m8k,34,15.0,30.0,280.25418140005786,2.0038834000588395,6.159127912359419,0.23380769721060135,0.12407255374037962,0.24448897166534134,0.3139445106177805,0.3619750286667228,21.92394067885199,0.45236559421511086,0.15625
gamma,eig@logskewnormal-poisson-m8k,34,30.0,60.0,525.9708547000191,3.876032600121107,5.970659099119359,0.0,0.0,0.0,0.03236801327202743,0.026059264139909,11.39586717506335,0.40314067224648803,0.3125
gamma,eig@logskewnormal-poisson-m8k,34,60.0,120.0,1020.11484739976,7.515931100235321,5.736213803715214,0.0,0.0,0.0,0.03236801327202743,0.026059264139909,7.979421105529722,0.2944292288668716,0.625
gamma,eig@logskewnormal-poisson-m8k,34,90.0,180.0,1515.8444099000772,11.262107900111005,5.612932805622997,0.0,0.0,0.0,0.03236801327202743,0.026059264139909,6.734171891094156,0.22818251922455007,0.9375
gamma,eig@logskewnormal-poisson-m8k,34,120.0,240.0,2012.3578757999348,15.16422620008234,5.499627521694539,0.0,0.0,0.0,0.03236801327202743,0.026059264139909,4.9498831395330924,0.21347031623171803,1.0
gamma,eig@logskewnormal-poisson-m8k,35,15.0,30.0,283.8876637000358,1.8227911002468318,6.295787285488761,0.0,0.09318503897836095,0.18943706746404843,0.35129616838682265,0.4518064551395893,24.095607795569123,0.45444981151117075,0.15625
gamma,eig@logskewnormal-poisson-m8k,35,30.0,60.0,533.6445684001665,3.723425300384406,6.1279536753364,0.0,0.09318503897836095,0.18628215601350206,0.2011702358503541,0.22931814108048387,21.345684562329563,0.4135676246038513,0.3125
gamma,eig@logskewnormal-poisson-m8k,35,60.0,120.0,1033.869472899998,7.537307900551241,5.772351213630325,0.04340185519385875,0.0,0.0,0.0,0.0,11.087305627086876,0.3048620564447583,0.625
gamma,eig@logskewnormal-poisson-m8k,35,90.0,180.0,1535.4021831997088,11.215471400297247,5.638923097157779,0.04340185519385875,0.0,0.0,0.0,0.0,7.418886550316438,0.2379631802909278,0.9375
gamma,eig@logskewnormal-poisson-m8k,35,120.0,240.0,2036.4231618998456,15.02809120027814,5.54043508533965,0.0,0.0,0.02272114243437784,0.0,0.01800976063684412,6.017334043627463,0.2121865071865485,1.0
gamma,eig@logskewnormal-poisson-m8k,36,15.0,30.0,279.9443544000969,2.151290300011169,5.919418052613586,0.1604569555364882,0.3513704548648382,0.37771791995606796,0.388101163330674,0.40421048553385486,20.555278620391878,0.48725479741145655,0.15625
gamma,eig@logskewnormal-poisson-m8k,36,30.0,60.0,525.5488851000555,4.04904600023292,5.745581739988027,0.0,0.0,0.0,0.015380663773790992,0.07715306147340462,13.558943673238058,0.4221505300544094,0.3125
gamma,eig@logskewnormal-poisson-m8k,36,60.0,120.0,1018.9323261000682,7.841807400400285,5.5217257465708665,0.0,0.0,0.0,0.015380663773790992,0.02154101790349594,9.927838539305109,0.32766288805804855,0.625
gamma,eig@logskewnormal-poisson-m8k,36,90.0,180.0,1511.5406706999056,11.561382700456306,5.312529860220032,0.0,0.0,0.0,0.015380663773790992,0.02154101790349594,4.553057347599814,0.22500934022802982,0.9375
gamma,eig@logskewnormal-poisson-m8k,36,120.0,240.0,2006.603488899651,15.427539700234775,5.253765465334292,0.0,0.0,0.0,0.025535780200414582,0.02154101790349583,3.9322896627035426,0.2004250809206739,1.0
gamma,eig@logskewnormal-poisson-m8k,37,15.0,30.0,280.44745199987665,1.9155464000650682,6.026002563666566,0.4261385944248135,0.379664218783231,0.39733524348795435,0.34778830471513134,0.35989111388282435,19.426638217430387,0.46158365107890853,0.15625
gamma,eig@logskewnormal-poisson-m8k,37,30.0,60.0,525.8554759001709,3.822732000029646,5.860212211255766,0.0,0.09730336656950189,0.07063409716814273,0.07669042863164066,0.07128331689130352,13.232859713432884,0.4150201632919255,0.3125
gamma,eig@logskewnormal-poisson-m8k,37,60.0,120.0,1018.9869884001091,7.410686200193595,5.622096083781828,0.0,0.0,0.03515471571314077,0.0,0.004005362471690699,6.575224384331799,0.305449727696143,0.625
gamma,eig@logskewnormal-poisson-m8k,37,90.0,180.0,1511.985327600094,11.093951500370167,5.477738663669314,0.0,0.0,0.03515471571314077,0.0,0.004005362471690699,5.589469969457266,0.23254436377302337,0.9322916666666666
gamma,eig@logskewnormal-poisson-m8k,37,120.0,240.0,2005.220864400093,14.860804700409062,5.404407191051205,0.0,0.0,0.0,0.0,0.004005362471690699,4.824856020161799,0.2123562929473238,1.0
gamma,eig@logskewnormal-poisson-m8k,38,15.0,30.0,280.2401113996166,2.0750351001042873,6.026300209992942,0.008572176416699384,0.08811292151987093,0.05874194767991392,0.15536556442666571,0.223941587356136,20.86651393524202,0.48939394390434543,0.15625
gamma,eig@logskewnormal-poisson-m8k,38,30.0,60.0,526.9243251995649,3.9049817000632174,5.86947413511808,0.008572176416699384,0.08811292151987093,0.05874194767991392,0.042003431862769225,0.0,12.299151537485223,0.4180015932395424,0.3125
gamma,eig@logskewnormal-poisson-m8k,38,60.0,120.0,1020.474608599674,7.614692799979821,5.652963350132674,0.008572176416699384,0.08811292151987093,0.05874194767991392,0.042003431862769225,0.0,10.401169220908221,0.31084733155516525,0.625
gamma,eig@logskewnormal-poisson-m8k,38,90.0,180.0,1511.8034689993365,11.353388599818572,5.4706666081813635,0.008572176416699384,0.08811292151987093,0.05874194767991392,0.042003431862769225,0.0,5.944280735418895,0.23819396720502048,0.9375
gamma,eig@logskewnormal-poisson-m8k,38,120.0,240.0,2006.8001196993282,15.197948099812493,5.401222914849204,0.16765366662304237,0.08811292151987093,0.05874194767991392,0.042003431862769225,0.0,4.897729409551066,0.22208211608852516,1.0
gamma,eig@logskewnormal-poisson-m8k,39,15.0,30.0,279.97004909982206,2.120717399986461,6.212465572573922,0.0,0.03567765767237552,0.12169565301378593,0.1130144654221319,0.10106787750815038,18.76091181623882,0.4566598998655995,0.15625
gamma,eig@logskewnormal-poisson-m8k,39,30.0,60.0,526.1633734997595,4.073823100014124,6.090917361880289,0.0,0.03567765767237552,0.12169565301378593,0.1130144654221319,0.10106787750815038,17.32060956346488,0.3996323778305656,0.3125
gamma,eig@logskewnormal-poisson-m8k,39,60.0,120.0,1019.6818623996223,7.957503400335554,5.729579356213926,0.0,0.03567765767237552,0.0,0.017564575254804926,0.02757710485666054,8.546393710456169,0.2891792615975361,0.625
gamma,eig@logskewnormal-poisson-m8k,39,90.0,180.0,1511.061195999384,11.637464900268242,5.599330659892707,0.0,0.03567765767237552,0.0,0.017564575254804926,0.02757710485666054,6.266556702725558,0.22209283549909078,0.9375
gamma,eig@logskewnormal-poisson-m8k,39,120.0,240.0,2006.5651685991907,15.588093800179195,5.488140315986668,0.0,0.0,0.0,0.017564575254804926,0.019094653151359386,4.381974799845447,0.19886015958794137,1.0
gamma,eig@logskewnormal-poisson-m8k,40,15.0,30.0,280.74205129989423,2.013568800117355,5.989525176946871,0.05890372115342679,0.28110409421124494,0.26025866607127857,0.26749107619222245,0.2799100810536981,18.857174884276226,0.4702833148642838,0.15625
gamma,eig@logskewnormal-poisson-m8k,40,30.0,60.0,526.5662707999581,3.8571506001171656,5.816449468601031,0.05890372115342679,0.0,0.0,0.05597180720941253,0.047683074411797755,12.98903161352867,0.4273645712307593,0.3125
gamma,eig@logskewnormal-poisson-m8k,40,60.0,120.0,1020.215588199906,7.555187800317071,5.6178882539674815,0.05890372115342679,0.0,0.0,0.05341830152807303,0.07634822132162555,10.409888427182825,0.30778491706580946,0.625
gamma,eig@logskewnormal-poisson-m8k,40,90.0,180.0,1511.9352641997975,11.183737600513268,5.487486942549178,0.05890372115342679,0.0,0.0,0.0,0.028665146909827688,5.658672647314336,0.23936109218883267,0.9375
gamma,eig@logskewnormal-poisson-m8k,40,120.0,240.0,2006.693285199639,15.04635640035849,5.378199147605378,0.05890372115342679,0.0,0.0,0.0,0.03084050996285026,4.923298486920082,0.2145552116625794,1.0
gamma,eig@logskewnormal-poisson-m8k,41,15.0,30.0,280.4107807999826,2.0074364001629874,6.09760801527192,0.0,0.0,0.005938496414233052,0.04366175711400089,0.07682116184770404,15.021193628157974,0.48730002531750677,0.15625
gamma,eig@logskewnormal-poisson-m8k,41,30.0,60.0,526.6262470000656,3.7637394001940265,5.960803994316078,0.0,0.0,0.005938496414233052,0.004855849019995251,0.03295746797003296,12.381916560114618,0.42947689553682933,0.3125
gamma,eig@logskewnormal-poisson-m8k,41,60.0,120.0,1019.7567341001704,7.5030145004275255,5.753363737363446,0.0,0.0,0.005938496414233052,0.004855849019995251,0.03295746797003296,8.853804635187634,0.3092103572242747,0.625
gamma,eig@logskewnormal-poisson-m8k,41,90.0,180.0,1512.1293817002443,11.245817700808402,5.554805389960623,0.0,0.0,0.005938496414233052,0.004855849019995251,0.03295746797003296,6.685934643492324,0.2279570148732228,0.9375
gamma,eig@logskewnormal-poisson-m8k,41,120.0,240.0,2006.1618355001556,15.1239235009416,5.4193771938924895,0.0,0.0,0.005938496414233052,0.004855849019995251,0.03295746797003296,4.386137211556725,0.21138915096014121,1.0
gamma,eig@logskewnormal-poisson-m8k,42,15.0,30.0,280.2820853001904,1.995995299948845,6.038162803157412,0.0,0.0,0.0,0.08311887971658705,0.08738599984875606,17.131363721916586,0.5030311696220501,0.15625
gamma,eig@logskewnormal-poisson-m8k,42,30.0,60.0,526.3361098000896,3.8818559001083486,5.902416642705241,0.0,0.0,0.0,0.07904583519209285,0.07209422500063023,15.670796512182365,0.43798859149258407,0.3125
gamma,eig@logskewnormal-poisson-m8k,42,60.0,120.0,1018.812166599906,7.675464900326915,5.694153740251193,0.0,0.0,0.0,0.0,0.0,8.069207340767905,0.3073119163297174,0.625
gamma,eig@logskewnormal-poisson-m8k,42,90.0,180.0,1510.0879261998925,11.405098300194368,5.500620629348426,0.0,0.0,0.0,0.0,0.0,7.0391244300876465,0.23944972602113548,0.9375
gamma,eig@logskewnormal-poisson-m8k,42,120.0,240.0,2004.8180171998101,15.289845700142905,5.377790687497021,0.0,0.0,0.0,0.0,0.015291774848125828,5.175134282871681,0.21399149458551786,1.0
gamma,eig@logskewnormal-poisson-m8k,43,15.0,30.0,280.3327099001617,2.017063799954485,6.041300687966811,0.0,0.037760856656376185,0.0,0.0,0.0,12.043529427539683,0.4689275043568537,0.15625
gamma,eig@logskewnormal-poisson-m8k,43,30.0,60.0,527.6142947002663,3.9741491997847334,5.946401962349948,0.0,0.037760856656376185,0.0,0.0,0.0,9.570416572024786,0.40695491715151044,0.3125
gamma,eig@logskewnormal-poisson-m8k,43,60.0,120.0,1021.0369506006828,7.720286299881991,5.682959105197032,0.0,0.037760856656376185,0.0,0.0,0.0,6.324787856431952,0.31564858052834444,0.625
gamma,eig@logskewnormal-poisson-m8k,43,90.0,180.0,1512.6906203005929,11.308223199739587,5.559682449252734,0.0,0.037760856656376185,0.0,0.0,0.0,5.437336102803,0.2546876069522354,0.9375
gamma,eig@logskewnormal-poisson-m8k,43,120.0,240.0,2008.1973467002972,15.218876799801365,5.462278725346209,0.0,0.037760856656376185,0.0,0.0,0.0,4.792199484460586,0.23396764469932205,1.0
gamma,eig@logskewnormal-poisson-m8k,44,15.0,30.0,279.34402439999394,1.912880200194195,6.081895360848061,0.0,0.0,0.0,0.0,0.016150402905941497,11.922558709088745,0.47524741107821716,0.15625
gamma,eig@logskewnormal-poisson-m8k,44,30.0,60.0,525.8308672999847,3.721893300244119,5.93785759515885,0.0,0.0,0.0,0.0,0.016150402905941497,9.164786369770505,0.4263482783265457,0.3125
gamma,eig@logskewnormal-poisson-m8k,44,60.0,120.0,1019.8626480999519,7.277409700443968,5.69111395828513,0.0,0.0,0.0,0.0,0.016150402905941497,7.159360765941711,0.3159173605014948,0.625
gamma,eig@logskewnormal-poisson-m8k,44,90.0,180.0,1512.489710099646,10.880353700369596,5.490111934704525,0.0,0.0,0.0,0.0,0.016150402905941497,5.213639962282222,0.2443239015315153,0.9375
gamma,eig@logskewnormal-poisson-m8k,44,120.0,240.0,2006.8559713994619,14.641161600418855,5.386409807748978,0.0,0.0,0.0,0.0,0.0,4.239801866877718,0.21895374736405446,1.0
gamma,eig@logskewnormal-poisson-m8k,45,15.0,30.0,280.6811914999853,1.9890319998958148,5.923798060986769,0.0,0.0,0.03745338193177572,0.03302497339140886,0.05907835035272113,13.115984127997114,0.4968048064690981,0.15625
gamma,eig@logskewnormal-poisson-m8k,45,30.0,60.0,527.2155217999825,3.8759357999661006,5.81373956408414,0.0,0.0,0.03745338193177572,0.03302497339140886,0.05907835035272113,10.789445174278498,0.4384377500786899,0.3125
gamma,eig@logskewnormal-poisson-m8k,45,60.0,120.0,1020.6992129999562,7.407570199749898,5.580023119917063,0.0,0.0,0.03745338193177572,0.05150356837414716,0.04448725907513551,7.233782350386043,0.3213547435739342,0.625
gamma,eig@logskewnormal-poisson-m8k,45,90.0,180.0,1513.3801411996246,11.172359399613924,5.4192797460160795,0.0,0.0,0.03745338193177572,0.05150356837414716,0.04448725907513551,5.2066133356211175,0.2419507005211154,0.9375
gamma,eig@logskewnormal-poisson-m8k,45,120.0,240.0,2007.994731399638,14.98373049980728,5.356986883053079,0.0,0.0,0.019639839281917038,0.03302497339140886,0.01426326855688842,4.50849254173548,0.22194771450935408,1.0
gamma,eig@logskewnormal-poisson-m8k,46,15.0,30.0,280.8870025998913,2.0505660999915563,6.196297854957867,0.0,0.0,0.01800115853433093,0.0027881750668454774,0.032917282798715974,14.63238847708521,0.47534393165014743,0.15625
gamma,eig@logskewnormal-poisson-m8k,46,30.0,60.0,527.5797542999499,4.021623699809425,6.027692069296727,0.0,0.0,0.014563516028445744,0.014600232954366077,0.013090855196898343,10.766333020936878,0.4040296921573854,0.3125
gamma,eig@logskewnormal-poisson-m8k,46,60.0,120.0,1022.8275184998638,7.757533200085163,5.782539016323838,0.0,0.0,0.014563516028445744,0.014600232954366077,0.013090855196898343,8.543604668595794,0.3027318853224707,0.625
gamma,eig@logskewnormal-poisson-m8k,46,90.0,180.0,1515.932752899942,11.519366600201465,5.525144311518797,0.0,0.0,0.014563516028445744,0.014600232954366077,0.013090855196898343,6.331899079895914,0.2111769381608883,0.9375
gamma,eig@logskewnormal-poisson-m8k,46,120.0,240.0,2009.6738317996496,15.45035550056491,5.4258767425363255,0.0,0.0,0.0,0.0,0.0007915682820271996,5.3733717635332265,0.19909997040541588,1.0
gamma,eig@logskewnormal-poisson-m8k,47,15.0,30.0,283.8970357000362,1.9168790000258014,6.124381349792306,0.0,0.0,0.10582671405698896,0.09329633726416575,0.13375035593649842,20.222582805812568,0.4950236447807348,0.15625
gamma,eig@logskewnormal-poisson-m8k,47,30.0,60.0,534.2991996999481,3.778438700188417,5.9748369345234424,0.0,0.0,0.10582671405698896,0.09329633726416575,0.13375035593649842,19.47852205230094,0.45594612887102726,0.3125
gamma,eig@logskewnormal-poisson-m8k,47,60.0,120.0,1035.2900477001094,7.507177600229625,5.726580665259704,0.0,0.0,0.06535818018049566,0.0849878450414644,0.07731985694618249,16.58723452463771,0.3489145766848539,0.625
gamma,eig@logskewnormal-poisson-m8k,47,90.0,180.0,1533.657127900049,11.22060670045903,5.469816548803311,0.0,0.0,0.0,0.0,0.026490818797627047,7.164810291814889,0.23611682480445778,0.9270833333333334
gamma,eig@logskewnormal-poisson-m8k,47,120.0,240.0,2026.140703500132,14.957202100544237,5.381852092444987,0.0,0.0,0.0,0.0,0.0062657885593520035,5.363598521337153,0.21156790503578704,1.0
gamma,eig@logskewnormal-poisson-m8k,48,15.0,30.0,259.4299216999789,1.9769832999445498,6.018299207154776,0.1604569555364882,0.24339888354347872,0.286169721402163,0.23379960838460379,0.2313139524115414,17.964801126283763,0.49634795106774565,0.15625
gamma,eig@logskewnormal-poisson-m8k,48,30.0,60.0,486.75833859987324,3.940364700218197,5.874223914645046,0.0,0.0,0.0,0.008399211204512813,0.04078166549314899,12.025781207238984,0.44687945597870804,0.3125
gamma,eig@logskewnormal-poisson-m8k,48,60.0,120.0,944.347387199814,7.650781800271943,5.637888661167828,0.0,0.0,0.0,0.008399211204512813,0.04078166549314899,7.463714842462369,0.3196981788943837,0.625
gamma,eig@logskewnormal-poisson-m8k,48,90.0,180.0,1411.2494234999176,11.23711190011818,5.451329028319447,0.0,0.0,0.0,0.008399211204512813,0.04078166549314899,5.489269179458134,0.2446130265648254,0.9375
gamma,eig@logskewnormal-poisson-m8k,48,120.0,240.0,1883.6831864001579,15.032332600210793,5.365424298220528,0.0,0.051645831526890396,0.0,0.008399211204512813,0.007099902835698169,4.839435486045268,0.22297644811383927,1.0
gamma,eig@logskewnormal-poisson-m8k,49,15.0,30.0,258.1270782997017,1.936663700034842,5.929909323551585,0.0,0.0,0.007262781841736787,0.07204030226700253,0.10388829215896878,13.348379530828893,0.4333095575820674,0.15625
gamma,eig@logskewnormal-poisson-m8k,49,30.0,60.0,486.8472361997701,3.8691092001390643,5.783683975219667,0.0,0.08547739429692247,0.0,0.0,0.0,8.480779965940737,0.38730120134370954,0.3125
gamma,eig@logskewnormal-poisson-m8k,49,60.0,120.0,943.5592302991427,7.605700400075875,5.638578412298348,0.0,0.08547739429692247,0.0,0.0,0.0,6.8705303712787815,0.29599844814275456,0.625
gamma,eig@logskewnormal-poisson-m8k,49,90.0,180.0,1409.2709249990876,11.143577600130811,5.469536485352445,0.0,0.08547739429692247,0.0,0.0,0.0,5.0288991116318,0.22399387134352178,0.9375
gamma,eig@logskewnormal-poisson-m8k,49,120.0,240.0,1881.4671775992028,14.929690600023605,5.416097630128545,0.0,0.0,0.0,0.0,0.0,4.287931321155989,0.21198962987166214,1.0
gamma,eig@logskewnormal-quad,0,15.0,30.0,56.50887080008397,0.00042029976611956954,5.9827123024558055,0.0,0.10454931088924224,0.16175986909055384,0.14964233906113267,0.1638049175273053,16.48478810962406,0.4736693925409452,0.15625
gamma,eig@logskewnormal-quad,0,30.0,60.0,73.45290030015167,0.000738899689167738,5.866908992898966,0.05890372115342679,0.0,0.0,0.004524531505748719,0.0,11.481876250289373,0.41335284207116835,0.3125
gamma,eig@logskewnormal-quad,0,60.0,120.0,107.57518070033984,0.0012546998332254589,5.618318351517018,0.05890372115342679,0.0,0.0,0.004524531505748719,0.0,5.71775269576921,0.2971986267832457,0.625
gamma,eig@logskewnormal-quad,0,90.0,180.0,127.36119470011909,0.001778199861291796,5.496371591219099,0.05890372115342679,0.0,0.0,0.004524531505748719,0.0,4.966751096125928,0.2324914713688486,0.9375
gamma,eig@logskewnormal-quad,0,120.0,240.0,210.38701039977605,0.0026521997642703354,5.426854312172697,0.05890372115342679,0.0,0.0,0.0,0.0,4.159805001191398,0.2209986977753376,1.0
gamma,eig@logskewnormal-quad,1,15.0,30.0,44.88882209989242,0.00042520021088421345,5.9230108036262985,0.0,0.2669328674819066,0.2271591531806001,0.24640826106759128,0.21524105439975838,13.176601482634643,0.4663182136211683,0.15625
gamma,eig@logskewnormal-quad,1,30.0,60.0,69.26996049995068,0.0007837003213353455,5.776834973056275,0.0,0.0,0.0,0.04808461760398908,0.004362093376853782,9.776883390991005,0.4120270906932236,0.3125
gamma,eig@logskewnormal-quad,1,60.0,120.0,92.06622139987303,0.0012031004298478365,5.562266118253082,0.0,0.0,0.0,0.04808461760398908,0.004362093376853782,8.072171406546529,0.3041663324868245,0.625
gamma,eig@logskewnormal-quad,1,90.0,180.0,107.78794749989174,0.001589400228112936,5.408403251288145,0.0,0.0,0.0,0.04808461760398908,0.004362093376853782,5.433915119935155,0.21690160543492235,0.9375
gamma,eig@logskewnormal-quad,1,120.0,240.0,183.11936170002446,0.0024239002377726138,5.348633906181365,0.0,0.0,0.0,0.0,0.0,4.35329725041535,0.20561521077465789,1.0
gamma,eig@logskewnormal-quad,2,15.0,30.0,56.93906559998868,0.000508299854118377,6.105807811032283,0.5616117983173823,0.343457793565908,0.2639764148540321,0.2143683133225045,0.1814110463751697,19.27223420957828,0.48606345652954,0.15625
gamma,eig@logskewnormal-quad,2,30.0,60.0,76.84692539996468,0.0008190000080503523,5.998189225587832,0.5616117983173823,0.343457793565908,0.2639764148540321,0.2143683133225045,0.1814110463751697,18.109722188669572,0.4382458720905417,0.3125
gamma,eig@logskewnormal-quad,2,60.0,120.0,103.47651539969957,0.001273500092793256,5.7887003828548815,0.0,0.12034319876955546,0.025358087745408597,0.02059263704324943,0.012133782626939982,10.423182935373456,0.32165555402100876,0.625
gamma,eig@logskewnormal-quad,2,90.0,180.0,124.6266108994023,0.0017199002322740853,5.565600711370205,0.0,0.12034319876955546,0.025358087745408597,0.02059263704324943,0.012133782626939982,6.441454678270353,0.22805695363182676,0.9375
gamma,eig@logskewnormal-quad,2,120.0,240.0,211.0032742994954,0.002749500155914575,5.477661132312844,0.0,0.0,0.0,0.0,0.012133782626939982,5.064341792553944,0.21736180363010243,1.0
gamma,eig@logskewnormal-quad,3,15.0,30.0,58.81127139989985,0.0004676997195929289,6.000971080899245,0.19689468118130493,0.20233440326816465,0.20442161832603534,0.1562676510622275,0.10362607967865023,16.675294799184893,0.4564030238186987,0.15625
gamma,eig@logskewnormal-quad,3,30.0,60.0,75.96001120004803,0.000763499760068953,5.866254178138102,0.19689468118130493,0.20233440326816465,0.20442161832603534,0.1562676510622275,0.10362607967865023,15.685099222283936,0.4173598857131917,0.3125
gamma,eig@logskewnormal-quad,3,60.0,120.0,101.36350589984795,0.001884399855043739,5.644282211206945,0.0,0.0,0.0644366787190187,0.09851569034751184,0.055662008513103545,7.160707656117869,0.28640427308541877,0.625
gamma,eig@logskewnormal-quad,3,90.0,180.0,120.69316219969187,0.002295000245794654,5.500592699735997,0.0,0.0,0.0644366787190187,0.09851569034751184,0.055662008513103545,5.78092530334934,0.2325438506086161,0.9375
gamma,eig@logskewnormal-quad,3,120.0,240.0,200.8063302000519,0.0031363004236482084,5.403746268708741,0.0,0.0,0.0,0.049257845173755865,0.014752457354375581,4.4648593288335565,0.2152983308295651,1.0
gamma,eig@logskewnormal-quad,4,15.0,30.0,60.55518739996478,0.0005067999591119587,5.972209985978519,0.0,0.02945186057671345,0.0,0.10087212368982745,0.09730639730639745,14.1782596698341,0.4557580086472454,0.15625
gamma,eig@logskewnormal-quad,4,30.0,60.0,84.89363200007938,0.0008982001454569399,5.83561617117978,0.0,0.02945186057671345,0.05700380087141932,0.0,0.019285054442475857,9.099901834127923,0.3893480775350978,0.3125
gamma,eig@logskewnormal-quad,4,60.0,120.0,108.7168373002205,0.0013338003773242235,5.602870381022778,0.0,0.02945186057671345,0.05700380087141932,0.0,0.019285054442475857,6.646889667498455,0.27881520344130417,0.625
gamma,eig@logskewnormal-quad,4,90.0,180.0,125.58074070006842,0.0017629005014896393,5.450908694824929,0.0,0.02945186057671345,0.05700380087141932,0.0,0.019285054442475857,5.782904910447898,0.22080147209634005,0.9375
gamma,eig@logskewnormal-quad,4,120.0,240.0,205.02947019971907,0.002554200473241508,5.340973461848047,0.0,0.0,0.0,0.0,0.019285054442475857,4.129990126909687,0.20445708182397285,1.0
gamma,eig@logskewnormal-quad,5,15.0,30.0,57.008713599992916,0.00039359991205856204,6.315243304703436,0.0,0.0,0.0,0.0,0.05614299766632158,18.16215442030373,0.462625799986858,0.15625
gamma,eig@logskewnormal-quad,5,30.0,60.0,78.71813610004028,0.0006877001724205911,6.115791156450139,0.0,0.0,0.0,0.0,0.004802935415663123,13.555631304133716,0.3975764468955558,0.3125
gamma,eig@logskewnormal-quad,5,60.0,120.0,115.55220880010165,0.0012409002520143986,5.8357126400963795,0.0,0.0,0.0,0.0,0.004802935415663123,7.086478062197147,0.2894024468293991,0.625
gamma,eig@logskewnormal-quad,5,90.0,180.0,135.94166099990252,0.0016512001166120172,5.640201857789613,0.0,0.0,0.0,0.0,0.004802935415663123,5.296997683829633,0.22960678833539264,0.9375
gamma,eig@logskewnormal-quad,5,120.0,240.0,223.6731242997339,0.0024398001260124147,5.549828502031583,0.0,0.0,0.0,0.0,0.0,4.8879843538658205,0.20201168461467497,1.0
gamma,eig@logskewnormal-quad,6,15.0,30.0,56.359208600071725,0.0011752000427804887,5.950854550863703,0.0,0.0,0.0,0.04323361938760262,0.06496455198815776,15.107768959973695,0.46179987627463054,0.15625
gamma,eig@logskewnormal-quad,6,30.0,60.0,82.96027660008986,0.0015068001812323928,5.8000500469030625,0.0,0.0,0.007150050582440337,2.220446049250313e-16,2.220446049250313e-16,11.19268807425714,0.4119259665899665,0.3125
gamma,eig@logskewnormal-quad,6,60.0,120.0,107.77179600024829,0.0020512997871264815,5.548061856351951,0.0,0.0,0.007150050582440337,2.220446049250313e-16,2.220446049250313e-16,6.9234416853225635,0.289203798653579,0.625
gamma,eig@logskewnormal-quad,6,90.0,180.0,122.5397961002891,0.0024392997147515416,5.418397043901976,0.0,0.0,0.007150050582440337,2.220446049250313e-16,2.220446049250313e-16,5.525246843179679,0.21516463429349109,0.9375
gamma,eig@logskewnormal-quad,6,120.0,240.0,211.27178140042815,0.0034597996273078024,5.353768570573638,0.0,0.0,0.0,0.0,0.0,4.687076540941167,0.20399998050688806,1.0
gamma,eig@logskewnormal-quad,7,15.0,30.0,52.3140521000023,0.0003893001703545451,5.99081689249179,0.0,0.133010766041593,0.13577110391530278,0.11096768880353569,0.14559405616173537,14.200166834583207,0.4423881398556694,0.15625
gamma,eig@logskewnormal-quad,7,30.0,60.0,79.2838774000993,0.002700200129766017,5.823514336815973,0.0,0.0,0.0,0.02160994193039778,0.022645892722566452,8.504883513861927,0.37725836808864116,0.3125
gamma,eig@logskewnormal-quad,7,60.0,120.0,104.3812253002543,0.003256200230680406,5.559912665722554,0.0,0.0,0.0,0.02160994193039778,0.022645892722566452,5.112967937348707,0.2531276731953121,0.625
gamma,eig@logskewnormal-quad,7,90.0,180.0,118.2334762000828,0.0037210999871604145,5.486576138138638,0.0,0.0,0.0,0.02160994193039778,0.022645892722566452,4.985539087098056,0.22642820270968217,0.9375
gamma,eig@logskewnormal-quad,7,120.0,240.0,190.58283980062697,0.004574199963826686,5.434026029599772,0.0,0.0,0.0,0.0026960472537086444,0.01831367344932655,4.942150315850919,0.209837687245198,1.0
gamma,eig@logskewnormal-quad,8,15.0,30.0,61.97196189966053,0.0004668997717089951,6.149473588963286,0.3648302387128344,0.2884787407250098,0.25885348098815153,0.22155394131493333,0.1964529420386627,18.540554383160313,0.4528692823958578,0.15625
gamma,eig@logskewnormal-quad,8,30.0,60.0,85.09196019970113,0.000783899798989296,5.990732616024684,0.3648302387128344,0.2884787407250098,0.25885348098815153,0.22155394131493333,0.1964529420386627,17.150498844291477,0.42259189452204615,0.3125
gamma,eig@logskewnormal-quad,8,60.0,120.0,117.12262889987323,0.001332799845840782,5.770767515261897,0.0,0.0,0.004905424765740074,0.03369864667275424,0.03931599433252464,7.779121067587448,0.2957333123174947,0.625
gamma,eig@logskewnormal-quad,8,90.0,180.0,134.8161093996605,0.0017912999028339982,5.631134287493879,0.0,0.0,0.004905424765740074,0.03369864667275424,0.03931599433252464,6.5403964267613475,0.23318680345495774,0.9375
gamma,eig@logskewnormal-quad,8,120.0,240.0,213.13391499972204,0.0033028999459929764,5.52183935806547,0.0,0.0,0.004905424765740074,0.003946474359598495,0.014428936696904149,4.754191397811611,0.22004757346712528,1.0
gamma,eig@logskewnormal-quad,9,15.0,30.0,52.03424490010366,0.00042539997957646847,6.080110486465447,0.0,0.0,0.0,0.07788291113353163,0.10635859647996249,18.339841832956207,0.47209241557933185,0.15625
gamma,eig@logskewnormal-quad,9,30.0,60.0,76.76942180027254,0.0007804001215845346,5.941850183283272,0.0,0.0,0.0,0.07788291113353163,0.10635859647996249,16.94738696332118,0.4340981856615305,0.3125
gamma,eig@logskewnormal-quad,9,60.0,120.0,108.37548890028847,0.001325699733570218,5.688925778192471,0.0,0.0,0.003440460633779674,0.01814927154293655,0.0,9.52340533819613,0.31596145148916494,0.625
gamma,eig@logskewnormal-quad,9,90.0,180.0,129.67089850036427,0.003050199360586703,5.494913452251159,0.0,0.0,0.003440460633779674,0.01814927154293655,0.0,6.626623054144167,0.21961200944823978,0.9375
gamma,eig@logskewnormal-quad,9,120.0,240.0,213.91875410050852,0.003855599497910589,5.355448794241322,0.0,0.0,0.0,0.0,0.0,4.641683805961484,0.1967387633969419,1.0
gamma,eig@logskewnormal-quad,10,15.0,30.0,50.62463580002077,0.0003747000591829419,6.038400291561534,0.0,0.0073704802629662725,0.031894955823164706,0.11098647321032806,0.14079017469085597,14.22568711691353,0.488091624471958,0.15625
gamma,eig@logskewnormal-quad,10,30.0,60.0,68.92002369998954,0.0006870000506751239,5.898616484539541,0.0,0.0073704802629662725,0.0,0.0,0.0,11.2722382617332,0.41236895184024497,0.3125
gamma,eig@logskewnormal-quad,10,60.0,120.0,100.56248009996489,0.0013457000604830682,5.580404126695818,0.0,0.0073704802629662725,0.0,0.0,0.0,7.244687279812695,0.3017049621029443,0.625
gamma,eig@logskewnormal-quad,10,90.0,180.0,116.56698199972743,0.001743400120176375,5.471354563238115,0.0,0.0073704802629662725,0.0,0.0,0.0,5.300257079077782,0.2394014379039992,0.9375
gamma,eig@logskewnormal-quad,10,120.0,240.0,192.97025809978368,0.0026264003245159984,5.37972544864698,0.0,0.0073704802629662725,0.0,0.0,0.0,3.9298183205030757,0.22570857899636948,1.0
gamma,eig@logskewnormal-quad,11,15.0,30.0,58.4098893997143,0.00043260020902380347,6.064465991942103,0.1155566629196555,0.20707457390512907,0.08874634827892791,0.0981603727037118,0.13239623697012814,17.249212061023815,0.4936879180814809,0.15625
gamma,eig@logskewnormal-quad,11,30.0,60.0,75.23474119947059,0.0006775003857910633,5.9372207938336645,0.1155566629196555,0.20707457390512907,0.08874634827892791,0.09276873776221961,0.09623960612371008,14.469037920915095,0.43416820265169304,0.3125
gamma,eig@logskewnormal-quad,11,60.0,120.0,102.6810554995318,0.0011003005784004927,5.709548312595413,0.1155566629196555,0.07817145879263643,0.1425653075913459,0.0,0.017079492834485732,7.773183812120423,0.3065288351119655,0.625
gamma,eig@logskewnormal-quad,11,90.0,180.0,118.8926182994037,0.001558600866701454,5.592206184282197,0.1155566629196555,0.07817145879263643,0.1425653075913459,0.0,0.017079492834485732,7.351667405182833,0.24943392330458627,0.9375
gamma,eig@logskewnormal-quad,11,120.0,240.0,207.4042291996302,0.0023844006354920566,5.491108166105732,0.1155566629196555,0.07817145879263643,0.0,0.020191233983764212,0.017079492834485732,5.528844783776706,0.23602377023505425,1.0
gamma,eig@logskewnormal-quad,12,15.0,30.0,49.66031880007358,0.0003869999200105667,6.055406915990641,0.16765366662304237,0.23256443755338174,0.2105880886552146,0.2579035266160745,0.20554517899076974,15.90895053714788,0.4668502556665087,0.15625
gamma,eig@logskewnormal-quad,12,30.0,60.0,70.08947999990778,0.0006976996664889157,5.913491658344192,0.0,0.0,0.0,0.02202360151114413,0.01880360214586041,10.494858850327269,0.4318891411512973,0.3125
gamma,eig@logskewnormal-quad,12,60.0,120.0,97.929977699765,0.001199399761389941,5.755114516277103,0.0,0.0,0.0,0.02202360151114413,0.01880360214586041,8.51016769268993,0.325478262222259,0.625
gamma,eig@logskewnormal-quad,12,90.0,180.0,113.4966327000293,0.0016055998275987804,5.565398322747801,0.0,0.0,0.0,0.02202360151114413,0.01880360214586041,7.0686323896399585,0.24866393361462755,0.9375
gamma,eig@logskewnormal-quad,12,120.0,240.0,190.8077017001342,0.0025372999953106046,5.419871813219167,0.0,0.0,0.0,0.0,0.0,4.824105298484242,0.21843242891497097,1.0
gamma,eig@logskewnormal-quad,13,15.0,30.0,52.8619774999097,0.00040460005402565,6.047734208684031,0.0,0.13987883943566837,0.15121335938887892,0.13346556138558152,0.1364841112764431,16.55213870493064,0.43699970826596185,0.15625
gamma,eig@logskewnormal-quad,13,30.0,60.0,79.50881440000376,0.0008721000631339848,5.886835283569052,0.0,0.13987883943566837,0.11074080653757323,0.1221597758820624,0.10247131169250168,13.804341241268991,0.3871495677847403,0.3125
gamma,eig@logskewnormal-quad,13,60.0,120.0,108.64840300020296,0.0014268000377342105,5.6566315154838795,0.1473096846716344,0.0,0.0,0.0,0.02742664798254868,6.991919363651038,0.2951097092268226,0.625
gamma,eig@logskewnormal-quad,13,90.0,180.0,122.2326822000905,0.001847899635322392,5.584633909485766,0.1473096846716344,0.0,0.0,0.0,0.02742664798254868,6.4246655265059465,0.24898549996919225,0.9375
gamma,eig@logskewnormal-quad,13,120.0,240.0,203.39908519992605,0.0026906997081823647,5.473885446622073,0.0,0.0,0.004801326464143885,0.0038788171043011577,0.0,4.429788124160134,0.230894081276893,1.0
gamma,eig@logskewnormal-quad,14,15.0,30.0,58.14834559999872,0.0004658001125790179,5.962914590572214,0.008572176416699384,0.0,0.0,0.06304117029627343,0.11623551492371564,17.286515848008392,0.4655469761149097,0.15625
gamma,eig@logskewnormal-quad,14,30.0,60.0,77.24113049986772,0.0007868001703172922,5.83088955451274,0.008572176416699384,0.0,0.0,0.06304117029627343,0.11623551492371564,15.635737186378602,0.41275549805637224,0.3125
gamma,eig@logskewnormal-quad,14,60.0,120.0,102.43120660010027,0.0012700001243501902,5.633566241032784,0.008572176416699384,0.0,0.0,0.0,0.0,6.602050975347363,0.2992061841489798,0.625
gamma,eig@logskewnormal-quad,14,90.0,180.0,118.97801760048606,0.0016734999371692538,5.520272939720891,0.008572176416699384,0.0,0.0,0.0,0.0,5.803378978484878,0.23863711383502728,0.9375
gamma,eig@logskewnormal-quad,14,120.0,240.0,195.3692422003951,0.002479199494700879,5.402466046458166,0.008572176416699384,0.0,0.0,0.0,0.0,4.173807566174229,0.2210516852652751,1.0
gamma,eig@logskewnormal-quad,15,15.0,30.0,53.39584359986475,0.00042260007467120886,6.055363887441158,0.0,0.0,0.036099642841438295,0.02887415588069786,0.01949512381758689,14.13778220182719,0.4681510507938275,0.15625
gamma,eig@logskewnormal-quad,15,30.0,60.0,70.34551029989962,0.0006996000884100795,5.945397174460115,0.0,0.0,0.036099642841438295,0.02887415588069786,0.02405870956187628,11.179855807687195,0.40793778286771654,0.3125
gamma,eig@logskewnormal-quad,15,60.0,120.0,97.25305039965315,0.0012506999191828072,5.758266193381927,0.0,0.0,0.036099642841438295,0.02887415588069786,0.02405870956187628,7.427041491245821,0.30594995964845056,0.625
gamma,eig@logskewnormal-quad,15,90.0,180.0,114.72074429970235,0.0016716999234631658,5.599386221085791,0.0,0.0,0.036099642841438295,0.02887415588069786,0.02405870956187628,6.624417548092104,0.24810042298517404,0.9375
gamma,eig@logskewnormal-quad,15,120.0,240.0,195.5834367997595,0.0025299997068941593,5.497034967273511,0.0,0.0,0.036099642841438295,0.02887415588069786,0.02405870956187628,5.098805307051125,0.2280482532359748,1.0
gamma,eig@logskewnormal-quad,16,15.0,30.0,48.626259400101844,0.0004007999668829143,6.013238114257329,0.01577368333485396,0.0371672702978304,0.17103205117566456,0.24675842902759493,0.2998356771248605,21.69525884568729,0.5093239988041355,0.15625
gamma,eig@logskewnormal-quad,16,30.0,60.0,73.55452510016039,0.0007493001758120954,5.891698744509422,0.01577368333485396,0.0,0.0,0.06302898309405458,0.1046336808324031,14.72978596091215,0.43782003527152175,0.3125
gamma,eig@logskewnormal-quad,16,60.0,120.0,96.89218150021043,0.0011601998121477664,5.617885229935806,0.01577368333485396,0.0,0.0,0.0,0.037968426088343166,7.573658923496746,0.32667237934312565,0.625
gamma,eig@logskewnormal-quad,16,90.0,180.0,112.99319050024496,0.0016094996826723218,5.539180971020488,0.01577368333485396,0.0,0.0,0.0,0.037968426088343166,6.79560521967565,0.2601469797440638,0.9375
gamma,eig@logskewnormal-quad,16,120.0,240.0,190.9165430002031,0.0024623993667773902,5.456425157951852,0.01577368333485396,0.0371672702978304,0.0,0.0,0.01872333957901462,5.6355260138279615,0.23930285066141063,1.0
gamma,eig@logskewnormal-quad,17,15.0,30.0,58.475721000053454,0.0004270999343134463,6.044004820027868,0.0,0.24614960956244825,0.34410897225564185,0.37443121630381504,0.3843209712811362,25.296192086415267,0.47601475538750315,0.15625
gamma,eig@logskewnormal-quad,17,30.0,60.0,87.16089670016663,0.0007768998621031642,5.884895825049067,0.008572176416699384,0.004286088208349748,0.0,0.021456321982812554,0.0669200163970004,18.364651275970612,0.4293934347708316,0.3125
gamma,eig@logskewnormal-quad,17,60.0,120.0,109.26846990018385,0.00118830002611503,5.645446107713646,0.008572176416699384,0.004286088208349748,0.0,0.0,0.001748209592245198,11.401245306358124,0.2910520974493726,0.625
gamma,eig@logskewnormal-quad,17,90.0,180.0,123.32358680042671,0.0015697997296229005,5.511928071824887,0.008572176416699384,0.004286088208349748,0.0,0.0,0.001748209592245198,7.42723619357693,0.22008428121198592,0.9375
gamma,eig@logskewnormal-quad,17,120.0,240.0,209.11924130033003,0.0024738998035900295,5.424960443144637,0.008572176416699384,0.004286088208349748,0.0,0.01937220710640042,0.03611318752863446,5.635499000693369,0.20396930630571183,1.0
gamma,eig@logskewnormal-quad,18,15.0,30.0,53.44191479991423,0.0003776001976802945,5.93943233677157,0.0,0.10133644118799001,0.14280184191883405,0.1479370145243296,0.1423567252057697,13.67588763319759,0.4654917689529894,0.15625
gamma,eig@logskewnormal-quad,18,30.0,60.0,81.18746140005533,0.0007221000851131976,5.785830378591413,0.0,0.0,0.0,0.0,0.004208824413250656,9.390085084308543,0.42431704761133143,0.3125
gamma,eig@logskewnormal-quad,18,60.0,120.0,101.43031079985667,0.0011792000732384622,5.565622002305463,0.0,0.0,0.0,0.0,0.004208824413250656,7.921600332752989,0.3126295412349656,0.625
gamma,eig@logskewnormal-quad,18,90.0,180.0,118.4343288000091,0.001584400306455791,5.38074207024295,0.0,0.0,0.0,0.0,0.004208824413250656,6.3058312116822295,0.20940627134003933,0.9375
gamma,eig@logskewnormal-quad,18,120.0,240.0,200.3724208001513,0.002455400419421494,5.261033118218305,0.0,0.0,0.0,0.0,0.015572316080596504,4.856104577652957,0.1869056237201348,1.0
gamma,eig@logskewnormal-quad,19,15.0,30.0,57.04778460011585,0.00044849992264062166,6.035520357243704,0.4073605041961753,0.21589590458498975,0.19373385955992284,0.16472018297136515,0.1707053282018709,17.516084843180735,0.466392107799691,0.15625
gamma,eig@logskewnormal-quad,19,30.0,60.0,75.63655350013869,0.0007101999362930655,5.919338489207089,0.0,0.15592125136716373,0.047393366121813885,0.03828665242760754,0.03211558889808408,14.373671423377536,0.40677829011914196,0.3125
gamma,eig@logskewnormal-quad,19,60.0,120.0,107.94633010029793,0.0011936998926103115,5.629941032868491,0.0,0.15592125136716373,0.047393366121813885,0.008212604983236726,0.006888892830802962,8.005878572168003,0.28673473621702616,0.625
gamma,eig@logskewnormal-quad,19,90.0,180.0,125.39087650040165,0.0016656003426760435,5.482312784982329,0.0,0.15592125136716373,0.047393366121813885,0.008212604983236726,0.006888892830802962,6.311701914312027,0.22412632943521593,0.9375
gamma,eig@logskewnormal-quad,19,120.0,240.0,205.78516010037856,0.0025207004509866238,5.349452169721844,0.0,0.09054356695196264,0.0,0.008212604983236838,0.006888892830802962,4.44399719554842,0.19914631429782792,1.0
gamma,eig@logskewnormal-quad,20,15.0,30.0,55.605164600070566,0.0004633002099581063,6.2079182229990195,0.0,0.0,0.030805315414543677,0.051592473669877625,0.07507784636343262,15.986913990297145,0.4335711639932691,0.15625
gamma,eig@logskewnormal-quad,20,30.0,60.0,79.96528050012421,0.0007587004220113158,6.074736316897076,0.0,0.0,0.07680594405132635,0.06460733337977653,0.03339055464123686,12.232074268779279,0.3914920377220638,0.3125
gamma,eig@logskewnormal-quad,20,60.0,120.0,115.46087960008299,0.0013028006069362164,5.741466642429047,0.0,0.0,0.05938847904235911,0.0874521054598193,0.07302644660966395,6.00220619471874,0.271020884380762,0.625
gamma,eig@logskewnormal-quad,20,90.0,180.0,133.08816880011,0.0017675005365163088,5.6034565069300095,0.0,0.0,0.05938847904235911,0.0874521054598193,0.07302644660966395,5.663361685735323,0.2154791137647625,0.9375
gamma,eig@logskewnormal-quad,20,120.0,240.0,210.05618450016482,0.0025663002743385732,5.515942093225192,0.0,0.0,0.030805315414543677,0.0032210463650814702,0.021766132319074205,4.6243529615771575,0.20152369125095487,1.0
gamma,eig@logskewnormal-quad,21,15.0,30.0,51.05102270009229,0.0003741999971680343,6.032634574979924,0.38903807596187656,0.3375541941911613,0.3098434809931855,0.2561469296313029,0.21669325678664053,13.562004725191901,0.4696321384601303,0.15625
gamma,eig@logskewnormal-quad,21,30.0,60.0,73.60019739985,0.0007046000100672245,5.885113378393286,0.0,0.10820742816803919,0.15928876552988724,0.13628044772654146,0.11469068195957899,11.38087218205625,0.4097500407963784,0.3125
gamma,eig@logskewnormal-quad,21,60.0,120.0,107.1735282993759,0.0012245996622368693,5.568703153024103,0.1935688018472591,0.0,0.07481039736000106,0.0067078174721796335,0.0,5.789679405831608,0.304708108303308,0.625
gamma,eig@logskewnormal-quad,21,90.0,180.0,118.66895709949313,0.001642499992158264,5.44551578594547,0.1935688018472591,0.0,0.07481039736000106,0.0067078174721796335,0.0,5.266136421700499,0.23155757794573587,0.9375
gamma,eig@logskewnormal-quad,21,120.0,240.0,188.37449959956575,0.002534999919589609,5.347153222755826,0.0,0.0,0.0,0.0,0.0,4.276997263336178,0.22009199246236685,1.0
gamma,eig@logskewnormal-quad,22,15.0,30.0,56.63966590014752,0.00043370004277676344,6.169183783879073,0.0,0.00988403987666231,0.1003146655352849,0.1581842589029968,0.11701401491810781,18.63582799599713,0.44792829367231435,0.15625
gamma,eig@logskewnormal-quad,22,30.0,60.0,87.0402103002998,0.0007728000055067241,5.993363363341966,0.0,0.00988403987666231,0.006927503182010963,0.05152238040271906,0.04238661590795911,11.494591597111018,0.3995332418710317,0.3125
gamma,eig@logskewnormal-quad,22,60.0,120.0,116.98982870066538,0.0012719001970253885,5.718837900478062,0.0,0.00988403987666231,0.006927503182010963,0.05152238040271906,0.04238661590795911,8.328346907731527,0.2831118262331204,0.625
gamma,eig@logskewnormal-quad,22,90.0,180.0,137.86518870072905,0.001775899960193783,5.545155923953625,0.0,0.00988403987666231,0.006927503182010963,0.05152238040271906,0.04238661590795911,7.3393159735130915,0.21552581463930273,0.9375
gamma,eig@logskewnormal-quad,22,120.0,240.0,223.58065820060438,0.0026122999261133373,5.404799049718232,0.0,0.00988403987666231,0.006927503182010963,0.0,0.0,4.612947620929723,0.19835087253745318,1.0
gamma,eig@logskewnormal-quad,23,15.0,30.0,61.62554089986952,0.0004233000217936933,5.932617448394631,0.0,0.0,0.0,0.022168872567189357,0.0369771837346482,12.793399369335443,0.4897996465865528,0.15625
gamma,eig@logskewnormal-quad,23,30.0,60.0,79.09450699982699,0.0007495000609196723,5.816314863551764,0.0,0.0,0.0,0.022168872567189357,2.220446049250313e-16,10.82914556775897,0.4545928403378188,0.3125
gamma,eig@logskewnormal-quad,23,60.0,120.0,106.93556399986846,0.0013082000077702105,5.607895921547505,0.0,0.0,0.0,0.022168872567189357,2.220446049250313e-16,7.473179316992769,0.3347566855468269,0.625
gamma,eig@logskewnormal-quad,23,90.0,180.0,129.46458730020095,0.0017554001533426344,5.372667848230947,0.0,0.0,0.0,0.022168872567189357,2.220446049250313e-16,4.985625413304911,0.23534242091974794,0.9375
gamma,eig@logskewnormal-quad,23,120.0,240.0,212.87659340031678,0.002762699907179922,5.276023408361291,0.0,0.0,0.0,0.0,0.0,4.2283007806960144,0.2131760807273193,1.0
gamma,eig@logskewnormal-quad,24,15.0,30.0,62.04375519993482,0.0004721999866887927,6.1598026783164554,0.0,0.0,0.0,0.0,0.06121594219787907,16.233611076834055,0.45786325114164933,0.15625
gamma,eig@logskewnormal-quad,24,30.0,60.0,84.75600929989014,0.0008206999627873302,6.033885526946778,0.0,0.0,0.0,0.0,0.035111292390164306,14.034043484229196,0.4172719460563633,0.3125
gamma,eig@logskewnormal-quad,24,60.0,120.0,108.37115839967737,0.0013363998150452971,5.77151398020525,0.0,0.0,0.0,0.0,0.035111292390164306,8.475699030021818,0.29488198308253094,0.625
gamma,eig@logskewnormal-quad,24,90.0,180.0,127.13697239971953,0.0017722001066431403,5.63449366671249,0.0,0.0,0.0,0.0,0.035111292390164306,7.7545744758241275,0.23630323761489047,0.9375
gamma,eig@logskewnormal-quad,24,120.0,240.0,215.20796939980937,0.0026492001488804817,5.54276143937598,0.0,0.0,0.0,0.0,0.0,5.779463626846609,0.2190567391093944,1.0
gamma,eig@logskewnormal-quad,25,15.0,30.0,51.155728499928955,0.0004062000080011785,6.052364366375593,0.0,0.06073393785544445,0.04329333098566157,0.08653126138961598,0.15340372429666815,18.48668056396877,0.501760581895082,0.15625
gamma,eig@logskewnormal-quad,25,30.0,60.0,83.92859499994665,0.000741699943318963,5.866334828732524,0.0,0.0,0.0066505582438283195,0.029448991087107745,0.0,13.334179224337637,0.454944071603333,0.3125
gamma,eig@logskewnormal-quad,25,60.0,120.0,109.43532970023807,0.001217700366396457,5.654673316936308,0.0,0.0,0.0066505582438283195,0.029448991087107745,0.0,10.718898735116557,0.32729061885691774,0.625
gamma,eig@logskewnormal-quad,25,90.0,180.0,135.69227740023052,0.0016875001601874828,5.437625351062475,0.0,0.0,0.0066505582438283195,0.029448991087107745,0.0,5.7694526328164315,0.22782381893216216,0.9375
gamma,eig@logskewnormal-quad,25,120.0,240.0,219.59496080008103,0.0025210005114786327,5.345075271020964,0.0,0.0,0.0,0.024255326198601712,0.0,4.628841087277674,0.2064832096559718,1.0
gamma,eig@logskewnormal-quad,26,15.0,30.0,61.28474269999424,0.00048060028348118067,6.012902795280496,0.0,0.1134456108845282,0.14290498690629427,0.164011265795882,0.17820404287070934,17.78547616438617,0.469503443304406,0.15625
gamma,eig@logskewnormal-quad,26,30.0,60.0,89.5590963998693,0.0008519004913978279,5.823539665274789,0.0,0.020395371684950314,0.07850977892014244,0.06313323458456566,0.08836819970153309,14.18410646490884,0.4165425026829031,0.3125
gamma,eig@logskewnormal-quad,26,60.0,120.0,108.96935149980709,0.0012732005561701953,5.659252234751239,0.0,0.020395371684950314,0.07850977892014244,0.06313323458456566,0.08836819970153309,13.404659047304344,0.3257362207490898,0.625
gamma,eig@logskewnormal-quad,26,90.0,180.0,128.63633330003358,0.0017081006662920117,5.471944118470666,0.0,0.0,0.0,0.0,0.0,6.316657992600184,0.23464208651609278,0.9375
gamma,eig@logskewnormal-quad,26,120.0,240.0,212.92143190017669,0.002501700655557215,5.36551466933583,0.0,0.020395371684950314,0.0,0.0,0.0,4.588046138763341,0.22095368151802178,1.0
gamma,eig@logskewnormal-quad,27,15.0,30.0,57.01455619983608,0.0004265999887138605,6.00836391683698,0.0,0.0,0.011648201976892869,0.04626947260717784,0.057564602504751594,12.64271802400826,0.4668034176708903,0.15625
gamma,eig@logskewnormal-quad,27,30.0,60.0,82.14092549984343,0.0007768998621031642,5.883405662393592,0.0,0.0,0.011648201976892869,0.027582357215005904,0.05299169598037923,10.54942965292511,0.4082334931053206,0.3125
gamma,eig@logskewnormal-quad,27,60.0,120.0,106.82878859963967,0.0012516998685896397,5.6741430284498575,0.0,0.0,0.011648201976892869,0.0,0.01378824341963325,6.824017782439203,0.30187161676266044,0.625
gamma,eig@logskewnormal-quad,27,90.0,180.0,126.26410289976047,0.0017011997406370938,5.491403878761503,0.0,0.0,0.011648201976892869,0.0,0.01378824341963325,5.772421987286916,0.22565281137114224,0.9375
gamma,eig@logskewnormal-quad,27,120.0,240.0,204.80676849978045,0.002477499539963901,5.36330568678931,0.0,0.0,0.0,0.0,0.01378824341963325,4.873196452444714,0.21027560346397361,1.0
gamma,eig@logskewnormal-quad,28,15.0,30.0,55.795034999842755,0.0004187000449746847,6.295760344575849,0.05890372115342679,0.08637060842889488,0.0,0.10185400273398448,0.11725100461887683,19.595633283683732,0.4894989730562457,0.15625
gamma,eig@logskewnormal-quad,28,30.0,60.0,77.83734049991472,0.0007745000766590238,6.099636685259882,0.05890372115342679,0.08637060842889488,0.0,0.0,0.04461600648854758,15.502828284982872,0.4366284941687276,0.3125
gamma,eig@logskewnormal-quad,28,60.0,120.0,101.29123269987758,0.0012327002477832139,5.826843178570887,0.05890372115342679,0.08637060842889488,0.0,0.0,0.04461600648854758,12.9095298570397,0.32656217729583287,0.625
gamma,eig@logskewnormal-quad,28,90.0,180.0,126.65571599977557,0.0016496999305672944,5.561369690196439,0.05890372115342679,0.08637060842889488,0.0,0.0,0.04461600648854758,6.35240858201899,0.22508118132826374,0.9375
gamma,eig@logskewnormal-quad,28,120.0,240.0,208.4122034999309,0.0025048998068086803,5.448186798180082,0.05890372115342679,0.0,0.0,0.0,0.0,4.3654292747596655,0.20481344174046506,1.0
gamma,eig@logskewnormal-quad,29,15.0,30.0,63.976239499868825,0.00040520005859434605,5.890091254141744,0.0,0.09498754549539767,0.0,0.039859710559609685,0.017764750720433375,13.567490720358476,0.5001424213576772,0.15625
gamma,eig@logskewnormal-quad,29,30.0,60.0,83.96075469983043,0.0006871000514365733,5.752162333023105,0.0,0.09498754549539767,0.0,0.039859710559609685,0.017764750720433375,11.749747034022942,0.4432896197821738,0.3125
gamma,eig@logskewnormal-quad,29,60.0,120.0,108.71592469973257,0.0011272002011537552,5.486334077520474,0.0,0.09498754549539767,0.0,0.039859710559609685,0.017764750720433375,7.183225425844512,0.28114304434168036,0.625
gamma,eig@logskewnormal-quad,29,90.0,180.0,121.86149769963231,0.0014736002194695175,5.359386306519533,0.0,0.09498754549539767,0.0,0.039859710559609685,0.017764750720433375,5.820202315665557,0.2185302013325612,0.9375
gamma,eig@logskewnormal-quad,29,120.0,240.0,202.80922949983506,0.002375500334892422,5.2393447242017634,0.0,0.0,0.0,0.0,0.0,3.981697388777035,0.20012059370325913,1.0
gamma,eig@logskewnormal-quad,30,15.0,30.0,39.778091699874494,0.00031860009767115116,6.027236881985181,0.4405805964976658,0.3860221841855783,0.3605632424998345,0.3195018049135131,0.40265140248737374,16.715703167996402,0.4783932147731341,0.15625
gamma,eig@logskewnormal-quad,30,30.0,60.0,62.006288899923675,0.0006129998946562409,5.915229703634167,0.4405805964976658,0.3860221841855783,0.3330833358109302,0.2968757649890472,0.20855496859334355,15.388414067610277,0.42259174874680155,0.3125
gamma,eig@logskewnormal-quad,30,60.0,120.0,91.49470060004387,0.0011235998827032745,5.612570061441495,0.0,0.004325330452383036,0.0771565243439083,0.06352811237685796,0.07091786300586511,7.729822427106494,0.2988167116208717,0.625
gamma,eig@logskewnormal-quad,30,90.0,180.0,113.46274030016502,0.0016508996486663818,5.414741513006057,0.0,0.004325330452383036,0.0771565243439083,0.06352811237685796,0.07091786300586511,5.020324269238768,0.2193528911980264,0.9375
gamma,eig@logskewnormal-quad,30,120.0,240.0,191.01485620002495,0.0025773996603675187,5.322188056501805,0.0,0.09531737095923942,0.07023172084931384,0.07866996010080352,0.021336832974132247,4.311387077349386,0.20494553709631264,1.0
gamma,eig@logskewnormal-quad,31,15.0,30.0,53.55034750007326,0.0003894000547006726,6.257570341114381,0.0,0.1585859675411565,0.16274017515030215,0.1288453814470336,0.15582284817420045,23.996807606671123,0.5361924992751571,0.15625
gamma,eig@logskewnormal-quad,31,30.0,60.0,77.08834869996645,0.0007788000511936843,6.120413115567579,0.0,0.1134456108845282,0.20401528685736103,0.20404183434795264,0.16887028819630912,21.93656150835403,0.4873387755898459,0.3125
gamma,eig@logskewnormal-quad,31,60.0,120.0,108.86904139991384,0.0012690001749433577,5.849813424789258,0.0,0.1134456108845282,0.20401528685736103,0.20404183434795264,0.16887028819630912,18.731026050814442,0.356602887139772,0.625
gamma,eig@logskewnormal-quad,31,90.0,180.0,136.39838449988747,0.0016621003742329776,5.547561673957863,0.12950420974567045,0.0,0.07741707019142385,0.018129267505138658,0.06223452515656036,7.458862079994229,0.23195015801786223,0.9375
gamma,eig@logskewnormal-quad,31,120.0,240.0,221.4286460998701,0.0025272004422731698,5.4336919951941285,0.12950420974567045,0.0,0.0,0.0,0.01500424968322911,5.600972195326569,0.2160287670248466,1.0
gamma,eig@logskewnormal-quad,32,15.0,30.0,55.96220770018408,0.0003844001912511885,6.18622531026912,0.050766726068686485,0.0,0.0,0.1330788466832019,0.17815818027775432,19.82798379080156,0.4917832821250754,0.15625
gamma,eig@logskewnormal-quad,32,30.0,60.0,85.86159610020695,0.0007218000828288496,6.011900008287381,0.050766726068686485,0.0,0.0,0.056675468351075065,0.08182606412231896,17.442349194313813,0.4481875667654899,0.3125
gamma,eig@logskewnormal-quad,32,60.0,120.0,116.9448084999458,0.0012865998432971537,5.734496571237936,0.050766726068686485,0.0,0.0,0.056675468351075065,0.08182606412231896,15.324506039992967,0.3270609228003879,0.625
gamma,eig@logskewnormal-quad,32,90.0,180.0,142.36918370024068,0.0017322998028248549,5.487744039699976,0.050766726068686485,0.0,0.024568481297061018,0.0,0.0,6.300747595285166,0.22321862692960956,0.9375
gamma,eig@logskewnormal-quad,32,120.0,240.0,233.54105150006944,0.00261779990978539,5.363337193290238,0.050766726068686485,0.0,0.0,0.0,0.004353846992315447,4.817041586345519,0.20314987932198236,1.0
gamma,eig@logskewnormal-quad,33,15.0,30.0,55.50918710004771,0.0004037998733110726,5.892423508629091,0.0,0.037760856656376185,0.06343558916561298,0.07371691369724409,0.014734248781990034,12.630241844040837,0.4904462358298627,0.15625
gamma,eig@logskewnormal-quad,33,30.0,60.0,78.6363313998445,0.0007424998912028968,5.745459198193333,0.0,0.037760856656376185,0.06343558916561298,0.07371691369724409,0.014734248781990034,9.246560871112658,0.42088598793770016,0.3125
gamma,eig@logskewnormal-quad,33,60.0,120.0,100.91955350001808,0.0012321997783146799,5.505567008954586,0.0,0.037760856656376185,0.06343558916561298,0.07371691369724409,0.014734248781990034,7.406596588766025,0.30428364296096105,0.625
gamma,eig@logskewnormal-quad,33,90.0,180.0,118.76187729975209,0.0017147994949482381,5.288264499983828,0.0,0.037760856656376185,0.06343558916561298,0.07371691369724409,0.014734248781990034,5.497084047250821,0.203464019629319,0.9375
gamma,eig@logskewnormal-quad,33,120.0,240.0,188.10287309985142,0.002456199435982853,5.2069530475695025,0.0,0.037760856656376185,0.06343558916561298,0.0,0.018910305509274083,4.262007549829242,0.18760995114559123,1.0
gamma,eig@logskewnormal-quad,34,15.0,30.0,52.79661250015488,0.0004188999882899225,6.159127912359394,0.23380769721060135,0.12407255374037962,0.24448897166534134,0.3139445106177805,0.3619750286667228,21.959006023201376,0.4492187019735607,0.15625
gamma,eig@logskewnormal-quad,34,30.0,60.0,78.31170140008908,0.0007151999161578715,5.970659099119331,0.0,0.0,0.04270706901602983,0.03236801327202743,0.026059264139909,11.414689409388028,0.40008938816907297,0.3125
gamma,eig@logskewnormal-quad,34,60.0,120.0,104.24700040044263,0.0011740999761968851,5.722676085568167,0.0,0.0,0.04270706901602983,0.03236801327202743,0.026059264139909,7.956616457802413,0.2903447931801474,0.625
gamma,eig@logskewnormal-quad,34,90.0,180.0,120.79773960047169,0.0015197998145595193,5.610010880009869,0.0,0.0,0.04270706901602983,0.03236801327202743,0.026059264139909,6.865777458726687,0.23709477810971072,0.9375
gamma,eig@logskewnormal-quad,34,120.0,240.0,203.4358888004208,0.0023998000542633235,5.496356042660996,0.0,0.0,0.0,0.0,0.026059264139909,4.569131966947317,0.21525511583662418,1.0
gamma,eig@logskewnormal-quad,35,15.0,30.0,59.24695489992155,0.0004290000069886446,6.2729565724556595,0.3042707341327259,0.4155085203819584,0.38777647620955935,0.37618467660353483,0.37639331883263905,26.29928207541267,0.4613414397189962,0.15625
gamma,eig@logskewnormal-quad,35,30.0,60.0,93.8120758998557,0.0008270998951047659,6.077865490141114,0.04340185519385875,0.14707978261395704,0.1341400915550487,0.18316590209627792,0.19283219916885852,21.58433776604595,0.4240676203446828,0.3125
gamma,eig@logskewnormal-quad,35,60.0,120.0,130.1362237998983,0.0014174000243656337,5.771830078978259,0.04340185519385875,0.0,0.0,0.0,0.0,11.081920768061467,0.3054578604255294,0.625
gamma,eig@logskewnormal-quad,35,90.0,180.0,146.4382708002231,0.001831700385082513,5.607518497662629,0.04340185519385875,0.0,0.0,0.0,0.0,7.098270949960774,0.22956504653057705,0.9375
gamma,eig@logskewnormal-quad,35,120.0,240.0,239.7814574004151,0.0026807006215676665,5.5509332340491,0.0,0.0,0.02272114243437784,0.0,0.01800976063684412,5.780373335462005,0.21310686699145617,1.0
gamma,eig@logskewnormal-quad,36,15.0,30.0,50.89928409998538,0.00038050010334700346,5.919418052613594,0.1604569555364882,0.3513704548648382,0.37771791995606796,0.388101163330674,0.40421048553385486,20.543685329805875,0.4795667921600032,0.15625
gamma,eig@logskewnormal-quad,36,30.0,60.0,76.79969529993832,0.0007098002242855728,5.745581739988066,0.0,0.0,0.0,0.015380663773790992,0.07715306147340462,13.567651415599958,0.41635440759184095,0.3125
gamma,eig@logskewnormal-quad,36,60.0,120.0,98.50448429986136,0.001178900187369436,5.521725746570961,0.0,0.0,0.0,0.015380663773790992,0.02154101790349594,9.927500109002425,0.32423088121358407,0.625
gamma,eig@logskewnormal-quad,36,90.0,180.0,119.29414129955694,0.0016890002298168838,5.312529860220085,0.0,0.0,0.0,0.015380663773790992,0.02154101790349594,4.54634544332571,0.22325725058952942,0.9375
gamma,eig@logskewnormal-quad,36,120.0,240.0,196.72202139924048,0.002675300172995776,5.230138727006806,0.0,0.0,0.0,0.025535780200414582,0.02154101790349583,3.8508756394434918,0.19672927592684922,1.0
gamma,eig@logskewnormal-quad,37,15.0,30.0,52.77727829996729,0.0004631999181583524,6.026002563666569,0.4261385944248135,0.379664218783231,0.39733524348795435,0.34778830471513134,0.35989111388282435,19.44566851985939,0.46052413364509776,0.15625
gamma,eig@logskewnormal-quad,37,30.0,60.0,78.95350660016993,0.0008121000719256699,5.860212211255766,0.0,0.09730336656950189,0.07063409716814273,0.07669042863164066,0.07128331689130352,13.20758237403742,0.41538313527400217,0.3125
gamma,eig@logskewnormal-quad,37,60.0,120.0,104.94646270008525,0.0012637999025173485,5.622096083781796,0.0,0.0,0.03515471571314077,0.0,0.004005362471690699,6.575057740439731,0.3067712743541801,0.625
gamma,eig@logskewnormal-quad,37,90.0,180.0,117.6815383999492,0.001623899966944009,5.48150739173947,0.0,0.0,0.03515471571314077,0.0,0.004005362471690699,5.624690954320604,0.233653237861173,0.9375
gamma,eig@logskewnormal-quad,37,120.0,240.0,195.25935049995314,0.0024879000266082585,5.416029528405406,0.0,0.0,0.0,0.0,0.004005362471690699,4.706315088743476,0.21625912167692832,1.0
gamma,eig@logskewnormal-quad,38,15.0,30.0,55.58965769974748,0.0004681997816078365,6.026300209992968,0.008572176416699384,0.08811292151987093,0.05874194767991392,0.15536556442666571,0.223941587356136,20.868834565075012,0.48913198205070185,0.15625
gamma,eig@logskewnormal-quad,38,30.0,60.0,77.61436429974856,0.0007713998202234507,5.869474135118104,0.008572176416699384,0.08811292151987093,0.05874194767991392,0.042003431862769225,0.0,12.300077213897538,0.4164960407077589,0.3125
gamma,eig@logskewnormal-quad,38,60.0,120.0,103.36561879969668,0.0012208997504785657,5.620912883426686,0.008572176416699384,0.08811292151987093,0.05874194767991392,0.042003431862769225,0.0,6.542544189426511,0.29737102854047054,0.625
gamma,eig@logskewnormal-quad,38,90.0,180.0,125.64151739946101,0.001654299849178642,5.4747184342889845,0.008572176416699384,0.08811292151987093,0.05874194767991392,0.042003431862769225,0.0,5.812322576515894,0.24033233362616566,0.9375
gamma,eig@logskewnormal-quad,38,120.0,240.0,210.77061009965837,0.002504199859686196,5.435110517439548,0.16765366662304237,0.08811292151987093,0.05874194767991392,0.042003431862769225,0.0,5.226497616813442,0.22439650785315277,1.0
gamma,eig@logskewnormal-quad,39,15.0,30.0,59.9122500999365,0.00042680028127506375,6.212465572573916,0.0,0.03567765767237552,0.12169565301378593,0.1130144654221319,0.10106787750815038,18.695400045792674,0.45295328244423066,0.15625
gamma,eig@logskewnormal-quad,39,30.0,60.0,82.66745600005379,0.0007348002982325852,6.090917361880277,0.0,0.03567765767237552,0.12169565301378593,0.1130144654221319,0.10106787750815038,17.29683133543265,0.39745189470754066,0.3125
gamma,eig@logskewnormal-quad,39,60.0,120.0,122.16267299989704,0.0013295001117512584,5.72306250138628,0.0,0.03567765767237552,0.0,0.017564575254804926,0.02757710485666054,8.560088437235482,0.2900586368682181,0.625
gamma,eig@logskewnormal-quad,39,90.0,180.0,143.8213197000441,0.0017413999885320663,5.567447828406036,0.0,0.03567765767237552,0.0,0.017564575254804926,0.02757710485666054,5.846063524613799,0.21240120697282291,0.9375
gamma,eig@logskewnormal-quad,39,120.0,240.0,231.180910400406,0.002592200122307986,5.474407929978933,0.0,0.0,0.0,0.017564575254804926,0.019094653151359386,4.169361736870802,0.20206693435581247,1.0
gamma,eig@logskewnormal-quad,40,15.0,30.0,50.22785300016403,0.00036750006256625056,5.989525176946849,0.05890372115342679,0.28110409421124494,0.26025866607127857,0.26749107619222245,0.2799100810536981,18.871947132704364,0.4720671698132327,0.15625
gamma,eig@logskewnormal-quad,40,30.0,60.0,72.13780610018875,0.0006495998823083937,5.816449468601014,0.05890372115342679,0.0,0.0,0.05597180720941253,0.047683074411797755,12.994676201935164,0.4272934940977975,0.3125
gamma,eig@logskewnormal-quad,40,60.0,120.0,94.99349730060203,0.0011521999258548021,5.619989201222682,0.05890372115342679,0.0,0.0,0.05341830152807303,0.07634822132162555,10.395041607854209,0.3078060964928211,0.625
gamma,eig@logskewnormal-quad,40,90.0,180.0,113.72631730040303,0.0016021000919863582,5.446533058906663,0.05890372115342679,0.0,0.0,0.0,0.028665146909827688,5.522754907473507,0.22324030531309347,0.9375
gamma,eig@logskewnormal-quad,40,120.0,240.0,190.8420344001497,0.0024244002997875214,5.384104301160264,0.05890372115342679,0.0,0.0,0.0,0.03084050996285026,4.879341734963506,0.21348425099290236,1.0
gamma,eig@logskewnormal-quad,41,15.0,30.0,51.517000700114295,0.00040389993228018284,6.0976080152719065,0.0,0.0,0.005938496414233052,0.04366175711400089,0.07682116184770404,15.015778263609159,0.4856157175937765,0.15625
gamma,eig@logskewnormal-quad,41,30.0,60.0,74.74343389988644,0.0007516997866332531,5.96080399431606,0.0,0.0,0.005938496414233052,0.004855849019995251,0.03295746797003296,12.367696748718222,0.42688923640946097,0.3125
gamma,eig@logskewnormal-quad,41,60.0,120.0,99.92957159993239,0.0012210995191708207,5.75242006611137,0.0,0.0,0.005938496414233052,0.004855849019995251,0.03295746797003296,8.830399855262366,0.30737937203215104,0.625
gamma,eig@logskewnormal-quad,41,90.0,180.0,122.56423159997212,0.0017105995793826878,5.553861718708549,0.0,0.0,0.005938496414233052,0.004855849019995251,0.03295746797003296,6.672183369237057,0.2270059608507855,0.9375
gamma,eig@logskewnormal-quad,41,120.0,240.0,207.1489977000747,0.0026183995651081204,5.432967774722606,0.0,0.0,0.005938496414233052,0.004855849019995251,0.03295746797003296,4.256553103162903,0.21480104911237508,1.0
gamma,eig@logskewnormal-quad,42,15.0,30.0,50.92228229989996,0.00035319983726367354,6.038162803157412,0.0,0.0,0.0,0.08311887971658705,0.08738599984875606,17.164497321143322,0.5046260338677786,0.15625
gamma,eig@logskewnormal-quad,42,30.0,60.0,68.18453860003501,0.0006089995731599629,5.902416642705238,0.0,0.0,0.0,0.07904583519209285,0.07209422500063023,15.673334090754043,0.437057211387621,0.3125
gamma,eig@logskewnormal-quad,42,60.0,120.0,94.4042850000551,0.0010836997535079718,5.694153740251225,0.0,0.0,0.0,0.0,0.0,8.081090120690314,0.30928266192324577,0.625
gamma,eig@logskewnormal-quad,42,90.0,180.0,113.24459090019809,0.0014932997291907668,5.50062062934846,0.0,0.0,0.0,0.0,0.0,7.043246034317248,0.240327360712908,0.9375
gamma,eig@logskewnormal-quad,42,120.0,240.0,199.7663562002126,0.0023452998721040785,5.363707536636116,0.0,0.0,0.0,0.0,0.003532807340374533,5.037334906623548,0.2163302029542163,1.0
gamma,eig@logskewnormal-quad,43,15.0,30.0,53.315426200046204,0.0005148002528585494,6.041300687966781,0.0,0.037760856656376185,0.0,0.0,0.0,12.122202427251809,0.4695464739036746,0.15625
gamma,eig@logskewnormal-quad,43,30.0,60.0,73.21342980006011,0.0008330002310685813,5.94640196234992,0.0,0.037760856656376185,0.0,0.0,0.0,9.573836800183894,0.4072546643761818,0.3125
gamma,eig@logskewnormal-quad,43,60.0,120.0,101.99349250009982,0.0012964003253728151,5.682959105197059,0.0,0.037760856656376185,0.0,0.0,0.0,6.3268273334438785,0.31610812819289574,0.625
gamma,eig@logskewnormal-quad,43,90.0,180.0,119.4524152999511,0.0017050004680640996,5.559682449252764,0.0,0.037760856656376185,0.0,0.0,0.0,5.430870284893894,0.25494961226677754,0.9375
gamma,eig@logskewnormal-quad,43,120.0,240.0,194.39390309998998,0.0025123999803327024,5.46705648751428,0.0,0.037760856656376185,0.0,0.0,0.0,4.750182220975762,0.23636300198306084,1.0
gamma,eig@logskewnormal-quad,44,15.0,30.0,58.841719500138424,0.00048530002823099494,6.08189536084808,0.0,0.0,0.0,0.0,0.016150402905941497,11.91523818802071,0.47612072487606755,0.15625
gamma,eig@logskewnormal-quad,44,30.0,60.0,74.91595479985699,0.0007380999159067869,5.937857595158863,0.0,0.0,0.0,0.0,0.016150402905941497,9.17351965801964,0.4265428465968745,0.3125
gamma,eig@logskewnormal-quad,44,60.0,120.0,100.7121590996394,0.0012604997027665377,5.691113958285097,0.0,0.0,0.0,0.0,0.016150402905941497,7.161818884809852,0.31384843250384986,0.625
gamma,eig@logskewnormal-quad,44,90.0,180.0,117.9978689996642,0.0017194992979057133,5.49011193470448,0.0,0.0,0.0,0.0,0.016150402905941497,5.205207739552068,0.242960391148952,0.9375
gamma,eig@logskewnormal-quad,44,120.0,240.0,199.83240769972326,0.0025745994062162936,5.416831788381266,0.0,0.0,0.0,0.0,0.0,4.4652814364409155,0.22081979333992102,1.0
gamma,eig@logskewnormal-quad,45,15.0,30.0,56.95012809993932,0.00040580000495538116,5.923798060986811,0.0,0.0,0.03745338193177572,0.03302497339140886,0.05907835035272113,13.082215474576847,0.4950837838044166,0.15625
gamma,eig@logskewnormal-quad,45,30.0,60.0,77.23518520005746,0.0007560001104138792,5.813739564084176,0.0,0.0,0.03745338193177572,0.03302497339140886,0.05907835035272113,10.750500203433441,0.4377631806092366,0.3125
gamma,eig@logskewnormal-quad,45,60.0,120.0,102.78902039973764,0.0012236999464221299,5.580023119917128,0.0,0.0,0.03745338193177572,0.05150356837414716,0.04448725907513551,7.2322474064195745,0.3213438636772344,0.625
gamma,eig@logskewnormal-quad,45,90.0,180.0,120.39602899976308,0.0017879000515677035,5.419279746016092,0.0,0.0,0.03745338193177572,0.05150356837414716,0.04448725907513551,5.2058080119489984,0.24184187761233167,0.9375
gamma,eig@logskewnormal-quad,45,120.0,240.0,205.7818144998164,0.0026682004681788385,5.344575677915015,0.0,0.0,0.019639839281917038,0.03302497339140886,0.01426326855688842,4.378085682323033,0.22202314677985951,1.0
gamma,eig@logskewnormal-quad,46,15.0,30.0,56.143341800081544,0.00045089999912306666,6.196297854957838,0.0,0.0,0.01800115853433093,0.0027881750668454774,0.032917282798715974,14.636091506203808,0.47593413756526437,0.15625
gamma,eig@logskewnormal-quad,46,30.0,60.0,82.16879520012299,0.0008053999044932425,6.027692069296701,0.0,0.0,0.014563516028445744,0.014600232954366077,0.013090855196898343,10.774614342158817,0.40466323018407424,0.3125
gamma,eig@logskewnormal-quad,46,60.0,120.0,111.68374220002443,0.0014121000422164798,5.7825390163238,0.0,0.0,0.014563516028445744,0.014600232954366077,0.013090855196898343,8.554957342267782,0.3038118733652492,0.625
gamma,eig@logskewnormal-quad,46,90.0,180.0,135.3499023001641,0.0023685001069679856,5.5251443115187655,0.0,0.0,0.014563516028445744,0.014600232954366077,0.013090855196898343,6.329847940350275,0.21145214537476056,0.9375
gamma,eig@logskewnormal-quad,46,120.0,240.0,216.05950420023873,0.003160400199703872,5.426262498731661,0.0,0.0,0.0,0.0,0.0007915682820271996,5.298482177819045,0.19911772889222873,1.0
gamma,eig@logskewnormal-quad,47,15.0,30.0,53.40545110008679,0.00039650016697123647,6.124381349792301,0.0,0.0,0.10582671405698896,0.09329633726416575,0.12379288544983857,20.20657288397309,0.4922757176944112,0.15625
gamma,eig@logskewnormal-quad,47,30.0,60.0,71.93103040038841,0.0007012002170085907,5.9748369345234424,0.0,0.0,0.10582671405698896,0.09329633726416575,0.12379288544983857,19.493362119215178,0.4540703006141281,0.3125
gamma,eig@logskewnormal-quad,47,60.0,120.0,98.27957300056005,0.0011652001994661987,5.726580665259708,0.0,0.0,0.06535818018049566,0.0849878450414644,0.07731985694618249,16.594429604951035,0.3501434660266683,0.625
gamma,eig@logskewnormal-quad,47,90.0,180.0,122.92875960009405,0.0016308004269376397,5.473711721619502,0.0,0.0,0.0,0.0,0.026490818797627047,7.176009124580591,0.23492497926640346,0.9375
gamma,eig@logskewnormal-quad,47,120.0,240.0,204.3836724004359,0.0024919005227275193,5.376973881779553,0.0,0.0,0.0,0.0,0.0062657885593520035,5.319647616739292,0.2102509680978705,1.0
gamma,eig@logskewnormal-quad,48,15.0,30.0,54.18033260019729,0.00040669989539310336,6.0182992071547945,0.1604569555364882,0.24339888354347872,0.286169721402163,0.23379960838460379,0.2313139524115414,17.99008244261764,0.5029697193605821,0.15625
gamma,eig@logskewnormal-quad,48,30.0,60.0,79.54430220014183,0.0007107999990694225,5.8742239146450865,0.0,0.0,0.0,0.008399211204512813,0.04078166549314899,12.070175643125898,0.44996646560677805,0.3125
gamma,eig@logskewnormal-quad,48,60.0,120.0,107.76015280024149,0.0012066002236679196,5.637888661167831,0.0,0.0,0.0,0.008399211204512813,0.04078166549314899,7.466717542288057,0.32005475771932934,0.625
gamma,eig@logskewnormal-quad,48,90.0,180.0,129.36896720022196,0.0017645004554651678,5.45132902831946,0.0,0.0,0.0,0.008399211204512813,0.04078166549314899,5.505588029883357,0.24483305284467105,0.9375
gamma,eig@logskewnormal-quad,48,120.0,240.0,214.52557619987056,0.0026879007345996797,5.361600972056451,0.0,0.051645831526890396,0.0,0.008399211204512813,0.007099902835698169,4.799671852811072,0.222087830772259,1.0
gamma,eig@logskewnormal-quad,49,15.0,30.0,59.57106529996963,0.00041349983075633645,5.929909323551574,0.0,0.0,0.007262781841736787,0.07204030226700253,0.10388829215896878,13.340853968519315,0.43312811012122837,0.15625
gamma,eig@logskewnormal-quad,49,30.0,60.0,80.73909920005826,0.0007643996505066752,5.783683975219645,0.0,0.08547739429692247,0.0,0.0,0.0,8.487637699772016,0.3867494236309618,0.3125
gamma,eig@logskewnormal-quad,49,60.0,120.0,101.9156219001161,0.0012034998508170247,5.638578412298343,0.0,0.08547739429692247,0.0,0.0,0.0,6.869916712976668,0.2944989058670787,0.625
gamma,eig@logskewnormal-quad,49,90.0,180.0,119.48644650023198,0.001617400033865124,5.46953648535245,0.0,0.08547739429692247,0.0,0.0,0.0,5.043551966523623,0.22341310789220442,0.9375
gamma,eig@logskewnormal-quad,49,120.0,240.0,196.0421769003151,0.002532700018491596,5.395248706743549,0.0,0.0,0.0,0.0,0.0,4.308621278102255,0.20575438077789546,1.0
gamma,eig@logskewnormal-poisson,0,15.0,30.0,35.02465740009211,0.5292135000345297,5.9827123024558135,0.0,0.10454931088924224,0.16175986909055384,0.14964233906113267,0.1638049175273053,16.41682008358122,0.472602464733868,0.15625
gamma,eig@logskewnormal-poisson,0,30.0,60.0,65.31774469988886,1.0542284999974072,5.787235734148528,0.05890372115342679,0.0,0.0,0.004524531505748719,0.0,8.549045422156121,0.4242547012546564,0.3125
gamma,eig@logskewnormal-poisson,0,60.0,120.0,126.84060910018161,2.0314231000375003,5.618318351517047,0.05890372115342679,0.0,0.0,0.004524531505748719,0.0,5.728513709234571,0.2964063218893947,0.625
gamma,eig@logskewnormal-poisson,0,90.0,180.0,188.98595549998572,3.0187675002380274,5.496371591219123,0.05890372115342679,0.0,0.0,0.004524531505748719,0.0,4.9837208891152,0.2324689875747175,0.9375
gamma,eig@logskewnormal-poisson,0,120.0,240.0,250.65991819975898,4.0116969004157,5.406208905892487,0.05890372115342679,0.0,0.0,0.0,0.0,4.0735530617953195,0.2159007499902572,1.0
gamma,eig@logskewnormal-poisson,1,15.0,30.0,34.624375700135715,0.5384062001248822,5.923010803626295,0.0,0.2669328674819066,0.30341820184662893,0.24640826106759128,0.21524105439975838,13.029289672271345,0.448365691868706,0.15625
gamma,eig@logskewnormal-poisson,1,30.0,60.0,65.20911670010537,1.0205741001409478,5.776834973056286,0.0,0.0,0.0,0.04808461760398908,0.058459302913068334,9.69740852807949,0.3997846547452703,0.3125
gamma,eig@logskewnormal-poisson,1,60.0,120.0,126.30882540054154,2.023910600109957,5.557507085066919,0.0,0.0,0.0,0.04808461760398908,0.058459302913068334,8.062387704780956,0.30148092855823644,0.6041666666666666
gamma,eig@logskewnormal-poisson,1,90.0,180.0,187.89968580071582,2.995402899920009,5.395418091338381,0.0,0.0,0.0,0.06193056137734054,0.016456718467846465,5.20990306947703,0.22410278049734003,0.8854166666666666
gamma,eig@logskewnormal-poisson,1,120.0,240.0,249.81819050083868,4.048941999732051,5.353610370537755,0.0,0.0,0.0,0.0,0.0,4.428898819201728,0.20586596255217868,1.0
gamma,eig@logskewnormal-poisson,2,15.0,30.0,34.97530720004579,0.5380548999528401,6.105807811032284,0.5616117983173823,0.343457793565908,0.2639764148540321,0.2143683133225045,0.1814110463751697,19.259237191923187,0.47986762855155124,0.15625
gamma,eig@logskewnormal-poisson,2,30.0,60.0,65.58834020025097,1.0292983999825083,5.998189225587839,0.5616117983173823,0.343457793565908,0.2639764148540321,0.2143683133225045,0.1814110463751697,18.114686780979852,0.4343988506813453,0.3125
gamma,eig@logskewnormal-poisson,2,60.0,120.0,126.92069569998421,2.0406573997461237,5.788700382854877,0.0,0.12034319876955546,0.025358087745408597,0.02059263704324943,0.012133782626939982,10.419236192476129,0.32218024839778425,0.625
gamma,eig@logskewnormal-poisson,2,90.0,180.0,188.52762930002064,2.998963299789466,5.565600711370195,0.0,0.12034319876955546,0.025358087745408597,0.02059263704324943,0.012133782626939982,6.4451186317418,0.2285719847525388,0.9375
gamma,eig@logskewnormal-poisson,2,120.0,240.0,250.4749256998184,3.9956543998559937,5.453457142481992,0.0,0.0,0.0,0.0,0.012133782626939982,5.061908546758832,0.21235340658453247,1.0
gamma,eig@logskewnormal-poisson,3,15.0,30.0,34.7679626000463,0.5147641999064945,6.000971080899258,0.19689468118130493,0.20233440326816465,0.20442161832603534,0.1562676510622275,0.10362607967865023,16.60844798468314,0.4537677299469791,0.15625
gamma,eig@logskewnormal-poisson,3,30.0,60.0,65.23794810008258,1.0449645999469794,5.866254178138118,0.19689468118130493,0.20233440326816465,0.20442161832603534,0.1562676510622275,0.10362607967865023,15.681192733573301,0.41836953616993455,0.3125
gamma,eig@logskewnormal-poisson,3,60.0,120.0,126.80675190000329,2.0088591001112945,5.644282211206963,0.0,0.0,0.0644366787190187,0.09851569034751184,0.055662008513103545,7.16427211984502,0.28737258977966545,0.625
gamma,eig@logskewnormal-poisson,3,90.0,180.0,188.4051275999518,2.9658012003055774,5.500592699736015,0.0,0.0,0.0644366787190187,0.09851569034751184,0.055662008513103545,5.783955842237751,0.23276637932838393,0.9375
gamma,eig@logskewnormal-poisson,3,120.0,240.0,250.42712899984326,3.9806457005324773,5.415053180934442,0.0,0.0,0.0,0.049257845173755865,0.014752457354375581,4.484762004997155,0.21616781572512508,1.0
gamma,eig@logskewnormal-poisson,4,15.0,30.0,34.54856240004301,0.5163607001304626,5.97220998597851,0.0,0.02945186057671345,0.0,0.10087212368982745,0.09730639730639745,14.139551793428348,0.450548520297445,0.15625
gamma,eig@logskewnormal-poisson,4,30.0,60.0,64.79932500020368,1.0211876002140343,5.802277274118826,0.0,0.02945186057671345,0.05700380087141932,0.0,0.019285054442475857,8.56231871034356,0.4095433066086981,0.3125
gamma,eig@logskewnormal-poisson,4,60.0,120.0,126.0671106002992,1.9797357999486849,5.648494083736249,0.0,0.02945186057671345,0.05700380087141932,0.0,0.019285054442475857,7.018117351923813,0.28733312439118697,0.625
gamma,eig@logskewnormal-poisson,4,90.0,180.0,187.45838160032872,2.978081500157714,5.4885317323921,0.0,0.02945186057671345,0.05700380087141932,0.0,0.019285054442475857,5.826804758572264,0.22215722866975857,0.9375
gamma,eig@logskewnormal-poisson,4,120.0,240.0,249.1893389003817,3.9909511003643274,5.3535932526264345,0.0,0.0,0.0,0.0,0.019285054442475857,4.40959464642643,0.20365256952142108,1.0
gamma,eig@logskewnormal-poisson,5,15.0,30.0,34.782374499947764,0.5082198002492078,6.31524330470351,0.0,0.0,0.0,0.0,0.05614299766632158,18.133044297351674,0.4629792763777525,0.15625
gamma,eig@logskewnormal-poisson,5,30.0,60.0,65.14453769981628,1.0074599002837203,6.115791156450214,0.0,0.0,0.0,0.0,0.004802935415663123,13.56739055710988,0.3972201311293426,0.3125
gamma,eig@logskewnormal-poisson,5,60.0,120.0,126.80328489956446,2.01522370002931,5.8357126400964106,0.0,0.0,0.0,0.0,0.004802935415663123,7.081434874319368,0.2918574471032774,0.625
gamma,eig@logskewnormal-poisson,5,90.0,180.0,188.21088339952985,3.0261465997900814,5.6402018577896,0.0,0.0,0.0,0.0,0.004802935415663123,5.294600667314574,0.2309172429747415,0.9375
gamma,eig@logskewnormal-poisson,5,120.0,240.0,249.95103939966066,4.078819299757015,5.555241836626976,0.0,0.0,0.0,0.0,0.0,5.027362454555898,0.20157735888376957,1.0
gamma,eig@logskewnormal-poisson,6,15.0,30.0,34.62867000006372,0.5171847000019625,5.9508545508636885,0.0,0.0,0.0,0.04323361938760262,0.06496455198815776,15.09966553857875,0.4627426736891006,0.15625
gamma,eig@logskewnormal-poisson,6,30.0,60.0,65.40617070003645,1.0343094998388551,5.800050046903056,0.0,0.0,0.007150050582440337,2.220446049250313e-16,2.220446049250313e-16,11.222731153792619,0.4120142330213763,0.3125
gamma,eig@logskewnormal-poisson,6,60.0,120.0,127.27041610010201,1.9989978999947198,5.548061856351954,0.0,0.0,0.007150050582440337,2.220446049250313e-16,2.220446049250313e-16,6.913539954571351,0.2884045458934193,0.625
gamma,eig@logskewnormal-poisson,6,90.0,180.0,189.59728870075196,3.112743900041096,5.418397043901979,0.0,0.0,0.007150050582440337,2.220446049250313e-16,2.220446049250313e-16,5.510273434553352,0.2146672520558265,0.9375
gamma,eig@logskewnormal-poisson,6,120.0,240.0,251.47172780055553,4.147994599712547,5.351790309020273,0.0,0.0,0.0,0.0,0.0,4.682637640264362,0.2025796925886542,1.0
gamma,eig@logskewnormal-poisson,7,15.0,30.0,34.62821360031376,0.5101979999453761,5.990816892491792,0.0,0.133010766041593,0.13577110391530278,0.11096768880353569,0.14559405616173537,14.191796513541318,0.4415624174451096,0.15625
gamma,eig@logskewnormal-poisson,7,30.0,60.0,65.6982815003721,1.002614899945911,5.823514336815964,0.0,0.0,0.0,0.02160994193039778,0.022645892722566452,8.501663155410624,0.37715216105539623,0.3125
gamma,eig@logskewnormal-poisson,7,60.0,120.0,127.32628140039742,2.0026473997277208,5.559912665722524,0.0,0.0,0.0,0.02160994193039778,0.022645892722566452,5.142009925179089,0.2528452277931817,0.625
gamma,eig@logskewnormal-poisson,7,90.0,180.0,189.2419888006989,3.008061999862548,5.486210366924858,0.0,0.0,0.0,0.02160994193039778,0.022645892722566452,5.014036658276884,0.22616316595444738,0.9322916666666666
gamma,eig@logskewnormal-poisson,7,120.0,240.0,251.0174399005482,3.9935167997027747,5.426118080038141,0.0,0.0,0.0,0.0026960472537086444,0.01831367344932655,4.8821592178939275,0.2046327454895871,1.0
gamma,eig@logskewnormal-poisson,8,15.0,30.0,35.19389989989577,0.49133030005032197,6.149473588963283,0.3648302387128344,0.2884787407250098,0.25885348098815153,0.22155394131493333,0.1853251469797893,18.47620502159394,0.4551236901448239,0.15625
gamma,eig@logskewnormal-poisson,8,30.0,60.0,66.25764789991081,0.9942877998691984,5.99073261602468,0.3648302387128344,0.2884787407250098,0.25885348098815153,0.22155394131493333,0.1853251469797893,17.086528266833433,0.42534152797992364,0.3125
gamma,eig@logskewnormal-poisson,8,60.0,120.0,127.87278549995972,1.965897699818015,5.770767515261906,0.0,0.0,0.004905424765740074,0.03369864667275424,0.03931599433252464,7.788822489334972,0.2951568371332136,0.625
gamma,eig@logskewnormal-poisson,8,90.0,180.0,190.60984679980902,2.964294799952768,5.631134287493883,0.0,0.0,0.004905424765740074,0.03369864667275424,0.03931599433252464,6.565610205496395,0.23286777184174656,0.9375
gamma,eig@logskewnormal-poisson,8,120.0,240.0,252.00039340008516,3.989531399856787,5.52741548644628,0.0,0.0,0.004905424765740074,0.003946474359598495,0.014428936696904149,5.2709336637370265,0.21626537364853887,1.0
gamma,eig@logskewnormal-poisson,9,15.0,30.0,35.729186099837534,0.511132899846416,6.080110486465391,0.0,0.0,0.0,0.07788291113353163,0.10635859647996249,18.272397309453027,0.478209636369718,0.15625
gamma,eig@logskewnormal-poisson,9,30.0,60.0,66.95890139986295,1.0124774996074848,5.9418501832832185,0.0,0.0,0.0,0.07788291113353163,0.10635859647996249,16.83647076242659,0.4348704278552483,0.3125
gamma,eig@logskewnormal-poisson,9,60.0,120.0,129.68858499993803,2.0463854997069575,5.688325315930057,0.0,0.0,0.003440460633779674,0.01814927154293655,0.0,9.515967087558431,0.3188160891110661,0.625
gamma,eig@logskewnormal-poisson,9,90.0,180.0,192.29101709998213,3.0171124995686114,5.550852454112544,0.0,0.0,0.003440460633779674,0.01814927154293655,0.0,9.195186644101987,0.2579939481079935,0.9322916666666666
gamma,eig@logskewnormal-poisson,9,120.0,240.0,255.17970540001988,4.025984299718402,5.3529663734362245,0.0,0.0,0.0,0.0,0.0,4.9733871060697625,0.19675306057443134,1.0
gamma,eig@logskewnormal-poisson,10,15.0,30.0,35.983823099930305,0.506029199808836,6.038400291561547,0.0,0.0073704802629662725,0.031894955823164706,0.11098647321032806,0.14079017469085597,14.173236768730355,0.4894760132063338,0.15625
gamma,eig@logskewnormal-poisson,10,30.0,60.0,66.8713037998532,1.0411990997963585,5.898616484539558,0.0,0.0073704802629662725,0.0,0.0,0.0,11.224311352881504,0.41582825523878203,0.3125
gamma,eig@logskewnormal-poisson,10,60.0,120.0,128.58263899950543,2.084292099578306,5.580404126695847,0.0,0.0073704802629662725,0.0,0.0,0.0,7.2321332283641055,0.30449623030210765,0.625
gamma,eig@logskewnormal-poisson,10,90.0,180.0,190.46757719950983,3.0293576997937635,5.471354563238138,0.0,0.0073704802629662725,0.0,0.0,0.0,5.3055767884921785,0.23970629604567442,0.9375
gamma,eig@logskewnormal-poisson,10,120.0,240.0,253.6043249995564,4.058383599622175,5.3702124788048735,0.0,0.0073704802629662725,0.0,0.0,0.0,3.8251831929046998,0.2263913323789786,1.0
gamma,eig@logskewnormal-poisson,11,15.0,30.0,35.09944060025737,0.5091751000727527,6.164356764370846,0.1473096846716344,0.363620122931791,0.4675502773191075,0.3823665162209561,0.35289066183986606,20.46013342452367,0.48076693508890667,0.15625
gamma,eig@logskewnormal-poisson,11,30.0,60.0,66.01415150013054,0.9885232000378892,5.99227686596726,0.1473096846716344,0.22392465431199093,0.10034717811931071,0.10764762809958839,0.12050965506535793,15.895494785510401,0.44218695516957623,0.3125
gamma,eig@logskewnormal-poisson,11,60.0,120.0,127.15896380011691,2.0174424999277107,5.731516685870955,0.1155566629196555,0.07817145879263643,0.1425653075913459,0.0,0.017079492834485732,8.192018998872832,0.31668700768502384,0.625
gamma,eig@logskewnormal-poisson,11,90.0,180.0,190.71069540007738,3.038476100191474,5.609492318666923,0.1155566629196555,0.07817145879263643,0.1425653075913459,0.0,0.017079492834485732,7.5131721914448,0.25511319099774327,0.9375
gamma,eig@logskewnormal-poisson,11,120.0,240.0,252.5455272005056,4.043234800337814,5.490253651850405,0.1155566629196555,0.07817145879263643,0.0,0.020191233983764212,0.017079492834485732,5.580271108382974,0.23217145289400026,1.0
gamma,eig@logskewnormal-poisson,12,15.0,30.0,35.39507610030705,0.5136755999992602,6.055406915990656,0.16765366662304237,0.23256443755338174,0.2105880886552146,0.17091249857456592,0.20554517899076985,16.098203221195817,0.4814232224234253,0.15625
gamma,eig@logskewnormal-poisson,12,30.0,60.0,66.22336520027602,1.0007569001754746,5.913491658344214,0.0,0.0,0.0,0.02202360151114413,0.01880360214586041,10.659827087620195,0.4409506075027607,0.3125
gamma,eig@logskewnormal-poisson,12,60.0,120.0,127.9495301003335,1.9740976999746636,5.755114516277108,0.0,0.0,0.0,0.02202360151114413,0.01880360214586041,8.533338343060501,0.3292045940956352,0.625
gamma,eig@logskewnormal-poisson,12,90.0,180.0,191.57408120040782,3.033915700216312,5.565398322747818,0.0,0.0,0.0,0.02202360151114413,0.01880360214586041,7.085457633377785,0.25124668806394496,0.9375
gamma,eig@logskewnormal-poisson,12,120.0,240.0,253.81405900011305,4.0435405999887735,5.450595685724235,0.0,0.0,0.0,0.0,0.0,5.91936394777603,0.22325277840105165,1.0
gamma,eig@logskewnormal-poisson,13,15.0,30.0,35.080624200054444,0.5399519999627955,6.047734208684015,0.0,0.13987883943566837,0.15121335938887892,0.15140188525437148,0.1364841112764431,16.5837930961666,0.43675851895039913,0.15625
gamma,eig@logskewnormal-poisson,13,30.0,60.0,65.69116179988487,1.0519862998626195,5.8868352835690425,0.0,0.13987883943566837,0.11074080653757323,0.10253854897413228,0.08601243360637179,13.848466144428897,0.3873589967635995,0.3125
gamma,eig@logskewnormal-poisson,13,60.0,120.0,127.98319499980425,2.067081099608913,5.656631498753125,0.1473096846716344,0.0,0.0,0.0,0.010967769896418789,7.003888974708445,0.2993988870444567,0.625
gamma,eig@logskewnormal-poisson,13,90.0,180.0,191.31859220005572,3.1185276996693574,5.584633892755025,0.1473096846716344,0.0,0.0,0.0,0.010967769896418789,6.433588979638694,0.25076775054016687,0.9375
gamma,eig@logskewnormal-poisson,13,120.0,240.0,253.46769160026452,4.173993699427228,5.48045443922329,0.0,0.0,0.004801326464143885,0.0038788171043011577,0.0,4.533724597019535,0.22877612228601477,1.0
gamma,eig@logskewnormal-poisson,14,15.0,30.0,34.74219660006929,0.5135089997202158,5.962914590572286,0.008572176416699384,0.0,0.0,0.06304117029627343,0.11623551492371564,17.247992536277817,0.4615172195843133,0.15625
gamma,eig@logskewnormal-poisson,14,30.0,60.0,65.42873620003229,1.0190571996499784,5.8308895545127575,0.008572176416699384,0.0,0.0,0.06304117029627343,0.11623551492371564,15.651993897412963,0.4104988304681943,0.3125
gamma,eig@logskewnormal-poisson,14,60.0,120.0,127.36836530029541,2.013092499691993,5.651970485809303,0.008572176416699384,0.0,0.0,0.0,0.0,6.620444906593706,0.30211016587863987,0.625
gamma,eig@logskewnormal-poisson,14,90.0,180.0,190.47811369993724,3.0330062999855727,5.518536066598955,0.008572176416699384,0.0,0.0,0.0,0.0,5.827724180868365,0.24677733599036702,0.9375
gamma,eig@logskewnormal-poisson,14,120.0,240.0,252.4246687000268,4.084226000006311,5.3833182203135905,0.008572176416699384,0.0,0.0,0.0,0.0,4.083362735455748,0.21815738628382628,1.0
gamma,eig@logskewnormal-poisson,15,15.0,30.0,35.14240090007661,0.5231568995513953,6.055363887441167,0.0,0.0,0.036099642841438295,0.02887415588069786,0.01949512381758689,14.217262400845195,0.4664408676737941,0.15625
gamma,eig@logskewnormal-poisson,15,30.0,60.0,66.06189000001177,1.0137464995495975,5.945397174460127,0.0,0.0,0.006847574888479646,0.02887415588069797,0.02405870956187628,11.22332431604319,0.40295390508423706,0.3125
gamma,eig@logskewnormal-poisson,15,60.0,120.0,128.950417599699,2.0149604996549897,5.758266193381945,0.0,0.0,0.006847574888479646,0.02887415588069797,0.02405870956187628,7.426742319503163,0.3018426136181814,0.625
gamma,eig@logskewnormal-poisson,15,90.0,180.0,191.5335371994297,3.0363708992954344,5.595809077481301,0.0,0.0,0.006847574888479646,0.005477005564934911,0.02405870956187628,6.580121550689919,0.24771929670294093,0.9114583333333334
gamma,eig@logskewnormal-poisson,15,120.0,240.0,253.6865972992382,4.0738951996318065,5.497635311742776,0.0,0.0,0.036099642841438295,0.02887415588069786,0.02405870956187628,5.214100964574011,0.2281819228681726,1.0
gamma,eig@logskewnormal-poisson,16,15.0,30.0,34.95778779993998,0.503054799628444,6.013238114257334,0.01577368333485396,0.0371672702978304,0.17103205117566456,0.24675842902759493,0.2998356771248605,21.664025714027172,0.508914189902977,0.15625
gamma,eig@logskewnormal-poisson,16,30.0,60.0,65.67997309984639,0.9931222994928248,5.891698744509438,0.01577368333485396,0.0,0.0,0.06302898309405458,0.1046336808324031,14.702052994044365,0.4341165428522902,0.3125
gamma,eig@logskewnormal-poisson,16,60.0,120.0,129.6898811001447,1.982613499625586,5.617885229935813,0.01577368333485396,0.0,0.0,0.0,0.037968426088343166,7.573439093853273,0.32423595670936256,0.625
gamma,eig@logskewnormal-poisson,16,90.0,180.0,191.93651229998795,3.0026668998179957,5.539180971020497,0.01577368333485396,0.0,0.0,0.0,0.037968426088343166,6.823420570472555,0.25894812002518525,0.9375
gamma,eig@logskewnormal-poisson,16,120.0,240.0,253.526521100197,3.994923999940511,5.444525740260375,0.01577368333485396,0.0,0.0,0.0,0.01872333957901462,5.549177901695961,0.23423937453662402,1.0
gamma,eig@logskewnormal-poisson,17,15.0,30.0,34.98359820008045,0.5313683999702334,6.044004820027865,0.0,0.24614960956244825,0.34410897225564185,0.37443121630381504,0.3843209712811362,25.239552026767743,0.46960741608113976,0.15625
gamma,eig@logskewnormal-poisson,17,30.0,60.0,65.52098410023609,1.0259542999556288,5.884895825049068,0.008572176416699384,0.004286088208349748,0.0,0.021456321982812554,0.0669200163970004,18.406716675938945,0.42459129930285794,0.3125
gamma,eig@logskewnormal-poisson,17,60.0,120.0,129.07663490012055,2.1049244999303482,5.6454461077136315,0.008572176416699384,0.004286088208349748,0.0,0.0,0.001748209592245198,11.42143885627733,0.29438050959961903,0.625
gamma,eig@logskewnormal-poisson,17,90.0,180.0,191.06193480017828,3.0975025999359787,5.507145497806934,0.008572176416699384,0.004286088208349748,0.0,0.0,0.001748209592245198,7.191672506235223,0.2206594425532077,0.9322916666666666
gamma,eig@logskewnormal-poisson,17,120.0,240.0,252.87604710046435,4.1408329997211695,5.416805672292528,0.008572176416699384,0.004286088208349748,0.0,0.01937220710640042,0.03611318752863446,5.5781426066161695,0.20440998321257,1.0
gamma,eig@logskewnormal-poisson,18,15.0,30.0,35.00073259981582,0.5440775000606664,5.939432336771575,0.0,0.10133644118799001,0.14280184191883405,0.1479370145243296,0.1423567252057697,13.981691611938013,0.4773110656704161,0.15625
gamma,eig@logskewnormal-poisson,18,30.0,60.0,66.40842069988139,1.0571300002047792,5.785830378591428,0.0,0.0,0.0,0.0,0.004208824413250656,9.591048151453116,0.4294619619506099,0.3125
gamma,eig@logskewnormal-poisson,18,60.0,120.0,129.8130346997059,2.071541500510648,5.565622002305518,0.0,0.0,0.0,0.0,0.004208824413250656,7.924258620976202,0.3093365910418323,0.625
gamma,eig@logskewnormal-poisson,18,90.0,180.0,191.79170289967442,3.0490617007599212,5.380742070243009,0.0,0.0,0.0,0.0,0.004208824413250656,6.313194537539662,0.20843634443969994,0.9375
gamma,eig@logskewnormal-poisson,18,120.0,240.0,252.7595750997425,4.036369900859427,5.256594423532447,0.0,0.0,0.0,0.0,0.004208824413250656,4.8380366919367805,0.18808682993356396,1.0
gamma,eig@logskewnormal-poisson,19,15.0,30.0,37.299071199959144,0.5534432002459653,6.035520357243704,0.4073605041961753,0.21589590458498975,0.19373385955992284,0.16472018297136515,0.1707053282018709,17.64263840707099,0.47474498736985676,0.15625
gamma,eig@logskewnormal-poisson,19,30.0,60.0,68.77191290003248,1.0880680001573637,5.919338489207085,0.0,0.15592125136716373,0.047393366121813885,0.03828665242760754,0.03211558889808408,14.412702503350681,0.40796035490425386,0.3125
gamma,eig@logskewnormal-poisson,19,60.0,120.0,132.08098329982022,2.0937413001665846,5.6299410328684765,0.0,0.15592125136716373,0.047393366121813885,0.008212604983236726,0.006888892830802962,7.99242632105746,0.2888104380491492,0.625
gamma,eig@logskewnormal-poisson,19,90.0,180.0,194.80546470015543,3.0959262002143078,5.482312784982312,0.0,0.15592125136716373,0.047393366121813885,0.008212604983236726,0.006888892830802962,6.290194006652831,0.2252966676158084,0.9375
gamma,eig@logskewnormal-poisson,19,120.0,240.0,258.1895929001039,4.087788900069427,5.378156817729857,0.0,0.09054356695196264,0.0,0.008212604983236838,0.006888892830802962,5.02298656125361,0.20222318939398878,1.0
gamma,eig@logskewnormal-poisson,20,15.0,30.0,35.95370599988382,0.5361498000565916,6.20791822299903,0.0,0.0,0.030805315414543677,0.06615811373092928,0.0750778463634324,15.985943521268998,0.4342553714253287,0.15625
gamma,eig@logskewnormal-poisson,20,30.0,60.0,66.87400639988482,1.0464992001652718,6.074736316897092,0.0,0.0,0.07680594405132635,0.06460733337977653,0.03339055464123686,12.254789482658659,0.39077227548452353,0.3125
gamma,eig@logskewnormal-poisson,20,60.0,120.0,128.5081662000739,2.0183873999048956,5.741466642429022,0.0,0.0,0.05938847904235911,0.0874521054598193,0.07302644660966395,5.998602400871993,0.27041518669723547,0.625
gamma,eig@logskewnormal-poisson,20,90.0,180.0,190.7288649000693,2.987429900211282,5.603456506929997,0.0,0.0,0.05938847904235911,0.0874521054598193,0.07302644660966395,5.661494629465669,0.214881791976376,0.9375
gamma,eig@logskewnormal-poisson,20,120.0,240.0,252.28646640037186,3.9462176001397893,5.504524786987786,0.0,0.0,0.030805315414543677,0.0032210463650814702,0.021766132319074205,4.883536705783042,0.1995042479925903,1.0
gamma,eig@logskewnormal-poisson,21,15.0,30.0,34.59255320037482,0.5182287999778055,6.032634574979923,0.38903807596187656,0.3375541941911613,0.3098434809931855,0.2561469296313029,0.21669325678664053,13.52974359657677,0.4637617836405595,0.15625
gamma,eig@logskewnormal-poisson,21,30.0,60.0,65.78004990052432,1.061986899760086,5.8851133783933065,0.0,0.10820742816803919,0.15928876552988724,0.13628044772654146,0.11469068195957899,11.36077893610872,0.4076699204158634,0.3125
gamma,eig@logskewnormal-poisson,21,60.0,120.0,127.53884210041724,2.1417264995398,5.5687031530241,0.0,0.0,0.07481039736000106,0.0067078174721796335,0.0,5.7788927827266034,0.3012168623167008,0.625
gamma,eig@logskewnormal-poisson,21,90.0,180.0,189.48861850023968,3.160619199508801,5.447051121875987,0.0,0.0,0.0,0.0067078174721796335,0.0,5.334593006975856,0.23617475812578512,0.921875
gamma,eig@logskewnormal-poisson,21,120.0,240.0,251.02340250019915,4.1716453997651115,5.34391485046126,0.0,0.0,0.0,0.0,0.0,4.277722223307014,0.2188703216820155,1.0
gamma,eig@logskewnormal-poisson,22,15.0,30.0,34.404012799903285,0.5317362999194302,6.169183783879064,0.0,0.00988403987666231,0.1003146655352849,0.1581842589029968,0.11701401491810781,18.717012686058332,0.4523476444407468,0.15625
gamma,eig@logskewnormal-poisson,22,30.0,60.0,64.96704819996376,1.0352113996632397,5.993363363341971,0.0,0.00988403987666231,0.006927503182010963,0.05152238040271906,0.04238661590795911,11.581748345123293,0.4061925994295583,0.3125
gamma,eig@logskewnormal-poisson,22,60.0,120.0,126.86383199988632,2.0281396997743286,5.718837900478057,0.0,0.00988403987666231,0.006927503182010963,0.05152238040271906,0.04238661590795911,8.347848788187534,0.28449714511248336,0.625
gamma,eig@logskewnormal-poisson,22,90.0,180.0,188.54186839988688,3.0312373996712267,5.545155923953627,0.0,0.00988403987666231,0.006927503182010963,0.05152238040271906,0.04238661590795911,7.35610531367991,0.21654271483523932,0.9375
gamma,eig@logskewnormal-poisson,22,120.0,240.0,250.0898504999932,4.005645799799822,5.412190173778299,0.0,0.00988403987666231,0.006927503182010963,0.0,0.0,4.6453700141946035,0.1985778767725946,1.0
gamma,eig@logskewnormal-poisson,23,15.0,30.0,35.132473800040316,0.5177481002756394,5.9326174483946374,0.0,0.0,0.0,0.022168872567189357,0.0369771837346482,12.73125968819357,0.4850385410364404,0.15625
gamma,eig@logskewnormal-poisson,23,30.0,60.0,66.40809330006596,1.0580625002039596,5.8163148635517805,0.0,0.0,0.0,0.022168872567189357,2.220446049250313e-16,10.816723804951833,0.45313010667895537,0.3125
gamma,eig@logskewnormal-poisson,23,60.0,120.0,128.20074799994472,2.0862189002800733,5.605141949789551,0.0,0.0,0.0,0.022168872567189357,2.220446049250313e-16,7.488167842499759,0.33455636381955617,0.625
gamma,eig@logskewnormal-poisson,23,90.0,180.0,190.10333179990994,3.0589955005561933,5.433395899060457,0.0,0.0,0.0,0.022168872567189357,2.220446049250313e-16,6.571146233442133,0.25699709015187655,0.9375
gamma,eig@logskewnormal-poisson,23,120.0,240.0,251.71615920006298,4.112256200634874,5.28401789674934,0.0,0.0,0.0,0.0,0.0,4.22672283391701,0.21328734758088108,1.0
gamma,eig@logskewnormal-poisson,24,15.0,30.0,34.902437000127975,0.5006658998900093,6.159802678316445,0.0,0.0,0.0,0.0,0.06121594219787907,16.31766765105543,0.47736134445425354,0.15625
gamma,eig@logskewnormal-poisson,24,30.0,60.0,65.62333740020404,1.024527599918656,6.033885526946765,0.0,0.0,0.0,0.0,0.035111292390164306,14.066478943874742,0.4306006244252107,0.3125
gamma,eig@logskewnormal-poisson,24,60.0,120.0,127.82067840005038,2.0263795001083054,5.771513980205238,0.0,0.0,0.0,0.0,0.035111292390164306,8.460099015130956,0.2951140073778847,0.625
gamma,eig@logskewnormal-poisson,24,90.0,180.0,189.3977657002397,3.0197814001585357,5.64861830516898,0.0,0.0,0.0,0.0,0.06121594219787907,7.812546146668835,0.2450832920347481,0.90625
gamma,eig@logskewnormal-poisson,24,120.0,240.0,251.09541730035562,4.006071100186091,5.546508563187527,0.0,0.0,0.0,0.0,0.0,6.365070892435589,0.21692568703207188,1.0
gamma,eig@logskewnormal-poisson,25,15.0,30.0,35.01324669987662,0.547077800205443,6.05236436637563,0.0,0.06073393785544445,0.04329333098566157,0.08653126138961598,0.15340372429666815,18.469545990825964,0.49479498398471766,0.15625
gamma,eig@logskewnormal-poisson,25,30.0,60.0,65.53638070001034,1.0527840001159348,5.866982690367195,0.0,0.0,0.0066505582438283195,0.029448991087107745,0.0,13.253815984149453,0.4508611713021135,0.3125
gamma,eig@logskewnormal-poisson,25,60.0,120.0,127.73217849986395,2.015611600363627,5.655321178570961,0.0,0.0,0.0066505582438283195,0.029448991087107745,0.0,10.733977800440684,0.3244197155634911,0.625
gamma,eig@logskewnormal-poisson,25,90.0,180.0,189.5397889998858,2.971737300278619,5.4382732126971005,0.0,0.0,0.0066505582438283195,0.029448991087107745,0.0,5.748741748208961,0.2260024537935481,0.9375
gamma,eig@logskewnormal-poisson,25,120.0,240.0,251.02811100002145,3.9350506002665497,5.335271052679296,0.0,0.0,0.037709832007110866,0.024255326198601712,0.0,4.6451739219625505,0.20011110522381126,1.0
gamma,eig@logskewnormal-poisson,26,15.0,30.0,35.01733029994648,0.5218519001500681,6.012902795280496,0.0,0.1134456108845282,0.14290498690629427,0.164011265795882,0.17820404287070934,17.772293159664876,0.4671580345879967,0.15625
gamma,eig@logskewnormal-poisson,26,30.0,60.0,65.91934209992178,1.0007800001185387,5.823539665274794,0.0,0.020395371684950314,0.07850977892014244,0.06313323458456566,0.08836819970153309,14.148664184355805,0.41446852059143857,0.3125
gamma,eig@logskewnormal-poisson,26,60.0,120.0,128.23549050011206,1.9971882002428174,5.659252234751247,0.0,0.020395371684950314,0.07850977892014244,0.06313323458456566,0.08836819970153309,13.375812447885188,0.32405679611050753,0.625
gamma,eig@logskewnormal-poisson,26,90.0,180.0,190.35625370009802,3.0041145001305267,5.471944118470671,0.0,0.0,0.0,0.0,0.0,6.335990916698315,0.23338949009888577,0.9375
gamma,eig@logskewnormal-poisson,26,120.0,240.0,251.68208480026806,4.025554400053807,5.367015731215548,0.0,0.020395371684950314,0.0,0.0,0.0,4.798968594092863,0.21932805428924299,1.0
gamma,eig@logskewnormal-poisson,27,15.0,30.0,34.96791700000176,0.4512457001255825,6.149478787533685,0.4524411584058592,0.178771358553107,0.3343259556206942,0.40921733583067577,0.4903023862999507,20.60530080573592,0.4650437365659758,0.15625
gamma,eig@logskewnormal-poisson,27,30.0,60.0,66.02772060007555,0.9650579001172446,5.934971537273451,0.0,0.0,0.011648201976892869,0.0,0.018361149944005506,11.68496694186314,0.4165660156768617,0.3125
gamma,eig@logskewnormal-poisson,27,60.0,120.0,127.65566290001152,1.987181800068356,5.674143028449843,0.0,0.0,0.011648201976892869,0.0,0.01378824341963325,6.831134591228233,0.29872224392743035,0.625
gamma,eig@logskewnormal-poisson,27,90.0,180.0,189.4756017999025,2.9800938001135364,5.491403878761507,0.0,0.0,0.011648201976892869,0.0,0.01378824341963325,5.7791437678813455,0.22474445318233785,0.9375
gamma,eig@logskewnormal-poisson,27,120.0,240.0,250.79634249961236,3.981824500078801,5.365304239255096,0.0,0.0,0.0,0.0,0.01378824341963325,4.952774844525514,0.20908809569374412,1.0
gamma,eig@logskewnormal-poisson,28,15.0,30.0,34.97342480008956,0.5396461999625899,6.295760344575824,0.05890372115342679,0.08637060842889488,0.0,0.10185400273398448,0.11725100461887683,19.57667384394509,0.48394370636836737,0.15625
gamma,eig@logskewnormal-poisson,28,30.0,60.0,66.22635420016013,1.0615896998206154,6.09963668525987,0.05890372115342679,0.08637060842889488,0.0,0.0,0.04461600648854758,15.482215650242356,0.42981223705330873,0.3125
gamma,eig@logskewnormal-poisson,28,60.0,120.0,127.97418430040125,2.014783500111662,5.826843178570847,0.05890372115342679,0.08637060842889488,0.0,0.0,0.04461600648854758,12.867659381989643,0.3236849492260598,0.625
gamma,eig@logskewnormal-poisson,28,90.0,180.0,189.7399391005165,3.0338433004217222,5.562786894482575,0.05890372115342679,0.08637060842889488,0.0,0.0,0.04461600648854758,6.347685562188313,0.22754080678832161,0.9322916666666666
gamma,eig@logskewnormal-poisson,28,120.0,240.0,251.51374670036603,4.064758100605104,5.450949444000211,0.05890372115342679,0.0,0.0,0.0,0.0,4.411127175402194,0.2040910381926913,1.0
gamma,eig@logskewnormal-poisson,29,15.0,30.0,35.84308590024011,0.589189899736084,5.890091254141756,0.0,0.09498754549539767,0.0,0.039859710559609685,0.017764750720433375,13.592090301692219,0.4962690072687914,0.15625
gamma,eig@logskewnormal-poisson,29,30.0,60.0,67.13777100038715,1.1066187997930683,5.752162333023111,0.0,0.09498754549539767,0.0,0.039859710559609685,0.017764750720433375,11.769850089441311,0.4388188780418205,0.3125
gamma,eig@logskewnormal-poisson,29,60.0,120.0,129.98206700070295,2.0916326996521093,5.486334077520449,0.0,0.09498754549539767,0.0,0.039859710559609685,0.017764750720433375,7.189005336714216,0.27752891686098385,0.625
gamma,eig@logskewnormal-poisson,29,90.0,180.0,191.76778590067988,3.1014386994647793,5.357722431173933,0.0,0.09498754549539767,0.0,0.039859710559609685,0.017764750720433375,5.8143145733623465,0.21826180456376804,0.9322916666666666
gamma,eig@logskewnormal-poisson,29,120.0,240.0,253.5458348011016,4.15770579961827,5.247782519539451,0.0,0.0,0.0,0.0,0.0,4.365262641432001,0.20027154469644465,1.0
gamma,eig@logskewnormal-poisson,30,15.0,30.0,35.21683409996331,0.4975362000404857,6.027236881985259,0.4405805964976658,0.3860221841855783,0.3605632424998345,0.3195018049135131,0.40265140248737374,16.532564612163235,0.47186995192357345,0.15625
gamma,eig@logskewnormal-poisson,30,30.0,60.0,66.00522499991348,1.0013982999953441,5.881462589114018,0.4405805964976658,0.3516651155525763,0.3330833358109302,0.2968757649890472,0.20855496859334355,14.914348030559312,0.43133129315367613,0.3125
gamma,eig@logskewnormal-poisson,30,60.0,120.0,127.46018320013536,1.9636354998801835,5.612570061441484,0.0,0.004325330452383036,0.05184155783622335,0.06352811237685796,0.07091786300586511,7.757560806116206,0.29834485833124363,0.625
gamma,eig@logskewnormal-poisson,30,90.0,180.0,188.79147879988886,2.9004897999111563,5.411362912836142,0.0,0.004325330452383036,0.05184155783622335,0.06352811237685796,0.06438110492079374,4.9056138041785635,0.22210470217500272,0.921875
gamma,eig@logskewnormal-poisson,30,120.0,240.0,250.4737986997934,3.871817499981262,5.325212005286187,0.0,0.09531737095923942,0.07023172084931384,0.07866996010080352,0.06749794427720879,4.336733909510862,0.20861673604595132,1.0
gamma,eig@logskewnormal-poisson,31,15.0,30.0,35.03870759985875,0.5042037001112476,6.354390662057663,0.643511974872399,0.6608872977881692,0.6555401926573746,0.6441324019310584,0.6662555597849609,28.885456692104604,0.5365071659947863,0.15625
gamma,eig@logskewnormal-poisson,31,30.0,60.0,65.83343489968684,1.025474899855908,6.149197209877649,0.0,0.1585859675411565,0.23780612508803256,0.2650513085046897,0.3039215711834975,24.09264841639696,0.46975429890039394,0.3125
gamma,eig@logskewnormal-poisson,31,60.0,120.0,126.5403557997779,2.026624000107404,5.849813424789269,0.0,0.1134456108845282,0.20401528685736103,0.20404183434795264,0.16887028819630912,18.652178950206427,0.35710864979363577,0.625
gamma,eig@logskewnormal-poisson,31,90.0,180.0,187.41766699962318,2.9769475001376122,5.54756167395788,0.12950420974567045,0.0,0.07741707019142385,0.018129267505138658,0.06223452515656036,7.4572858338369485,0.23332288176465496,0.9375
gamma,eig@logskewnormal-poisson,31,120.0,240.0,249.0702131994185,3.9909097003401257,5.454748253111273,0.12950420974567045,0.0,0.0,0.0,0.01500424968322911,6.111864585511274,0.21641091138881077,1.0
gamma,eig@logskewnormal-poisson,32,15.0,30.0,34.827394899970386,0.5165627999813296,6.186225310269137,0.050766726068686485,0.0,0.0,0.1330788466832019,0.17815818027775432,19.823341451419395,0.4929544120237618,0.15625
gamma,eig@logskewnormal-poisson,32,30.0,60.0,65.55538769997656,1.0156084999325685,6.011900008287369,0.050766726068686485,0.0,0.0,0.056675468351075065,0.08182606412231896,17.4466077163679,0.4493453055567428,0.3125
gamma,eig@logskewnormal-poisson,32,60.0,120.0,126.25932810013182,1.9888877998455428,5.727215226788078,0.050766726068686485,0.0,0.0,0.056675468351075065,0.08182606412231896,15.242533184927538,0.3304519969855017,0.625
gamma,eig@logskewnormal-poisson,32,90.0,180.0,187.42536960018333,2.9966230001300573,5.531865012736731,0.050766726068686485,0.0,0.024568481297061018,0.0,0.0,6.48888798470967,0.23049772461219548,0.9375
gamma,eig@logskewnormal-poisson,32,120.0,240.0,248.88107490027323,4.0180543003370985,5.386520122585904,0.050766726068686485,0.0,0.0,0.0,0.004353846992315447,5.183625206279966,0.20242415542301723,1.0
gamma,eig@logskewnormal-poisson,33,15.0,30.0,34.70461489981972,0.5041639999253675,5.892423508629093,0.0,0.037760856656376185,0.06343558916561298,0.0,0.018910305509274083,12.782117527340533,0.5000825754761203,0.15625
gamma,eig@logskewnormal-poisson,33,30.0,60.0,64.98165679973317,1.0425132998498157,5.745459198193321,0.0,0.037760856656376185,0.06343558916561298,0.0,0.018910305509274083,9.305275768052434,0.42328542488644383,0.3125
gamma,eig@logskewnormal-poisson,33,60.0,120.0,125.84183709981153,2.0207279000314884,5.505567008954546,0.0,0.037760856656376185,0.06343558916561298,0.0,0.018910305509274083,7.374976565178639,0.30038406566714293,0.625
gamma,eig@logskewnormal-poisson,33,90.0,180.0,187.08348049980123,3.011991399922408,5.292124638219854,0.0,0.037760856656376185,0.06343558916561298,0.0,0.014734248781990034,5.0660933120555125,0.2143333911797881,0.8958333333333334
gamma,eig@logskewnormal-poisson,33,120.0,240.0,248.6858297000872,4.029776899900753,5.2179288702630275,0.0,0.037760856656376185,0.06343558916561298,0.0,0.018910305509274083,4.40603326648262,0.1901765776943407,1.0
gamma,eig@logskewnormal-poisson,34,15.0,30.0,35.280944500118494,0.547987199970521,6.159127912359371,0.23380769721060135,0.12407255374037962,0.24448897166534134,0.3139445106177805,0.3619750286667228,21.953942943527085,0.4433302635041479,0.15625
gamma,eig@logskewnormal-poisson,34,30.0,60.0,65.54293290048372,1.1015506997937337,5.989820051831598,0.0,0.0,0.04270706901602983,0.03236801327202743,0.026059264139909,12.803009679739462,0.38638483188264755,0.3125
gamma,eig@logskewnormal-poisson,34,60.0,120.0,126.3913808009238,2.086431699746754,5.736213803715174,0.0,0.0,0.04270706901602983,0.03236801327202743,0.026059264139909,7.976814717232749,0.29645531607505726,0.625
gamma,eig@logskewnormal-poisson,34,90.0,180.0,187.44263040070655,3.044542699761223,5.612932805622989,0.0,0.0,0.04270706901602983,0.03236801327202743,0.026059264139909,6.736316613292362,0.22866445959986717,0.9375
gamma,eig@logskewnormal-poisson,34,120.0,240.0,248.92151030065725,4.064017699914984,5.496895636904637,0.0,0.0,0.0,0.03236801327202743,0.026059264139909,4.742014196901897,0.21398367030283133,1.0
gamma,eig@logskewnormal-poisson,35,15.0,30.0,34.509883199993055,0.5264420001767576,6.272956572455667,0.3042707341327259,0.4155085203819584,0.38777647620955935,0.37618467660353483,0.37639331883263905,26.12678460489165,0.464243154455946,0.15625
gamma,eig@logskewnormal-poisson,35,30.0,60.0,64.8664407999022,1.0131199003080837,6.087701526582928,0.04340185519385875,0.11536734315209773,0.105378859106953,0.0883712969782916,0.13339884494469445,20.7222891501109,0.42406847625794986,0.3125
gamma,eig@logskewnormal-poisson,35,60.0,120.0,125.76381970010698,1.969234700256493,5.771830078978251,0.04340185519385875,0.0,0.0,0.0,0.0,11.050376481300992,0.3047356202455576,0.625
gamma,eig@logskewnormal-poisson,35,90.0,180.0,186.83513670024695,2.9394445003708825,5.607518497662621,0.04340185519385875,0.0,0.0,0.0,0.0,7.096981265369393,0.22824821579927712,0.9375
gamma,eig@logskewnormal-poisson,35,120.0,240.0,248.15738930006046,4.002261500165332,5.564326145849784,0.0,0.0,0.0,0.0,0.01800976063684412,6.36289321296033,0.21023835316157372,1.0
gamma,eig@logskewnormal-poisson,36,15.0,30.0,34.4130903998157,0.508336000086274,5.919418052613601,0.1604569555364882,0.3513704548648382,0.37771791995606796,0.388101163330674,0.40421048553385486,20.558803662996965,0.4654248329737219,0.15625
gamma,eig@logskewnormal-poisson,36,30.0,60.0,65.16200949967606,0.9986810002010316,5.745581739988066,0.0,0.0,0.0,0.015380663773790992,0.07715306147340462,13.570705146564569,0.4051775031601837,0.3125
gamma,eig@logskewnormal-poisson,36,60.0,120.0,126.66304099926492,1.98708530026488,5.5217257465709375,0.0,0.0,0.0,0.015380663773790992,0.02154101790349594,9.924150857769513,0.321394916852922,0.625
gamma,eig@logskewnormal-poisson,36,90.0,180.0,188.22257949929917,2.9749031002866104,5.301147551752791,0.0,0.0,0.0,0.015380663773790992,1.1102230246251565e-16,4.264749148153313,0.219567467901621,0.9322916666666666
gamma,eig@logskewnormal-poisson,36,120.0,240.0,249.658808898821,3.9675784001592547,5.225989287260927,0.0,0.0,0.0,0.025535780200414582,0.02154101790349583,3.923733620449489,0.19641073480184618,1.0
gamma,eig@logskewnormal-poisson,37,15.0,30.0,34.44966460025171,0.5179971999605186,6.026002563666594,0.4261385944248135,0.379664218783231,0.39733524348795435,0.34778830471513134,0.35989111388282435,19.476717483719458,0.4556221598622983,0.15625
gamma,eig@logskewnormal-poisson,37,30.0,60.0,65.10966090019792,1.0283405999653041,5.860212211255798,0.0,0.09730336656950189,0.07063409716814273,0.07669042863164066,0.07128331689130352,13.125863777941111,0.41422233912529377,0.3125
gamma,eig@logskewnormal-poisson,37,60.0,120.0,126.01721000001999,1.9479382003191859,5.622096083781815,0.0,0.0,0.03515471571314077,0.0,0.004005362471690699,6.558801036240632,0.30394380366142015,0.625
gamma,eig@logskewnormal-poisson,37,90.0,180.0,187.40161670005182,2.92761610011803,5.479410371148624,0.0,0.0,0.03515471571314077,0.0,0.004005362471690699,5.496829285913033,0.23172715316232897,0.9322916666666666
gamma,eig@logskewnormal-poisson,37,120.0,240.0,248.18595010024728,3.98938920017099,5.394254972071512,0.0,0.0,0.0,0.0,0.004005362471690699,4.659458050261998,0.21425983064837334,1.0
gamma,eig@logskewnormal-poisson,38,15.0,30.0,34.47847449983237,0.49634550034534186,6.026300209992971,0.008572176416699384,0.08811292151987093,0.05874194767991392,0.15536556442666571,0.223941587356136,20.820305386422707,0.49183242319421494,0.15625
gamma,eig@logskewnormal-poisson,38,30.0,60.0,65.07056439988082,0.999121600354556,5.869474135118105,0.008572176416699384,0.08811292151987093,0.05874194767991392,0.042003431862769225,0.0,12.290774977351864,0.41765171496203346,0.3125
gamma,eig@logskewnormal-poisson,38,60.0,120.0,126.30740330024855,1.948279800300952,5.652963350132694,0.008572176416699384,0.08811292151987093,0.05874194767991392,0.042003431862769225,0.0,10.348050540143538,0.3117319495073879,0.625
gamma,eig@logskewnormal-poisson,38,90.0,180.0,187.75723100005416,2.944598000496626,5.470666608181361,0.008572176416699384,0.08811292151987093,0.05874194767991392,0.042003431862769225,0.0,5.934277195934281,0.23985482683382786,0.9375
gamma,eig@logskewnormal-poisson,38,120.0,240.0,248.65765759989154,3.970063700515311,5.4387690983909325,0.16765366662304237,0.08811292151987093,0.05874194767991392,0.042003431862769225,0.0,5.245238271631554,0.22345643067284524,1.0
gamma,eig@logskewnormal-poisson,39,15.0,30.0,34.364314299833495,0.5028430998208933,6.212465572573923,0.0,0.03567765767237552,0.12169565301378593,0.1130144654221319,0.10106787750815038,18.821404929310805,0.46114369591418636,0.15625
gamma,eig@logskewnormal-poisson,39,30.0,60.0,64.79954819986597,1.021349799935706,6.090917361880261,0.0,0.03567765767237552,0.12169565301378593,0.1130144654221319,0.10106787750815038,17.369191053442425,0.4019948604649855,0.3125
gamma,eig@logskewnormal-poisson,39,60.0,120.0,125.68759999971371,1.9716358997975476,5.729579356213879,0.0,0.03567765767237552,0.0,0.017564575254804926,0.02757710485666054,8.542407481367475,0.2900513334318422,0.625
gamma,eig@logskewnormal-poisson,39,90.0,180.0,187.52024539984995,2.9433634994202293,5.599330659892668,0.0,0.03567765767237552,0.0,0.017564575254804926,0.02757710485666054,6.246874729421369,0.22207119507604414,0.9375
gamma,eig@logskewnormal-poisson,39,120.0,240.0,248.30943740002112,3.9475120992865413,5.493166843418187,0.0,0.0,0.0,0.017564575254804926,0.019094653151359386,4.779195433297143,0.2008779564717459,1.0
gamma,eig@logskewnormal-poisson,40,15.0,30.0,34.640384199796245,0.4927163000102155,5.9895251769468425,0.05890372115342679,0.28110409421124494,0.26025866607127857,0.26749107619222245,0.2799100810536981,18.87934306750705,0.4687128901012648,0.15625
gamma,eig@logskewnormal-poisson,40,30.0,60.0,65.12185969983693,0.9975709001882933,5.816449468601017,0.05890372115342679,0.0,0.0,0.05597180720941253,0.047683074411797755,12.99052708737487,0.4227526392646106,0.3125
gamma,eig@logskewnormal-poisson,40,60.0,120.0,126.07327439956134,1.9426171000814065,5.619989201222677,0.05890372115342679,0.0,0.0,0.05341830152807303,0.07634822132162555,10.377149089743478,0.3085254969543747,0.625
gamma,eig@logskewnormal-poisson,40,90.0,180.0,187.32726259948686,2.912616899877321,5.446533058906656,0.05890372115342679,0.0,0.0,0.0,0.028665146909827688,5.51763007557703,0.22330499200232942,0.9375
gamma,eig@logskewnormal-poisson,40,120.0,240.0,245.51280449941987,3.8953249999904074,5.377525508791258,0.05890372115342679,0.0,0.0,0.0,0.03084050996285026,4.899330997377902,0.21067436939238723,1.0
gamma,eig@logskewnormal-poisson,41,15.0,30.0,35.12747260002652,0.5100643000332639,6.0976080152718835,0.0,0.0,0.005938496414233052,0.04366175711400089,0.07682116184770404,15.0285741029992,0.47915534416511163,0.15625
gamma,eig@logskewnormal-poisson,41,30.0,60.0,66.14168970001629,1.0274347001686692,5.960803994316038,0.0,0.0,0.005938496414233052,0.004855849019995251,0.03295746797003296,12.376192204669888,0.4213109433637568,0.3125
gamma,eig@logskewnormal-poisson,41,60.0,120.0,128.8265875002835,2.014206900144927,5.752420066111373,0.0,0.0,0.005938496414233052,0.004855849019995251,0.03295746797003296,8.856443703718428,0.30815866069374254,0.625
gamma,eig@logskewnormal-poisson,41,90.0,180.0,183.67567750014132,2.924643400183413,5.5538617187085535,0.0,0.0,0.005938496414233052,0.004855849019995251,0.03295746797003296,6.678534261688253,0.22663105056177738,0.9375
gamma,eig@logskewnormal-poisson,41,120.0,240.0,230.77591760008363,3.762316399719566,5.444056739496588,0.0,0.0,0.005938496414233052,0.004855849019995251,0.03295746797003296,4.348931119293618,0.21591042681620753,1.0
gamma,eig@logskewnormal-poisson,42,15.0,30.0,35.11799900000915,0.531238499970641,6.038162803157415,0.0,0.0,0.0,0.08311887971658705,0.08738599984875606,17.295505068698915,0.5151328323031278,0.15625
gamma,eig@logskewnormal-poisson,42,30.0,60.0,65.84964370023226,1.0169901998597197,5.902416642705231,0.0,0.0,0.0,0.07904583519209285,0.07209422500063023,15.724432977387263,0.4434783335698907,0.3125
gamma,eig@logskewnormal-poisson,42,60.0,120.0,120.4050967002986,1.926462299656123,5.694153740251186,0.0,0.0,0.0,0.0,0.0,8.125225719186298,0.31204004421995457,0.625
gamma,eig@logskewnormal-poisson,42,90.0,180.0,166.42643510026392,2.742997699708212,5.500620629348418,0.0,0.0,0.0,0.0,0.0,7.0825214974868995,0.2420135446842312,0.9375
gamma,eig@logskewnormal-poisson,42,120.0,240.0,207.96689330029767,3.544837699853815,5.365041942391041,0.0,0.0,0.0,0.0,0.003532807340374533,5.387751497670611,0.21379717627728748,1.0
gamma,eig@logskewnormal-poisson,43,15.0,30.0,34.34768709994387,0.4849345001275651,6.153441913085572,0.6707536127753764,0.6674141194765315,0.6563651788106238,0.7118153937418836,0.7200994254716336,19.522448016499613,0.48349260730608024,0.15625
gamma,eig@logskewnormal-poisson,43,30.0,60.0,63.41748900001403,0.9671373999444768,5.928422044795835,0.0,0.037760856656376185,0.0,0.06282453735304916,0.08548212023569846,11.847704159360047,0.42637779070269116,0.3125
gamma,eig@logskewnormal-poisson,43,60.0,120.0,109.31035259988857,1.767869399744086,5.6829591051970345,0.0,0.037760856656376185,0.0,0.0,0.0,6.316554674706011,0.3168307555637203,0.625
gamma,eig@logskewnormal-poisson,43,90.0,180.0,152.60839220002526,2.5661795992637053,5.559682449252716,0.0,0.037760856656376185,0.0,0.0,0.0,5.4165871873460665,0.255115613940921,0.9375
gamma,eig@logskewnormal-poisson,43,120.0,240.0,190.34640540013788,3.286987299157772,5.473890066422388,0.0,0.037760856656376185,0.0,0.0,0.0,5.004246302143542,0.2346181928577108,1.0
gamma,eig@logskewnormal-poisson,44,15.0,30.0,35.10826819995418,0.5253783000516705,6.081895360848058,0.0,0.0,0.0,0.0,0.016150402905941497,12.578042425110162,0.5079846517001262,0.15625
gamma,eig@logskewnormal-poisson,44,30.0,60.0,63.46342990011908,0.9958450002013706,5.937857595158835,0.0,0.0,0.0,0.0,0.0,9.396778900216074,0.4428136913104399,0.3125
gamma,eig@logskewnormal-poisson,44,60.0,120.0,109.5136665001628,1.7627845001989044,5.691113958285091,0.0,0.0,0.0,0.0,0.0,7.184396647383255,0.31866993553563794,0.625
gamma,eig@logskewnormal-poisson,44,90.0,180.0,152.91679890011437,2.570773499959614,5.490111934704477,0.0,0.0,0.0,0.0,0.0,5.240906559193264,0.24586992869502874,0.9375
gamma,eig@logskewnormal-poisson,44,120.0,240.0,190.1672307002591,3.267069899768103,5.413780105342238,0.0,0.0,0.0,0.0,0.0,4.495916700228777,0.22218582014923163,1.0
gamma,eig@logskewnormal-poisson,45,15.0,30.0,34.63291949999984,0.5227903000777587,5.923798060986814,0.0,0.0,0.03745338193177572,0.03302497339140886,0.05907835035272113,13.057929388632468,0.49133053672933047,0.15625
gamma,eig@logskewnormal-poisson,45,30.0,60.0,60.50590959988767,0.9774986000848003,5.813739564084179,0.0,0.0,0.03745338193177572,0.03302497339140886,0.05907835035272113,10.798757126545445,0.43432546469755445,0.3125
gamma,eig@logskewnormal-poisson,45,60.0,120.0,106.37474089994794,1.7532077000942081,5.580023119917125,0.0,0.0,0.03745338193177572,0.05150356837414716,0.04448725907513551,7.26964929678323,0.3209892326895598,0.625
gamma,eig@logskewnormal-poisson,45,90.0,180.0,148.7185881996411,2.552410400181543,5.419279746016085,0.0,0.0,0.03745338193177572,0.05150356837414716,0.04448725907513551,5.228369654592528,0.2427031146907096,0.9375
gamma,eig@logskewnormal-poisson,45,120.0,240.0,183.8361999996123,3.292553100094665,5.323852410862373,0.0,0.0,0.019639839281917038,0.03302497339140886,0.04448725907513551,4.263675192788213,0.21993976574361576,1.0
gamma,eig@logskewnormal-poisson,46,15.0,30.0,34.392523000133224,0.49361490010051057,6.1962978549578205,0.0,0.0,0.01800115853433093,0.0027881750668454774,0.032917282798715974,14.65703231412555,0.471342963475622,0.15625
gamma,eig@logskewnormal-poisson,46,30.0,60.0,59.80218380008591,0.9558355999761261,6.027692069296716,0.0,0.0,0.014563516028445744,0.014600232954366077,0.013090855196898343,10.791667243051432,0.3999285728126684,0.3125
gamma,eig@logskewnormal-poisson,46,60.0,120.0,105.86921400006395,1.6928131001768634,5.782539016323838,0.0,0.0,0.014563516028445744,0.014600232954366077,0.013090855196898343,8.516668380047898,0.3041324323320996,0.625
gamma,eig@logskewnormal-poisson,46,90.0,180.0,147.87766430003103,2.4432894999044947,5.525144311518802,0.0,0.0,0.014563516028445744,0.014600232954366077,0.013090855196898343,6.310425999377368,0.21171331546959452,0.9375
gamma,eig@logskewnormal-poisson,46,120.0,240.0,182.7828695003991,3.095564700081013,5.404516223065546,0.0,0.0,0.0,0.0,0.0007915682820271996,5.128124076147861,0.19543795866013833,1.0
gamma,eig@logskewnormal-poisson,47,15.0,30.0,32.81244219985092,0.49547959968913347,6.1243813497923085,0.0,0.0,0.10582671405698896,0.09329633726416575,0.12033892991773631,20.303691327592038,0.48975664175460637,0.15625
gamma,eig@logskewnormal-poisson,47,30.0,60.0,55.73682589974487,0.9201115998439491,5.974836934523455,0.0,0.0,0.10582671405698896,0.09329633726416575,0.12033892991773631,19.534267517793417,0.4545218828327507,0.3125
gamma,eig@logskewnormal-poisson,47,60.0,120.0,101.55381509993458,1.7320487000397407,5.732781329666903,0.0,0.0,0.06535818018049566,0.0849878450414644,0.07731985694618249,16.627988810797792,0.3550694872276395,0.625
gamma,eig@logskewnormal-poisson,47,90.0,180.0,141.85433979996014,2.493115899793338,5.621237518460245,0.0,0.0,0.06535818018049566,0.0849878450414644,0.07731985694618249,16.398188222960677,0.29768795665113135,0.9322916666666666
gamma,eig@logskewnormal-poisson,47,120.0,240.0,170.47999910009094,3.135689699440263,5.3570334761980485,0.0,0.0,0.0,0.0,0.0062657885593520035,5.06520619182544,0.20971209300745408,1.0
gamma,eig@logskewnormal-poisson,48,15.0,30.0,28.48499460000312,0.39465229999041185,6.018299207154759,0.1604569555364882,0.24339888354347872,0.286169721402163,0.2736452576627586,0.2313139524115414,18.028664891149372,0.4890927624986047,0.15625
gamma,eig@logskewnormal-poisson,48,30.0,60.0,51.66087950009387,0.8216597998980433,5.874223914645015,0.0,0.0,0.0,0.008399211204512813,0.04078166549314899,12.065290713995731,0.43850581279558415,0.3125
gamma,eig@logskewnormal-poisson,48,60.0,120.0,95.96608540014131,1.6367159998626448,5.637888661167859,0.0,0.0,0.0,0.008399211204512813,0.04078166549314899,7.478278240337972,0.31323909513095866,0.625
gamma,eig@logskewnormal-poisson,48,90.0,180.0,134.45492760033812,2.368398799735587,5.451077798444243,0.0,0.0,0.0,0.008399211204512813,0.04078166549314899,5.509175191208423,0.24166979388303722,0.9322916666666666
gamma,eig@logskewnormal-poisson,48,120.0,240.0,156.67766820068937,2.936956199759152,5.356187765289252,0.0,0.051645831526890396,0.0,0.008399211204512813,0.007099902835698169,4.892524342836516,0.21918332986577552,1.0
gamma,eig@logskewnormal-poisson,49,15.0,30.0,28.222052499826532,0.43662219995167106,5.929909323551601,0.0,0.0,0.007262781841736787,0.07204030226700253,0.10388829215896878,13.375192232228684,0.43008883103579065,0.15625
gamma,eig@logskewnormal-poisson,49,30.0,60.0,51.243112499883864,0.8573799997102469,5.783683975219707,0.0,0.08547739429692247,0.0,0.0,0.0,8.459055912531824,0.38394661907804306,0.3125
gamma,eig@logskewnormal-poisson,49,60.0,120.0,95.59668859973317,1.697050700080581,5.638578412298361,0.0,0.08547739429692247,0.0,0.0,0.0,6.897203418213826,0.29728992361944107,0.625
gamma,eig@logskewnormal-poisson,49,90.0,180.0,134.28025369957322,2.432334399956744,5.469536485352456,0.0,0.08547739429692247,0.0,0.0,0.0,5.06755780418208,0.22488553627526978,0.9375
gamma,eig@logskewnormal-poisson,49,120.0,240.0,155.96697339933598,2.9690204998478293,5.419713377693234,0.0,0.0,0.0,0.0,0.0,4.24871540453454,0.21435625032345829,1.0
gamma,eig@gammamix-poisson,0,15.0,30.0,0.42172499984735623,0.011993299995083362,6.068767959194098,0.0,0.10454931088924224,0.16175986909055384,0.14964233906113267,0.1638049175273053,16.58269109480759,0.46282417993822134,0.15625
gamma,eig@gammamix-poisson,0,30.0,60.0,0.6282857998739928,0.024026199767831713,5.955420739160144,0.05890372115342679,0.0,0.0,0.004524531505748719,0.0,11.54808966709237,0.397427989461893,0.3125
gamma,eig@gammamix-poisson,0,60.0,120.0,1.1640315996482968,0.050907799566630274,5.684059758898953,0.05890372115342679,0.0,0.0,0.004524531505748719,0.0,6.07308779981707,0.28654631382998913,0.6041666666666666
gamma,eig@gammamix-poisson,0,90.0,180.0,1.6204382996074855,0.07736479950835928,5.52504380083192,0.05890372115342679,0.0,0.0,0.004524531505748719,0.0,5.227382873506508,0.23442099051397394,0.8645833333333334
gamma,eig@gammamix-poisson,0,120.0,240.0,1.9857020993949845,0.10005209961673245,5.474945418817003,0.05890372115342679,0.0,0.0,0.0,0.0,4.7860506706779935,0.21572952342212126,1.0
gamma,eig@gammamix-poisson,1,15.0,30.0,0.3639034999650903,0.009474200254771858,6.138539342837234,0.0,0.2669328674819066,0.2271591531806001,0.24640826106759128,0.21524105439975838,13.251066269523573,0.4557885294775604,0.15625
gamma,eig@gammamix-poisson,1,30.0,60.0,0.6410267997998744,0.019671600311994553,5.987901078212978,0.0,0.0,0.0,0.04808461760398908,0.004362093376853782,9.833881822077531,0.39806991609922415,0.3125
gamma,eig@gammamix-poisson,1,60.0,120.0,0.9937862998340279,0.04046580020803958,5.7606370709709145,0.0,0.0,0.0,0.04808461760398908,0.004362093376853782,8.102284300718964,0.2963853785673062,0.6041666666666666
gamma,eig@gammamix-poisson,1,90.0,180.0,1.3956439996836707,0.06412629992701113,5.575766753169856,0.0,0.0,0.0,0.04808461760398908,0.004362093376853782,6.161644522801531,0.22833229712011313,0.8854166666666666
gamma,eig@gammamix-poisson,1,120.0,240.0,1.7979180996189825,0.08765649981796741,5.510238287730889,0.0,0.0,0.0,0.0,0.0,5.471415664870348,0.21356567389281508,1.0
gamma,eig@gammamix-poisson,2,15.0,30.0,0.41104490007273853,0.010315500025171787,6.475185228155186,0.5616117983173823,0.343457793565908,0.2639764148540321,0.2143683133225045,0.1814110463751697,19.34186131309205,0.4767032631979695,0.15625
gamma,eig@gammamix-poisson,2,30.0,60.0,0.6610755000147037,0.022082300041802227,6.364623138945674,0.5616117983173823,0.343457793565908,0.2639764148540321,0.2143683133225045,0.1814110463751697,18.19443423468884,0.4255305127292844,0.3125
gamma,eig@gammamix-poisson,2,60.0,120.0,1.0984224998392165,0.045324199891183525,6.099649436716686,0.0,0.12034319876955546,0.025358087745408597,0.02059263704324943,0.012133782626939982,10.765824836628617,0.3249656638289627,0.6041666666666666
gamma,eig@gammamix-poisson,2,90.0,180.0,1.5386893998947926,0.06964140001218766,5.721045305770027,0.0,0.12034319876955546,0.025358087745408597,0.02059263704324943,0.012133782626939982,7.544559759560794,0.23731326076845757,0.875
gamma,eig@gammamix-poisson,2,120.0,240.0,1.9721649994025938,0.09560499945655465,5.602502207777218,0.0,0.0,0.0,0.0,0.012133782626939982,6.7909588665620095,0.21342848587466456,1.0
gamma,eig@gammamix-poisson,3,15.0,30.0,0.41820610011927783,0.017847699986305088,6.24982265468005,0.19689468118130493,0.20233440326816465,0.20442161832603534,0.1562676510622275,0.10362607967865023,16.699281852319594,0.443527044030492,0.15625
gamma,eig@gammamix-poisson,3,30.0,60.0,0.7335259999381378,0.02992969990009442,6.092108311434626,0.19689468118130493,0.20233440326816465,0.20442161832603534,0.1562676510622275,0.10362607967865023,15.716089291528169,0.4013219163299372,0.3125
gamma,eig@gammamix-poisson,3,60.0,120.0,1.1873159995884635,0.052801999845542014,5.822862714203137,0.19689468118130493,0.0,0.0644366787190187,0.09851569034751184,0.055662008513103545,7.786352357753351,0.2867769323419838,0.6041666666666666
gamma,eig@gammamix-poisson,3,90.0,180.0,1.6640657996176742,0.0779685999150388,5.625409968957402,0.19689468118130493,0.0,0.0644366787190187,0.09851569034751184,0.055662008513103545,6.630615815347349,0.23988364090249834,0.8645833333333334
gamma,eig@gammamix-poisson,3,120.0,240.0,2.0764774997951463,0.0995835000067018,5.54201135022488,0.19689468118130493,0.0,0.0,0.049257845173755865,0.014752457354375581,5.4688171627745055,0.2211939402738563,1.0
gamma,eig@gammamix-poisson,4,15.0,30.0,0.39998010004637763,0.010294299863744527,6.105560438884955,0.0,0.02945186057671345,0.0,0.10087212368982745,0.09730639730639745,14.264448144256177,0.44647061082122763,0.15625
gamma,eig@gammamix-poisson,4,30.0,60.0,0.7332754000090063,0.02331989986123517,5.979878997425087,0.0,0.02945186057671345,0.05700380087141932,0.0,0.019285054442475857,9.17947330805865,0.37598937665607784,0.3125
gamma,eig@gammamix-poisson,4,60.0,120.0,1.1618183998507448,0.046696199802681804,5.755865772574057,0.0,0.02945186057671345,0.05700380087141932,0.0,0.019285054442475857,6.994550496330321,0.28318246294166016,0.6041666666666666
gamma,eig@gammamix-poisson,4,90.0,180.0,1.5940061997971497,0.06832950026728213,5.535088791793115,0.0,0.02945186057671345,0.05700380087141932,0.0,0.019285054442475857,5.704862429130801,0.22578821258127615,0.875
gamma,eig@gammamix-poisson,4,120.0,240.0,1.9892587997601368,0.09757870016619563,5.4532906849858165,0.0,0.0,0.0,0.0,0.019285054442475857,4.604411064844922,0.20727231962329906,1.0
gamma,eig@gammamix-poisson,5,15.0,30.0,0.39037620002636686,0.015204499999526888,6.406002770657667,0.0,0.0,0.0,0.0,0.05614299766632158,18.206496653030637,0.45572259069919907,0.15625
gamma,eig@gammamix-poisson,5,30.0,60.0,0.674401400028728,0.02777150005567819,6.216550637567078,0.0,0.0,0.0,0.0,0.004802935415663123,13.633002794986224,0.38778707154435255,0.3125
gamma,eig@gammamix-poisson,5,60.0,120.0,1.2809991999529302,0.053522900387179106,5.899726454337549,0.0,0.0,0.0,0.0,0.0,7.13649900982318,0.28097872278969355,0.6041666666666666
gamma,eig@gammamix-poisson,5,90.0,180.0,1.8029877999215387,0.07726430066395551,5.671583485173578,0.0,0.0,0.0,0.0,0.0,5.488069058256209,0.23302404331066578,0.8385416666666666
gamma,eig@gammamix-poisson,5,120.0,240.0,2.102252999902703,0.09548850078135729,5.6097079245389,0.0,0.0,0.0,0.0,0.0,5.428781934917541,0.20320378223357202,1.0
gamma,eig@gammamix-poisson,6,15.0,30.0,0.4246940999873914,0.012380200030747801,6.177447330482381,0.0,0.0,0.0,0.04323361938760262,0.06496455198815776,15.192488919564115,0.45187876037587527,0.15625
gamma,eig@gammamix-poisson,6,30.0,60.0,0.7845912001794204,0.026134700106922537,6.01884466470412,0.0,0.0,0.007150050582440337,2.220446049250313e-16,2.220446049250313e-16,11.353971317987092,0.39967558462861524,0.3125
gamma,eig@gammamix-poisson,6,60.0,120.0,1.2209719003876671,0.05062430049292743,5.774056899342132,0.0,0.0,0.007150050582440337,2.220446049250313e-16,2.220446049250313e-16,7.433026612643661,0.2890919825363516,0.6041666666666666
gamma,eig@gammamix-poisson,6,90.0,180.0,1.6453068006085232,0.07407470076577738,5.61862751872647,0.0,0.0,0.0,0.0,0.0,6.114099364479854,0.23696133763985855,0.8697916666666666
gamma,eig@gammamix-poisson,6,120.0,240.0,1.976474000432063,0.09359150077216327,5.5276159181952265,0.0,0.0,0.0,0.0,0.0,5.48561348854214,0.2159478409135908,1.0
gamma,eig@gammamix-poisson,7,15.0,30.0,0.433390699850861,0.012487199972383678,6.032953595358791,0.0,0.133010766041593,0.13577110391530278,0.11096768880353569,0.14559405616173537,14.305364726137164,0.43506823634489594,0.15625
gamma,eig@gammamix-poisson,7,30.0,60.0,0.7875061996164732,0.024400500173214823,5.866902561110275,0.0,0.0,0.0,0.02160994193039778,0.022645892722566452,8.676294066686223,0.3668589028995493,0.3125
gamma,eig@gammamix-poisson,7,60.0,120.0,1.2920450995443389,0.05224450019886717,5.589686263407752,0.0,0.0,0.0,0.02160994193039778,0.022645892722566452,5.163150789859338,0.24424183618798812,0.6041666666666666
gamma,eig@gammamix-poisson,7,90.0,180.0,1.6978617995628156,0.07115780020831153,5.4993845215058315,0.0,0.0,0.0,0.02160994193039778,0.022645892722566452,4.676371284546937,0.215508493560202,0.8541666666666666
gamma,eig@gammamix-poisson,7,120.0,240.0,1.9564013992785476,0.09019309986615553,5.43689985937439,0.0,0.0,0.0,0.0026960472537086444,0.01831367344932655,4.3821315378119445,0.20317213995260214,1.0
gamma,eig@gammamix-poisson,8,15.0,30.0,0.45062740007415414,0.013135599961970001,6.403965663000956,0.3648302387128344,0.2884787407250098,0.25885348098815153,0.22155394131493333,0.1964529420386627,18.67139236642633,0.44732102830616455,0.15625
gamma,eig@gammamix-poisson,8,30.0,60.0,0.7820273001561873,0.024997499771416187,6.224185521553044,0.3648302387128344,0.2884787407250098,0.25885348098815153,0.22155394131493333,0.1964529420386627,17.279394995463598,0.4154713059973494,0.3125
gamma,eig@gammamix-poisson,8,60.0,120.0,1.260837500100024,0.04873979970579967,5.914714000544964,0.0,0.0,0.004905424765740074,0.03369864667275424,0.03931599433252464,8.163396597539274,0.2934848312527368,0.6041666666666666
gamma,eig@gammamix-poisson,8,90.0,180.0,1.844319099909626,0.07073629985097796,5.695216699737351,0.0,0.0,0.004905424765740074,0.03369864667275424,0.03931599433252464,6.801582333121744,0.23536466668101683,0.828125
gamma,eig@gammamix-poisson,8,120.0,240.0,2.0968958997982554,0.09017959993798286,5.618042005448434,0.0,0.0,0.004905424765740074,0.003946474359598495,0.014428936696904149,5.872462279526432,0.22072320420194733,1.0
gamma,eig@gammamix-poisson,9,15.0,30.0,0.41828650020761415,0.01254210015758872,6.315574550370136,0.0,0.0,0.0,0.07788291113353163,0.10635859647996249,18.3954122273407,0.45950781930515894,0.15625
gamma,eig@gammamix-poisson,9,30.0,60.0,0.749027400277555,0.024231000104919076,6.1669046356553325,0.0,0.0,0.0,0.07788291113353163,0.10635859647996249,17.014946227366266,0.41911604931434004,0.3125
gamma,eig@gammamix-poisson,9,60.0,120.0,1.2727256001671776,0.04868730012094602,5.919146089734589,0.0,0.0,0.003440460633779674,0.01814927154293655,0.0,9.765641451897913,0.3122070949151034,0.6041666666666666
gamma,eig@gammamix-poisson,9,90.0,180.0,1.6774393003433943,0.06952710030600429,5.566904887272649,0.0,0.0,0.003440460633779674,0.01814927154293655,0.0,6.770673674952602,0.23343671399249125,0.8541666666666666
gamma,eig@gammamix-poisson,9,120.0,240.0,1.9626298002549447,0.08804930036421865,5.450481532721895,0.0,0.0,0.0,0.0,0.0,5.6324978026219625,0.2086632825612604,1.0
gamma,eig@gammamix-poisson,10,15.0,30.0,0.37593270011711866,0.01219659997150302,6.170389816318568,0.0,0.0073704802629662725,0.031894955823164706,0.11098647321032806,0.14079017469085597,14.336023915690456,0.47972686065431736,0.15625
gamma,eig@gammamix-poisson,10,30.0,60.0,0.6612147002015263,0.023761399963404983,6.034881729332379,0.0,0.0073704802629662725,0.0,0.0,0.0,11.34743657529444,0.3970018744405216,0.3125
gamma,eig@gammamix-poisson,10,60.0,120.0,1.1180158002534881,0.04563519993098453,5.724030132678908,0.0,0.0073704802629662725,0.0,0.0,0.0,7.397483104200369,0.2936834125003621,0.6041666666666666
gamma,eig@gammamix-poisson,10,90.0,180.0,1.5662580003845505,0.06714460026705638,5.516509288102333,0.0,0.0073704802629662725,0.0,0.0,0.0,5.423652320093029,0.24069112765321368,0.859375
gamma,eig@gammamix-poisson,10,120.0,240.0,1.9060399003210478,0.08725210023112595,5.418888903905859,0.0,0.0073704802629662725,0.0,0.0,0.0,4.578074377379639,0.2196960419948195,1.0
gamma,eig@gammamix-poisson,11,15.0,30.0,0.4024291999521665,0.013262299878988415,6.168825085571797,0.1155566629196555,0.20707457390512907,0.08874634827892791,0.0981603727037118,0.13239623697012814,17.35708013088368,0.4843611669942657,0.15625
gamma,eig@gammamix-poisson,11,30.0,60.0,0.610417999967467,0.02370579994749278,6.047917668431041,0.1155566629196555,0.20707457390512907,0.08874634827892791,0.09276873776221961,0.09623960612371008,14.587476775126557,0.4210136973646777,0.3125
gamma,eig@gammamix-poisson,11,60.0,120.0,1.0595171999302693,0.050549899984616786,5.789114082292578,0.1155566629196555,0.20707457390512907,0.08874634827892791,0.0,0.017079492834485732,8.473885627961442,0.30644104351351303,0.6041666666666666
gamma,eig@gammamix-poisson,11,90.0,180.0,1.4122864998062141,0.07357239973498508,5.625603241351136,0.1155566629196555,0.20707457390512907,0.08874634827892791,0.0,0.017079492834485732,7.736901877570412,0.25165241331222893,0.8854166666666666
gamma,eig@gammamix-poisson,11,120.0,240.0,1.8611874998314306,0.09730119979940355,5.539280898877332,0.1155566629196555,0.0,0.0,0.020191233983764212,0.017079492834485732,6.295005484829243,0.23827141576350905,1.0
gamma,eig@gammamix-poisson,12,15.0,30.0,0.3637373999808915,0.01074470003368333,6.219125337475565,0.16765366662304237,0.23256443755338174,0.2105880886552146,0.2579035266160745,0.20554517899076974,15.941805814526097,0.4534077585683265,0.15625
gamma,eig@gammamix-poisson,12,30.0,60.0,0.64145399996778,0.022417499916628003,6.067489589919735,0.0,0.0,0.0,0.02202360151114413,0.01880360214586041,10.566571644696433,0.41594671337005124,0.3125
gamma,eig@gammamix-poisson,12,60.0,120.0,1.1414578996482305,0.043537599791307,5.908353256553884,0.0,0.0,0.0,0.02202360151114413,0.01880360214586041,8.634973506789928,0.31792173002224927,0.6041666666666666
gamma,eig@gammamix-poisson,12,90.0,180.0,1.5534620998078026,0.06562439980916679,5.673570951031079,0.0,0.0,0.0,0.02202360151114413,0.01880360214586041,7.453862455702274,0.2551334410673788,0.8802083333333334
gamma,eig@gammamix-poisson,12,120.0,240.0,1.9189734000246972,0.08578069979557768,5.531988398346237,0.0,0.0,0.0,0.0,0.0,5.552797094965115,0.22516667634131773,1.0
gamma,eig@gammamix-poisson,13,15.0,30.0,0.3525676000281237,0.011302200029604137,6.216953500262882,0.0,0.13987883943566837,0.15121335938887892,0.13346556138558152,0.1364841112764431,16.70842265073385,0.42277977719096466,0.15625
gamma,eig@gammamix-poisson,13,30.0,60.0,0.7290460002841428,0.023620099760591984,6.043751419945406,0.0,0.13987883943566837,0.11074080653757323,0.1221597758820624,0.10247131169250168,13.976168171975333,0.3696241638374344,0.3125
gamma,eig@gammamix-poisson,13,60.0,120.0,1.1569395004189573,0.0473138996749185,5.764152267286964,0.0,0.0,0.0,0.0,0.02742664798254868,7.455523935974074,0.27969959992010235,0.6041666666666666
gamma,eig@gammamix-poisson,13,90.0,180.0,1.676390900334809,0.07381149975117296,5.657915569223671,0.0,0.0,0.0,0.0,0.02742664798254868,6.7647514929354555,0.2448792555332868,0.8489583333333334
gamma,eig@gammamix-poisson,13,120.0,240.0,2.0362973004812375,0.09600879973731935,5.553540973862471,0.0,0.0,0.004801326464143885,0.0038788171043011577,0.0,5.084522004935456,0.224153393852319,1.0
gamma,eig@gammamix-poisson,14,15.0,30.0,0.37020569981541485,0.013041600002907217,6.170257286739968,0.008572176416699384,0.0,0.0,0.06304117029627343,0.11623551492371564,17.418273295369673,0.4528098666640147,0.15625
gamma,eig@gammamix-poisson,14,30.0,60.0,0.6778202999266796,0.024374500091653317,6.031566145633366,0.008572176416699384,0.0,0.0,0.06304117029627343,0.11623551492371564,15.818166221714213,0.3983246992878268,0.3125
gamma,eig@gammamix-poisson,14,60.0,120.0,1.0610655999043956,0.04526719992281869,5.78172255294857,0.008572176416699384,0.0,0.0,0.0,0.0,7.545972420560481,0.2920811237566232,0.6041666666666666
gamma,eig@gammamix-poisson,14,90.0,180.0,1.5477407995495014,0.0687891001580283,5.607549381558321,0.008572176416699384,0.0,0.0,0.0,0.0,6.714991936606314,0.24665825220639453,0.859375
gamma,eig@gammamix-poisson,14,120.0,240.0,1.9066476997104473,0.08981150039471686,5.5101942335838885,0.008572176416699384,0.0,0.0,0.0,0.0,5.511516736006781,0.22875320842612581,1.0
gamma,eig@gammamix-poisson,15,15.0,30.0,0.38020670018158853,0.011364099744241685,6.2344310478853515,0.0,0.0,0.036099642841438295,0.02887415588069786,0.01949512381758689,14.253826062756797,0.45764401226684703,0.15625
gamma,eig@gammamix-poisson,15,30.0,60.0,0.6421455001691356,0.024201499647460878,6.1259360258981586,0.0,0.0,0.036099642841438295,0.02887415588069786,0.02405870956187628,11.3025217878614,0.3931301006126479,0.3125
gamma,eig@gammamix-poisson,15,60.0,120.0,1.1244000002625398,0.049485799856483936,5.941210499484576,0.0,0.0,0.036099642841438295,0.02887415588069786,0.02405870956187628,8.565122481578353,0.3079514933441702,0.6041666666666666
gamma,eig@gammamix-poisson,15,90.0,180.0,1.5728891004109755,0.07142430008389056,5.669420675572174,0.0,0.0,0.036099642841438295,0.02887415588069786,0.02405870956187628,6.870131550642175,0.24487470490425925,0.859375
gamma,eig@gammamix-poisson,15,120.0,240.0,1.9287643005955033,0.0928665001410991,5.553694402141446,0.0,0.0,0.036099642841438295,0.02887415588069786,0.02405870956187628,5.4648214070416055,0.2248298073900381,1.0
gamma,eig@gammamix-poisson,16,15.0,30.0,0.3774520999286324,0.012598899833392352,6.222582290610542,0.01577368333485396,0.0371672702978304,0.17103205117566456,0.24675842902759493,0.2998356771248605,21.683171350858164,0.4955078544764793,0.15625
gamma,eig@gammamix-poisson,16,30.0,60.0,0.6753784000175074,0.024960900016594678,6.108996041973065,0.01577368333485396,0.0,0.0,0.06302898309405458,0.1046336808324031,14.727116126859004,0.4188522745365655,0.3125
gamma,eig@gammamix-poisson,16,60.0,120.0,1.0319554000161588,0.050728600297588855,5.822370242279768,0.01577368333485396,0.0,0.0,0.06302898309405458,0.037968426088343166,8.034068423412442,0.32286617383483224,0.6041666666666666
gamma,eig@gammamix-poisson,16,90.0,180.0,1.4556271999026649,0.07360110036097467,5.607590430653862,0.01577368333485396,0.0,0.0,0.06302898309405458,0.07201154122149589,6.277131511205904,0.2591929807794556,0.8541666666666666
gamma,eig@gammamix-poisson,16,120.0,240.0,1.725357199786231,0.09560780029278249,5.592306658125721,0.01577368333485396,0.0371672702978304,0.0,0.04026600376931999,0.01872333957901462,6.307424849097544,0.24379205620695055,1.0
gamma,eig@gammamix-poisson,17,15.0,30.0,0.4296123001840897,0.01134289987385273,6.392740252200819,0.0,0.24614960956244825,0.34410897225564185,0.37443121630381504,0.3843209712811362,25.40031234935267,0.4670648062381865,0.15625
gamma,eig@gammamix-poisson,17,30.0,60.0,0.7439037000294775,0.02270219975616783,6.226938475131582,0.008572176416699384,0.004286088208349748,0.0,0.021456321982812554,0.0669200163970004,18.384476650841272,0.4178008815148849,0.3125
gamma,eig@gammamix-poisson,17,60.0,120.0,1.0806331997737288,0.044494399568066,5.957878361286988,0.008572176416699384,0.004286088208349748,0.0,0.021456321982812554,0.01799811916761107,11.707097286715053,0.2871409097016784,0.6041666666666666
gamma,eig@gammamix-poisson,17,90.0,180.0,1.3725395996589214,0.06247889931546524,5.679179729427278,0.008572176416699384,0.004286088208349748,0.09060301141128002,0.01937220710640042,0.01799811916761107,8.355514102936148,0.22418643290360543,0.859375
gamma,eig@gammamix-poisson,17,120.0,240.0,1.6439582995371893,0.08185839949874207,5.62398263207416,0.008572176416699384,0.004286088208349748,0.0,0.01937220710640042,0.01799811916761107,7.111603326666196,0.2150579158990664,1.0
gamma,eig@gammamix-poisson,18,15.0,30.0,0.38657600013539195,0.01282329997047782,6.157466915947794,0.0,0.10133644118799001,0.14280184191883405,0.1479370145243296,0.1423567252057697,13.818558169626241,0.45636313461013317,0.15625
gamma,eig@gammamix-poisson,18,30.0,60.0,0.7456598001881503,0.028946099919267,6.001979291989404,0.0,0.0,0.0,0.0,0.004208824413250656,9.532648700194917,0.4120686033648989,0.3125
gamma,eig@gammamix-poisson,18,60.0,120.0,1.1245135999051854,0.051172199950087816,5.785107890710563,0.0,0.0,0.0,0.0,0.004208824413250656,8.099084237237614,0.30591293333524094,0.6041666666666666
gamma,eig@gammamix-poisson,18,90.0,180.0,1.533734999888111,0.07220819994108751,5.5075434031090476,0.0,0.0,0.0,0.0,0.004208824413250656,6.484669610466035,0.22078586072486192,0.8541666666666666
gamma,eig@gammamix-poisson,18,120.0,240.0,1.943001399980858,0.0938462998601608,5.405863955998811,0.0,0.0,0.0,0.0,0.015572316080596504,5.376310476556944,0.19366487108480054,1.0
gamma,eig@gammamix-poisson,19,15.0,30.0,0.4247035000589676,0.011509199975989759,6.219584093324407,0.4073605041961753,0.21589590458498975,0.19373385955992284,0.16472018297136515,0.1707053282018709,17.623037267665307,0.45994185863186293,0.15625
gamma,eig@gammamix-poisson,19,30.0,60.0,0.6904374998412095,0.02296039997600019,6.103048849100412,0.0,0.15592125136716373,0.047393366121813885,0.03828665242760754,0.03211558889808408,14.49755001629017,0.3962555206021089,0.3125
gamma,eig@gammamix-poisson,19,60.0,120.0,1.1444767997018062,0.04671050002798438,5.805569614758355,0.0,0.15592125136716373,0.11302989725492951,0.008212604983236726,0.006888892830802962,8.572196881557737,0.2863810507537929,0.6041666666666666
gamma,eig@gammamix-poisson,19,90.0,180.0,1.4793519994127564,0.06724099995335564,5.615626663907508,0.0,0.15592125136716373,0.11302989725492951,0.008212604983236726,0.006888892830802962,7.257108486448099,0.2387009881106792,0.859375
gamma,eig@gammamix-poisson,19,120.0,240.0,1.8802136994199827,0.08620200009318069,5.481850831544308,0.0,0.09054356695196264,0.0,0.008212604983236838,0.006888892830802962,5.599557120969149,0.20846232026150624,1.0
gamma,eig@gammamix-poisson,20,15.0,30.0,0.30854530015494674,0.008627200033515692,6.257001869587274,0.0,0.0,0.030805315414543677,0.051592473669877625,0.07507784636343262,16.074842245064012,0.4270534723179434,0.15625
gamma,eig@gammamix-poisson,20,30.0,60.0,0.585182800074108,0.018796500109601766,6.119072286484184,0.0,0.0,0.07680594405132635,0.06460733337977653,0.05126031429058964,12.349316825853645,0.38282004309953105,0.3125
gamma,eig@gammamix-poisson,20,60.0,120.0,0.9851782001787797,0.03601790015818551,5.776993303449422,0.0,0.0,0.05938847904235911,0.0874521054598193,0.07302644660966395,6.049296467537195,0.2722818989869594,0.6041666666666666
gamma,eig@gammamix-poisson,20,90.0,180.0,1.4437095004250295,0.056302999961189926,5.622744643009551,0.0,0.0,0.05938847904235911,0.0874521054598193,0.07302644660966395,5.530869573358026,0.2277154871127353,0.8229166666666666
gamma,eig@gammamix-poisson,20,120.0,240.0,1.690649600524921,0.072186199715361,5.538954001804664,0.0,0.0,0.030805315414543677,0.0032210463650814702,0.021766132319074205,4.706882203350176,0.20747343244042346,1.0
gamma,eig@gammamix-poisson,21,15.0,30.0,0.3229912001406774,0.009392100211698562,6.101413171434885,0.38903807596187656,0.3375541941911613,0.3098434809931855,0.2561469296313029,0.21669325678664053,13.634615095820056,0.45722596791767367,0.15625
gamma,eig@gammamix-poisson,21,30.0,60.0,0.5902161003323272,0.018472300143912435,5.949028211617386,0.0,0.10820742816803919,0.15928876552988724,0.13628044772654146,0.11469068195957899,11.478014364503329,0.3926374282567377,0.3125
gamma,eig@gammamix-poisson,21,60.0,120.0,0.9721188000985421,0.03598970017628744,5.597724182319896,0.0,0.10820742816803919,0.07481039736000106,0.0067078174721796335,0.012195317264277028,5.519807578878998,0.2925996356270128,0.6041666666666666
gamma,eig@gammamix-poisson,21,90.0,180.0,1.3857034999527968,0.054402500158175826,5.421105474601475,0.0,0.10820742816803919,0.07481039736000106,0.0067078174721796335,0.012195317264277028,4.778867120960797,0.2376261212383666,0.84375
gamma,eig@gammamix-poisson,21,120.0,240.0,1.5831460003973916,0.06851010024547577,5.350180515603469,0.0,0.0,0.07481039736000106,0.0067078174721796335,0.0,4.198417645449845,0.2129254389276391,1.0
gamma,eig@gammamix-poisson,22,15.0,30.0,0.3890506001189351,0.009330599859822541,6.259181307770102,0.0,0.00988403987666231,0.1003146655352849,0.1581842589029968,0.11701401491810781,18.649600405681728,0.43710860866448326,0.15625
gamma,eig@gammamix-poisson,22,30.0,60.0,0.6583215001155622,0.017315499833784997,6.08838153599887,0.0,0.00988403987666231,0.006927503182010963,0.05152238040271906,0.04238661590795911,11.47225571801899,0.3855912220559965,0.3125
gamma,eig@gammamix-poisson,22,60.0,120.0,1.0791451000259258,0.036359600082505494,5.823344603072239,0.0,0.00988403987666231,0.006927503182010963,0.05152238040271906,0.04238661590795911,8.329477639494494,0.28194442037326994,0.6041666666666666
gamma,eig@gammamix-poisson,22,90.0,180.0,1.4727334000053816,0.05506100016646087,5.609485527024776,0.0,0.00988403987666231,0.006927503182010963,0.01594972425291774,0.05199588077893791,7.238507209298305,0.22821728924606305,0.8489583333333334
gamma,eig@gammamix-poisson,22,120.0,240.0,1.7328287996933796,0.07008110004244372,5.490401862518922,0.0,0.00988403987666231,0.006927503182010963,0.0,0.0,4.97559444046916,0.20886545896973882,1.0
gamma,eig@gammamix-poisson,23,15.0,30.0,0.3669085996807553,0.008547099947463721,6.224483296530441,0.0,0.0,0.0,0.022168872567189357,0.0369771837346482,12.906108324718794,0.4771007773561311,0.15625
gamma,eig@gammamix-poisson,23,30.0,60.0,0.5588999995961785,0.017143899924121797,6.097142536286436,0.0,0.0,0.0,0.022168872567189357,2.220446049250313e-16,10.894527217304786,0.4381499268380968,0.3125
gamma,eig@gammamix-poisson,23,60.0,120.0,0.9724345997674391,0.035928600176703185,5.853034991317256,0.0,0.0,0.0,0.022168872567189357,2.220446049250313e-16,7.687559137891941,0.3276049509360316,0.6041666666666666
gamma,eig@gammamix-poisson,23,90.0,180.0,1.2658727998496033,0.051220500259660184,5.590678783341237,0.0,0.0,0.0,0.022168872567189357,2.220446049250313e-16,5.883960844629665,0.2654443394394965,0.875
gamma,eig@gammamix-poisson,23,120.0,240.0,1.5726878995774314,0.06743270048173144,5.45272941267343,0.0,0.0,0.0,0.0,0.0,5.007751317450623,0.2266120698505908,1.0
gamma,eig@gammamix-poisson,24,15.0,30.0,0.34840699995402247,0.010869499994441867,6.335787016902413,0.0,0.0,0.0,0.0,0.06121594219787907,16.359490587655003,0.451098309788357,0.15625
gamma,eig@gammamix-poisson,24,30.0,60.0,0.6098532000323758,0.021242199814878404,6.213183388715916,0.0,0.0,0.0,0.0,0.035111292390164306,14.123523873443002,0.4083434017217335,0.3125
gamma,eig@gammamix-poisson,24,60.0,120.0,0.929917300294619,0.04060269991168752,5.923903347073636,0.0,0.0,0.0,0.0,0.035111292390164306,8.965308308942891,0.29785707726945154,0.6041666666666666
gamma,eig@gammamix-poisson,24,90.0,180.0,1.2241612000507303,0.057577600120566785,5.73683364574853,0.0,0.0,0.0,0.0,0.035111292390164306,7.9068772236553535,0.2454533021466602,0.8802083333333334
gamma,eig@gammamix-poisson,24,120.0,240.0,1.5316510002012365,0.07417339988751337,5.643829671953559,0.0,0.0,0.0,0.0,0.0,6.332170719793125,0.2232866307805299,1.0
gamma,eig@gammamix-poisson,25,15.0,30.0,0.2975824999739416,0.008244700205978006,6.417013482952303,0.0,0.06073393785544445,0.04329333098566157,0.08653126138961598,0.15340372429666815,18.56713193683614,0.49453189442956974,0.15625
gamma,eig@gammamix-poisson,25,30.0,60.0,0.6091669000452384,0.017299500410445035,6.228037209321972,0.0,0.0,0.0066505582438283195,0.029448991087107745,0.0,13.478769844725631,0.4452600544581266,0.3125
gamma,eig@gammamix-poisson,25,60.0,120.0,0.9565024001058191,0.0364398003439419,6.004855695599499,0.0,0.0,0.0066505582438283195,0.029448991087107745,0.0,10.813368197226772,0.32675805427466825,0.6041666666666666
gamma,eig@gammamix-poisson,25,90.0,180.0,1.3067561003263108,0.05421700008446351,5.52473185253474,0.0,0.0,0.0066505582438283195,0.029448991087107745,0.0,6.210039777779257,0.22644315381209687,0.8697916666666666
gamma,eig@gammamix-poisson,25,120.0,240.0,1.538258400396444,0.0720135000301525,5.447484315915094,0.0,0.0,0.0,0.024255326198601712,0.0,5.438097258487385,0.20358673899206983,1.0
gamma,eig@gammamix-poisson,26,15.0,30.0,0.3706901998957619,0.009662200056482106,6.398973565264409,0.0,0.1134456108845282,0.14290498690629427,0.164011265795882,0.17820404287070934,17.738942832493652,0.4544818043392891,0.15625
gamma,eig@gammamix-poisson,26,30.0,60.0,0.6913899001083337,0.019836699939332902,6.205535470842633,0.0,0.020395371684950314,0.07850977892014244,0.06313323458456566,0.08836819970153309,14.082426966817671,0.3971984769516984,0.3125
gamma,eig@gammamix-poisson,26,60.0,120.0,0.9904506002203561,0.03784139978233725,6.0416992455528415,0.0,0.020395371684950314,0.07850977892014244,0.06313323458456566,0.08836819970153309,13.302241329905474,0.3149071798318603,0.6041666666666666
gamma,eig@gammamix-poisson,26,90.0,180.0,1.3095004005008377,0.05387949961004779,5.652871915250738,0.0,0.020395371684950314,0.07850977892014244,0.06313323458456566,0.08836819970153309,7.95343831962055,0.24214656148920113,0.859375
gamma,eig@gammamix-poisson,26,120.0,240.0,1.5894783005933277,0.07036499958485365,5.55156041159632,0.0,0.020395371684950314,0.07850977892014244,0.06313323458456566,0.09384764618097952,6.919490762619365,0.22159557780158287,1.0
gamma,eig@gammamix-poisson,27,15.0,30.0,0.3480354000348598,0.010150400106795132,6.147891235669182,0.0,0.0,0.011648201976892869,0.04626947260717784,0.057564602504751594,12.659907585451661,0.4553641357689226,0.15625
gamma,eig@gammamix-poisson,27,30.0,60.0,0.6335555999539793,0.019838200300000608,6.022398910559846,0.0,0.0,0.011648201976892869,0.027582357215005904,0.05299169598037923,10.510309678505372,0.3922256601274725,0.3125
gamma,eig@gammamix-poisson,27,60.0,120.0,0.9238187000155449,0.037334800290409476,5.826553807141944,0.0,0.0,0.011648201976892869,0.0,0.01378824341963325,7.3333106532885814,0.3014423021329821,0.6041666666666666
gamma,eig@gammamix-poisson,27,90.0,180.0,1.2292126999236643,0.05396990047302097,5.609255909992464,0.0,0.0,0.0,0.0,0.01378824341963325,6.022448300455347,0.23492242069256578,0.8697916666666666
gamma,eig@gammamix-poisson,27,120.0,240.0,1.522248299967032,0.07033150014467537,5.4861134802432465,0.0,0.0,0.0,0.0,0.01378824341963325,5.08917860562924,0.21157637614333794,1.0
gamma,eig@gammamix-poisson,28,15.0,30.0,0.35589770012302324,0.009485500049777329,6.744814323527412,0.05890372115342679,0.08637060842889488,0.0,0.10185400273398448,0.11725100461887683,19.60805297887151,0.4800432069004742,0.15625
gamma,eig@gammamix-poisson,28,30.0,60.0,0.5971127999946475,0.017749599879607558,6.545344161589493,0.05890372115342679,0.08637060842889488,0.0,0.0,0.04461600648854758,15.532909661830988,0.42501736735270984,0.3125
gamma,eig@gammamix-poisson,28,60.0,120.0,0.8912989003001712,0.0339364999672398,6.287490857568483,0.05890372115342679,0.08637060842889488,0.0,0.0,0.04461600648854758,13.599559430040557,0.3288178793164864,0.6041666666666666
gamma,eig@gammamix-poisson,28,90.0,180.0,1.22969880013261,0.05066569987684488,5.786272046970417,0.05890372115342679,0.08637060842889488,0.0,0.0,0.04461600648854758,8.606636685214024,0.23765014699175943,0.8489583333333334
gamma,eig@gammamix-poisson,28,120.0,240.0,1.5013282002764754,0.06664739997358993,5.668933371269193,0.05890372115342679,0.0,0.0,0.0,0.04461600648854758,7.726048467933945,0.19988485950881635,1.0
gamma,eig@gammamix-poisson,29,15.0,30.0,0.3674344000755809,0.009866999927908182,6.071168229638295,0.0,0.09498754549539767,0.0,0.039859710559609685,0.017764750720433375,13.716054814528903,0.4923821194751718,0.15625
gamma,eig@gammamix-poisson,29,30.0,60.0,0.5891650001285598,0.01883290009573102,5.938312164704599,0.0,0.09498754549539767,0.0,0.039859710559609685,0.017764750720433375,11.883885652066672,0.431705622696498,0.3125
gamma,eig@gammamix-poisson,29,60.0,120.0,0.8499918001471087,0.037483000312931836,5.6721855398036825,0.0,0.09498754549539767,0.0,0.039859710559609685,0.017764750720433375,7.984574478354924,0.28227856730624984,0.6041666666666666
gamma,eig@gammamix-poisson,29,90.0,180.0,1.0463397004641593,0.05300750018795952,5.479563371791966,0.0,0.09498754549539767,0.0,0.039859710559609685,0.017764750720433375,6.2825183417714126,0.22561798576733066,0.8958333333333334
gamma,eig@gammamix-poisson,29,120.0,240.0,1.3258824003278278,0.06975740031339228,5.365453276600573,0.0,0.0,0.0,0.0,0.0,5.010157693788461,0.20830957551777612,1.0
gamma,eig@gammamix-poisson,30,15.0,30.0,0.2314346000785008,0.00803800008725375,6.283610281728937,0.4405805964976658,0.3860221841855783,0.3605632424998345,0.3195018049135131,0.40265140248737374,16.91506343064796,0.47513972345450006,0.15625
gamma,eig@gammamix-poisson,30,30.0,60.0,0.47850780008593574,0.016616000095382333,6.159201400279508,0.4405805964976658,0.3860221841855783,0.3330833358109302,0.2968757649890472,0.20855496859334355,15.584166132617732,0.4155626045572125,0.3125
gamma,eig@gammamix-poisson,30,60.0,120.0,0.8382004000595771,0.033287799917161465,5.801827395835455,0.0,0.004325330452383036,0.0771565243439083,0.06352811237685796,0.06438110492079374,8.061904799184983,0.29578472565144165,0.6041666666666666
gamma,eig@gammamix-poisson,30,90.0,180.0,1.234598599956371,0.053098299831617624,5.495499548175005,0.0,0.004325330452383036,0.0771565243439083,0.06352811237685796,0.06438110492079374,5.422915166778163,0.22423205986729447,0.8697916666666666
gamma,eig@gammamix-poisson,30,120.0,240.0,1.5471660998882726,0.0707794998306781,5.424533621057537,0.0,0.004325330452383036,0.0771565243439083,0.02084350028454296,0.02775818602253033,5.108194418107586,0.2048496678868074,1.0
gamma,eig@gammamix-poisson,31,15.0,30.0,0.2804136000922881,0.007854299969039857,6.9560331269630895,0.0,0.1585859675411565,0.16274017515030215,0.1288453814470336,0.15582284817420045,24.10974372343103,0.5301743014947795,0.15625
gamma,eig@gammamix-poisson,31,30.0,60.0,0.48954400018556044,0.017231600009836257,6.825742646063886,0.0,0.1134456108845282,0.20401528685736103,0.20404183434795264,0.16887028819630912,22.050993816862277,0.47904931743563006,0.3125
gamma,eig@gammamix-poisson,31,60.0,120.0,0.8129541999660432,0.03334810020169243,6.54819176894686,0.0,0.1134456108845282,0.20401528685736103,0.20404183434795264,0.16887028819630912,18.78869872427962,0.355787910722427,0.6041666666666666
gamma,eig@gammamix-poisson,31,90.0,180.0,1.2290071001043543,0.05308870010776445,5.745303609842691,0.0,0.1134456108845282,0.18563863015115756,0.14697464895217227,0.0859166019220039,9.651569653360648,0.24349082499177585,0.8697916666666666
gamma,eig@gammamix-poisson,31,120.0,240.0,1.5192562001757324,0.0699991001165472,5.631379444621004,0.0,0.07989061830394228,0.1319356853819924,0.1044567126329965,0.12164001272297797,8.838431263810591,0.21238582582922244,1.0
gamma,eig@gammamix-poisson,32,15.0,30.0,0.29432600014843047,0.00796970003284514,6.63801782516705,0.050766726068686485,0.0,0.0,0.1330788466832019,0.17815818027775432,19.886837866734698,0.481470022022766,0.15625
gamma,eig@gammamix-poisson,32,30.0,60.0,0.5702665998833254,0.017086499952711165,6.461223675727642,0.050766726068686485,0.0,0.0,0.056675468351075065,0.08182606412231896,17.488674809931332,0.4347169457411578,0.3125
gamma,eig@gammamix-poisson,32,60.0,120.0,0.9817972999298945,0.03767550009069964,6.184101813951348,0.050766726068686485,0.0,0.0,0.056675468351075065,0.08182606412231896,15.429076035059147,0.3271979266231214,0.6041666666666666
gamma,eig@gammamix-poisson,32,90.0,180.0,1.4204919998301193,0.05606370000168681,5.665652478277518,0.050766726068686485,0.0,0.0,0.056675468351075065,0.08182606412231896,9.018815695334734,0.22807097557212327,0.8333333333333334
gamma,eig@gammamix-poisson,32,120.0,240.0,1.695681300072465,0.07268840010510758,5.578838665949217,0.050766726068686485,0.0,0.0,0.0962128483231407,0.03362532390639783,8.351781871436712,0.20714494527164068,1.0
gamma,eig@gammamix-poisson,33,15.0,30.0,0.3123793000122532,0.0085485999006778,6.057461629427121,0.0,0.037760856656376185,0.06343558916561298,0.07371691369724409,0.014734248781990034,12.657288846421833,0.4782353307312381,0.15625
gamma,eig@gammamix-poisson,33,30.0,60.0,0.6160135999671184,0.018085299991071224,5.917670990227887,0.0,0.037760856656376185,0.06343558916561298,0.07371691369724409,0.014734248781990034,9.281043737792016,0.405351967399803,0.3125
gamma,eig@gammamix-poisson,33,60.0,120.0,0.9685174001497217,0.03775360016152263,5.672307043221845,0.0,0.037760856656376185,0.06343558916561298,0.07371691369724409,0.014734248781990034,7.434532817184093,0.29629538461012506,0.6041666666666666
gamma,eig@gammamix-poisson,33,90.0,180.0,1.3469042003853247,0.05654750042594969,5.4123162019174424,0.0,0.037760856656376185,0.06343558916561298,0.07371691369724409,0.014734248781990034,5.77913395661015,0.22453733502643328,0.8697916666666666
gamma,eig@gammamix-poisson,33,120.0,240.0,1.6313576003303751,0.07403400063049048,5.3045305789337185,0.0,0.037760856656376185,0.06343558916561298,0.0,0.018910305509274083,4.624036209210057,0.19667045602978803,1.0
gamma,eig@gammamix-poisson,34,15.0,30.0,0.2933678001863882,0.008216799818910658,6.284434553187161,0.23380769721060135,0.12407255374037962,0.24448897166534134,0.3139445106177805,0.3619750286667228,22.067216797119293,0.4412256850157039,0.15625
gamma,eig@gammamix-poisson,34,30.0,60.0,0.5487217002082616,0.017456399684306234,6.091761179569532,0.0,0.0,0.04270706901602983,0.03236801327202743,0.026059264139909,11.617617040748522,0.38990741456954325,0.3125
gamma,eig@gammamix-poisson,34,60.0,120.0,0.9526233001961373,0.03691659955075011,5.8333307912747765,0.0,0.0,0.04270706901602983,0.03236801327202743,0.026059264139909,8.242498022466895,0.2845753925964962,0.6041666666666666
gamma,eig@gammamix-poisson,34,90.0,180.0,1.3149207001551986,0.05182979966048151,5.653218662516589,0.0,0.0,0.04270706901602983,0.03236801327202743,0.026059264139909,6.9953879295527654,0.23984864161765018,0.8489583333333334
gamma,eig@gammamix-poisson,34,120.0,240.0,1.5783190002548508,0.06665449973661453,5.515617267996525,0.0,0.0,0.0,0.0,0.026059264139909,5.180890073330903,0.20807698268020045,1.0
gamma,eig@gammamix-poisson,35,15.0,30.0,0.36355010012630373,0.008763299963902682,6.703008783313309,0.3042707341327259,0.4155085203819584,0.38777647620955935,0.37618467660353483,0.37639331883263905,26.459139657322154,0.45579850909068126,0.15625
gamma,eig@gammamix-poisson,35,30.0,60.0,0.7126965002389625,0.01885780005250126,6.50695656807725,0.04340185519385875,0.14707978261395704,0.1341400915550487,0.18316590209627792,0.19283219916885852,21.781083112944017,0.41693517949368836,0.3125
gamma,eig@gammamix-poisson,35,60.0,120.0,1.1189087003585882,0.03674780041910708,6.092575900519981,0.04340185519385875,0.14707978261395704,0.1341400915550487,0.022811805659552764,0.0,11.798557317939796,0.29932237076209345,0.6041666666666666
gamma,eig@gammamix-poisson,35,90.0,180.0,1.46174020023318,0.05485280026914552,5.822085876905423,0.04340185519385875,0.14707978261395704,0.1341400915550487,0.022811805659552764,0.0,8.829819049402705,0.23729873334489332,0.8489583333333334
gamma,eig@gammamix-poisson,35,120.0,240.0,1.7206783004221506,0.07186310034012422,5.756139144802192,0.04340185519385875,0.14707978261395704,0.1341400915550487,0.022811805659552764,0.0,8.398309855345579,0.2167761951752774,1.0
gamma,eig@gammamix-poisson,36,15.0,30.0,0.3471486000926234,0.011344100174028426,6.184583306749945,0.1604569555364882,0.3513704548648382,0.37771791995606796,0.388101163330674,0.40421048553385486,20.575544385949417,0.46311164620189826,0.15625
gamma,eig@gammamix-poisson,36,30.0,60.0,0.658339100133162,0.023427600390277803,6.01614040821286,0.0,0.0,0.0,0.015380663773790992,0.07715306147340462,13.527131578787277,0.39419998468828116,0.3125
gamma,eig@gammamix-poisson,36,60.0,120.0,1.0008174999966286,0.04301550023956224,5.771784949376801,0.0,0.0,0.0,0.015380663773790992,0.02154101790349594,10.008844033805957,0.31113719836248455,0.6041666666666666
gamma,eig@gammamix-poisson,36,90.0,180.0,1.3093919000239111,0.06127500027650967,5.443628249164853,0.0,0.0,0.0,0.025535780200414582,0.02154101790349583,6.301582493116308,0.22479646333969308,0.8697916666666666
gamma,eig@gammamix-poisson,36,120.0,240.0,1.6087500003050081,0.07809040043503046,5.375470634236137,0.0,0.0,0.0,0.025535780200414582,0.02154101790349583,5.980956744950653,0.19858999687614015,1.0
gamma,eig@gammamix-poisson,37,15.0,30.0,0.3416479998268187,0.009030599961988628,6.195822215755164,0.4261385944248135,0.379664218783231,0.39733524348795435,0.34778830471513134,0.35989111388282435,19.5537491435896,0.4490787380879025,0.15625
gamma,eig@gammamix-poisson,37,30.0,60.0,0.6507067999918945,0.01923580007860437,6.02694519430204,0.0,0.09730336656950189,0.07063409716814273,0.07669042863164066,0.07128331689130352,13.269898904088956,0.400552992942223,0.3125
gamma,eig@gammamix-poisson,37,60.0,120.0,0.9542416996555403,0.0371128999395296,5.7392480796167336,0.0,0.09730336656950189,0.07063409716814273,0.07669042863164066,0.004005362471690477,6.941728442136917,0.29242114820238824,0.6041666666666666
gamma,eig@gammamix-poisson,37,90.0,180.0,1.2369995994959027,0.05343630013521761,5.563811639873632,0.0,0.09730336656950189,0.07063409716814273,0.07669042863164066,0.004005362471690477,6.110904364943263,0.23664316867335697,0.875
gamma,eig@gammamix-poisson,37,120.0,240.0,1.5274624995072372,0.0708996998728253,5.478474410450055,0.0,0.048875308070509105,0.07063409716814273,0.07669042863164066,0.004005362471690477,5.56920315926171,0.21407250087154062,1.0
gamma,eig@gammamix-poisson,38,15.0,30.0,0.38634339993586764,0.01981670007808134,6.22936229745564,0.008572176416699384,0.08811292151987093,0.05874194767991392,0.15536556442666571,0.223941587356136,20.927651003803962,0.4813450803691879,0.15625
gamma,eig@gammamix-poisson,38,30.0,60.0,0.6224826999823563,0.029449300083797425,6.073879568679871,0.008572176416699384,0.08811292151987093,0.05874194767991392,0.042003431862769225,0.0,12.453443664949752,0.40439138479709796,0.3125
gamma,eig@gammamix-poisson,38,60.0,120.0,0.9603911997401156,0.047854100121185184,5.8421538976080996,0.008572176416699384,0.08811292151987093,0.05874194767991392,0.042003431862769225,0.0,10.4997211567796,0.30025917031382365,0.6041666666666666
gamma,eig@gammamix-poisson,38,90.0,180.0,1.2726460997364484,0.06493780028540641,5.583746610377958,0.008572176416699384,0.08811292151987093,0.05874194767991392,0.042003431862769225,0.0,7.1299585304007325,0.2408377708882145,0.8541666666666666
gamma,eig@gammamix-poisson,38,120.0,240.0,1.5129265001160093,0.08471600053599104,5.5174523771043065,0.16765366662304237,0.08811292151987093,0.05874194767991392,0.042003431862769225,0.0,6.641460347467585,0.2239179890001919,1.0
gamma,eig@gammamix-poisson,39,15.0,30.0,0.38017550006043166,0.0106322001083754,6.504053786039793,0.0,0.03567765767237552,0.12169565301378593,0.1130144654221319,0.10106787750815038,18.89067982449483,0.45449300750653454,0.15625
gamma,eig@gammamix-poisson,39,30.0,60.0,0.631584599846974,0.019635299977380782,6.375168944200372,0.0,0.03567765767237552,0.12169565301378593,0.1130144654221319,0.10106787750815038,17.504226092720703,0.3959788481366781,0.3125
gamma,eig@gammamix-poisson,39,60.0,120.0,1.0252993999165483,0.03674769995268434,5.939014617044729,0.0,0.03567765767237552,0.12169565301378593,0.017564575254804926,0.015084615242299315,8.980354849923408,0.2867684722149021,0.6041666666666666
gamma,eig@gammamix-poisson,39,90.0,180.0,1.4129913998185657,0.05357739998726174,5.670854725359771,0.0,0.03567765767237552,0.12169565301378593,0.017564575254804926,0.015084615242299315,6.789022127997058,0.22562572527137742,0.8333333333333334
gamma,eig@gammamix-poisson,39,120.0,240.0,1.6131543997325934,0.0703453000751324,5.585085495137753,0.0,0.03567765767237552,0.0,0.017564575254804926,0.019094653151359386,5.7512607538347735,0.20576331669485928,1.0
gamma,eig@gammamix-poisson,40,15.0,30.0,0.3389288000180386,0.010194900271017104,6.284005523152655,0.05890372115342679,0.28110409421124494,0.26025866607127857,0.26749107619222245,0.2799100810536981,18.8828506664609,0.46053873414509444,0.15625
gamma,eig@gammamix-poisson,40,30.0,60.0,0.572419699979946,0.018838600313756615,6.105137950898338,0.05890372115342679,0.0,0.0,0.05597180720941253,0.047683074411797755,13.03436421249372,0.4133215249453404,0.3125
gamma,eig@gammamix-poisson,40,60.0,120.0,0.8569110002135858,0.03580490068998188,5.88027469728635,0.05890372115342679,0.0,0.0,0.05597180720941253,0.047683074411797755,10.38721119476316,0.3004860495917622,0.6041666666666666
gamma,eig@gammamix-poisson,40,90.0,180.0,1.1520712004275993,0.05190400063293055,5.6019082569162295,0.05890372115342679,0.0,0.0,0.05597180720941253,0.047683074411797755,6.953636647811417,0.23339612946379795,0.8645833333333334
gamma,eig@gammamix-poisson,40,120.0,240.0,1.3994221003376879,0.06770950008649379,5.54762468264142,0.05890372115342679,0.0,0.0,0.05597180720941253,0.047683074411797755,6.730390844059339,0.21760765945325963,1.0
gamma,eig@gammamix-poisson,41,15.0,30.0,0.3367217999766581,0.010365300055127591,6.302132610507781,0.0,0.0,0.005938496414233052,0.04366175711400089,0.07682116184770404,15.141820079411374,0.47875471869237174,0.15625
gamma,eig@gammamix-poisson,41,30.0,60.0,0.5779818999581039,0.01919119997182861,6.163702302562004,0.0,0.0,0.005938496414233052,0.004855849019995251,0.03295746797003296,12.469038947765043,0.4162287434423335,0.3125
gamma,eig@gammamix-poisson,41,60.0,120.0,0.8967362001421861,0.03849939996143803,5.950211228638874,0.0,0.0,0.005938496414233052,0.004855849019995251,0.03295746797003296,8.975609445325004,0.3023998185070128,0.6041666666666666
gamma,eig@gammamix-poisson,41,90.0,180.0,1.1921341004781425,0.05428210011450574,5.711807879550587,0.0,0.0,0.005938496414233052,0.004855849019995251,0.03295746797003296,7.323114862560293,0.2376326487318972,0.8802083333333334
gamma,eig@gammamix-poisson,41,120.0,240.0,1.4664862004574388,0.0703739999444224,5.569946374168214,0.0,0.0,0.005938496414233052,0.004855849019995251,0.03295746797003296,5.217820985635913,0.21890693337953743,1.0
gamma,eig@gammamix-poisson,42,15.0,30.0,0.2691748000215739,0.008601099892985076,6.404761972814238,0.0,0.0,0.0,0.08311887971658705,0.08738599984875606,17.318167985183734,0.49535328352609836,0.15625
gamma,eig@gammamix-poisson,42,30.0,60.0,0.45388829993316904,0.016574200184550136,6.269651563182516,0.0,0.0,0.0,0.07904583519209285,0.07209422500063023,15.835089492029153,0.42340562716771935,0.3125
gamma,eig@gammamix-poisson,42,60.0,120.0,0.8124326997203752,0.04130580025957897,6.0995569886743555,0.0,0.0,0.0,0.07904583519209285,0.07209422500063023,14.066362660672311,0.328948630871332,0.6041666666666666
gamma,eig@gammamix-poisson,42,90.0,180.0,1.1501527996151708,0.05952860019169748,5.6961938330978334,0.0,0.0,0.0,0.07904583519209285,0.07209422500063023,9.404060595301198,0.24793162219426917,0.8854166666666666
gamma,eig@gammamix-poisson,42,120.0,240.0,1.5017891998868436,0.07784230029210448,5.550046825523627,0.0,0.0,0.0,0.08311887971658705,0.08738599984875606,7.956341078355603,0.21686051003418175,1.0
gamma,eig@gammamix-poisson,43,15.0,30.0,0.28557939996244386,0.008279900066554546,6.209683023620566,0.0,0.037760856656376185,0.0,0.0,0.0,12.171408462403267,0.46034129515190325,0.15625
gamma,eig@gammamix-poisson,43,30.0,60.0,0.49778570025227964,0.016792200272902846,6.110724645196126,0.0,0.037760856656376185,0.0,0.0,0.0,9.611064234346099,0.392394534237427,0.3125
gamma,eig@gammamix-poisson,43,60.0,120.0,0.9131833001156338,0.03767880017403513,5.877097462906415,0.0,0.037760856656376185,0.0,0.0,0.0,7.231597893848048,0.31748028614304025,0.6041666666666666
gamma,eig@gammamix-poisson,43,90.0,180.0,1.2335959999472834,0.05618550023064017,5.714553899617072,0.0,0.037760856656376185,0.0,0.0,0.0,5.887843217786584,0.26089219485748705,0.8854166666666666
gamma,eig@gammamix-poisson,43,120.0,240.0,1.5364989000954665,0.07565740024438128,5.614382941683931,0.0,0.037760856656376185,0.0,0.0,0.0,5.588321356927563,0.2371658914503274,1.0
gamma,eig@gammamix-poisson,44,15.0,30.0,0.35689850023481995,0.0108576001948677,6.210507765009365,0.0,0.0,0.0,0.0,0.016150402905941497,11.880504345961567,0.46137945059090824,0.15625
gamma,eig@gammamix-poisson,44,30.0,60.0,0.644124900107272,0.020855300303082913,6.067355756317451,0.0,0.0,0.0,0.0,0.016150402905941497,9.087869876676615,0.40785562073093734,0.3125
gamma,eig@gammamix-poisson,44,60.0,120.0,1.057332200172823,0.03976000053808093,5.828338710578802,0.0,0.0,0.0,0.0,0.016150402905941497,7.2048106915159,0.3093289215013591,0.6041666666666666
gamma,eig@gammamix-poisson,44,90.0,180.0,1.3735626002890058,0.05862720060395077,5.598766419682751,0.0,0.0,0.0,0.0,0.016150402905941497,5.579128000408648,0.2534771187065484,0.8697916666666666
gamma,eig@gammamix-poisson,44,120.0,240.0,1.713397100334987,0.07589780061971396,5.469407784326292,0.0,0.0,0.0,0.0,0.0,4.660142509825707,0.21455224184117827,1.0
gamma,eig@gammamix-poisson,45,15.0,30.0,0.3394888998591341,0.011195099912583828,6.087026942956126,0.0,0.0,0.03745338193177572,0.03302497339140886,0.05907835035272113,13.161781167418136,0.4856249429865517,0.15625
gamma,eig@gammamix-poisson,45,30.0,60.0,0.696661899855826,0.022323799785226583,5.972333716740917,0.0,0.0,0.03745338193177572,0.03302497339140886,0.05907835035272113,10.890209705443349,0.4244138300287796,0.3125
gamma,eig@gammamix-poisson,45,60.0,120.0,0.9958261997089721,0.041252499737311155,5.70870947565427,0.0,0.0,0.03745338193177572,0.03302497339140886,0.05907835035272113,7.0579864838565065,0.30996500503911784,0.6041666666666666
gamma,eig@gammamix-poisson,45,90.0,180.0,1.3839164999662898,0.06143939989851788,5.483989625732945,0.0,0.0,0.03745338193177572,0.03302497339140886,0.05907835035272113,5.123204120045643,0.2513396532993492,0.8541666666666666
gamma,eig@gammamix-poisson,45,120.0,240.0,1.6775929998839274,0.07947549986420199,5.378650030594868,0.0,0.0,0.019639839281917038,0.03302497339140886,0.01426326855688842,4.5107012750202236,0.22301560089327085,1.0
gamma,eig@gammamix-poisson,46,15.0,30.0,0.38706029998138547,0.011168699769768864,6.387031910640821,0.0,0.0,0.01800115853433093,0.0027881750668454774,0.032917282798715974,14.659870357347604,0.47225790283966257,0.15625
gamma,eig@gammamix-poisson,46,30.0,60.0,0.6614516001427546,0.020878799667116255,6.222119450832309,0.0,0.0,0.014563516028445744,0.014600232954366077,0.0385549331545848,10.797109090160037,0.39734472336863563,0.3125
gamma,eig@gammamix-poisson,46,60.0,120.0,1.110010000062175,0.04506389907328412,5.983428207130708,0.0,0.0,0.014563516028445744,0.014600232954366077,0.0385549331545848,8.635904534532866,0.30453471471337656,0.6041666666666666
gamma,eig@gammamix-poisson,46,90.0,180.0,1.5130622001015581,0.06417339917970821,5.64134627351402,0.0,0.0,0.014563516028445744,0.014600232954366077,0.0385549331545848,6.563902822882298,0.22651219754782526,0.8541666666666666
gamma,eig@gammamix-poisson,46,120.0,240.0,1.741911299934145,0.08143089921213686,5.519232668384597,0.0,0.0,0.0,0.0,0.02625564623971366,5.64870480407216,0.2029747278513439,1.0
gamma,eig@gammamix-poisson,47,15.0,30.0,0.3828244998585433,0.02190430002519861,6.725255323164723,0.0,0.0,0.10582671405698896,0.09329633726416575,0.12379288544983857,20.11128587885291,0.4804071664615834,0.15625
gamma,eig@gammamix-poisson,47,30.0,60.0,0.6582319998997264,0.03130449989112094,6.564056927575585,0.0,0.0,0.10582671405698896,0.09329633726416575,0.12379288544983857,19.4372883646589,0.44092528097809086,0.3125
gamma,eig@gammamix-poisson,47,60.0,120.0,1.0808176996652037,0.05078939982922748,6.313758499467101,0.0,0.0,0.06535818018049566,0.0849878450414644,0.07731985694618249,16.513565907487227,0.34683788362112067,0.6041666666666666
gamma,eig@gammamix-poisson,47,90.0,180.0,1.4469369995058514,0.06954269949346781,5.649034122597139,0.0,0.0,0.06535818018049566,0.0849878450414644,0.07731985694618249,8.169612402042784,0.2395449533363498,0.8645833333333334
gamma,eig@gammamix-poisson,47,120.0,240.0,1.6858192992513068,0.08595909946598113,5.570574123362872,0.0,0.0,0.06535818018049566,0.060796665354306056,0.07731985694618249,7.436600653529698,0.22270472714567624,1.0
gamma,eig@gammamix-poisson,48,15.0,30.0,0.3913137001218274,0.009642799850553274,6.242429783280092,0.1604569555364882,0.24339888354347872,0.286169721402163,0.23379960838460379,0.2313139524115414,18.178355859201,0.4952363124019511,0.15625
gamma,eig@gammamix-poisson,48,30.0,60.0,0.6217360001173802,0.01868409977760166,6.0995159576818,0.0,0.0,0.0,0.008399211204512813,0.04078166549314899,12.272705682168786,0.437997351102247,0.3125
gamma,eig@gammamix-poisson,48,60.0,120.0,0.9499651002697647,0.0377919000457041,5.83916415926997,0.0,0.0,0.0,0.008399211204512813,0.04078166549314899,7.72516800410949,0.3128049698057655,0.6041666666666666
gamma,eig@gammamix-poisson,48,90.0,180.0,1.2635377001715824,0.05655729997670278,5.593155165808031,0.0,0.0,0.0,0.008399211204512813,0.04078166549314899,6.034303485619394,0.2470985652520139,0.8854166666666666
gamma,eig@gammamix-poisson,48,120.0,240.0,1.5354451003368013,0.0733376998687163,5.483743208095743,0.0,0.051645831526890396,0.0,0.008399211204512813,0.007099902835698169,5.292925232426055,0.21811742944555135,1.0
gamma,eig@gammamix-poisson,49,15.0,30.0,0.4136709001613781,0.014847000304143876,6.0898325728888905,0.0,0.0,0.007262781841736787,0.07204030226700253,0.10388829215896878,13.321092980081714,0.4190471200389621,0.15625
gamma,eig@gammamix-poisson,49,30.0,60.0,0.6713221001555212,0.02503970026737079,5.94591438667214,0.0,0.08547739429692247,0.0,0.0,0.0,8.491356976883498,0.36938574906697996,0.3125
gamma,eig@gammamix-poisson,49,60.0,120.0,1.0244441001559608,0.04843810020247474,5.787139173935134,0.0,0.08547739429692247,0.0,0.0,0.0,6.977395338728166,0.29066920935745066,0.6041666666666666
gamma,eig@gammamix-poisson,49,90.0,180.0,1.3852481000358239,0.06827090005390346,5.597478611720405,0.0,0.08547739429692247,0.0,0.0,0.0,5.503110247292492,0.23663658881304794,0.8489583333333334
gamma,eig@gammamix-poisson,49,120.0,240.0,1.6234785001724958,0.08333760034292936,5.5311505286650515,0.0,0.0,0.0,0.0,0.0,5.065424975237003,0.21650674916116394,1.0
gamma,eig@gamma-poisson,0,15.0,30.0,0.557077199802734,0.00010240013943985105,6.17279412880695,0.0,0.10454931088924224,0.16175986909055384,0.14964233906113267,0.1638049175273053,16.58269109480759,0.46282417993822134,0.15625
gamma,eig@gamma-poisson,0,30.0,60.0,0.6137111000716686,0.0002080003614537418,6.03193821034617,0.05890372115342679,0.0,0.0,0.004524531505748719,0.0,11.56564287977737,0.40386148008938827,0.3125
gamma,eig@gamma-poisson,0,60.0,120.0,0.7294226999511011,0.0004235000815242529,5.748583350582116,0.05890372115342679,0.0,0.0,0.004524531505748719,0.0,6.152947348452659,0.3035186922928144,0.625
gamma,eig@gamma-poisson,0,90.0,180.0,0.837399099895265,0.0006098004523664713,5.597846193588661,0.05890372115342679,0.0,0.0,0.004524531505748719,0.0,5.450724458124827,0.24788644926345216,0.9375
gamma,eig@gamma-poisson,0,120.0,240.0,0.9448315998888575,0.0008095003431662917,5.552533648677081,0.05890372115342679,0.0,0.0,0.0,0.0,4.972012997416353,0.24075990601976993,1.0
gamma,eig@gamma-poisson,1,15.0,30.0,0.5461227999185212,0.00010959984501823783,6.197217579352835,0.0,0.2669328674819066,0.2271591531806001,0.24640826106759128,0.21524105439975838,13.251066269523573,0.4557885294775604,0.15625
gamma,eig@gamma-poisson,1,30.0,60.0,0.6017039999715053,0.00021019979612901807,6.043162134085549,0.0,0.0,0.0,0.04808461760398908,0.004362093376853782,9.780660513739777,0.3987160047811113,0.3125
gamma,eig@gamma-poisson,1,60.0,120.0,0.7074402997968718,0.0003888998180627823,5.812320949631913,0.0,0.0,0.0,0.04808461760398908,0.004362093376853782,8.103965671602351,0.30384650058424967,0.625
gamma,eig@gamma-poisson,1,90.0,180.0,0.8112284996313974,0.0005733995931223035,5.6192372020807895,0.0,0.0,0.0,0.04808461760398908,0.004362093376853782,6.233253670648273,0.23370024808539117,0.9375
gamma,eig@gamma-poisson,1,120.0,240.0,0.9105485996115021,0.0007544996915385127,5.551261391109712,0.0,0.0,0.0,0.0,0.0,5.474681398541761,0.22322823268953917,1.0
gamma,eig@gamma-poisson,2,15.0,30.0,0.5581799998180941,0.00010429980466142297,6.524920555184733,0.5616117983173823,0.343457793565908,0.2639764148540321,0.2143683133225045,0.1814110463751697,19.34186131309205,0.4767032631979695,0.15625
gamma,eig@gamma-poisson,2,30.0,60.0,0.611174299789127,0.00019019999308511615,6.401576032245391,0.5616117983173823,0.343457793565908,0.2639764148540321,0.2143683133225045,0.1814110463751697,18.15535678604003,0.42739871732847334,0.3125
gamma,eig@gamma-poisson,2,60.0,120.0,0.717603599827271,0.00035900005605071783,6.090420714268494,0.0,0.12034319876955546,0.025358087745408597,0.02059263704324943,0.012133782626939982,10.69284993472903,0.32376781914640557,0.625
gamma,eig@gamma-poisson,2,90.0,180.0,0.8131146998493932,0.0005230000824667513,5.737199463597672,0.0,0.12034319876955546,0.025358087745408597,0.02059263704324943,0.012133782626939982,7.7925284523320935,0.24003353663006308,0.9375
gamma,eig@gamma-poisson,2,120.0,240.0,0.920610100030899,0.0007396001601591706,5.621228750219668,0.0,0.0,0.0,0.0,0.012133782626939982,6.785051440528847,0.22296681322435327,1.0
gamma,eig@gamma-poisson,3,15.0,30.0,0.5222328999079764,8.089997572824359e-05,6.25749340875609,0.19689468118130493,0.20233440326816465,0.20442161832603534,0.1562676510622275,0.10362607967865023,16.699281852319594,0.443527044030492,0.15625
gamma,eig@gamma-poisson,3,30.0,60.0,0.5828053998411633,0.0001919998903758824,6.1196608871958125,0.19689468118130493,0.20233440326816465,0.20442161832603534,0.1562676510622275,0.10362607967865023,15.735435735983902,0.40553591193430194,0.3125
gamma,eig@gamma-poisson,3,60.0,120.0,0.6943337997072376,0.0003797995741479099,5.817321237340068,0.19689468118130493,0.0,0.0644366787190187,0.09851569034751184,0.055662008513103545,7.675215539359249,0.2978569108280659,0.625
gamma,eig@gamma-poisson,3,90.0,180.0,0.7963788998313248,0.0005750993150286376,5.648094763692676,0.19689468118130493,0.0,0.0644366787190187,0.09851569034751184,0.055662008513103545,6.596206519196885,0.2562355988889177,0.9375
gamma,eig@gamma-poisson,3,120.0,240.0,0.9170733997016214,0.0008411993039771914,5.5572369488622355,0.19689468118130493,0.0,0.0,0.049257845173755865,0.014752457354375581,5.456996491031463,0.2427867502612112,1.0
gamma,eig@gamma-poisson,4,15.0,30.0,0.5227921999176033,0.00012179993791505694,6.167534444916856,0.0,0.02945186057671345,0.0,0.10087212368982745,0.09730639730639745,14.264448144256177,0.44647061082122763,0.15625
gamma,eig@gamma-poisson,4,30.0,60.0,0.5839720998774283,0.000242900219745934,6.0146404660456305,0.0,0.02945186057671345,0.05700380087141932,0.0,0.019285054442475857,9.165367134520816,0.3829551430793062,0.3125
gamma,eig@gamma-poisson,4,60.0,120.0,0.7305253997328691,0.000509000092279166,5.769360709075563,0.0,0.02945186057671345,0.05700380087141932,0.0,0.019285054442475857,6.778507120378487,0.2917955572940907,0.625
gamma,eig@gamma-poisson,4,90.0,180.0,0.8799670996959321,0.0007838000310584903,5.603272778861412,0.0,0.02945186057671345,0.05700380087141932,0.0,0.019285054442475857,6.023016330443566,0.24691423196529041,0.9375
gamma,eig@gamma-poisson,4,120.0,240.0,1.039961299742572,0.0011016999487765133,5.50743020271405,0.0,0.0,0.0,0.0,0.019285054442475857,4.752281830879179,0.23328977251748353,1.0
gamma,eig@gamma-poisson,5,15.0,30.0,0.5415724000195041,0.00013070000568404794,6.454498761871387,0.0,0.0,0.0,0.0,0.05614299766632158,18.206496653030637,0.4557225906991991,0.15625
gamma,eig@gamma-poisson,5,30.0,60.0,0.6066385001759045,0.0002570999786257744,6.256958280186424,0.0,0.0,0.0,0.0,0.004802935415663123,13.640193396575928,0.38861739510955284,0.3125
gamma,eig@gamma-poisson,5,60.0,120.0,0.7408500004094094,0.000542099995072931,5.971538479401441,0.0,0.0,0.0,0.0,0.004802935415663123,7.300034561943534,0.2897977896299479,0.625
gamma,eig@gamma-poisson,5,90.0,180.0,0.8648085005697794,0.0008283999632112682,5.741061275311799,0.0,0.0,0.0,0.0,0.004802935415663123,5.8464676513333,0.23286524775054257,0.9375
gamma,eig@gamma-poisson,5,120.0,240.0,1.0222512005711906,0.0011462998227216303,5.659289272862222,0.0,0.0,0.0,0.0,0.0,5.46770269926941,0.21150720975790505,1.0
gamma,eig@gamma-poisson,6,15.0,30.0,0.5602079000673257,0.00012800015974789858,6.246211862608686,0.0,0.0,0.0,0.04323361938760262,0.06496455198815776,15.192488919564115,0.4518787603758753,0.15625
gamma,eig@gamma-poisson,6,30.0,60.0,0.6513413003413007,0.00027500023134052753,6.0834291850659605,0.0,0.0,0.0,0.0,0.0,11.273171954751955,0.3996393249032514,0.3125
gamma,eig@gamma-poisson,6,60.0,120.0,0.8046119000064209,0.0010335000697523355,5.79999211287167,0.0,0.0,0.0,0.0,0.0,7.288142508001355,0.28819414799111115,0.625
gamma,eig@gamma-poisson,6,90.0,180.0,0.9789927998790517,0.0013447001692838967,5.656314392717242,0.0,0.0,0.0,0.0,0.0,6.263146635423837,0.23146692424209733,0.9375
gamma,eig@gamma-poisson,6,120.0,240.0,1.0981249997275881,0.0015903004095889628,5.547821285471097,0.0,0.0,0.0,0.0,0.0,5.49658648266318,0.22061382286122314,1.0
gamma,eig@gamma-poisson,7,15.0,30.0,0.5714654000476003,0.00014410004951059818,6.083939884499716,0.0,0.133010766041593,0.13577110391530278,0.11096768880353569,0.14559405616173537,14.305364726137164,0.43506823634489594,0.15625
gamma,eig@gamma-poisson,7,30.0,60.0,0.6698629002203234,0.0002912001800723374,5.911446952541734,0.0,0.0,0.0,0.02160994193039778,0.022645892722566452,8.666092358994666,0.3705428546373212,0.3125
gamma,eig@gamma-poisson,7,60.0,120.0,0.815606000367552,0.0006177003378979862,5.657462033832957,0.0,0.0,0.0,0.02160994193039778,0.022645892722566452,5.255137979000754,0.25765262587330834,0.625
gamma,eig@gamma-poisson,7,90.0,180.0,0.9432472001062706,0.0009642000659368932,5.591797246646696,0.0,0.0,0.0,0.02160994193039778,0.022645892722566452,5.127773834487966,0.23798474276247714,0.9375
gamma,eig@gamma-poisson,7,120.0,240.0,1.0499557999428362,0.0011980003328062594,5.513313383081248,0.0,0.0,0.0,0.0026960472537086444,0.01831367344932655,4.609113674448587,0.22291995792370742,1.0
gamma,eig@gamma-poisson,8,15.0,30.0,0.6292060998384841,0.00015170004917308688,6.41649208886981,0.3648302387128344,0.2884787407250098,0.25885348098815153,0.22155394131493333,0.1964529420386627,18.67139236642633,0.44732102830616455,0.15625
gamma,eig@gamma-poisson,8,30.0,60.0,0.7115042000659741,0.00029720005113631487,6.275202167649435,0.3648302387128344,0.2884787407250098,0.25885348098815153,0.22155394131493333,0.1964529420386627,17.280758449234195,0.4192278400171103,0.3125
gamma,eig@gamma-poisson,8,60.0,120.0,0.8347666001645848,0.0005605003098025918,5.97241919091658,0.0,0.0,0.004905424765740074,0.03369864667275424,0.03931599433252464,8.21016184226225,0.3060612098080035,0.625
gamma,eig@gamma-poisson,8,90.0,180.0,0.9331357001210563,0.0007690005586482584,5.763335210015999,0.0,0.0,0.004905424765740074,0.03369864667275424,0.03931599433252464,6.956490977273792,0.2530161374320424,0.9375
gamma,eig@gamma-poisson,8,120.0,240.0,1.0495499000535347,0.0010163005208596587,5.699864410761286,0.0,0.0,0.004905424765740074,0.003946474359598495,0.014428936696904149,6.002657352281618,0.24496367168848748,1.0
gamma,eig@gamma-poisson,9,15.0,30.0,0.6057751999469474,0.00015669979620724916,6.40672108592603,0.0,0.0,0.0,0.07788291113353163,0.10635859647996249,18.3954122273407,0.45950781930515894,0.15625
gamma,eig@gamma-poisson,9,30.0,60.0,0.6667136998148635,0.0002925996668636799,6.273566560996863,0.0,0.0,0.0,0.07788291113353163,0.10635859647996249,17.011375099202347,0.4218856744071658,0.3125
gamma,eig@gamma-poisson,9,60.0,120.0,0.79865189967677,0.0005771994474343956,5.9893745085710135,0.0,0.0,0.003440460633779674,0.01814927154293655,0.0,9.76471678023349,0.3145228333124292,0.625
gamma,eig@gamma-poisson,9,90.0,180.0,0.905951599474065,0.0008116994285956025,5.629553473938745,0.0,0.0,0.003440460633779674,0.01814927154293655,0.0,6.880360576177528,0.23067685497367485,0.9375
gamma,eig@gamma-poisson,9,120.0,240.0,1.0100572993396781,0.0010586993303149939,5.51601218662969,0.0,0.0,0.0,0.0,0.0,5.642474813906584,0.2165437327659836,1.0
gamma,eig@gamma-poisson,10,15.0,30.0,0.606910300150048,0.00013669999316334724,6.240448731976724,0.0,0.0073704802629662725,0.031894955823164706,0.11098647321032806,0.14079017469085597,14.336023915690456,0.47972686065431736,0.15625
gamma,eig@gamma-poisson,10,30.0,60.0,0.6629859004169703,0.00026810006238520145,6.100676605084139,0.0,0.0073704802629662725,0.0,0.0,0.0,11.348958039623335,0.3993415803239166,0.3125
gamma,eig@gamma-poisson,10,60.0,120.0,0.7706719003617764,0.0004969998262822628,5.752584558388281,0.0,0.0073704802629662725,0.0,0.0,0.0,7.273949853992569,0.2923552357107152,0.625
gamma,eig@gamma-poisson,10,90.0,180.0,0.8858207000885159,0.0007374997367151082,5.58972521594087,0.0,0.0073704802629662725,0.0,0.0,0.0,5.677241354582323,0.23988969987224826,0.9375
gamma,eig@gamma-poisson,10,120.0,240.0,1.0139760002493858,0.0010634999489411712,5.488290399774551,0.0,0.0073704802629662725,0.0,0.0,0.0,4.720572094116871,0.22514608784711954,1.0
gamma,eig@gamma-poisson,11,15.0,30.0,0.640793300117366,0.0001327999634668231,6.251038892022614,0.1155566629196555,0.20707457390512907,0.08874634827892791,0.0981603727037118,0.13239623697012814,17.35708013088368,0.4843611669942657,0.15625
gamma,eig@gamma-poisson,11,30.0,60.0,0.7034446001634933,0.0002552999067120254,6.119090896452818,0.1155566629196555,0.20707457390512907,0.08874634827892791,0.09276873776221961,0.09623960612371008,14.601617590726896,0.4237614980800273,0.3125
gamma,eig@gamma-poisson,11,60.0,120.0,0.8158667004317977,0.00049660011427477,5.8107695254894125,0.1155566629196555,0.20707457390512907,0.08874634827892791,0.0,0.017079492834485732,8.207851926769017,0.30574869141166616,0.625
gamma,eig@gamma-poisson,11,90.0,180.0,0.9251740004983731,0.0007742997840978205,5.669980613156656,0.1155566629196555,0.20707457390512907,0.08874634827892791,0.0,0.017079492834485732,7.77331047067978,0.2605617878647488,0.9375
gamma,eig@gamma-poisson,11,120.0,240.0,1.064982000447344,0.0011741999187506735,5.5957184400153706,0.1155566629196555,0.0,0.0,0.020191233983764212,0.017079492834485732,6.338455942844794,0.2521413543228251,1.0
gamma,eig@gamma-poisson,12,15.0,30.0,0.6001716001774184,0.00016729981871321797,6.257237217896626,0.16765366662304237,0.23256443755338174,0.2105880886552146,0.2579035266160745,0.20554517899076974,15.9418058145261,0.4534077585683265,0.15625
gamma,eig@gamma-poisson,12,30.0,60.0,0.6599215004243888,0.00030020001577213407,6.118871191011112,0.0,0.0,0.0,0.02202360151114413,0.01880360214586041,10.537791262139885,0.41885763391296493,0.3125
gamma,eig@gamma-poisson,12,60.0,120.0,0.771158900577575,0.0005651003448292613,5.937849563388162,0.0,0.0,0.0,0.02202360151114413,0.01880360214586041,8.638159853196354,0.3307597740141177,0.625
gamma,eig@gamma-poisson,12,90.0,180.0,0.8750350004411303,0.0007930002175271511,5.710756464266754,0.0,0.0,0.0,0.02202360151114413,0.01880360214586041,7.479217721513544,0.26785604809075864,0.9375
gamma,eig@gamma-poisson,12,120.0,240.0,0.9707316002459265,0.000985500228125602,5.569760331788654,0.0,0.0,0.0,0.0,0.0,5.582400673515142,0.24713356306868045,1.0
gamma,eig@gamma-poisson,13,15.0,30.0,0.5793539001024328,0.00013400003081187606,6.20913933116742,0.0,0.13987883943566837,0.15121335938887892,0.13346556138558152,0.1364841112764431,16.70842265073385,0.42277977719096466,0.15625
gamma,eig@gamma-poisson,13,30.0,60.0,0.6401688999612816,0.00027300009969621897,6.068614624112517,0.0,0.13987883943566837,0.11074080653757323,0.1221597758820624,0.10247131169250168,13.979549194856874,0.37532773537958236,0.3125
gamma,eig@gamma-poisson,13,60.0,120.0,0.74440899991896,0.0005077996174804866,5.789570342944764,0.0,0.0,0.0,0.0,0.02742664798254868,7.466157874793725,0.297731629408064,0.625
gamma,eig@gamma-poisson,13,90.0,180.0,0.8513833000324667,0.0007299997378140688,5.7040385208185755,0.0,0.0,0.0,0.0,0.02742664798254868,7.000255963964425,0.2674024042385691,0.9375
gamma,eig@gamma-poisson,13,120.0,240.0,0.9686901001259685,0.0009676000336185098,5.5891981938540125,0.0,0.0,0.004801326464143885,0.0038788171043011577,0.0,5.2085689246372,0.2523782966605185,1.0
gamma,eig@gamma-poisson,14,15.0,30.0,0.5635329002980143,0.00011150020873174071,6.195844832441927,0.008572176416699384,0.0,0.0,0.06304117029627343,0.11623551492371564,17.418273295369673,0.4528098666640147,0.15625
gamma,eig@gamma-poisson,14,30.0,60.0,0.6256334002828225,0.00022850005188956857,6.066998052280426,0.008572176416699384,0.0,0.0,0.06304117029627343,0.11623551492371564,15.809773664276856,0.4008727736784615,0.3125
gamma,eig@gamma-poisson,14,60.0,120.0,0.7298685002024285,0.00044029997661709785,5.7849640921398775,0.008572176416699384,0.0,0.0,0.0,0.0,7.550890604780599,0.29948190081173187,0.625
gamma,eig@gamma-poisson,14,90.0,180.0,0.827398500230629,0.000638900208286941,5.640908105800267,0.008572176416699384,0.0,0.0,0.0,0.0,6.857274397928044,0.25468203256012467,0.9375
gamma,eig@gamma-poisson,14,120.0,240.0,0.9339247003081255,0.0008419001242145896,5.538719848481037,0.008572176416699384,0.0,0.0,0.0,0.0,5.611976672603151,0.24213798986171384,1.0
gamma,eig@gamma-poisson,15,15.0,30.0,0.5525633002398536,0.00010160007514059544,6.257104010730564,0.0,0.0,0.036099642841438295,0.02887415588069786,0.01949512381758689,14.253826062756797,0.45764401226684703,0.15625
gamma,eig@gamma-poisson,15,30.0,60.0,0.6096592003596015,0.00021370011381804943,6.139391021703919,0.0,0.0,0.036099642841438295,0.02887415588069786,0.02405870956187628,11.311326924936331,0.39754779232997645,0.3125
gamma,eig@gamma-poisson,15,60.0,120.0,0.7175964005873539,0.00041729985969141126,5.878560884687043,0.0,0.0,0.036099642841438295,0.02887415588069786,0.02405870956187628,7.798046204876101,0.30769462112309726,0.625
gamma,eig@gamma-poisson,15,90.0,180.0,0.8180504008778371,0.0006170998676680028,5.689761526950555,0.0,0.0,0.036099642841438295,0.02887415588069786,0.02405870956187628,7.0741150916772,0.25826560883281896,0.9375
gamma,eig@gamma-poisson,15,120.0,240.0,0.9277212006854825,0.0008287998498417437,5.571294769426788,0.0,0.0,0.036099642841438295,0.02887415588069786,0.02405870956187628,5.4551581011854005,0.23988561680119425,1.0
gamma,eig@gamma-poisson,16,15.0,30.0,0.5113181000342593,9.70997498370707e-05,6.286260917210959,0.01577368333485396,0.0371672702978304,0.17103205117566456,0.24675842902759493,0.2998356771248605,21.683171350858164,0.4955078544764793,0.15625
gamma,eig@gamma-poisson,16,30.0,60.0,0.5606789000448771,0.00018640002235770226,6.147091517276138,0.01577368333485396,0.0,0.0,0.06302898309405458,0.1046336808324031,14.855575413351437,0.4216300498858044,0.3125
gamma,eig@gamma-poisson,16,60.0,120.0,0.6500212993705645,0.0003447002964094281,5.842002331356574,0.01577368333485396,0.0,0.0,0.06302898309405458,0.037968426088343166,8.223532241647732,0.3193925175306752,0.625
gamma,eig@gamma-poisson,16,90.0,180.0,0.7419643993489444,0.0005048004095442593,5.699394307746062,0.01577368333485396,0.0,0.0,0.06302898309405458,0.037968426088343166,7.260135372731341,0.2647226314233515,0.9375
gamma,eig@gamma-poisson,16,120.0,240.0,0.8478079992346466,0.0007066002581268549,5.636597442212576,0.01577368333485396,0.0371672702978304,0.0,0.04026600376931999,0.01872333957901462,6.458200873872067,0.2518131740923052,1.0
gamma,eig@gamma-poisson,17,15.0,30.0,0.5281883000861853,0.00011280033504590392,6.455945122539625,0.0,0.24614960956244825,0.34410897225564185,0.37443121630381504,0.3843209712811362,25.400312349352674,0.4670648062381865,0.15625
gamma,eig@gamma-poisson,17,30.0,60.0,0.5741975001292303,0.00020000053336843848,6.283462801895356,0.008572176416699384,0.004286088208349748,0.0,0.021456321982812554,0.0669200163970004,18.41634559365626,0.4180155063838214,0.3125
gamma,eig@gamma-poisson,17,60.0,120.0,0.6801209000404924,0.0004001002525910735,5.9843936532267215,0.008572176416699384,0.004286088208349748,0.0,0.021456321982812554,0.01799811916761107,11.809547905538956,0.2914230935441296,0.625
gamma,eig@gamma-poisson,17,90.0,180.0,0.7849428001209162,0.000617100449744612,5.738147714984592,0.008572176416699384,0.004286088208349748,0.0,0.021456321982812554,0.01799811916761107,8.55878474799932,0.23159403665652256,0.9375
gamma,eig@gamma-poisson,17,120.0,240.0,0.8917414001189172,0.000830099917948246,5.652346745634837,0.008572176416699384,0.004286088208349748,0.0,0.01937220710640042,0.01799811916761107,7.1697451459506425,0.2215580537334712,1.0
gamma,eig@gamma-poisson,18,15.0,30.0,0.5221989002311602,0.00011200009612366557,6.165661136086681,0.0,0.10133644118799001,0.14280184191883405,0.1479370145243296,0.1423567252057697,13.818558169626243,0.45636313461013317,0.15625
gamma,eig@gamma-poisson,18,30.0,60.0,0.5746611003996804,0.0002215000567957759,6.009014415703631,0.0,0.0,0.0,0.0,0.004208824413250656,9.510054218383239,0.4148934551975161,0.3125
gamma,eig@gamma-poisson,18,60.0,120.0,0.677295700123068,0.00041580043034628034,5.797949588236581,0.0,0.0,0.0,0.0,0.004208824413250656,7.9875725942086175,0.302582431822836,0.625
gamma,eig@gamma-poisson,18,90.0,180.0,0.7795439002220519,0.0006227005505934358,5.554281748007436,0.0,0.0,0.0,0.0,0.004208824413250656,6.688470844121895,0.21445896514849178,0.9375
gamma,eig@gamma-poisson,18,120.0,240.0,0.8919415004784241,0.0008508007158525288,5.4607526228780365,0.0,0.0,0.0,0.0,0.015572316080596504,5.59452123487251,0.20061688375911912,1.0
gamma,eig@gamma-poisson,19,15.0,30.0,0.49706959998002276,0.00011539994738996029,6.352535139449333,0.4073605041961753,0.21589590458498975,0.19373385955992284,0.16472018297136515,0.1707053282018709,17.623037267665307,0.4599418586318629,0.15625
gamma,eig@gamma-poisson,19,30.0,60.0,0.5559527997393161,0.00022659968817606568,6.224274754843754,0.0,0.15592125136716373,0.047393366121813885,0.03828665242760754,0.03211558889808408,14.507097166752999,0.40204959975207755,0.3125
gamma,eig@gamma-poisson,19,60.0,120.0,0.6630101995542645,0.0004276995314285159,5.900831442216226,0.0,0.15592125136716373,0.047393366121813885,0.03828665242760754,0.006888892830802962,8.419219125434187,0.29733898239424567,0.625
gamma,eig@gamma-poisson,19,90.0,180.0,0.7657263995497487,0.0006461994489654899,5.709502617288567,0.0,0.15592125136716373,0.047393366121813885,0.03828665242760754,0.006888892830802962,7.092663199170315,0.25007488095036395,0.9375
gamma,eig@gamma-poisson,19,120.0,240.0,0.8821838996373117,0.0008763995137996972,5.593890348057417,0.0,0.09054356695196264,0.0,0.008212604983236838,0.006888892830802962,5.702466578048027,0.23418062993202,1.0
gamma,eig@gamma-poisson,20,15.0,30.0,0.5106275998987257,0.00010839977767318487,6.273815907375909,0.0,0.0,0.030805315414543677,0.051592473669877625,0.07507784636343262,16.074842245064012,0.4270534723179434,0.15625
gamma,eig@gamma-poisson,20,30.0,60.0,0.563197799900081,0.00020659971050918102,6.153287172862111,0.0,0.0,0.07680594405132635,0.06460733337977653,0.03339055464123686,12.382431472866607,0.3898038803680504,0.3125
gamma,eig@gamma-poisson,20,60.0,120.0,0.6799934994196519,0.0004560996312648058,5.804334165050114,0.0,0.0,0.07680594405132635,0.06460733337977653,0.07302644660966395,6.021094736997534,0.27660201379912247,0.625
gamma,eig@gamma-poisson,20,90.0,180.0,0.773648199508898,0.0006371001363731921,5.669006344474131,0.0,0.0,0.07680594405132635,0.06460733337977653,0.07302644660966395,5.672794265549946,0.2336333312084975,0.9375
gamma,eig@gamma-poisson,20,120.0,240.0,0.8802094995044172,0.0008154999231919646,5.570959367523223,0.0,0.0,0.030805315414543677,0.0032210463650814702,0.021766132319074205,4.45036201791524,0.22259801522993075,1.0
gamma,eig@gamma-poisson,21,15.0,30.0,0.524914099893067,0.00011460017412900925,6.148932577449204,0.38903807596187656,0.3375541941911613,0.3098434809931855,0.2561469296313029,0.21669325678664053,13.634615095820054,0.4572259679176737,0.15625
gamma,eig@gamma-poisson,21,30.0,60.0,0.5821932998951524,0.00022220006212592125,6.004324645037523,0.0,0.10820742816803919,0.15928876552988724,0.13628044772654146,0.11469068195957899,11.470515679635357,0.39364553426270654,0.3125
gamma,eig@gamma-poisson,21,60.0,120.0,0.6881958998274058,0.00041669991333037615,5.6565097934285395,0.0,0.10820742816803919,0.07481039736000106,0.07471702355714294,0.012195317264277028,5.612491851796725,0.2947769917251257,0.625
gamma,eig@gamma-poisson,21,90.0,180.0,0.784129899868276,0.0005881998804397881,5.512651928758809,0.0,0.10820742816803919,0.07481039736000106,0.07471702355714294,0.012195317264277028,5.075020967878642,0.23430345821247162,0.9375
gamma,eig@gamma-poisson,21,120.0,240.0,0.8940329996403307,0.0007987999124452472,5.427760575170247,0.0,0.0,0.07481039736000106,0.0067078174721796335,0.006770686394687808,4.154129799864365,0.22049447516718843,1.0
gamma,eig@gamma-poisson,22,15.0,30.0,0.5095301999826916,0.00011309981346130371,6.283911799432171,0.0,0.00988403987666231,0.1003146655352849,0.1581842589029968,0.11701401491810781,18.649600405681728,0.43710860866448326,0.15625
gamma,eig@gamma-poisson,22,30.0,60.0,0.5728332999278791,0.00023739953758195043,6.100386888023807,0.0,0.00988403987666231,0.006927503182010963,0.05152238040271906,0.08872053729949048,11.570869964054628,0.3852907552253573,0.3125
gamma,eig@gamma-poisson,22,60.0,120.0,0.6611619999748655,0.000410199339967221,5.839305126135462,0.0,0.00988403987666231,0.006927503182010963,0.05152238040271906,0.08872053729949048,8.481466570934284,0.27300444468333673,0.625
gamma,eig@gamma-poisson,22,90.0,180.0,0.7598525999346748,0.0005919989198446274,5.644652835843023,0.0,0.00988403987666231,0.006927503182010963,0.05152238040271906,0.08872053729949048,7.694600819109101,0.2176512242354266,0.9375
gamma,eig@gamma-poisson,22,120.0,240.0,0.8602007000590675,0.000777898880187422,5.508323769262975,0.0,0.00988403987666231,0.006927503182010963,0.0,0.0,4.992015463681724,0.2029102558018619,1.0
gamma,eig@gamma-poisson,23,15.0,30.0,0.5047985999262892,0.00010279985144734383,6.2440019463114185,0.0,0.0,0.0,0.022168872567189357,0.0369771837346482,12.906108324718794,0.4771007773561311,0.15625
gamma,eig@gamma-poisson,23,30.0,60.0,0.5602180000278167,0.0001990998280234635,6.117229642687445,0.0,0.0,0.0,0.022168872567189357,2.220446049250313e-16,10.918606804001532,0.44117550888669266,0.3125
gamma,eig@gamma-poisson,23,60.0,120.0,0.6619882000377402,0.00038329995004460216,5.876994728184307,0.0,0.0,0.0,0.022168872567189357,2.220446049250313e-16,7.663622054433403,0.3323592636492142,0.625
gamma,eig@gamma-poisson,23,90.0,180.0,0.755796300014481,0.0005589002976194024,5.559479809230948,0.0,0.0,0.0,0.022168872567189357,2.220446049250313e-16,5.604790496944545,0.2534267292441784,0.9375
gamma,eig@gamma-poisson,23,120.0,240.0,0.8607324999757111,0.0007584005361422896,5.473909586511364,0.0,0.0,0.0,0.0,0.0,5.074834986895629,0.23467705423044571,1.0
gamma,eig@gamma-poisson,24,15.0,30.0,0.5077612000750378,0.00043049996020272374,6.397650363313404,0.0,0.0,0.0,0.0,0.06121594219787907,16.359490587655003,0.4510983097883571,0.15625
gamma,eig@gamma-poisson,24,30.0,60.0,0.5656230004387908,0.0005474002682603896,6.284904139914501,0.0,0.0,0.0,0.0,0.035111292390164306,14.141833168556156,0.4106133773737544,0.3125
gamma,eig@gamma-poisson,24,60.0,120.0,0.6658506004023366,0.0007306006154976785,5.951030126712058,0.0,0.0,0.0,0.0,0.035111292390164306,8.68289326641648,0.3002789968874654,0.625
gamma,eig@gamma-poisson,24,90.0,180.0,0.7585044002626091,0.0009281002567149699,5.7857926510557505,0.0,0.0,0.0,0.0,0.035111292390164306,8.054150489327434,0.2528356490836276,0.9375
gamma,eig@gamma-poisson,24,120.0,240.0,0.8751857005991042,0.001186300243716687,5.7010131462351366,0.0,0.0,0.0,0.0,0.0,6.45460958935601,0.23870952937778162,1.0
gamma,eig@gamma-poisson,25,15.0,30.0,0.5105816000141203,0.0001113000325858593,6.532783772729765,0.0,0.06073393785544445,0.04329333098566157,0.08653126138961598,0.15340372429666815,18.56713193683614,0.49453189442956974,0.15625
gamma,eig@gamma-poisson,25,30.0,60.0,0.5694922000402585,0.00020979990949854255,6.343324285782342,0.0,0.0,0.0066505582438283195,0.029448991087107745,0.0,13.40441226052983,0.44722178575317023,0.3125
gamma,eig@gamma-poisson,25,60.0,120.0,0.668693799932953,0.00038310018135234714,6.081646324474846,0.0,0.0,0.0066505582438283195,0.029448991087107745,0.0,10.779808856756356,0.33261042657924955,0.625
gamma,eig@gamma-poisson,25,90.0,180.0,0.7676745997741818,0.0005824001273140311,5.646482722085682,0.0,0.0,0.0066505582438283195,0.029448991087107745,0.0,6.392852940848033,0.24391140944683465,0.9375
gamma,eig@gamma-poisson,25,120.0,240.0,0.8821870999527164,0.0008040002430789173,5.55100457262639,0.0,0.0,0.0,0.0,0.0,5.489225935027862,0.22478723848876048,1.0
gamma,eig@gamma-poisson,26,15.0,30.0,0.5311409002169967,0.0001583000412210822,6.372669399919232,0.0,0.1134456108845282,0.14290498690629427,0.164011265795882,0.17820404287070934,17.738942832493652,0.4544818043392891,0.15625
gamma,eig@gamma-poisson,26,30.0,60.0,0.5819803004269488,0.00024580018362030387,6.201437115411902,0.0,0.020395371684950314,0.07850977892014244,0.06313323458456566,0.08836819970153309,14.094813977793795,0.39915236203131754,0.3125
gamma,eig@gamma-poisson,26,60.0,120.0,0.68338620045688,0.0004477004986256361,6.0389888865535815,0.0,0.020395371684950314,0.07850977892014244,0.06313323458456566,0.08836819970153309,13.322148730312954,0.32518367200747106,0.625
gamma,eig@gamma-poisson,26,90.0,180.0,0.7859166006091982,0.0006463007885031402,5.659433365782536,0.0,0.020395371684950314,0.07850977892014244,0.06313323458456566,0.08836819970153309,8.02366102812345,0.25056459207852533,0.9375
gamma,eig@gamma-poisson,26,120.0,240.0,0.9021024010144174,0.0008878012304194272,5.5669124807798385,0.0,0.020395371684950314,0.07850977892014244,0.06313323458456566,0.09384764618097952,6.969295315758129,0.24069358949192549,1.0
gamma,eig@gamma-poisson,27,15.0,30.0,0.5155069998581894,0.00010260019917041063,6.193044152829735,0.0,0.0,0.011648201976892869,0.04626947260717784,0.057564602504751594,12.659907585451661,0.4553641357689226,0.15625
gamma,eig@gamma-poisson,27,30.0,60.0,0.5634209997951984,0.00018630025442689657,6.080235607198108,0.0,0.0,0.011648201976892869,0.027582357215005904,0.05299169598037923,10.503668883250297,0.39681136091264485,0.3125
gamma,eig@gamma-poisson,27,60.0,120.0,0.6731385995517485,0.0003875002730637789,5.839217123116957,0.0,0.0,0.011648201976892869,0.0,0.01378824341963325,6.876199842999107,0.30813451267330394,0.625
gamma,eig@gamma-poisson,27,90.0,180.0,0.7779991996940225,0.0005813000607304275,5.648621729562102,0.0,0.0,0.011648201976892869,0.0,0.01378824341963325,5.987634397456803,0.2454938098385874,0.9375
gamma,eig@gamma-poisson,27,120.0,240.0,0.897796199657023,0.0008163997554220259,5.508464702292233,0.0,0.0,0.011648201976892869,0.0,0.01378824341963325,4.941296846368049,0.23035546630739356,1.0
gamma,eig@gamma-poisson,28,15.0,30.0,0.5058156998711638,0.00010609987657517195,6.779736157773439,0.05890372115342679,0.08637060842889488,0.0,0.10185400273398448,0.11725100461887683,19.60805297887151,0.4800432069004742,0.15625
gamma,eig@gamma-poisson,28,30.0,60.0,0.5651775999576785,0.0002074000658467412,6.592074374880114,0.05890372115342679,0.08637060842889488,0.0,0.0,0.04461600648854758,15.58480917859017,0.42684471537898055,0.3125
gamma,eig@gamma-poisson,28,60.0,120.0,0.6724451000336558,0.00039080018177628517,6.289523584585332,0.05890372115342679,0.08637060842889488,0.0,0.0,0.04461600648854758,13.225369882332286,0.32749882347934395,0.625
gamma,eig@gamma-poisson,28,90.0,180.0,0.779876000364311,0.0005949005717411637,5.826721467594948,0.05890372115342679,0.08637060842889488,0.0,0.0,0.04461600648854758,8.709558396569678,0.23254288631346015,0.9375
gamma,eig@gamma-poisson,28,120.0,240.0,0.9106519006891176,0.0008294009603559971,5.72973117631345,0.05890372115342679,0.0,0.0,0.0,0.04461600648854758,7.785833315025125,0.214379863431433,1.0
gamma,eig@gamma-poisson,29,15.0,30.0,0.510713699972257,8.899986278265715e-05,6.199225664375717,0.0,0.09498754549539767,0.0,0.039859710559609685,0.017764750720433375,13.716054814528905,0.4923821194751718,0.15625
gamma,eig@gamma-poisson,29,30.0,60.0,0.5662592997541651,0.0001844998332671821,6.061969547250125,0.0,0.09498754549539767,0.0,0.039859710559609685,0.017764750720433375,11.894797569775626,0.4366921275126317,0.3125
gamma,eig@gamma-poisson,29,60.0,120.0,0.6800355997402221,0.0004202997079119086,5.708278086306372,0.0,0.09498754549539767,0.0,0.039859710559609685,0.017764750720433375,7.395937454370962,0.2875379243488949,0.625
gamma,eig@gamma-poisson,29,90.0,180.0,0.7889717996004038,0.0006389996851794422,5.55401093356037,0.0,0.09498754549539767,0.0,0.039859710559609685,0.017764750720433375,6.320810171160581,0.24158369270220614,0.9375
gamma,eig@gamma-poisson,29,120.0,240.0,0.9075601998483762,0.0008567998302169144,5.438420116342871,0.0,0.0,0.0,0.0,0.0,5.030737482396348,0.22762147208475295,1.0
gamma,eig@gamma-poisson,30,15.0,30.0,0.4819079000153579,9.640009375289083e-05,6.408519921534843,0.4405805964976658,0.3860221841855783,0.3605632424998345,0.3195018049135131,0.40265140248737374,16.91506343064796,0.47513972345450006,0.15625
gamma,eig@gamma-poisson,30,30.0,60.0,0.5298561998642981,0.00018300011288374662,6.299149123249769,0.4405805964976658,0.3860221841855783,0.3330833358109302,0.2968757649890472,0.20855496859334355,15.586464567039652,0.42151376078064123,0.3125
gamma,eig@gamma-poisson,30,60.0,120.0,0.6480452996329404,0.00040939991595223546,5.884293540539118,0.0,0.004325330452383036,0.0771565243439083,0.06352811237685796,0.06438110492079374,7.93898483918478,0.30576867827565835,0.625
gamma,eig@gamma-poisson,30,90.0,180.0,0.7587929997825995,0.0006612997385673225,5.618858368750814,0.0,0.004325330452383036,0.0771565243439083,0.06352811237685796,0.06438110492079374,5.831639922972704,0.24021718291207939,0.9375
gamma,eig@gamma-poisson,30,120.0,240.0,0.8673060997971334,0.0008930996409617364,5.517224202372986,0.0,0.004325330452383036,0.0771565243439083,0.02084350028454296,0.02775818602253033,5.248772176179086,0.22353936013363698,1.0
gamma,eig@gamma-poisson,31,15.0,30.0,0.5202119000605308,0.00010399980237707496,7.053850649243754,0.0,0.1585859675411565,0.16274017515030215,0.1288453814470336,0.15582284817420045,24.10974372343103,0.5301743014947796,0.15625
gamma,eig@gamma-poisson,31,30.0,60.0,0.5781728001311421,0.00021959992591291666,6.907373371704376,0.0,0.1134456108845282,0.18563863015115756,0.14697464895217227,0.16887028819630912,21.992672639926326,0.4805483406205386,0.3125
gamma,eig@gamma-poisson,31,60.0,120.0,0.6968891998985782,0.00046219967771321535,6.569799207677793,0.0,0.1134456108845282,0.18563863015115756,0.14697464895217227,0.16887028819630912,18.718667640554802,0.3591554617871859,0.625
gamma,eig@gamma-poisson,31,90.0,180.0,0.8038650000817142,0.0006761002587154508,5.814042134558281,0.0,0.1134456108845282,0.18563863015115756,0.14697464895217227,0.0859166019220039,9.881468805562173,0.2421595468968492,0.9375
gamma,eig@gamma-poisson,31,120.0,240.0,0.9297054000780918,0.0009598001488484442,5.680276134977052,0.0,0.07989061830394228,0.1319356853819924,0.1044567126329965,0.12164001272297797,8.823057643582915,0.223612057816593,1.0
gamma,eig@gamma-poisson,32,15.0,30.0,0.5491527999402024,0.00012080010492354631,6.709603748672342,0.050766726068686485,0.0,0.0,0.1330788466832019,0.17815818027775432,19.886837866734698,0.481470022022766,0.15625
gamma,eig@gamma-poisson,32,30.0,60.0,0.6127896000398323,0.0002294000005349517,6.539644906809078,0.050766726068686485,0.0,0.0,0.056675468351075065,0.08182606412231896,17.500311830856354,0.4362358051243431,0.3125
gamma,eig@gamma-poisson,32,60.0,120.0,0.7245930998469703,0.0004486000398173928,6.263176743487031,0.050766726068686485,0.0,0.0,0.056675468351075065,0.08182606412231896,15.435379886907869,0.3306211221149482,0.625
gamma,eig@gamma-poisson,32,90.0,180.0,0.8435683998977765,0.0006669004214927554,5.779207803450258,0.050766726068686485,0.0,0.0,0.056675468351075065,0.08182606412231896,9.15987235067752,0.23822610535721592,0.9375
gamma,eig@gamma-poisson,32,120.0,240.0,0.9569216998643242,0.0008846003911457956,5.6632082400981405,0.050766726068686485,0.0,0.0,0.0962128483231407,0.03362532390639783,8.324050382532658,0.22114991238430848,1.0
gamma,eig@gamma-poisson,33,15.0,30.0,0.5491975999320857,0.00011599966092035174,6.161946796016218,0.0,0.037760856656376185,0.06343558916561298,0.07371691369724409,0.014734248781990034,12.657288846421832,0.4782353307312381,0.15625
gamma,eig@gamma-poisson,33,30.0,60.0,0.5989822999108583,0.00020919967209920287,6.0201421227383465,0.0,0.037760856656376185,0.06343558916561298,0.07371691369724409,0.014734248781990034,9.261844488036305,0.4085276798047569,0.3125
gamma,eig@gamma-poisson,33,60.0,120.0,0.7319303000695072,0.00045209930976852775,5.771880177271092,0.0,0.037760856656376185,0.06343558916561298,0.07371691369724409,0.014734248781990034,7.422211634147887,0.30395605879772897,0.625
gamma,eig@gamma-poisson,33,90.0,180.0,0.8147049998515286,0.000613499665632844,5.498996584581772,0.0,0.037760856656376185,0.06343558916561298,0.07371691369724409,0.014734248781990034,5.750173079537118,0.21997978354794268,0.9375
gamma,eig@gamma-poisson,33,120.0,240.0,0.9261716999462806,0.0008387996931560338,5.412195467635354,0.0,0.037760856656376185,0.06343558916561298,0.0,0.018910305509274083,4.633301612035377,0.20592868017224636,1.0
gamma,eig@gamma-poisson,34,15.0,30.0,0.5448410998214968,0.00010579987429082394,6.334851364691327,0.23380769721060135,0.12407255374037962,0.24448897166534134,0.3139445106177805,0.3619750286667228,22.067216797119297,0.4412256850157039,0.15625
gamma,eig@gamma-poisson,34,30.0,60.0,0.607504399958998,0.00022410001838579774,6.154134697541081,0.0,0.0,0.04270706901602983,0.03236801327202743,0.026059264139909,11.643082710271434,0.3914519944649698,0.3125
gamma,eig@gamma-poisson,34,60.0,120.0,0.7229413994355127,0.0004602998960763216,5.890341369098636,0.0,0.0,0.04270706901602983,0.03236801327202743,0.026059264139909,8.344388563228282,0.28579615264074054,0.625
gamma,eig@gamma-poisson,34,90.0,180.0,0.8242195993079804,0.0006472999812103808,5.712513338236991,0.0,0.0,0.04270706901602983,0.03236801327202743,0.026059264139909,7.229672852248941,0.23868626554876077,0.9375
gamma,eig@gamma-poisson,34,120.0,240.0,0.9229372995905578,0.000828899908810854,5.5605649680346465,0.0,0.0,0.0,0.0,0.026059264139909,5.211977610572472,0.217722582682229,1.0
gamma,eig@gamma-poisson,35,15.0,30.0,0.529929100011941,0.00010910013224929571,6.698639072780658,0.3042707341327259,0.4155085203819584,0.38777647620955935,0.37618467660353483,0.37639331883263905,26.459139657322154,0.45579850909068126,0.15625
gamma,eig@gamma-poisson,35,30.0,60.0,0.5911684001912363,0.00020780018530786037,6.511911786128068,0.04340185519385875,0.14707978261395704,0.1341400915550487,0.18316590209627792,0.19283219916885852,21.809474506658503,0.41887174944764066,0.3125
gamma,eig@gamma-poisson,35,60.0,120.0,0.7205913004581816,0.00044880021596327424,6.081141569911097,0.04340185519385875,0.14707978261395704,0.1341400915550487,0.022811805659552764,0.0,11.907479691826241,0.30632762391449486,0.625
gamma,eig@gamma-poisson,35,90.0,180.0,0.826703900587745,0.0006355003570206463,5.82195171051936,0.04340185519385875,0.14707978261395704,0.1341400915550487,0.022811805659552764,0.0,9.212338380822045,0.24217413982501457,0.9375
gamma,eig@gamma-poisson,35,120.0,240.0,0.9446563007659279,0.0008644003537483513,5.751226446219502,0.04340185519385875,0.14707978261395704,0.1341400915550487,0.022811805659552764,0.0,8.504477797381172,0.22793138232965635,1.0
gamma,eig@gamma-poisson,36,15.0,30.0,0.5405667998711579,0.00010880001354962587,6.24638882497802,0.1604569555364882,0.3513704548648382,0.37771791995606796,0.388101163330674,0.40421048553385486,20.575544385949417,0.46311164620189826,0.15625
gamma,eig@gamma-poisson,36,30.0,60.0,0.6013921999256127,0.00021839991677552462,6.0654561104695786,0.0,0.0,0.0,0.015380663773790992,0.07715306147340462,13.547077684368766,0.40134034089682064,0.3125
gamma,eig@gamma-poisson,36,60.0,120.0,0.7207581997499801,0.0004947003326378763,5.828033725963318,0.0,0.0,0.0,0.015380663773790992,0.02154101790349594,10.091437703289422,0.3229967913750964,0.625
gamma,eig@gamma-poisson,36,90.0,180.0,0.8204852999188006,0.0006811001803725958,5.504042877432387,0.0,0.0,0.0,0.015380663773790992,0.02154101790349594,6.367294276379153,0.23750816289825932,0.9375
gamma,eig@gamma-poisson,36,120.0,240.0,0.9332064999616705,0.0008989002089947462,5.433895594251581,0.0,0.0,0.0,0.025535780200414582,0.02154101790349583,6.018077020098946,0.2175069313338585,1.0
gamma,eig@gamma-poisson,37,15.0,30.0,0.5342462996486574,0.00015859975246712565,6.24720928590579,0.4261385944248135,0.379664218783231,0.39733524348795435,0.34778830471513134,0.35989111388282435,19.5537491435896,0.4490787380879025,0.15625
gamma,eig@gamma-poisson,37,30.0,60.0,0.6065669996896759,0.00028819957515224814,6.084557186329815,0.0,0.09730336656950189,0.07063409716814273,0.07669042863164066,0.07128331689130352,13.310097758055548,0.4036071356908787,0.3125
gamma,eig@gamma-poisson,37,60.0,120.0,0.7177260995958932,0.00048339966451749206,5.796228058268949,0.0,0.09730336656950189,0.07063409716814273,0.07669042863164066,0.004005362471690477,7.212775664571242,0.30263734488695876,0.625
gamma,eig@gamma-poisson,37,90.0,180.0,0.8160601997515187,0.000721399555914104,5.611120722278575,0.0,0.09730336656950189,0.07063409716814273,0.07669042863164066,0.004005362471690477,6.399227576423358,0.24165560728472626,0.9375
gamma,eig@gamma-poisson,37,120.0,240.0,0.9230254997964948,0.000920899969059974,5.527387007954812,0.0,0.048875308070509105,0.07063409716814273,0.07669042863164066,0.004005362471690477,5.757892378869508,0.2262378147703172,1.0
gamma,eig@gamma-poisson,38,15.0,30.0,0.5402593000908382,0.00011100026313215494,6.346989007573374,0.008572176416699384,0.08811292151987093,0.05874194767991392,0.15536556442666571,0.223941587356136,20.927651003803966,0.4813450803691879,0.15625
gamma,eig@gamma-poisson,38,30.0,60.0,0.5967641999595799,0.0002221004688180983,6.1637097925864,0.008572176416699384,0.08811292151987093,0.05874194767991392,0.042003431862769225,0.0,12.489666073356423,0.40740187495471564,0.3125
gamma,eig@gamma-poisson,38,60.0,120.0,0.6970498998998664,0.00040740036638453603,5.804906292915956,0.008572176416699384,0.08811292151987093,0.05874194767991392,0.042003431862769225,0.0,7.821517002767933,0.2993966941256235,0.625
gamma,eig@gamma-poisson,38,90.0,180.0,0.7986679999157786,0.0005979001871310174,5.641621669783995,0.008572176416699384,0.08811292151987093,0.05874194767991392,0.042003431862769225,0.0,7.214568001705599,0.25394746122843426,0.9375
gamma,eig@gamma-poisson,38,120.0,240.0,0.8953000999172218,0.0007657004753127694,5.576015318151236,0.16765366662304237,0.08811292151987093,0.05874194767991392,0.042003431862769225,0.0,6.642896823918384,0.2361172658907002,1.0
gamma,eig@gamma-poisson,39,15.0,30.0,0.5389114001300186,0.00011320022167637944,6.596059910021514,0.0,0.03567765767237552,0.12169565301378593,0.1130144654221319,0.10106787750815038,18.89067982449483,0.45449300750653454,0.15625
gamma,eig@gamma-poisson,39,30.0,60.0,0.5913931002141908,0.00020530051551759243,6.471197129954706,0.0,0.03567765767237552,0.12169565301378593,0.1130144654221319,0.10106787750815038,17.544349612075617,0.4006998449176626,0.3125
gamma,eig@gamma-poisson,39,60.0,120.0,0.6971873003640212,0.00040340074338018894,6.023022266196702,0.0,0.03567765767237552,0.12169565301378593,0.017564575254804926,0.015084615242299315,9.12111632332308,0.2939241196647955,0.625
gamma,eig@gamma-poisson,39,90.0,180.0,0.7911168005084619,0.0005819009384140372,5.771543157955898,0.0,0.03567765767237552,0.12169565301378593,0.017564575254804926,0.015084615242299315,7.066207260141985,0.2299581186025668,0.9375
gamma,eig@gamma-poisson,39,120.0,240.0,0.9016796004143544,0.0007868010434322059,5.657638603930653,0.0,0.03567765767237552,0.0,0.017564575254804926,0.019094653151359386,5.82080647126225,0.21780218918548688,1.0
gamma,eig@gamma-poisson,40,15.0,30.0,0.5553887997521088,9.969988605007529e-05,6.333291066313933,0.05890372115342679,0.28110409421124494,0.26025866607127857,0.26749107619222245,0.2799100810536981,18.8828506664609,0.4605387341450945,0.15625
gamma,eig@gamma-poisson,40,30.0,60.0,0.6141579998657107,0.00020139996195212007,6.15572371199197,0.05890372115342679,0.0,0.0,0.05597180720941253,0.047683074411797755,13.010884238752913,0.41444438599412375,0.3125
gamma,eig@gamma-poisson,40,60.0,120.0,0.7151962994830683,0.00040619971696287394,5.93065115803093,0.05890372115342679,0.0,0.0,0.05597180720941253,0.047683074411797755,10.355795797529424,0.3091710649746166,0.625
gamma,eig@gamma-poisson,40,90.0,180.0,0.8130565996980295,0.0005828997236676514,5.658958066066979,0.05890372115342679,0.0,0.0,0.05597180720941253,0.047683074411797755,6.963253619999725,0.23822406333290014,0.9375
gamma,eig@gamma-poisson,40,120.0,240.0,0.9263404994271696,0.0007879997720010579,5.604343622444489,0.05890372115342679,0.0,0.0,0.05597180720941253,0.047683074411797755,6.7165113565704235,0.2300854901402448,1.0
gamma,eig@gamma-poisson,41,15.0,30.0,0.5370924997259863,0.00011570018250495195,6.389606858110938,0.0,0.0,0.005938496414233052,0.04366175711400089,0.07682116184770404,15.141820079411374,0.47875471869237174,0.15625
gamma,eig@gamma-poisson,41,30.0,60.0,0.5921152997761965,0.0002116002724505961,6.247710847131244,0.0,0.0,0.005938496414233052,0.004855849019995251,0.03295746797003296,12.487511227686555,0.4176089697713227,0.3125
gamma,eig@gamma-poisson,41,60.0,120.0,0.6979267997085117,0.00039890059269964695,6.0228897316255,0.0,0.0,0.005938496414233052,0.004855849019995251,0.03295746797003296,9.066362635615421,0.3150969959663273,0.625
gamma,eig@gamma-poisson,41,90.0,180.0,0.7934322995715775,0.0006004002643749118,5.7393308723217595,0.0,0.0,0.005938496414233052,0.004855849019995251,0.03295746797003296,7.289462729588191,0.24121688870375246,0.9375
gamma,eig@gamma-poisson,41,120.0,240.0,0.9084003997850232,0.0008212004322558641,5.623346902996762,0.0,0.0,0.005938496414233052,0.004855849019995251,0.03295746797003296,5.272182470531003,0.231939023520418,1.0
gamma,eig@gamma-poisson,42,15.0,30.0,0.5303013002849184,8.98001017048955e-05,6.520158500418525,0.0,0.0,0.0,0.08311887971658705,0.08738599984875606,17.318167985183734,0.49535328352609836,0.15625
gamma,eig@gamma-poisson,42,30.0,60.0,0.5835854005417787,0.00018230016576126218,6.369324673673987,0.0,0.0,0.0,0.07904583519209285,0.07209422500063023,15.829663224976736,0.42531549357055315,0.3125
gamma,eig@gamma-poisson,42,60.0,120.0,0.6846364003722556,0.00036880001425743103,6.019008350089639,0.0,0.0,0.0,0.07904583519209285,0.07209422500063023,10.317188505545602,0.31904690475325787,0.625
gamma,eig@gamma-poisson,42,90.0,180.0,0.7880900005111471,0.0005682004266418517,5.792821495103776,0.0,0.0,0.0,0.07904583519209285,0.07209422500063023,9.541461364236456,0.25895918520132083,0.9375
gamma,eig@gamma-poisson,42,120.0,240.0,0.9082122006220743,0.0007813005358912051,5.652704520016787,0.0,0.0,0.0,0.08311887971658705,0.08738599984875606,8.01007973245095,0.23499743180194144,1.0
gamma,eig@gamma-poisson,43,15.0,30.0,0.523883999849204,9.300006786361337e-05,6.243826378502885,0.0,0.037760856656376185,0.0,0.0,0.0,12.171408462403267,0.46034129515190325,0.15625
gamma,eig@gamma-poisson,43,30.0,60.0,0.5773394000134431,0.00018830032786354423,6.145902607270695,0.0,0.037760856656376185,0.0,0.0,0.0,9.660511640693791,0.3999802511046697,0.3125
gamma,eig@gamma-poisson,43,60.0,120.0,0.6786259998334572,0.0003840003628283739,5.872963787167049,0.0,0.037760856656376185,0.0,0.0,0.0,6.644134426519628,0.3204893511507737,0.625
gamma,eig@gamma-poisson,43,90.0,180.0,0.7811272995895706,0.0006056003621779382,5.7457061058547865,0.0,0.037760856656376185,0.0,0.0,0.0,5.956102608013128,0.27397408239900095,0.9375
gamma,eig@gamma-poisson,43,120.0,240.0,0.8937868995708413,0.000841000524815172,5.6568083585015145,0.0,0.037760856656376185,0.0,0.0,0.0,5.657905447986068,0.2566383972300905,1.0
gamma,eig@gamma-poisson,44,15.0,30.0,0.5172879000892863,7.76999513618648e-05,6.233498171797881,0.0,0.0,0.0,0.0,0.016150402905941497,11.880504345961567,0.46137945059090824,0.15625
gamma,eig@gamma-poisson,44,30.0,60.0,0.5730455000302754,0.0001762000611051917,6.091551687682272,0.0,0.0,0.0,0.0,0.016150402905941497,9.06443277505918,0.40878475179587354,0.3125
gamma,eig@gamma-poisson,44,60.0,120.0,0.6788401000085287,0.0003621000796556473,5.857420625210181,0.0,0.0,0.0,0.0,0.016150402905941497,7.148329357971156,0.31594206180143813,0.625
gamma,eig@gamma-poisson,44,90.0,180.0,0.7924879001220688,0.0006309002637863159,5.590867752760211,0.0,0.0,0.0,0.0,0.016150402905941497,5.270640982956446,0.250877803179669,0.9375
gamma,eig@gamma-poisson,44,120.0,240.0,0.909586499852594,0.0009071002714335918,5.50460696600626,0.0,0.0,0.0,0.0,0.0,4.600411346731368,0.23006339260062092,1.0
gamma,eig@gamma-poisson,45,15.0,30.0,0.514793699956499,7.909996202215552e-05,6.178996797141266,0.0,0.0,0.03745338193177572,0.03302497339140886,0.05907835035272113,13.161781167418136,0.4856249429865517,0.15625
gamma,eig@gamma-poisson,45,30.0,60.0,0.5676075999508612,0.00016480009071528912,6.071242117300751,0.0,0.0,0.03745338193177572,0.03302497339140886,0.05907835035272113,10.880785324037117,0.42947586493220863,0.3125
gamma,eig@gamma-poisson,45,60.0,120.0,0.675759400066454,0.00037730031181126833,5.784267268102451,0.0,0.0,0.03745338193177572,0.03302497339140886,0.05907835035272113,7.06251661062574,0.32519871495623975,0.625
gamma,eig@gamma-poisson,45,90.0,180.0,0.7847697999677621,0.0006664003012701869,5.570050679196311,0.0,0.0,0.03745338193177572,0.03302497339140886,0.05907835035272113,5.393099277671707,0.2645616609210541,0.9375
gamma,eig@gamma-poisson,45,120.0,240.0,0.9086266995873302,0.0009959001909010112,5.458436476919728,0.0,0.0,0.019639839281917038,0.03302497339140886,0.01426326855688842,4.565184583467397,0.24053427992021542,1.0
gamma,eig@gamma-poisson,46,15.0,30.0,0.4917464997852221,9.529991075396538e-05,6.417464444087371,0.0,0.0,0.01800115853433093,0.0027881750668454774,0.032917282798715974,14.659870357347602,0.47225790283966257,0.15625
gamma,eig@gamma-poisson,46,30.0,60.0,0.5543396999128163,0.00019760022405534983,6.262420984492965,0.0,0.0,0.014563516028445744,0.014600232954366077,0.013090855196898343,10.784955690273136,0.4009075272446168,0.3125
gamma,eig@gamma-poisson,46,60.0,120.0,0.6672564002801664,0.0004158003721386194,6.013754876200161,0.0,0.0,0.014563516028445744,0.014600232954366077,0.013090855196898343,8.563672191307932,0.3078127118008135,0.625
gamma,eig@gamma-poisson,46,90.0,180.0,0.774569000583142,0.0006682004313915968,5.676892573328408,0.0,0.0,0.014563516028445744,0.014600232954366077,0.013090855196898343,6.623046975413453,0.22897710209735583,0.9375
gamma,eig@gamma-poisson,46,120.0,240.0,0.900187200284563,0.0009825004381127656,5.562432452454274,0.0,0.0,0.0,0.0,0.0007915682820271996,5.720295486109168,0.2109758427490081,1.0
gamma,eig@gamma-poisson,47,15.0,30.0,0.49706430005608127,9.929994121193886e-05,6.728919948770522,0.0,0.0,0.10582671405698896,0.09329633726416575,0.12379288544983857,20.11128587885291,0.4804071664615834,0.15625
gamma,eig@gamma-poisson,47,30.0,60.0,0.5574230999918655,0.00019740022253245115,6.594319430340868,0.0,0.0,0.10582671405698896,0.09329633726416575,0.12379288544983857,19.408805328241645,0.44279355235523404,0.3125
gamma,eig@gamma-poisson,47,60.0,120.0,0.6721814997144975,0.0004552002064883709,6.323380770931035,0.0,0.0,0.06535818018049566,0.0849878450414644,0.07731985694618249,16.377798681143435,0.34797880196579084,0.625
gamma,eig@gamma-poisson,47,90.0,180.0,0.7817367998068221,0.0007390002137981355,5.673992590704306,0.0,0.0,0.06535818018049566,0.0849878450414644,0.07731985694618249,8.392481187648189,0.244698233418233,0.9375
gamma,eig@gamma-poisson,47,120.0,240.0,0.9189920997596346,0.0010709001799114048,5.567876189887805,0.0,0.0,0.06535818018049566,0.060796665354306056,0.07731985694618249,7.3103289015523645,0.23012918986691974,1.0
gamma,eig@gamma-poisson,48,15.0,30.0,0.5049221999943256,0.00010270025813952088,6.339317993807601,0.1604569555364882,0.24339888354347872,0.286169721402163,0.23379960838460379,0.2313139524115414,18.178355859201,0.4952363124019511,0.15625
gamma,eig@gamma-poisson,48,30.0,60.0,0.5558108002296649,0.0001954001490958035,6.172488590837038,0.0,0.0,0.0,0.008399211204512813,0.04078166549314899,12.286961962404645,0.44248896422991263,0.3125
gamma,eig@gamma-poisson,48,60.0,120.0,0.6757616001414135,0.00043300032848492265,5.880713547339432,0.0,0.0,0.0,0.008399211204512813,0.04078166549314899,7.824948797898956,0.32288146255207867,0.625
gamma,eig@gamma-poisson,48,90.0,180.0,0.7844087002449669,0.0006891001248732209,5.62411800987024,0.0,0.0,0.0,0.008399211204512813,0.04078166549314899,6.1480628848035614,0.2554830973658883,0.9375
gamma,eig@gamma-poisson,48,120.0,240.0,0.914426100323908,0.001305499637965113,5.5189195860251585,0.0,0.051645831526890396,0.0,0.008399211204512813,0.007099902835698169,5.427234988402375,0.2344201560138958,1.0
gamma,eig@gamma-poisson,49,15.0,30.0,0.49891880014911294,0.00011360010830685496,6.113137695399858,0.0,0.0,0.007262781841736787,0.07204030226700253,0.10388829215896878,13.321092980081714,0.4190471200389621,0.15625
gamma,eig@gamma-poisson,49,30.0,60.0,0.5578610001830384,0.0002326001995243132,5.950540768004878,0.0,0.08547739429692247,0.0,0.0,0.0,8.410861692591862,0.36913004346178724,0.3125
gamma,eig@gamma-poisson,49,60.0,120.0,0.6802542001823895,0.000530499906744808,5.800662074629682,0.0,0.08547739429692247,0.0,0.0,0.0,6.965057163589948,0.2976500552263299,0.625
gamma,eig@gamma-poisson,49,90.0,180.0,0.7882514002849348,0.0008263001800514758,5.606715968219695,0.0,0.08547739429692247,0.0,0.0,0.0,5.589865860841796,0.23924209583673128,0.9375
gamma,eig@gamma-poisson,49,120.0,240.0,0.9120130003429949,0.001257000316400081,5.5349319512885105,0.0,0.0,0.0,0.0,0.0,5.046858865027016,0.22804881485564532,1.0
gamma,bo-ei@gp-poisson,0,15.0,30.0,1.4689286001375876,1.9343741001212038,6.037548862780878,0.0,0.10454931088924224,0.16175986909055384,0.18003162706211562,0.1638049175273053,16.90223187414735,0.4381201423881095,0.13020833333333334
gamma,bo-ei@gp-poisson,0,30.0,60.0,3.136631800152827,2.74235140014207,5.920378623959202,0.0,0.0,0.0,0.004524531505748719,0.0,11.829161345960378,0.4152159373466956,0.20833333333333334
gamma,bo-ei@gp-poisson,0,60.0,120.0,5.926293299999088,3.62696599989431,5.817145865222088,0.0,0.0,0.0,0.004524531505748719,0.0,11.007547578549383,0.3763938902732549,0.4010416666666667
gamma,bo-ei@gp-poisson,0,90.0,180.0,8.732947000011336,4.31355359981535,5.811376468712244,0.0,0.0,0.0,0.004524531505748719,0.0,11.006822343810875,0.37086176042398344,0.4114583333333333
gamma,bo-ei@gp-poisson,0,120.0,240.0,11.429523800092284,4.603568999795243,5.644297637601416,0.0,0.0,0.0,0.004524531505748719,0.0,5.719759597440678,0.3112612245561501,0.6041666666666666
gamma,bo-ei@gp-poisson,1,15.0,30.0,1.455279200046789,1.8729751000646502,6.004377451854488,0.0,0.1867731469927626,0.2442085465101015,0.24141453044959904,0.2108789610229045,13.023113418118822,0.4112911461741874,0.140625
gamma,bo-ei@gp-poisson,1,30.0,60.0,3.187246199871879,2.6427141999593005,5.890790656617269,0.0,0.0,0.0,0.04808461760398908,0.004362093376853782,9.624243055978111,0.4040913268743493,0.20833333333333334
gamma,bo-ei@gp-poisson,1,60.0,120.0,6.063780899858102,3.4855884998687543,5.775759125035421,0.0,0.0,0.0,0.04808461760398908,0.004362093376853782,9.106809141166766,0.3656783563865279,0.4010416666666667
gamma,bo-ei@gp-poisson,1,90.0,180.0,8.849497599643655,4.214505999581888,5.718315745506398,0.0,0.0,0.0,0.04808461760398908,0.004362093376853782,8.356364695575648,0.3512597810259228,0.4635416666666667
gamma,bo-ei@gp-poisson,1,120.0,240.0,11.602220199536532,4.504766799509525,5.617108578262033,0.0,0.0,0.0,0.04808461760398908,0.004362093376853782,7.903085771279409,0.31141165255385916,0.6041666666666666
gamma,bo-ei@gp-poisson,2,15.0,30.0,1.4272773998090997,1.901777800056152,6.208327684212979,0.3648302387128344,0.3104645700201427,0.23861832710862363,0.20003016485838188,0.1935832388807226,19.733752329516033,0.46290148071148973,0.14583333333333334
gamma,bo-ei@gp-poisson,2,30.0,60.0,3.1185753998579457,2.721905600046739,6.1122426515796775,0.3648302387128344,0.343457793565908,0.2639764148540321,0.2143683133225045,0.1814110463751697,18.400578967492503,0.43115593666064295,0.22916666666666666
gamma,bo-ei@gp-poisson,2,60.0,120.0,5.912145099951886,3.605368500109762,6.008935605505395,0.3648302387128344,0.3104645700201427,0.23861832710862363,0.2143683133225046,0.20571702150766258,17.644230408267948,0.3936937786783176,0.4010416666666667
gamma,bo-ei@gp-poisson,2,90.0,180.0,8.615012799680699,4.365716100088321,5.8845442870723454,0.0,0.0,0.0,0.0,0.012133782626939982,10.5761707834204,0.3510028943274028,0.515625
gamma,bo-ei@gp-poisson,2,120.0,240.0,11.408033899380825,4.623079200100619,5.8827296692720195,0.0,0.0,0.0,0.0,0.012133782626939982,10.572533346128436,0.35098964251311904,0.515625
gamma,bo-ei@gp-poisson,3,15.0,30.0,1.4428574000485241,1.793650099891238,6.1794069065504,0.3648302387128344,0.261885030639043,0.3067133821483874,0.4033181682094146,0.4560395996457359,23.161084683265095,0.4140467547260487,0.09895833333333333
gamma,bo-ei@gp-poisson,3,30.0,60.0,3.111162400105968,2.5926104998216033,5.99726683199264,0.19689468118130493,0.20233440326816465,0.1811850066318219,0.18776254749389643,0.12978317348300272,15.72914804389925,0.410529823384773,0.20833333333333334
gamma,bo-ei@gp-poisson,3,60.0,120.0,5.962022200284991,3.4412167995469645,5.830898295067599,0.19689468118130493,0.10919754887656852,0.07554826088799793,0.10700980588847153,0.08887362232427465,14.977579111267294,0.3827517524616923,0.3697916666666667
gamma,bo-ei@gp-poisson,3,90.0,180.0,8.758781700744294,4.145019899529871,5.805545345664907,0.19689468118130493,0.10919754887656852,0.07554826088799793,0.10700980588847153,0.10362607967865023,14.819493325309727,0.36244781442873647,0.4010416666666667
gamma,bo-ei@gp-poisson,3,120.0,240.0,11.51811820070725,4.381797898910008,5.749661674090608,0.0,0.0,0.0,0.0,0.014752457354375581,6.842518252932599,0.3498178009073467,0.4166666666666667
gamma,bo-ei@gp-poisson,4,15.0,30.0,1.4631099000107497,1.8643267000443302,6.050221673634572,0.0,0.02945186057671345,0.1864232872902568,0.2313363362712414,0.2326244705929864,17.69999636138294,0.4313748289721726,0.13020833333333334
gamma,bo-ei@gp-poisson,4,30.0,60.0,3.0976433999603614,2.7091292000259273,5.903479144835042,0.0,0.0,0.0,0.0,0.019285054442475857,9.299089567612022,0.4047829701395485,0.20833333333333334
gamma,bo-ei@gp-poisson,4,60.0,120.0,5.869497400010005,3.690134200209286,5.804838535896951,0.0,0.0,0.0,0.0,0.019285054442475857,8.463542290104424,0.35430825874319966,0.390625
gamma,bo-ei@gp-poisson,4,90.0,180.0,8.62594310042914,4.4022161003085785,5.794067116588992,0.0,0.0,0.0,0.0,0.019285054442475857,8.432710556216229,0.3581569846410407,0.4010416666666667
gamma,bo-ei@gp-poisson,4,120.0,240.0,11.385766500374302,4.666247900167946,5.727650811362462,0.0,0.0,0.0,0.0,0.019285054442475857,7.795670826093377,0.3405027556975326,0.4947916666666667
gamma,bo-ei@gp-poisson,5,15.0,30.0,1.5198305999510922,1.6362851999001577,6.432732430902971,0.0,0.0,0.0,0.05590268323745107,0.10204348315222567,20.71210057908049,0.4621716485148988,0.109375
gamma,bo-ei@gp-poisson,5,30.0,60.0,3.240320400102064,2.4241538999485783,6.270858842335937,0.0,0.0,0.0,0.0,0.004802935415663123,16.31550504925083,0.4282591140024196,0.20833333333333334
gamma,bo-ei@gp-poisson,5,60.0,120.0,5.963600200077053,3.3802576999296434,6.0243783147405425,0.0,0.0,0.0,0.0,0.004802935415663123,10.239939487055159,0.35554747348161,0.4010416666666667
gamma,bo-ei@gp-poisson,5,90.0,180.0,8.687325300183147,4.099155800242443,5.984944144221115,0.0,0.0,0.0,0.0,0.0,9.40362147619618,0.34499211953129816,0.421875
gamma,bo-ei@gp-poisson,5,120.0,240.0,11.468170899897814,4.409972700173967,5.833308974858762,0.0,0.0,0.0,0.0,0.0,6.881548090507816,0.28936798288603804,0.6041666666666666
gamma,bo-ei@gp-poisson,6,15.0,30.0,1.450071100203786,1.9536783001967706,6.060528845636081,0.0,0.0,0.061993290690319,0.1123572203950034,0.11349249194839583,16.433850393626795,0.43565304108653674,0.13541666666666666
gamma,bo-ei@gp-poisson,6,30.0,60.0,3.0627089000772685,2.6742206999333575,5.988432241018015,0.0,0.0,0.0,0.04323361938760262,0.03700071117881898,13.814703983295662,0.4131645393615684,0.20833333333333334
gamma,bo-ei@gp-poisson,6,60.0,120.0,5.832866400014609,3.53198070009239,5.834499067726887,0.0,0.04617281148125019,0.0,0.0,0.0,10.771508578410053,0.37267392714416964,0.4010416666666667
gamma,bo-ei@gp-poisson,6,90.0,180.0,8.541164099937305,4.289745400310494,5.834830824351289,0.0,0.0,0.0,0.0,0.0,10.773195882976282,0.3680829614055551,0.4010416666666667
gamma,bo-ei@gp-poisson,6,120.0,240.0,11.278001299884636,4.593199500057381,5.633915294124112,0.0,0.0,0.0,0.0,0.0,6.806228953800629,0.29943387386981524,0.6041666666666666
gamma,bo-ei@gp-poisson,7,15.0,30.0,1.4797590999514796,1.686294699786231,6.033854044217226,0.0,0.133010766041593,0.1324724381884539,0.17179945398566865,0.22731265768865283,14.867062304384314,0.4081585185570451,0.13020833333333334
gamma,bo-ei@gp-poisson,7,30.0,60.0,3.0848796002101153,2.461070899676997,5.9313456366116055,0.0,0.0,0.0601108858807361,0.05693751766465771,0.04825256397653899,11.445295573046094,0.39251876599440655,0.20833333333333334
gamma,bo-ei@gp-poisson,7,60.0,120.0,5.826692500268109,3.329911299631931,5.7722956710266216,0.0,0.0,0.0,0.02160994193039778,0.022645892722566452,8.313392906873053,0.32891327490531863,0.4010416666666667
gamma,bo-ei@gp-poisson,7,90.0,180.0,8.616317400184926,4.045410999737214,5.778504392100278,0.0,0.0,0.0,0.02160994193039778,0.022645892722566452,8.307837197474063,0.3255956330652806,0.4166666666666667
gamma,bo-ei@gp-poisson,7,120.0,240.0,11.381889700598549,4.366724400082603,5.58324371385353,0.0,0.0,0.0,0.02160994193039778,0.022645892722566452,5.153762006796893,0.2598146601396247,0.6041666666666666
gamma,bo-ei@gp-poisson,8,15.0,30.0,1.4594086996512488,2.1337678001145832,6.174382110766448,0.3648302387128344,0.2884787407250098,0.25885348098815153,0.22155394131493333,0.1853251469797893,18.827364862836045,0.436022636375419,0.14583333333333334
gamma,bo-ei@gp-poisson,8,30.0,60.0,3.096403199539054,2.7657339002471417,6.081302242596279,0.3648302387128344,0.2884787407250098,0.23840751568187102,0.1918017690017777,0.15713694770613829,17.258460577718818,0.41151955048300376,0.24479166666666666
gamma,bo-ei@gp-poisson,8,60.0,120.0,5.897074999578763,3.4858818003558554,5.959149727026379,0.3648302387128344,0.2884787407250098,0.23840751568187102,0.1918017690017777,0.17156588440304232,16.368515974295008,0.3667373501079181,0.4375
gamma,bo-ei@gp-poisson,8,90.0,180.0,8.613079399627168,4.295156100648455,5.922995297215202,0.0,0.0,0.004905424765740074,0.017249616936936385,0.014428936696904149,9.85381133386222,0.3582812351339233,0.4479166666666667
gamma,bo-ei@gp-poisson,8,120.0,240.0,11.488284399732947,4.612624401052017,5.825863629823523,0.0,0.0,0.004905424765740074,0.017249616936936385,0.014428936696904149,7.510335321508455,0.31844036231540523,0.6041666666666666
gamma,bo-ei@gp-poisson,9,15.0,30.0,1.4493226000922732,1.797505400085356,6.197360100553908,0.0,0.0,0.08629083632799739,0.12115950025744215,0.1405874577921905,20.13913056766236,0.46241105445171277,0.13020833333333334
gamma,bo-ei@gp-poisson,9,30.0,60.0,3.064230200019665,2.536341800354421,6.097093528011139,0.0,0.0,0.0,0.06508522859420551,0.0938190642843002,17.461653691466207,0.441361826354,0.20833333333333334
gamma,bo-ei@gp-poisson,9,60.0,120.0,5.902594800165389,3.363258300407324,5.892766536395175,0.0,0.0,0.003440460633779674,0.01814927154293655,0.0,11.813760517478341,0.3730384659151807,0.4010416666666667
gamma,bo-ei@gp-poisson,9,90.0,180.0,8.639381200424396,4.21231190074468,5.796307823316351,0.0,0.0,0.003440460633779674,0.01814927154293655,0.0,10.013280233354775,0.36308772775617365,0.515625
gamma,bo-ei@gp-poisson,9,120.0,240.0,11.51719240040984,4.484301700606011,5.754711998684413,0.0,0.0,0.003440460633779674,0.01814927154293655,0.0,9.349896137631463,0.32970008366802533,0.6041666666666666
gamma,bo-ei@gp-poisson,10,15.0,30.0,1.472962900006678,2.0357828998821788,6.114695602592206,0.0,0.0073704802629662725,0.031894955823164706,0.11098647321032806,0.1877552832534185,14.689690402780462,0.4435587237051162,0.140625
gamma,bo-ei@gp-poisson,10,30.0,60.0,3.2083606002270244,2.7040231999126263,6.024989565875455,0.0,0.0,0.0,0.0,0.0,12.15390155788417,0.4179837516564226,0.20833333333333334
gamma,bo-ei@gp-poisson,10,60.0,120.0,5.992041599878576,3.3227961999946274,5.881027814381317,0.0,0.0073704802629662725,0.0,0.0,0.0,10.576069183868702,0.37365892345995233,0.4010416666666667
gamma,bo-ei@gp-poisson,10,90.0,180.0,8.668022000056226,4.069579400122166,5.774744968217251,0.0,0.0073704802629662725,0.0,0.0,0.0,8.711078891420813,0.35335773951801486,0.4791666666666667
gamma,bo-ei@gp-poisson,10,120.0,240.0,11.45758730021771,4.364209299848881,5.660226739693424,0.0,0.0073704802629662725,0.0,0.0,0.0,7.120360010935041,0.3145155296866564,0.6041666666666666
gamma,bo-ei@gp-poisson,11,15.0,30.0,1.4656051997444592,1.9164711000048555,6.113999470165928,0.0,0.1457531955193545,0.2604517549430543,0.23858248631878898,0.2312656878337096,19.473876801678443,0.46919578639753035,0.13020833333333334
gamma,bo-ei@gp-poisson,11,30.0,60.0,3.0850038998760283,2.5565736000426114,6.002235579235543,0.0,0.0,0.113435793217325,0.11377365970876885,0.09623960612371008,15.466097725778672,0.4438527957362371,0.203125
gamma,bo-ei@gp-poisson,11,60.0,120.0,5.869354199676309,3.328596700099297,5.8654751921260315,0.0,0.0,0.113435793217325,0.11377365970876885,0.09623960612371008,13.86535421554634,0.38252740208414765,0.4010416666666667
gamma,bo-ei@gp-poisson,11,90.0,180.0,8.582466299645603,4.121762299968395,5.865561461262609,0.0,0.0,0.113435793217325,0.11377365970876885,0.09623960612371008,13.868472540532366,0.38110110234935995,0.4166666666666667
gamma,bo-ei@gp-poisson,11,120.0,240.0,11.363172899640631,4.429471500450745,5.6946923415053305,0.0,0.016850080406861867,0.0,0.020191233983764212,0.0348472733556513,7.123908168614989,0.31728786404254306,0.6041666666666666
gamma,bo-ei@gp-poisson,12,15.0,30.0,1.4458109000115655,1.4783637000946328,6.087161386525616,0.16765366662304237,0.23256443755338174,0.2105880886552146,0.2579035266160745,0.20554517899076974,16.090501360247597,0.42801442725781813,0.15104166666666666
gamma,bo-ei@gp-poisson,12,30.0,60.0,2.863545299915131,1.98112690000562,5.994982751766094,0.0,0.0,0.0,0.02202360151114413,0.01880360214586041,10.192965673747599,0.40762256550892734,0.20833333333333334
gamma,bo-ei@gp-poisson,12,60.0,120.0,5.5532409000443295,2.594568299886305,5.885116582384754,0.0,0.0,0.0,0.017160020158397904,0.01880360214586041,9.36631366457588,0.3795558544442225,0.4010416666666667
gamma,bo-ei@gp-poisson,12,90.0,180.0,8.312731300131418,3.170488100266084,5.870623348762487,0.0,0.0,0.0,0.017160020158397904,0.01880360214586041,9.33203170719898,0.3776631570957546,0.4427083333333333
gamma,bo-ei@gp-poisson,12,120.0,240.0,10.967989700089674,3.4617376003880054,5.780797417800733,0.0,0.0,0.0,0.02202360151114413,0.01880360214586041,7.822900496388258,0.3310486769473326,0.6041666666666666
gamma,bo-ei@gp-poisson,13,15.0,30.0,1.3982153999968432,1.7924603001447394,6.0728610789074295,0.0,0.13987883943566837,0.15121335938887892,0.13346556138558152,0.1364841112764431,16.771243506139037,0.41220083696991117,0.140625
gamma,bo-ei@gp-poisson,13,30.0,60.0,2.787501100334339,2.406442300067283,5.957620810922394,0.0,0.13987883943566837,0.11074080653757323,0.1221597758820624,0.10247131169250168,14.011446932378599,0.3989663789501394,0.21875
gamma,bo-ei@gp-poisson,13,60.0,120.0,5.593109300243668,3.0780224001500756,5.835780908650944,0.0,0.13987883943566837,0.11074080653757323,0.08946347176136937,0.08601243360637179,12.9180458126595,0.3711432111663635,0.4010416666666667
gamma,bo-ei@gp-poisson,13,90.0,180.0,8.312382700503804,3.7044844999327324,5.68978020446544,0.0,0.0,0.0,0.0,0.010967769896418789,5.785432777969502,0.3118341094501654,0.6041666666666666
gamma,bo-ei@gp-poisson,13,120.0,240.0,11.02423320041271,3.9372341000125743,5.689145270553728,0.0,0.0,0.0,0.0,0.02742664798254868,5.766605511802693,0.31185628156450446,0.6041666666666666
gamma,bo-ei@gp-poisson,14,15.0,30.0,1.411579800012987,1.6975685998913832,6.073350740023486,0.008572176416699384,0.0,0.09153881062500602,0.1645659960841751,0.18878905635795962,19.745822251443926,0.44369365558795265,0.11458333333333333
gamma,bo-ei@gp-poisson,14,30.0,60.0,2.8161817999207415,2.3066636999719776,5.948224737052361,0.008572176416699384,0.0,0.0,0.06304117029627343,0.11623551492371564,15.75472731387419,0.40767464543422227,0.20833333333333334
gamma,bo-ei@gp-poisson,14,60.0,120.0,5.55635670007905,2.8932488000718877,5.82593988407818,0.008572176416699384,0.0,0.0,0.06304117029627343,0.11623551492371564,15.283694554857968,0.36882249134671774,0.4010416666666667
gamma,bo-ei@gp-poisson,14,90.0,180.0,8.326591700082645,3.4826441005570814,5.814877716404074,0.008572176416699384,0.0,0.0,0.06304117029627343,0.11623551492371564,15.250191003519555,0.3684847598782725,0.4010416666666667
gamma,bo-ei@gp-poisson,14,120.0,240.0,11.009064300218597,3.7188789004576392,5.809385740305939,0.0,0.0,0.0,0.06304117029627343,0.11623551492371564,15.256082307958504,0.3638245931664311,0.4114583333333333
gamma,bo-ei@gp-poisson,15,15.0,30.0,1.3786857998929918,1.7473031001864001,6.092102361037791,0.0,0.0,0.036099642841438295,0.02887415588069786,0.01949512381758689,14.0048022240375,0.4350204997265815,0.14583333333333334
gamma,bo-ei@gp-poisson,15,30.0,60.0,2.769181999959983,2.349993200157769,6.015987203522705,0.0,0.0,0.036099642841438295,0.02887415588069786,0.02405870956187628,11.737897770622926,0.40886671452111717,0.21354166666666666
gamma,bo-ei@gp-poisson,15,60.0,120.0,5.448774199816398,2.9828089002985507,5.924285532628789,0.0,0.0,0.036099642841438295,0.02887415588069786,0.02405870956187628,10.697393865134249,0.3755472134988944,0.4010416666666667
gamma,bo-ei@gp-poisson,15,90.0,180.0,8.200396399770398,3.587569000257645,5.920369611904666,0.0,0.0,0.036099642841438295,0.02887415588069786,0.02405870956187628,10.598610805339986,0.36480614148886925,0.4322916666666667
gamma,bo-ei@gp-poisson,15,120.0,240.0,10.929578199749812,3.871022400446236,5.804344415612204,0.0,0.0,0.036099642841438295,0.02887415588069786,0.02405870956187628,7.898055650026366,0.31841610121819613,0.6041666666666666
gamma,bo-ei@gp-poisson,16,15.0,30.0,1.4374647999065928,1.7177943999995477,6.1291906388308375,0.01577368333485396,0.0371672702978304,0.17103205117566456,0.24675842902759493,0.2998356771248605,22.588032647469053,0.4829313063630339,0.11458333333333333
gamma,bo-ei@gp-poisson,16,30.0,60.0,2.8093076999648474,2.358661499922164,6.04043781389187,0.07374827584356203,0.0371672702978304,0.17103205117566456,0.2155205212801541,0.24187816436772447,21.26979002854261,0.4604031537647632,0.20833333333333334
gamma,bo-ei@gp-poisson,16,60.0,120.0,5.685443499707617,3.078944999957457,5.935900494392668,0.01577368333485396,0.0,0.0,0.04026600376931999,0.07201154122149589,13.103597729925825,0.4151616698247985,0.328125
gamma,bo-ei@gp-poisson,16,90.0,180.0,8.41434279968962,3.790878400148358,5.84793216766283,0.0,0.0,0.0,0.04026600376931999,0.07201154122149589,12.235508737971667,0.38998671452216854,0.4010416666666667
gamma,bo-ei@gp-poisson,16,120.0,240.0,11.129692599584814,4.038258900225628,5.8435922235942135,0.0,0.0,0.0,0.04026600376931999,0.07201154122149589,12.227672602062507,0.3892904123751251,0.4166666666666667
gamma,bo-ei@gp-poisson,17,15.0,30.0,1.4072400000877678,1.744610500172712,6.1467174092476435,0.0,0.24614960956244825,0.34410897225564185,0.37443121630381504,0.3843209712811362,25.84570466811011,0.44785167301058737,0.140625
gamma,bo-ei@gp-poisson,17,30.0,60.0,2.787911200313829,2.3925017004366964,6.0307082043145686,0.008572176416699384,0.004286088208349748,0.0,0.021456321982812554,0.0669200163970004,19.375010032858853,0.44279754268965277,0.21875
gamma,bo-ei@gp-poisson,17,60.0,120.0,5.649781000276562,3.1085075005539693,5.86999174601904,0.008572176416699384,0.004286088208349748,0.0,0.021456321982812554,0.01799811916761107,15.70329810944406,0.3696001432959845,0.40625
gamma,bo-ei@gp-poisson,17,90.0,180.0,8.387176800111774,3.7651462004869245,5.859341393920071,0.0,0.004286088208349748,0.0,0.021456321982812554,0.01799811916761107,15.69298205677467,0.36190273298446834,0.40625
gamma,bo-ei@gp-poisson,17,120.0,240.0,11.095551700156648,4.014040100562852,5.857388950780915,0.008572176416699384,0.004286088208349748,0.0,0.021456321982812554,0.01799811916761107,15.690811595920337,0.36190210059304506,0.40625
gamma,bo-ei@gp-poisson,18,15.0,30.0,1.4207383000175469,1.6224081998807378,6.113974861222559,0.0,0.2454870829790825,0.31885988720317227,0.39043614097176427,0.46904213312892196,18.27011065732346,0.4438383270641908,0.07291666666666667
gamma,bo-ei@gp-poisson,18,30.0,60.0,2.8025429001427256,2.266582799842581,5.91423330457203,0.0,0.0,0.04672419979575115,0.056544730562754664,0.06373767419118248,11.020963929646703,0.41821279802672234,0.21875
gamma,bo-ei@gp-poisson,18,60.0,120.0,5.583737500186544,2.9616800998919643,5.768422669157559,0.0,0.0,0.04672419979575115,0.0,0.004208824413250656,8.859604358274188,0.3488108546758235,0.4010416666666667
gamma,bo-ei@gp-poisson,18,90.0,180.0,8.285425000125542,3.611329299688805,5.710318263034199,0.0,0.0,0.04672419979575115,0.0,0.004208824413250656,8.809333268820406,0.3441830527582453,0.4739583333333333
gamma,bo-ei@gp-poisson,18,120.0,240.0,11.022612100176048,3.880447699513752,5.616629755561185,0.0,0.0,0.04672419979575115,0.0,0.004208824413250656,7.829955632877005,0.3107547425323292,0.6041666666666666
gamma,bo-ei@gp-poisson,19,15.0,30.0,1.4411349001456983,1.6189132000436075,6.134834684577139,0.4073605041961753,0.3577934410860921,0.30676375681485235,0.2866050499315972,0.29645947511443105,19.06634611067564,0.46161405193300364,0.125
gamma,bo-ei@gp-poisson,19,30.0,60.0,2.836423000146169,2.0950217001955025,6.029347395184883,0.0,0.0,0.03722734297522734,0.03828665242760765,0.03211558889808419,14.580257980452956,0.4231537773100163,0.21875
gamma,bo-ei@gp-poisson,19,60.0,120.0,5.657399900024757,2.7240114001906477,5.890900847735007,0.0,0.0,0.03722734297522734,0.0,0.006888892830802962,11.976409944386816,0.36640067728943826,0.40625
gamma,bo-ei@gp-poisson,19,90.0,180.0,8.413367600529455,3.427642500435468,5.72177671495199,0.0,0.09054356695196264,0.0,0.008212604983236838,0.006888892830802962,7.756168892916321,0.31778651016665244,0.5885416666666666
gamma,bo-ei@gp-poisson,19,120.0,240.0,11.163613900193013,3.693160300492309,5.707445468719778,0.0,0.09054356695196264,0.0,0.008212604983236838,0.006888892830802962,7.747457167589858,0.3137993139919745,0.6041666666666666
gamma,bo-ei@gp-poisson,20,15.0,30.0,1.4129467000020668,1.837929800094571,6.199927952306091,0.0,0.0,0.030805315414543677,0.051592473669877625,0.11083922469534857,16.772232038620018,0.4244064680671481,0.15104166666666666
gamma,bo-ei@gp-poisson,20,30.0,60.0,2.7351183999562636,2.3120410999981686,6.0977385927477785,0.0,0.0,0.07680594405132635,0.06460733337977653,0.03339055464123686,14.157975221241555,0.3979498177781735,0.23958333333333334
gamma,bo-ei@gp-poisson,20,60.0,120.0,5.572310399962589,2.9322351000155322,5.916755663466531,0.0,0.0,0.07680594405132635,0.0874521054598193,0.07302644660966395,9.815807016698564,0.33713889234304967,0.40625
gamma,bo-ei@gp-poisson,20,90.0,180.0,8.250177800131496,3.591924700071104,5.742209152213737,0.0,0.0,0.07680594405132635,0.0874521054598193,0.07302644660966395,5.868956419462565,0.2837164832994297,0.6041666666666666
gamma,bo-ei@gp-poisson,20,120.0,240.0,10.949588700255845,3.8539273002534173,5.736362298191909,0.0,0.0,0.05938847904235911,0.05068662035013949,0.021766132319074205,5.671243925201823,0.28360624268274254,0.6041666666666666
gamma,bo-ei@gp-poisson,21,15.0,30.0,1.3818396998685785,1.647038499941118,11.770090263429985,0.8255993614413182,0.8463783393668919,0.8549011564179048,0.8572718380286495,0.8770243130201243,19.511791862445843,0.5973286569937631,0.09895833333333333
gamma,bo-ei@gp-poisson,21,30.0,60.0,2.7064895997173153,2.1578283997369,7.9816834212386825,0.6423786310898258,0.7054844889675829,0.766300480998277,0.7837854739784054,0.7913031951263082,18.897235972824948,0.5605055391587156,0.13020833333333334
gamma,bo-ei@gp-poisson,21,60.0,120.0,5.5202987997327,2.819106000009924,6.409932468851468,0.3933787546205233,0.3283760311493641,0.3861915017576476,0.3956675421679623,0.39684244891925036,15.065017976127466,0.4697898582132485,0.3072916666666667
gamma,bo-ei@gp-poisson,21,90.0,180.0,8.21671059972141,3.5200526001281105,5.913621445942816,0.0,0.10820742816803919,0.15128206806711142,0.13628044772654146,0.11581621401863973,10.93472692534253,0.40961273853250874,0.4427083333333333
gamma,bo-ei@gp-poisson,21,120.0,240.0,10.905912399932276,3.7739032001700252,5.8440785427012125,0.0,0.0,0.07481039736000106,0.06827124164157816,0.06400576564145843,9.101593188483635,0.40290636776422234,0.4791666666666667
gamma,bo-ei@gp-poisson,22,15.0,30.0,1.3993924998794682,1.7804335000691935,6.187893506468204,0.0,0.00988403987666231,0.1003146655352849,0.1581842589029968,0.11701401491810781,19.122512922315927,0.4241641516892353,0.140625
gamma,bo-ei@gp-poisson,22,30.0,60.0,2.7644029998918995,2.249863600183744,6.071253322161804,0.0,0.00988403987666231,0.006927503182010963,0.05152238040271906,0.08872053729949048,14.078131493180537,0.40533459719394627,0.21875
gamma,bo-ei@gp-poisson,22,60.0,120.0,5.568522699759342,2.861783899832517,5.89603050059834,0.0,0.00988403987666231,0.006927503182010963,0.05152238040271906,0.04238661590795911,8.587594303115937,0.3589161299906776,0.4010416666666667
gamma,bo-ei@gp-poisson,22,90.0,180.0,8.317207099753432,3.5090683999005705,5.798872665141617,0.0,0.00988403987666231,0.006927503182010963,0.05152238040271906,0.04238661590795911,8.28181060054175,0.30127305227828816,0.546875
gamma,bo-ei@gp-poisson,22,120.0,240.0,11.138906499778386,3.7983971999492496,5.750890398986061,0.0,0.00988403987666231,0.006927503182010963,0.05152238040271906,0.04238661590795911,8.084546126246169,0.2937078218969868,0.6041666666666666
gamma,bo-ei@gp-poisson,23,15.0,30.0,1.4406909001409076,1.672271800111048,6.092201786335714,0.0,0.08552825436053413,0.11858658150608758,0.1384191648181201,0.18666220617909857,15.123592526904218,0.4399545767891055,0.11458333333333333
gamma,bo-ei@gp-poisson,23,30.0,60.0,2.7801628001616336,2.1333256002981216,5.954643289817859,0.0,0.0,0.0,0.022168872567189357,2.220446049250313e-16,10.902624179612504,0.4423826003342568,0.20833333333333334
gamma,bo-ei@gp-poisson,23,60.0,120.0,5.62398979999125,2.760625800176058,5.838706253979851,0.0,0.0,0.0,0.022168872567189357,2.220446049250313e-16,10.417995134822748,0.40065444037488385,0.4010416666666667
gamma,bo-ei@gp-poisson,23,90.0,180.0,8.318044700019527,3.3053184002637863,5.822963618861095,0.0,0.0,0.0,0.022168872567189357,2.220446049250313e-16,10.4063517355899,0.3921380426480031,0.4322916666666667
gamma,bo-ei@gp-poisson,23,120.0,240.0,11.02096610009903,3.6118045999319293,5.687056130157745,0.0,0.0,0.0,0.022168872567189357,2.220446049250313e-16,7.412883412517414,0.33643826783123215,0.6041666666666666
gamma,bo-ei@gp-poisson,24,15.0,30.0,1.465045900142286,1.5315398000529967,6.2436214158199945,0.0,0.0,0.0,0.12417486931568189,0.10458617876704346,18.98967688017687,0.43424081554806854,0.13020833333333334
gamma,bo-ei@gp-poisson,24,30.0,60.0,2.9545558001264,2.2716975001385435,6.141309796870151,0.0,0.0,0.0,0.0,0.035111292390164306,14.51380942325833,0.42116597742286166,0.203125
gamma,bo-ei@gp-poisson,24,60.0,120.0,5.763114699919242,2.8902959999395534,6.0344695534146595,0.0,0.0,0.0,0.0,0.035111292390164306,13.767914065037735,0.3751092982233257,0.4010416666666667
gamma,bo-ei@gp-poisson,24,90.0,180.0,8.45026040013181,3.4245949999894947,6.022387426851933,0.0,0.0,0.0,0.0,0.035111292390164306,13.62885172599287,0.3834692536061826,0.4010416666666667
gamma,bo-ei@gp-poisson,24,120.0,240.0,11.18414270033827,3.7383143997285515,5.839687606012395,0.0,0.0,0.0,0.0,0.035111292390164306,8.7456454467279,0.3214450245036899,0.6041666666666666
gamma,bo-ei@gp-poisson,25,15.0,30.0,1.5837174998014234,1.7032087999396026,6.264584787413409,0.27893927496401005,0.3076723914732028,0.380928065780067,0.40537424207282724,0.3842936176703041,23.58778279247723,0.46362834832186783,0.10416666666666667
gamma,bo-ei@gp-poisson,25,30.0,60.0,2.9752219998044893,2.3026953999651596,6.066446548689906,0.0,0.0,0.0066505582438283195,0.0,0.02382523814145676,15.540919321628422,0.44770439946586177,0.21875
gamma,bo-ei@gp-poisson,25,60.0,120.0,5.7608151996391825,2.893500000005588,5.912241117812063,0.0,0.0,0.0066505582438283195,0.029448991087107745,0.0,12.900162661658356,0.39364787113852,0.40625
gamma,bo-ei@gp-poisson,25,90.0,180.0,8.458056599192787,3.447199899877887,5.908121718829712,0.0,0.0,0.0066505582438283195,0.029448991087107745,0.0,12.877294170845046,0.3936323772791652,0.40625
gamma,bo-ei@gp-poisson,25,120.0,240.0,11.284046099579427,3.7326014996506274,5.772979013679553,0.0,0.0,0.0066505582438283195,0.029448991087107745,0.0,10.542159622373884,0.3423298141528151,0.6041666666666666
gamma,bo-ei@gp-poisson,26,15.0,30.0,1.619420699949842,1.837696600065101,6.101553647240199,0.34170374732801123,0.2961264536366791,0.33038123060658775,0.3147693221216168,0.2987917514584182,20.357404575998387,0.437819052563866,0.140625
gamma,bo-ei@gp-poisson,26,30.0,60.0,2.958658200048376,2.4077560999430716,5.97106535007394,0.0,0.020395371684950314,0.07850977892014244,0.06313323458456566,0.08836819970153309,14.489227784295743,0.43595748359690406,0.21354166666666666
gamma,bo-ei@gp-poisson,26,60.0,120.0,5.754567199735902,3.010917500127107,5.873989172769387,0.0,0.020395371684950314,0.07850977892014244,0.06313323458456566,0.08836819970153309,13.631215035003251,0.3925558539929191,0.4010416666666667
gamma,bo-ei@gp-poisson,26,90.0,180.0,8.393611600098666,3.560729899967555,5.786263586202213,0.0,0.020395371684950314,0.07850977892014244,0.06313323458456566,0.08836819970153309,13.259179508747035,0.3656558030148489,0.5260416666666666
gamma,bo-ei@gp-poisson,26,120.0,240.0,11.194702299952041,3.831948299659416,5.727923574880163,0.0,0.020395371684950314,0.07850977892014244,0.06313323458456566,0.08836819970153309,13.049008539851055,0.3379631049321131,0.6041666666666666
gamma,bo-ei@gp-poisson,27,15.0,30.0,1.6573595999507234,1.8364886997733265,6.078274695759133,0.0,0.0,0.011648201976892869,0.04626947260717784,0.057564602504751594,13.085235522747311,0.44045201539716805,0.13020833333333334
gamma,bo-ei@gp-poisson,27,30.0,60.0,3.0648655000841245,2.3885877995635383,5.97526229992219,0.0,0.0,0.011648201976892869,0.027582357215005904,0.05299169598037923,10.776952842114202,0.4122977331730221,0.21875
gamma,bo-ei@gp-poisson,27,60.0,120.0,5.860477999958675,3.01461439934792,5.861380411572637,0.0,0.0,0.011648201976892869,0.0,0.01378824341963325,8.223520957207283,0.36300432349177125,0.4010416666666667
gamma,bo-ei@gp-poisson,27,90.0,180.0,8.52836280001793,3.612926999339834,5.836393148571516,0.0,0.0,0.011648201976892869,0.0,0.01378824341963325,7.98950614518048,0.35053292602402075,0.4895833333333333
gamma,bo-ei@gp-poisson,27,120.0,240.0,11.32066040020436,3.890869999479037,5.747554149603893,0.0,0.0,0.011648201976892869,0.0,0.01378824341963325,7.246796497922939,0.3187022777855231,0.6041666666666666
gamma,bo-ei@gp-poisson,28,15.0,30.0,1.6397618998889811,1.7371869000489824,6.511760456107531,0.05890372115342679,0.25229881505537044,0.3424803137995105,0.3730528144782854,0.37992631917123565,23.935897077190333,0.4692282717056472,0.125
gamma,bo-ei@gp-poisson,28,30.0,60.0,3.0171804999699816,2.2445909000816755,6.379368763432786,0.05890372115342679,0.0,0.0,0.07840821690025934,0.09742340933150051,18.949838093472945,0.4494532851606356,0.20833333333333334
gamma,bo-ei@gp-poisson,28,60.0,120.0,5.76437869988149,2.8708435002481565,6.10287766558339,0.0,0.0,0.0,0.0,0.04461600648854758,14.891974462663702,0.39207138656630547,0.3854166666666667
gamma,bo-ei@gp-poisson,28,90.0,180.0,8.489429899898823,3.4493152005015872,6.096908911106904,0.0,0.0,0.0,0.0,0.04461600648854758,14.91770188684354,0.3873288805558732,0.4010416666666667
gamma,bo-ei@gp-poisson,28,120.0,240.0,11.319707800110336,3.748893200943712,5.948683873961805,0.0,0.0,0.0,0.0,0.04461600648854758,13.251777286012711,0.34630949369880465,0.5885416666666666
gamma,bo-ei@gp-poisson,29,15.0,30.0,1.652563499927055,1.7341085000080056,5.983739152876521,0.0,0.09498754549539767,0.0,0.0,0.0,13.780591798662574,0.45964718701312185,0.140625
gamma,bo-ei@gp-poisson,29,30.0,60.0,3.051393899891991,2.259745199989993,5.885140048570378,0.0,0.09498754549539767,0.0,0.039859710559609685,0.017764750720433375,12.031147005464161,0.43534275366225095,0.21354166666666666
gamma,bo-ei@gp-poisson,29,60.0,120.0,5.809730699926149,2.8970789001323283,5.78201614467099,0.0,0.09498754549539767,0.0,0.039859710559609685,0.017764750720433375,11.518936577278309,0.37179757986995976,0.4010416666666667
gamma,bo-ei@gp-poisson,29,90.0,180.0,8.569699500396382,3.4684103002073243,5.76895234400864,0.0,0.09498754549539767,0.0,0.039859710559609685,0.017764750720433375,11.494180166996816,0.3685580965720487,0.4270833333333333
gamma,bo-ei@gp-poisson,29,120.0,240.0,11.327370100363623,3.7843433005618863,5.581198974595303,0.0,0.09498754549539767,0.0,0.039859710559609685,0.017764750720433375,8.156799839105226,0.3020587073314797,0.6041666666666666
gamma,bo-ei@gp-poisson,30,15.0,30.0,1.6506935001234524,1.810793800279498,6.427884749487284,0.4405805964976658,0.3889604064569734,0.42258532604056676,0.37056872279929254,0.3848776040378664,18.02270854388128,0.4452821245680141,0.11458333333333333
gamma,bo-ei@gp-poisson,30,30.0,60.0,3.043612100300379,2.3318208003765903,6.275507064445097,0.43380629115446545,0.28130658041170686,0.28124177797470673,0.2541911528967321,0.20855496859334355,16.421647414874798,0.42176727446767553,0.20833333333333334
gamma,bo-ei@gp-poisson,30,60.0,120.0,5.788277700426988,2.911714000569191,6.165695207691861,0.43380629115446545,0.28130658041170686,0.28124177797470673,0.2541911528967321,0.20855496859334355,16.127059319168985,0.4065119111634577,0.23958333333333334
gamma,bo-ei@gp-poisson,30,90.0,180.0,8.516179600614123,3.6107155003701337,5.851858708410904,0.43380629115446545,0.28130658041170686,0.27431697448011216,0.24670696069621167,0.22154650427755185,13.978975738674803,0.3525015635134061,0.5416666666666666
gamma,bo-ei@gp-poisson,30,120.0,240.0,11.326757100818213,3.8915796003420837,5.749680293751297,0.0,0.0,0.0,0.015141847723945223,0.021336832974132247,8.187867088197263,0.3246210557624069,0.6041666666666666
gamma,bo-ei@gp-poisson,31,15.0,30.0,1.656434900010936,1.8661616997560486,6.491830931002036,0.0,0.1585859675411565,0.23780612508803256,0.2904466163163406,0.3364845733891614,26.416623594948966,0.5102118685244358,0.09375
gamma,bo-ei@gp-poisson,31,30.0,60.0,3.0187704000854865,2.364308799733408,6.356930176415655,0.0,0.1134456108845282,0.1319356853819924,0.1044567126329965,0.12164001272297797,22.975626254496678,0.49177596738770435,0.20833333333333334
gamma,bo-ei@gp-poisson,31,60.0,120.0,5.780910600093193,3.0029888997087255,6.185445023385597,0.0,0.1134456108845282,0.20401528685736103,0.16152389802877676,0.1336813467585084,20.93317251241572,0.4381924779390008,0.4010416666666667
gamma,bo-ei@gp-poisson,31,90.0,180.0,8.456604200182483,3.595371999719646,6.183179790582188,0.0,0.1134456108845282,0.20401528685736103,0.16152389802877676,0.1336813467585084,20.94499808533367,0.43805607474497216,0.4010416666666667
gamma,bo-ei@gp-poisson,31,120.0,240.0,11.198822100122925,3.919039199652616,5.998543549213712,0.0,0.1134456108845282,0.20401528685736103,0.16152389802877676,0.1336813467585084,18.729495445556633,0.3696104936098355,0.6041666666666666
gamma,bo-ei@gp-poisson,32,15.0,30.0,1.656136000121478,1.9241983000538312,6.316106814822292,0.0,0.0,0.1979604384260384,0.2850140763838622,0.30737441350026995,22.277477282224993,0.4669527583405724,0.13541666666666666
gamma,bo-ei@gp-poisson,32,30.0,60.0,3.0191504000104032,2.42367910023313,6.207479007944954,0.0,0.0,0.0,0.056675468351075065,0.08182606412231896,18.077415460410837,0.4514561320728551,0.20833333333333334
gamma,bo-ei@gp-poisson,32,60.0,120.0,5.811455300194211,3.1085978001356125,6.015812114596849,0.0,0.0,0.0,0.056675468351075065,0.08182606412231896,16.73186228048332,0.40095155166717467,0.4010416666666667
gamma,bo-ei@gp-poisson,32,90.0,180.0,8.607776200165972,3.7191817003767937,6.025838220603281,0.050766726068686485,0.0,0.0,0.056675468351075065,0.08182606412231896,16.650811172971896,0.41714876560290226,0.4010416666666667
gamma,bo-ei@gp-poisson,32,120.0,240.0,11.368661500047892,4.082010400365107,5.884952671806828,0.050766726068686485,0.0,0.0,0.056675468351075065,0.08182606412231896,15.18169572964175,0.3535938084204384,0.6041666666666666
gamma,bo-ei@gp-poisson,33,15.0,30.0,1.577990400372073,1.9385146001004614,6.0176905902270255,0.0,0.037760856656376185,0.06343558916561298,0.07869891158333808,0.018910305509274083,12.714246016871215,0.45114536436755037,0.13541666666666666
gamma,bo-ei@gp-poisson,33,30.0,60.0,2.9861718003521673,2.435980500187725,5.903900660938341,0.0,0.037760856656376185,0.06343558916561298,0.0,0.018910305509274083,9.311712583479785,0.4278985333456724,0.21354166666666666
gamma,bo-ei@gp-poisson,33,60.0,120.0,5.70149610057706,3.101380800246261,5.7611737300777115,0.0,0.037760856656376185,0.06343558916561298,0.07371691369724409,0.014734248781990034,8.536167667207078,0.3640056476933315,0.4010416666666667
gamma,bo-ei@gp-poisson,33,90.0,180.0,8.404445300460793,3.71303940017242,5.747414247810966,0.0,0.037760856656376185,0.06343558916561298,0.0,0.014734248781990034,8.508813491175854,0.35309186652266233,0.4270833333333333
gamma,bo-ei@gp-poisson,33,120.0,240.0,11.168710200639907,4.00145900005009,5.609744486790224,0.0,0.037760856656376185,0.06343558916561298,0.07869891158333808,0.018910305509274083,7.208785420159442,0.30596647150235956,0.6041666666666666
gamma,bo-ei@gp-poisson,34,15.0,30.0,1.5652877998072654,1.932179199939128,6.22050691232397,0.23380769721060135,0.12407255374037962,0.24448897166534134,0.3254163765525402,0.3781917107840509,22.76964187862743,0.42218873181267036,0.13541666666666666
gamma,bo-ei@gp-poisson,34,30.0,60.0,2.9594129997421987,2.43260029994417,6.094017061315159,0.0,0.0,0.0,0.03236801327202743,0.026059264139909,13.945881021432593,0.3921057657758277,0.20833333333333334
gamma,bo-ei@gp-poisson,34,60.0,120.0,5.653343699930701,3.061524099903181,5.90283559861971,0.0,0.0,0.0,0.0,0.026059264139909,10.848509781267904,0.3531493432390981,0.4010416666666667
gamma,bo-ei@gp-poisson,34,90.0,180.0,8.266352800128516,3.6892946997541003,5.894239240064702,0.0,0.0,0.0,0.0,0.026059264139909,10.874436144153393,0.34843568046934464,0.4010416666666667
gamma,bo-ei@gp-poisson,34,120.0,240.0,11.060987600008957,4.009961399657186,5.7194518094192555,0.0,0.0,0.0,0.0,0.026059264139909,7.5915072993222825,0.2885059315437039,0.6041666666666666
gamma,bo-ei@gp-poisson,35,15.0,30.0,1.5171068998752162,1.920815700024832,6.429534297279652,0.5521143211916174,0.5010861234883952,0.46825532915118917,0.45244927398922374,0.43857066037483994,27.94860342245832,0.45436040594149174,0.140625
gamma,bo-ei@gp-poisson,35,30.0,60.0,2.909880999766756,2.364282400114462,6.296986537419966,0.04340185519385875,0.14707978261395704,0.1341400915550487,0.18316590209627792,0.19283219916885852,23.608030028731587,0.4360344368936348,0.21354166666666666
gamma,bo-ei@gp-poisson,35,60.0,120.0,5.61162579950178,2.9839587002643384,6.124522365167727,0.04340185519385875,0.14707978261395704,0.1341400915550487,0.18316590209627792,0.19283219916885852,21.244490147005127,0.3886855449368749,0.40625
gamma,bo-ei@gp-poisson,35,90.0,180.0,8.407522699097171,3.5636221007443964,6.125826188376685,0.04340185519385875,0.14707978261395704,0.1341400915550487,0.18316590209627792,0.19283219916885852,21.29702615265964,0.38858052691705824,0.40625
gamma,bo-ei@gp-poisson,35,120.0,240.0,11.149427799100522,3.887157200835645,5.941503766209152,0.0,0.0,0.02272114243437784,0.0,0.0,12.98398305556695,0.3413192159795753,0.5260416666666666
gamma,bo-ei@gp-poisson,36,15.0,30.0,1.3993757998105139,1.1304721999331377,6.028824129938163,0.1604569555364882,0.3513704548648382,0.37771791995606796,0.388101163330674,0.40421048553385486,21.021077722268416,0.4479401154428395,0.140625
gamma,bo-ei@gp-poisson,36,30.0,60.0,2.8152368997689337,1.7519220999674872,5.905965747252495,0.0,0.0,0.0,0.0914610269765479,0.12536364458181415,16.1380118690687,0.41708571148927653,0.20833333333333334
gamma,bo-ei@gp-poisson,36,60.0,120.0,5.5574374995194376,2.378416999883484,5.738290519991288,0.0,0.0,0.0,0.015380663773790992,0.02154101790349594,11.395446571274277,0.379395579524273,0.4010416666666667
gamma,bo-ei@gp-poisson,36,90.0,180.0,8.293153799604625,2.8845360999694094,5.713853687519289,0.0,0.0,0.0,0.015380663773790992,0.02154101790349594,11.381040128524722,0.3639675725065267,0.4322916666666667
gamma,bo-ei@gp-poisson,36,120.0,240.0,10.773092799761798,3.137850700004492,5.6018203611941715,0.0,0.0,0.0,0.015380663773790992,0.02154101790349594,9.987226134262837,0.3212403998653339,0.6041666666666666
gamma,bo-ei@gp-poisson,37,15.0,30.0,1.4372169998823665,1.5671379997511394,6.309172702719246,0.4706555642804171,0.511281323108103,0.5594873913902279,0.5685326833916693,0.5961027955391978,22.634492096637878,0.4562688180892655,0.11458333333333333
gamma,bo-ei@gp-poisson,37,30.0,60.0,2.844002499943599,2.1352955996990204,6.080905013469273,0.4706555642804171,0.48651495627588115,0.49287824126524293,0.5214693324048454,0.5132033829560587,21.982021529661502,0.41137091337854187,0.2604166666666667
gamma,bo-ei@gp-poisson,37,60.0,120.0,5.678345599793829,2.737067299953196,5.831039095826552,0.0,0.048875308070509105,0.07063409716814273,0.07669042863164066,0.06510825991465286,12.657194017704342,0.37117717366363817,0.40625
gamma,bo-ei@gp-poisson,37,90.0,180.0,8.354100500058848,3.2521565000060946,5.813822271152017,0.0,0.048875308070509105,0.07063409716814273,0.07669042863164066,0.06510825991465286,12.541215611031976,0.37315905579444714,0.40625
gamma,bo-ei@gp-poisson,37,120.0,240.0,10.997609499492683,3.511034199851565,5.7237232267975,0.0,0.048875308070509105,0.07063409716814273,0.07669042863164066,0.06510825991465286,11.315873763625445,0.3396569400902822,0.5364583333333334
gamma,bo-ei@gp-poisson,38,15.0,30.0,1.4055069999303669,1.563214399968274,6.154691679641477,0.008572176416699384,0.08811292151987093,0.05874194767991392,0.15536556442666571,0.223941587356136,21.374419175983057,0.46448154069677394,0.125
gamma,bo-ei@gp-poisson,38,30.0,60.0,2.8557031000964344,2.094213899690658,6.0227789923977895,0.008572176416699384,0.004286088208349748,0.05874194767991392,0.042003431862769225,0.0,14.548763206564715,0.4341076226199912,0.20833333333333334
gamma,bo-ei@gp-poisson,38,60.0,120.0,5.612962899613194,2.699957499804441,5.920077694568632,0.008572176416699384,0.004286088208349748,0.0028573921388997947,0.042003431862769225,0.0,11.957226599526773,0.37344405521030477,0.4010416666666667
gamma,bo-ei@gp-poisson,38,90.0,180.0,8.228541899705306,3.2198920997907408,5.904969531937108,0.008572176416699384,0.004286088208349748,0.0028573921388997947,0.042003431862769225,0.0,11.85443874793032,0.37858302578572817,0.4010416666666667
gamma,bo-ei@gp-poisson,38,120.0,240.0,10.934319499705452,3.5171547000063583,5.746484559717241,0.008572176416699384,0.004286088208349748,0.0028573921388997947,0.042003431862769225,0.0,10.265966408775624,0.3333941981332105,0.6041666666666666
gamma,bo-ei@gp-poisson,39,15.0,30.0,1.4406511998386122,1.4893455001874827,6.319377808906978,0.0,0.1635333375687883,0.21240392437149735,0.1923095939369539,0.16515720931812528,19.981434540230275,0.4295189830269921,0.140625
gamma,bo-ei@gp-poisson,39,30.0,60.0,2.8341395996394567,1.9650611000834033,6.240471906433775,0.0,0.03567765767237552,0.11602008117465001,0.1130144654221319,0.10106787750815038,18.216592228383195,0.42210120942470647,0.20833333333333334
gamma,bo-ei@gp-poisson,39,60.0,120.0,5.660233000002336,2.5646549001103267,6.1056168595526215,0.0,0.03567765767237552,0.11602008117465001,0.1130144654221319,0.10106787750815038,17.142614971383818,0.3730641615805322,0.4010416666666667
gamma,bo-ei@gp-poisson,39,90.0,180.0,8.303190299775451,3.1262905004550703,5.906144009787301,0.0,0.0,0.0,0.012895274016626823,0.015084615242299315,11.828735584430127,0.33472788021251465,0.5104166666666666
gamma,bo-ei@gp-poisson,39,120.0,240.0,10.98394529952202,3.378701600653585,5.817565341385403,0.0,0.0,0.0,0.012895274016626823,0.015084615242299315,8.252300506864346,0.3160680806402724,0.6041666666666666
gamma,bo-ei@gp-poisson,40,15.0,30.0,1.4233794999308884,1.5687366999918595,6.148192509859595,0.05890372115342679,0.21953501177078705,0.2623006696067366,0.27932121248160313,0.35480960824045926,19.896798887478816,0.44280263366785094,0.11458333333333333
gamma,bo-ei@gp-poisson,40,30.0,60.0,2.8116446994245052,2.103649100230541,5.989577965743326,0.05890372115342679,0.0,0.0,0.05597180720941253,0.047683074411797755,13.440085194530301,0.40745203860770435,0.20833333333333334
gamma,bo-ei@gp-poisson,40,60.0,120.0,5.61066839954583,2.6902488004998304,5.867109120846476,0.05890372115342679,0.0,0.0,0.05597180720941253,0.047683074411797755,12.519133384187008,0.3724934598490757,0.4010416666666667
gamma,bo-ei@gp-poisson,40,90.0,180.0,8.357735399564262,3.1858376007294282,5.84707665223852,0.0,0.0,0.0,0.05597180720941253,0.047683074411797755,12.42732356681577,0.36931788634086754,0.4010416666666667
gamma,bo-ei@gp-poisson,40,120.0,240.0,11.068196399428416,3.4413899006904103,5.796540739454474,0.0,0.0,0.0,0.05597180720941253,0.047683074411797755,11.792567011544998,0.35894141674892593,0.46875
gamma,bo-ei@gp-poisson,41,15.0,30.0,1.4421705999411643,1.5721691998187453,6.23447045205413,0.0,0.29435528726606464,0.3095153653033338,0.3392788466535701,0.4035093191461815,19.44518777030688,0.45685654185603614,0.11458333333333333
gamma,bo-ei@gp-poisson,41,30.0,60.0,2.786809699900914,2.1273107998422347,6.095586089039313,0.0,0.0,0.005938496414233052,0.004855849019995251,0.03295746797003296,12.433370077773265,0.433154513825079,0.20833333333333334
gamma,bo-ei@gp-poisson,41,60.0,120.0,5.574931699899025,2.7238079996895976,5.98208417341003,0.0,0.0,0.005938496414233052,0.004855849019995251,0.03295746797003296,10.330586813304205,0.3706382543624616,0.4010416666666667
gamma,bo-ei@gp-poisson,41,90.0,180.0,8.177286199526861,3.232980899512768,5.976765217641025,0.0,0.0,0.005938496414233052,0.004855849019995251,0.03295746797003296,10.316089134998933,0.3703061259704096,0.4010416666666667
gamma,bo-ei@gp-poisson,41,120.0,240.0,10.779280099319294,3.4713561994722113,5.9650834116450815,0.0,0.0,0.005938496414233052,0.004855849019995251,0.03295746797003296,10.308849362772461,0.3654386415332669,0.4322916666666667
gamma,bo-ei@gp-poisson,42,15.0,30.0,1.436819499824196,1.6253030002117157,6.149287260289515,0.0,0.0,0.0,0.09667602948634302,0.08738599984875606,17.464083028836683,0.47156063216504845,0.140625
gamma,bo-ei@gp-poisson,42,30.0,60.0,2.8466636996599846,2.1558121000998653,6.038088263687079,0.0,0.0,0.0,0.09667602948634302,0.08385319250838141,15.61515502503603,0.4505031111679755,0.20833333333333334
gamma,bo-ei@gp-poisson,42,60.0,120.0,5.635226499347482,2.7656040999572724,5.897255592504524,0.0,0.0,0.0,0.09667602948634302,0.08385319250838141,14.512241688835584,0.3871212828014453,0.4010416666666667
gamma,bo-ei@gp-poisson,42,90.0,180.0,8.373026199522428,3.254902700195089,5.8803224547488995,0.0,0.0,0.0,0.09667602948634302,0.08385319250838141,14.237714443416502,0.3870453516485814,0.4010416666666667
gamma,bo-ei@gp-poisson,42,120.0,240.0,11.058775299345143,3.5650599001091905,5.814028423229185,0.0,0.0,0.0,0.09667602948634302,0.08385319250838141,13.316987845218572,0.3461172789519479,0.5572916666666666
gamma,bo-ei@gp-poisson,43,15.0,30.0,1.3768444001325406,1.6593209999264218,6.1288938882359325,0.0,0.0,0.0,0.06282453735304916,0.08548212023569846,13.01283793048853,0.4283397975555724,0.11979166666666667
gamma,bo-ei@gp-poisson,43,30.0,60.0,2.7767073001596145,2.1718921999563463,6.034732804459227,0.0,0.0,0.0,0.0,0.0,10.185427694060621,0.3990023672729975,0.20833333333333334
gamma,bo-ei@gp-poisson,43,60.0,120.0,5.552658200205769,2.782707700098399,5.918609245597768,0.0,0.037760856656376185,0.0,0.0,0.0,9.511763281308244,0.3763839175846213,0.4010416666666667
gamma,bo-ei@gp-poisson,43,90.0,180.0,8.19856580015039,3.317654100130312,5.896107538586475,0.0,0.037760856656376185,0.0,0.0,0.0,9.47304787122362,0.36803705525858577,0.453125
gamma,bo-ei@gp-poisson,43,120.0,240.0,10.810062400239985,3.610690799774602,5.744616848105409,0.0,0.037760856656376185,0.0,0.0,0.0,7.174505042652912,0.3231240397184496,0.6041666666666666
gamma,bo-ei@gp-poisson,44,15.0,30.0,1.4607006998849101,1.6239086001296528,6.192996363263866,0.0,0.0,0.0,0.0,0.014719338193220799,13.11770493915381,0.45195485959725945,0.125
gamma,bo-ei@gp-poisson,44,30.0,60.0,2.803352599963546,2.1262541001779027,6.041280200628084,0.0,0.0,0.0,0.0,0.016150402905941497,9.141776531641503,0.41981057819151624,0.21875
gamma,bo-ei@gp-poisson,44,60.0,120.0,5.536230999627151,2.7570971003733575,5.907053698815304,0.0,0.0,0.0,0.0,0.016150402905941497,8.008592826035853,0.38695777783469465,0.40625
gamma,bo-ei@gp-poisson,44,90.0,180.0,8.156671599776018,3.2986245007487014,5.863713525005409,0.0,0.0,0.0,0.0,0.016150402905941497,7.816869123725636,0.3740551427817573,0.46875
gamma,bo-ei@gp-poisson,44,120.0,240.0,10.871447399724275,3.588198500685394,5.764127280247512,0.0,0.0,0.0,0.0,0.0,7.003372025480068,0.3242453770853329,0.6041666666666666
gamma,bo-ei@gp-poisson,45,15.0,30.0,1.381796799832955,1.6286846001748927,6.035291928046475,0.6277668717009117,0.5492219607843137,0.4971180427313121,0.4029753528121466,0.3840937164783207,17.897418337820355,0.4661838598900579,0.15625
gamma,bo-ei@gp-poisson,45,30.0,60.0,2.746782799833454,2.121754100138787,5.945010689609448,0.0,0.0,0.03745338193177572,0.03302497339140886,0.05907835035272113,10.779481900451342,0.4340216010187196,0.234375
gamma,bo-ei@gp-poisson,45,60.0,120.0,5.503015700029209,2.7519198998925276,5.861046329654971,0.0,0.0,0.03745338193177572,0.03302497339140886,0.05907835035272113,10.515105965264462,0.38307436188361105,0.40625
gamma,bo-ei@gp-poisson,45,90.0,180.0,8.090704100206494,3.2799013996846043,5.863048678204603,0.0,0.0,0.03745338193177572,0.03302497339140886,0.05907835035272113,10.554372914798176,0.38055467809502663,0.40625
gamma,bo-ei@gp-poisson,45,120.0,240.0,10.76800520013785,3.6033617996727116,5.672731659399659,0.0,0.0,0.03745338193177572,0.05150356837414716,0.04448725907513551,7.230330173990128,0.3319556091931387,0.6041666666666666
gamma,bo-ei@gp-poisson,46,15.0,30.0,1.4453800001647323,1.6666961997980252,6.27219084023213,0.0,0.1710965087559536,0.190332647250946,0.24188428333744527,0.25307448489115103,17.126514038962817,0.4520391260788993,0.140625
gamma,bo-ei@gp-poisson,46,30.0,60.0,2.7811439998913556,2.1142227998934686,6.170365413355216,0.0,0.0,0.014563516028445744,1.1102230246251565e-16,0.0007915682820274217,12.214360444623455,0.4280707153041784,0.20833333333333334
gamma,bo-ei@gp-poisson,46,60.0,120.0,5.580919599800836,2.725270999886561,6.028332911973543,0.0,0.0,0.014563516028445744,1.1102230246251565e-16,0.0007915682820274217,10.079066919456798,0.36287385768376806,0.4010416666666667
gamma,bo-ei@gp-poisson,46,90.0,180.0,8.213604199583642,3.229461199545767,6.022744442665316,0.0,0.0,0.014563516028445744,1.1102230246251565e-16,0.0007915682820274217,10.065025182438408,0.3628718642899592,0.4010416666666667
gamma,bo-ei@gp-poisson,46,120.0,240.0,10.959589399513789,3.5708493994316086,5.868468678849111,0.0,0.0,0.014563516028445744,1.1102230246251565e-16,0.0007915682820274217,8.387877281284167,0.31917842860516704,0.6041666666666666
gamma,bo-ei@gp-poisson,47,15.0,30.0,1.4040160001022741,1.6295091001084074,6.277105838462117,0.0,0.0,0.10582671405698896,0.09329633726416575,0.12379288544983857,20.936827049354864,0.4878176403592873,0.11458333333333333
gamma,bo-ei@gp-poisson,47,30.0,60.0,2.732252900081221,2.0915540998685174,6.153581342617521,0.0,0.0,0.10582671405698896,0.09329633726416575,0.12379288544983857,19.533352107359182,0.45221578144705465,0.20833333333333334
gamma,bo-ei@gp-poisson,47,60.0,120.0,5.50947100011399,2.6851891998085193,5.963218406338181,0.0,0.0,0.06535818018049566,0.060796665354306056,0.07731985694618249,17.1370992324488,0.40542364899769423,0.4010416666666667
gamma,bo-ei@gp-poisson,47,90.0,180.0,8.132713700237218,3.1965814001159742,5.955912562822488,0.0,0.0,0.07570389997451499,0.060796665354306056,0.07731985694618249,17.095744363230118,0.40540004053653644,0.4010416666666667
gamma,bo-ei@gp-poisson,47,120.0,240.0,10.780905100109521,3.5259249000810087,5.8165357993292055,0.0,0.0,0.07570389997451499,0.060796665354306056,0.07731985694618249,15.830165646084753,0.35846777229688953,0.6041666666666666
gamma,bo-ei@gp-poisson,48,15.0,30.0,1.3374753000680357,0.861635000037495,6.155118545952054,0.1604569555364882,0.24339888354347872,0.286169721402163,0.2736452576627586,0.2313139524115414,18.509726430827836,0.46969411090461816,0.14583333333333334
gamma,bo-ei@gp-poisson,48,30.0,60.0,2.895769200171344,1.2955480000237003,6.051050874306607,0.0,0.051645831526890396,0.0,0.008399211204512813,0.04078166549314899,12.451313444775268,0.4529484839454054,0.21354166666666666
gamma,bo-ei@gp-poisson,48,60.0,120.0,5.609091700229328,1.8250682999496348,5.927064488342307,0.0,0.051645831526890396,0.0,0.008399211204512813,0.04078166549314899,11.75012323200585,0.3955151173383492,0.40625
gamma,bo-ei@gp-poisson,48,90.0,180.0,8.25619250035379,2.2841488998383284,5.921613473110926,0.0,0.051645831526890396,0.0,0.008399211204512813,0.04078166549314899,11.772724905314162,0.3874225385493683,0.4166666666666667
gamma,bo-ei@gp-poisson,48,120.0,240.0,11.154199700395111,2.602835599624086,5.755895554031544,0.0,0.051645831526890396,0.0,0.008399211204512813,0.04078166549314899,7.81605633529424,0.33178794947182283,0.6041666666666666
gamma,bo-ei@gp-poisson,49,15.0,30.0,1.4368365000118501,0.9463689998956397,5.959309895756434,0.0,0.0,0.007262781841736787,0.07204030226700253,0.10388829215896878,13.732253473037765,0.40541848985460793,0.13541666666666666
gamma,bo-ei@gp-poisson,49,30.0,60.0,2.8435352003434673,1.4302920997142792,5.879507235985784,0.0,0.0,0.007262781841736787,0.040820202236444114,0.06139723084619553,11.775841835492411,0.38536768091604284,0.20833333333333334
gamma,bo-ei@gp-poisson,49,60.0,120.0,5.578341600252315,1.9963111999095418,5.77311210173037,0.0,0.0,0.0,0.0,0.0,7.7376756125223585,0.35575187295369454,0.4010416666666667
gamma,bo-ei@gp-poisson,49,90.0,180.0,8.244345400366,2.5117985998513177,5.71653954086042,0.0,0.0,0.0,0.0,0.0,6.832364019237082,0.32300063354038755,0.5364583333333334
gamma,bo-ei@gp-poisson,49,120.0,240.0,11.212660400313325,2.8044726002262905,5.668735581501914,0.0,0.0,0.0,0.0,0.0,6.659112870942298,0.30944942675908377,0.6041666666666666
gamma,bo-ei@gp-poisson-cat,0,15.0,30.0,1.305505599884782,0.40677109983516857,6.031806275869051,0.0,0.10454931088924224,0.16175986909055384,0.14964233906113267,0.1638049175273053,16.72491028056148,0.43899223226258305,0.13541666666666666
gamma,bo-ei@gp-poisson-cat,0,30.0,60.0,2.851765099912882,0.6791989999474026,5.922728233137313,0.0,0.0,0.0,0.004524531505748719,0.0,11.827975394506229,0.4177188396544362,0.203125
gamma,bo-ei@gp-poisson-cat,0,60.0,120.0,5.489486600039527,1.0404851997736841,5.818442633531852,0.0,0.0,0.0,0.004524531505748719,0.0,11.026561047084606,0.3736846426379279,0.4010416666666667
gamma,bo-ei@gp-poisson-cat,0,90.0,180.0,8.219619800220244,1.3461492997012101,5.817481561553165,0.0,0.0,0.0,0.004524531505748719,0.0,11.026996923599894,0.3736843421396683,0.4010416666666667
gamma,bo-ei@gp-poisson-cat,0,120.0,240.0,11.151667700265534,1.7067062995629385,5.643149773298673,0.0,0.0,0.0,0.004524531505748719,0.0,5.718245757878843,0.3041714106144857,0.6041666666666666
gamma,bo-ei@gp-poisson-cat,1,15.0,30.0,1.375970399880316,0.43720080005005,5.993521660743228,0.0,0.1867731469927626,0.2442085465101015,0.24141453044959904,0.2108789610229045,13.012194085520958,0.4252583750005889,0.140625
gamma,bo-ei@gp-poisson-cat,1,30.0,60.0,2.8944148001028225,0.7008024000097066,5.888039120074015,0.0,0.0,0.0,0.04808461760398908,0.004362093376853782,9.626708775671299,0.41094061678959787,0.20833333333333334
gamma,bo-ei@gp-poisson-cat,1,60.0,120.0,5.5605173000949435,1.0763691997271962,5.776119103431065,0.0,0.0,0.0,0.04808461760398908,0.004362093376853782,9.112973026087111,0.36291010029083587,0.4010416666666667
gamma,bo-ei@gp-poisson-cat,1,90.0,180.0,8.222840400529094,1.3919731998466887,5.718315070023007,0.0,0.0,0.0,0.04808461760398908,0.004362093376853782,8.356288583794209,0.3512277250077362,0.4635416666666667
gamma,bo-ei@gp-poisson-cat,1,120.0,240.0,11.196205700398423,1.7060084996046498,5.617102549357526,0.0,0.0,0.0,0.04808461760398908,0.004362093376853782,7.903060794533306,0.31140373979724023,0.6041666666666666
gamma,bo-ei@gp-poisson-cat,2,15.0,30.0,1.401192199846264,0.423458099947311,6.187287114565257,0.3648302387128344,0.3104645700201427,0.23861832710862363,0.20003016485838188,0.1935832388807226,19.353280152715662,0.4537946693379985,0.15104166666666666
gamma,bo-ei@gp-poisson-cat,2,30.0,60.0,2.9444778998731636,0.6930661000078544,6.114060681110995,0.3648302387128344,0.3104645700201427,0.23861832710862363,0.2143683133225046,0.1814110463751698,18.411272253510003,0.43487831817937544,0.24479166666666666
gamma,bo-ei@gp-poisson-cat,2,60.0,120.0,5.608590199670289,1.0549984002718702,6.007449825822217,0.3648302387128344,0.3104645700201427,0.23861832710862363,0.2143683133225046,0.20571702150766258,17.65451875532486,0.39234723132267135,0.4010416666666667
gamma,bo-ei@gp-poisson-cat,2,90.0,180.0,8.286820099630859,1.3961848000762984,5.883198502085199,0.0,0.0,0.0,0.0,0.012133782626939982,10.584530512887172,0.3498533013511428,0.515625
gamma,bo-ei@gp-poisson-cat,2,120.0,240.0,11.18900329968892,1.6752293002209626,5.881883637357812,0.0,0.0,0.0,0.0,0.012133782626939982,10.58228139007595,0.34984490381116456,0.515625
gamma,bo-ei@gp-poisson-cat,3,15.0,30.0,1.388266599853523,0.38002820004476234,6.116308294031875,0.3648302387128344,0.20233440326816465,0.1811850066318219,0.23446336141041835,0.3158025605959429,21.332510340256285,0.4273712743311632,0.125
gamma,bo-ei@gp-poisson-cat,3,30.0,60.0,2.81326370005263,0.6839533998863772,5.989527523062893,0.19689468118130493,0.10919754887656852,0.13998493960701663,0.10700980588847153,0.10362607967865023,15.614038923700429,0.4116213413975859,0.21354166666666666
gamma,bo-ei@gp-poisson-cat,3,60.0,120.0,5.463392499950714,1.0613847996573895,5.82912957543391,0.19689468118130493,0.10919754887656852,0.07554826088799793,0.10700980588847153,0.10362607967865023,15.027573184200175,0.3655690892241332,0.3958333333333333
gamma,bo-ei@gp-poisson-cat,3,90.0,180.0,8.244305299769621,1.3859846993582323,5.806790382479225,0.19689468118130493,0.10919754887656852,0.07554826088799793,0.10700980588847153,0.10362607967865023,14.857375966635708,0.3623767536579161,0.40625
gamma,bo-ei@gp-poisson-cat,3,120.0,240.0,11.214377799478825,1.6802838991279714,5.7539762728380355,0.0,0.0,0.0,0.0,0.014752457354375581,6.9277057811913325,0.34993715111123924,0.4166666666666667
gamma,bo-ei@gp-poisson-cat,4,15.0,30.0,1.4882647001068108,0.4181845000712201,6.023022209082025,0.0,0.0,0.0,0.10087212368982745,0.09730639730639745,14.292674086041322,0.42039596186081823,0.13541666666666666
gamma,bo-ei@gp-poisson-cat,4,30.0,60.0,2.9178556999540888,0.6766277001588605,5.909625791143995,0.0,0.0,0.0,0.0,0.019285054442475857,9.283024805871701,0.40303697490290186,0.203125
gamma,bo-ei@gp-poisson-cat,4,60.0,120.0,5.685924800054636,1.0796867997269146,5.802980295514516,0.0,0.0,0.0,0.0,0.019285054442475857,8.428024377469297,0.3524411904957493,0.3958333333333333
gamma,bo-ei@gp-poisson-cat,4,90.0,180.0,8.415209600003436,1.400901100016199,5.7969723854773605,0.0,0.0,0.0,0.0,0.019285054442475857,8.43696576627802,0.3529457378689978,0.4010416666666667
gamma,bo-ei@gp-poisson-cat,4,120.0,240.0,11.384853200230282,1.6826253000763245,5.791625111936764,0.0,0.0,0.0,0.0,0.019285054442475857,8.427545869323966,0.3481641985506519,0.40625
gamma,bo-ei@gp-poisson-cat,5,15.0,30.0,1.4457084001041949,0.38304539979435503,6.454284846250904,0.0,0.0,0.0,0.05590268323745107,0.132745634809599,20.927543849174757,0.46233940100112664,0.09375
gamma,bo-ei@gp-poisson-cat,5,30.0,60.0,2.831369400199037,0.6328683996689506,6.271358812470715,0.0,0.0,0.0,0.0,0.004802935415663123,16.321617632496302,0.42768726582933575,0.203125
gamma,bo-ei@gp-poisson-cat,5,60.0,120.0,5.571400900254957,1.0516545998398215,6.022236427422906,0.0,0.0,0.0,0.0,0.004802935415663123,10.233991085536978,0.3555137882750141,0.4010416666666667
gamma,bo-ei@gp-poisson-cat,5,90.0,180.0,8.266214800300077,1.3788045999244787,6.011387921703412,0.0,0.0,0.0,0.0,0.0,10.282198548767163,0.3532783444013508,0.4114583333333333
gamma,bo-ei@gp-poisson-cat,5,120.0,240.0,11.292469200270716,1.727873899973929,5.830457966493076,0.0,0.0,0.0,0.0,0.0,6.868235375556215,0.2893564106461287,0.6041666666666666
gamma,bo-ei@gp-poisson-cat,6,15.0,30.0,1.460727300029248,0.4120059997658245,6.064908234681106,0.0,0.0,0.061993290690319,0.12477816842457723,0.12412273565963983,16.531680337245103,0.43745932774506735,0.140625
gamma,bo-ei@gp-poisson-cat,6,30.0,60.0,2.829663200129289,0.6469402996008284,5.991703417789533,0.0,0.0,0.0,0.04323361938760262,0.03700071117881898,13.853129025402295,0.41737229197998316,0.20833333333333334
gamma,bo-ei@gp-poisson-cat,6,60.0,120.0,5.568123799865134,1.050005700031761,5.8412723022307205,0.0,0.04617281148125019,0.0,0.0,0.0,10.89953589938474,0.36815750190022234,0.4010416666666667
gamma,bo-ei@gp-poisson-cat,6,90.0,180.0,8.256617500155699,1.3845630998257548,5.840123905159188,0.0,0.0,0.0,0.0,0.0,10.868859211255733,0.36585330863225457,0.40625
gamma,bo-ei@gp-poisson-cat,6,120.0,240.0,11.21501010004431,1.719501499843318,5.640522762309239,0.0,0.0,0.0,0.0,0.0,6.949680728157446,0.29953549063102247,0.6041666666666666
gamma,bo-ei@gp-poisson-cat,7,15.0,30.0,1.4605460001621395,0.407696699956432,6.048096989155076,0.0,0.133010766041593,0.1324724381884539,0.17179945398566865,0.22731265768865283,14.985598697298142,0.41048719456656163,0.13020833333333334
gamma,bo-ei@gp-poisson-cat,7,30.0,60.0,2.809910099953413,0.6215643999748863,5.934199990182613,0.0,0.0,0.0601108858807361,0.05693751766465771,0.04825256397653899,11.445653379653372,0.3942715831470203,0.203125
gamma,bo-ei@gp-poisson-cat,7,60.0,120.0,5.572756799694616,1.019768800062593,5.774004293774162,0.0,0.0,0.0,0.02160994193039778,0.022645892722566452,8.318402498057985,0.32892204097275923,0.4010416666666667
gamma,bo-ei@gp-poisson-cat,7,90.0,180.0,8.30661159963347,1.3374581002863124,5.7588310310966415,0.0,0.0,0.0,0.02160994193039778,0.022645892722566452,7.904827536275509,0.32191664623123756,0.421875
gamma,bo-ei@gp-poisson-cat,7,120.0,240.0,11.273865999479312,1.654453500348609,5.5847068812571115,0.0,0.0,0.0,0.02160994193039778,0.022645892722566452,5.160007178889499,0.2598196038879887,0.6041666666666666
gamma,bo-ei@gp-poisson-cat,8,15.0,30.0,1.4898755002068356,0.47345339989988133,6.188364530157055,0.3648302387128344,0.2884787407250098,0.25885348098815153,0.22155394131493333,0.1964529420386627,18.56164321009339,0.4238663922751857,0.15104166666666666
gamma,bo-ei@gp-poisson-cat,8,30.0,60.0,2.83063510019565,0.7041885997750796,6.090755522390466,0.3648302387128344,0.2884787407250098,0.22187185394563624,0.1918017690017777,0.15713694770613829,17.310230966858256,0.408122235301856,0.23958333333333334
gamma,bo-ei@gp-poisson-cat,8,60.0,120.0,5.5502186001394875,1.075671999831684,5.987305216893703,0.3648302387128344,0.2884787407250098,0.23840751568187102,0.1918017690017777,0.16043808934416892,16.962270233852344,0.36744382951238236,0.4010416666666667
gamma,bo-ei@gp-poisson-cat,8,90.0,180.0,8.255381800292525,1.4076757998554967,5.916970000301734,0.0,0.0,0.004905424765740074,0.003946474359598495,0.014428936696904149,9.777723180960221,0.34859635280146806,0.4479166666666667
gamma,bo-ei@gp-poisson-cat,8,120.0,240.0,11.226260900381021,1.738658000016585,5.855400735548265,0.0,0.0,0.004905424765740074,0.017249616936936385,0.014428936696904149,9.180839498259846,0.31790749830255816,0.578125
gamma,bo-ei@gp-poisson-cat,9,15.0,30.0,1.5491824998171069,0.4153372999862768,6.354193822364515,0.0,0.22426395480736128,0.2648607481215288,0.2614396550756206,0.25758723839184916,22.601490461672565,0.46049859549740596,0.10416666666666667
gamma,bo-ei@gp-poisson-cat,9,30.0,60.0,2.8835097997798584,0.6405377999763004,6.105377359197199,0.0,0.0,0.0,0.06508522859420551,0.0938190642843002,17.563439598985564,0.42954629351229884,0.21354166666666666
gamma,bo-ei@gp-poisson-cat,9,60.0,120.0,5.604991499974858,1.013503700203728,5.891880148231562,0.0,0.0,0.003440460633779674,0.01814927154293655,0.0,11.828639985984541,0.3693189815205113,0.40625
gamma,bo-ei@gp-poisson-cat,9,90.0,180.0,8.337714600085746,1.3361895005218685,5.879070902099149,0.0,0.0,0.003440460633779674,0.01814927154293655,0.0,11.681707255536724,0.3692881789796045,0.40625
gamma,bo-ei@gp-poisson-cat,9,120.0,240.0,11.409587800211739,1.7000174004933797,5.765568953001403,0.0,0.0,0.003440460633779674,0.01814927154293655,0.0,9.934719290442127,0.32915780332872496,0.5729166666666666
gamma,bo-ei@gp-poisson-cat,10,15.0,30.0,1.4520575998467393,0.401382899901364,6.0983262721216365,0.0,0.0073704802629662725,0.031894955823164706,0.11098647321032806,0.1877552832534185,14.595207859147019,0.45730349923471114,0.140625
gamma,bo-ei@gp-poisson-cat,10,30.0,60.0,2.778957700182218,0.6482893998036161,6.008056755895576,0.0,0.0,0.0,0.0,0.0,12.004208006249769,0.4278208484049005,0.20833333333333334
gamma,bo-ei@gp-poisson-cat,10,60.0,120.0,5.398000400164165,1.0260992997791618,5.877708500570268,0.0,0.0073704802629662725,0.0,0.0,0.0,10.542745420486602,0.3756361775915411,0.4010416666666667
gamma,bo-ei@gp-poisson-cat,10,90.0,180.0,8.302953300182708,1.400500999588985,5.774715724896059,0.0,0.0073704802629662725,0.0,0.0,0.0,8.711170360695116,0.3533295133584384,0.4791666666666667
gamma,bo-ei@gp-poisson-cat,10,120.0,240.0,10.979359900637064,1.6707169993896969,5.660172137457558,0.0,0.0073704802629662725,0.0,0.0,0.0,7.1202548999445705,0.3144929049028457,0.6041666666666666
gamma,bo-ei@gp-poisson-cat,11,15.0,30.0,1.4752762001007795,0.40371149993734434,6.0998344596469165,0.0,0.1457531955193545,0.22037575680596122,0.23858248631878898,0.2312656878337096,18.933537163773295,0.46227181916691484,0.14583333333333334
gamma,bo-ei@gp-poisson-cat,11,30.0,60.0,2.853279000148177,0.6264163997839205,6.005074410607226,0.0,0.0,0.113435793217325,0.09276873776221961,0.09623960612371008,15.476887094216446,0.44385795430474406,0.203125
gamma,bo-ei@gp-poisson-cat,11,60.0,120.0,5.546834700217005,0.9906844996730797,5.866785969664936,0.0,0.0,0.113435793217325,0.09276873776221961,0.09623960612371008,13.872578628782087,0.38253185937579026,0.4010416666666667
gamma,bo-ei@gp-poisson-cat,11,90.0,180.0,8.349785200087354,1.3265084995073266,5.865675113459911,0.0,0.0,0.113435793217325,0.09276873776221961,0.09623960612371008,13.878443463365365,0.3800931326494767,0.421875
gamma,bo-ei@gp-poisson-cat,11,120.0,240.0,11.047042199934367,1.6077853994211182,5.6976699246364,0.0,0.016850080406861867,0.0,0.020191233983764212,0.017079492834485732,7.141964422144826,0.3172896452761368,0.6041666666666666
gamma,bo-ei@gp-poisson-cat,12,15.0,30.0,1.4949015999445692,0.41467600024770945,6.087858105449275,0.16765366662304237,0.23256443755338174,0.2105880886552146,0.2579035266160745,0.20554517899076974,15.854511075614521,0.4291521814787043,0.15625
gamma,bo-ei@gp-poisson-cat,12,30.0,60.0,2.862153799738735,0.6281613001483493,5.996013710736455,0.0,0.0,0.0,0.017160020158397904,0.01880360214586041,10.212276258194253,0.41102264094050545,0.20833333333333334
gamma,bo-ei@gp-poisson-cat,12,60.0,120.0,5.544830399740022,1.0157608004519716,5.885676153899943,0.0,0.0,0.0,0.02202360151114413,0.01880360214586041,9.409245034810771,0.37650141221476674,0.4010416666666667
gamma,bo-ei@gp-poisson-cat,12,90.0,180.0,8.411942099803127,1.3444300005212426,5.866505687938563,0.0,0.0,0.0,0.017160020158397904,0.01880360214586041,9.388679484701193,0.3771750985562425,0.4270833333333333
gamma,bo-ei@gp-poisson-cat,12,120.0,240.0,11.091577099752612,1.6274852004135028,5.781885080468192,0.0,0.0,0.0,0.02202360151114413,0.01880360214586041,7.885057064312904,0.32788016289854033,0.6041666666666666
gamma,bo-ei@gp-poisson-cat,13,15.0,30.0,1.4256065003573895,0.43088619998889044,6.081141375784914,0.0,0.13987883943566837,0.15121335938887892,0.15140188525437148,0.1364841112764431,16.7147136811196,0.4100823296656868,0.140625
gamma,bo-ei@gp-poisson-cat,13,30.0,60.0,2.8022932003368624,0.6322576998500153,5.95764898094643,0.0,0.13987883943566837,0.11074080653757323,0.1221597758820624,0.11343908158892047,14.011826836531936,0.39895519462101764,0.21875
gamma,bo-ei@gp-poisson-cat,13,60.0,120.0,5.5378770003444515,1.0122856997186318,5.829390443125029,0.0,0.13987883943566837,0.11074080653757323,0.1221597758820624,0.10247131169250168,13.023756435227796,0.35692611115719514,0.4010416666666667
gamma,bo-ei@gp-poisson-cat,13,90.0,180.0,8.363097000285052,1.3462063994957134,5.759819348218301,0.0,0.13987883943566837,0.11074080653757323,0.10253854897413228,0.08601243360637179,12.109776727010226,0.3442575948902511,0.453125
gamma,bo-ei@gp-poisson-cat,13,120.0,240.0,10.986368100100663,1.618586799595505,5.663469843840087,0.0,0.0,0.0,0.0,0.02742664798254868,5.691136495472475,0.2906566663459932,0.6041666666666666
gamma,bo-ei@gp-poisson-cat,14,15.0,30.0,1.4361009001731873,0.4374656999716535,6.0528087091705585,0.008572176416699384,0.0,0.09153881062500602,0.1645659960841751,0.20334239313551516,19.43214479137324,0.44336797041359916,0.13541666666666666
gamma,bo-ei@gp-poisson-cat,14,30.0,60.0,2.792534100357443,0.6424170000827871,5.949000572251556,0.008572176416699384,0.0,0.0,0.06304117029627343,0.11623551492371564,15.743689793332143,0.4104999828476844,0.203125
gamma,bo-ei@gp-poisson-cat,14,60.0,120.0,5.498346300446428,1.003600500174798,5.824790843128073,0.008572176416699384,0.0,0.0,0.06304117029627343,0.11623551492371564,15.280834953645796,0.3684603385648271,0.4010416666666667
gamma,bo-ei@gp-poisson-cat,14,90.0,180.0,8.358644100546371,1.3546219998388551,5.816081914578329,0.0,0.0,0.0,0.06304117029627343,0.11623551492371564,15.24909297872437,0.36845079604452713,0.4010416666666667
gamma,bo-ei@gp-poisson-cat,14,120.0,240.0,11.040666000451893,1.5943034996744245,5.810732001356494,0.0,0.0,0.0,0.06304117029627343,0.11623551492371564,15.255091757031474,0.36379515924743927,0.4114583333333333
gamma,bo-ei@gp-poisson-cat,15,15.0,30.0,1.4537527000065893,0.4651554001029581,6.092102361037777,0.0,0.0,0.036099642841438295,0.02887415588069786,0.01949512381758689,14.004802224037405,0.43502049972658463,0.14583333333333334
gamma,bo-ei@gp-poisson-cat,15,30.0,60.0,2.8578719001379795,0.6824412002461031,6.01598470631335,0.0,0.0,0.036099642841438295,0.02887415588069786,0.02405870956187628,11.73784584630364,0.40887251334153635,0.21354166666666666
gamma,bo-ei@gp-poisson-cat,15,60.0,120.0,5.571242900332436,1.0574360002065077,5.924258009371026,0.0,0.0,0.006847574888479646,0.02887415588069797,0.02405870956187628,10.722871091967303,0.3714727354008834,0.4010416666666667
gamma,bo-ei@gp-poisson-cat,15,90.0,180.0,8.469794400501996,1.4096646003308706,5.920382930122696,0.0,0.0,0.006847574888479646,0.02887415588069797,0.02405870956187628,10.598888577354666,0.36478255311062774,0.4322916666666667
gamma,bo-ei@gp-poisson-cat,15,120.0,240.0,11.11516630020924,1.6825064002186991,5.804330052260998,0.0,0.0,0.036099642841438295,0.02887415588069786,0.02405870956187628,7.898055740674353,0.3184087095778108,0.6041666666666666
gamma,bo-ei@gp-poisson-cat,16,15.0,30.0,1.4351462999475189,0.4433369000325911,6.11340800122807,0.01577368333485396,0.0371672702978304,0.17103205117566456,0.24675842902759493,0.2998356771248605,22.399764894689774,0.48463332751040955,0.11979166666666667
gamma,bo-ei@gp-poisson-cat,16,30.0,60.0,2.80760410008952,0.6726400001207367,6.0336246550233446,0.01577368333485396,0.0371672702978304,0.17103205117566456,0.2155205212801541,0.24187816436772447,21.17598491226797,0.46895583327290147,0.203125
gamma,bo-ei@gp-poisson-cat,16,60.0,120.0,5.484959100023843,1.065805800317321,5.902775969888572,0.0,0.0,0.0,0.06302898309405458,0.07201154122149589,12.447418518490114,0.40996150754737326,0.3541666666666667
gamma,bo-ei@gp-poisson-cat,16,90.0,180.0,8.44292679982027,1.46746490028454,5.847255760828503,0.0,0.0,0.0,0.06302898309405458,0.07201154122149589,12.233456668950199,0.3899285802125289,0.4010416666666667
gamma,bo-ei@gp-poisson-cat,16,120.0,240.0,11.098606899788138,1.6953802005155012,5.8411259917818095,0.0,0.0,0.0,0.06302898309405458,0.07201154122149589,12.22577651910986,0.3892182588231539,0.421875
gamma,bo-ei@gp-poisson-cat,17,15.0,30.0,1.4020652999170125,0.47271140018710867,6.144758237962641,0.0,0.24614960956244825,0.34410897225564185,0.37443121630381504,0.3843209712811362,25.71408121504626,0.4449810081849705,0.140625
gamma,bo-ei@gp-poisson-cat,17,30.0,60.0,2.7776555998134427,0.6926690002437681,6.044315082926421,0.008572176416699384,0.004286088208349748,0.0,0.021456321982812554,0.0669200163970004,19.581660736584826,0.4313741301091582,0.203125
gamma,bo-ei@gp-poisson-cat,17,60.0,120.0,5.4857626995653845,1.0774635000852868,5.874686105845811,0.008572176416699384,0.004286088208349748,0.0,0.021456321982812554,0.01799811916761107,15.75934096993888,0.362193203044576,0.4010416666666667
gamma,bo-ei@gp-poisson-cat,17,90.0,180.0,8.428451399609912,1.4478773999144323,5.862159517306665,0.0,0.004286088208349748,0.0,0.021456321982812554,0.01799811916761107,15.695377556354567,0.36217663768065256,0.4010416666666667
gamma,bo-ei@gp-poisson-cat,17,120.0,240.0,10.986240999365691,1.6712600000901148,5.859637568842537,0.008572176416699384,0.004286088208349748,0.0,0.021456321982812554,0.01799811916761107,15.692548559398736,0.3621758401846679,0.4010416666666667
gamma,bo-ei@gp-poisson-cat,18,15.0,30.0,1.3540931001771241,0.4569995001074858,6.029404046884312,0.0,0.133010766041593,0.18210247398588664,0.18076838991649413,0.24214850434968627,15.546094413432195,0.433069172959839,0.11458333333333333
gamma,bo-ei@gp-poisson-cat,18,30.0,60.0,2.7161588000599295,0.6911418001400307,5.903508296658958,0.0,0.03665103186506302,0.0,0.0,0.004208824413250656,9.600980906848836,0.41428860317502103,0.21354166666666666
gamma,bo-ei@gp-poisson-cat,18,60.0,120.0,5.405276100093033,1.070463600102812,5.768411726576243,0.0,0.0,0.04672419979575115,0.0,0.004208824413250656,8.859538537250373,0.3488149249358734,0.4010416666666667
gamma,bo-ei@gp-poisson-cat,18,90.0,180.0,8.33690389979165,1.451042900502216,5.710318467575784,0.0,0.0,0.04672419979575115,0.0,0.004208824413250656,8.809266330174632,0.34418112344288204,0.4739583333333333
gamma,bo-ei@gp-poisson-cat,18,120.0,240.0,11.007137299980968,1.7138277005287819,5.616634442814058,0.0,0.0,0.04672419979575115,0.0,0.004208824413250656,7.829913152769725,0.31074632780014394,0.6041666666666666
gamma,bo-ei@gp-poisson-cat,19,15.0,30.0,1.383712199749425,0.39049940020777285,6.119113586307667,0.4073605041961753,0.3577934410860921,0.30676375681485235,0.2866050499315972,0.29645947511443105,18.665530709825642,0.43290985456488584,0.15104166666666666
gamma,bo-ei@gp-poisson-cat,19,30.0,60.0,2.7703703996376134,0.6122495000017807,6.017602561468736,0.0,0.15592125136716373,0.047393366121813885,0.03828665242760754,0.03211558889808408,14.48883101435928,0.4166356406730584,0.234375
gamma,bo-ei@gp-poisson-cat,19,60.0,120.0,5.499150399817154,0.9805899003986269,5.902763817502588,0.0,0.0,0.047393366121813996,0.03828665242760765,0.006888892830802962,12.00189751220821,0.3654212425334883,0.4010416666666667
gamma,bo-ei@gp-poisson-cat,19,90.0,180.0,8.313305499847047,1.3882374002714641,5.723684292127178,0.0,0.09054356695196264,0.0,0.008212604983236838,0.006888892830802962,7.9287306486581475,0.3098314614190955,0.5989583333333334
gamma,bo-ei@gp-poisson-cat,19,120.0,240.0,10.905690999759827,1.6094722002744675,5.716389713725367,0.0,0.09054356695196264,0.0,0.008212604983236838,0.006888892830802962,7.903345489114109,0.30429869637447016,0.6041666666666666
gamma,bo-ei@gp-poisson-cat,20,15.0,30.0,1.3359502001549117,0.4136626000981778,6.218598059179702,0.0,0.0,0.030805315414543677,0.06615811373092928,0.0750778463634324,16.592525364605557,0.41721265153300435,0.14583333333333334
gamma,bo-ei@gp-poisson-cat,20,30.0,60.0,2.720529600221198,0.6496467001852579,6.109678237842782,0.0,0.0,0.07680594405132635,0.06460733337977653,0.03339055464123686,14.197636840019037,0.394904347849998,0.234375
gamma,bo-ei@gp-poisson-cat,20,60.0,120.0,5.419035700149834,1.022060600516852,5.9345082474021185,0.0,0.0,0.07680594405132635,0.0874521054598193,0.07302644660966395,9.954579162381654,0.33369706032336105,0.4010416666666667
gamma,bo-ei@gp-poisson-cat,20,90.0,180.0,8.281444400374312,1.43390390049899,5.743242150043199,0.0,0.0,0.07680594405132635,0.0874521054598193,0.07302644660966395,5.867431546891086,0.2789247788377024,0.6041666666666666
gamma,bo-ei@gp-poisson-cat,20,120.0,240.0,10.965855000482406,1.664793700678274,5.737424527913684,0.0,0.0,0.05938847904235911,0.05068662035013949,0.021766132319074205,5.6719831763587685,0.27881518444344233,0.6041666666666666
gamma,bo-ei@gp-poisson-cat,21,15.0,30.0,1.3624279001378454,0.41546579997520894,14.755784996392885,0.8255993614413182,0.8463783393668919,0.8615994920169415,0.885183953352401,0.8952049328265811,19.566590846450058,0.5941132727279379,0.08854166666666667
gamma,bo-ei@gp-poisson-cat,21,30.0,60.0,2.723659700306598,0.6200612998800352,7.326288155851516,0.6423786310898258,0.7492785505151407,0.7599139978281251,0.7825007970858133,0.7933300398543806,18.66103173024525,0.5245710525717199,0.15625
gamma,bo-ei@gp-poisson-cat,21,60.0,120.0,5.436261600116268,0.9885864998213947,6.273555675778735,0.3933787546205233,0.3283760311493641,0.3115047543402948,0.32539399754125753,0.2954354106479571,14.292082360173312,0.4434916105272137,0.3229166666666667
gamma,bo-ei@gp-poisson-cat,21,90.0,180.0,8.290829700184986,1.3783414998324588,5.823929116707542,0.0,0.10820742816803919,0.15128206806711142,0.13628044772654146,0.11581621401863973,10.828720009519468,0.3776389617809494,0.4427083333333333
gamma,bo-ei@gp-poisson-cat,21,120.0,240.0,10.962031900067814,1.6764799996162765,5.622243526361238,0.0,0.0,0.0,0.0,0.0,5.450102234293904,0.3270119390598833,0.640625
gamma,bo-ei@gp-poisson-cat,22,15.0,30.0,1.3659811000106856,0.3583742999471724,6.188421740731056,0.0,0.00988403987666231,0.1003146655352849,0.1581842589029968,0.11701401491810781,19.084227435902466,0.4232872418715071,0.14583333333333334
gamma,bo-ei@gp-poisson-cat,22,30.0,60.0,2.7536604999913834,0.5952097997651435,6.071274417604297,0.0,0.00988403987666231,0.006927503182010963,0.05152238040271906,0.08872053729949048,14.078177266916537,0.40531248934372893,0.21875
gamma,bo-ei@gp-poisson-cat,22,60.0,120.0,5.519325399887748,0.9589087997446768,5.8991171018182404,0.0,0.00988403987666231,0.006927503182010963,0.05152238040271906,0.04238661590795911,8.627087077948557,0.3416538712653748,0.4010416666666667
gamma,bo-ei@gp-poisson-cat,22,90.0,180.0,8.309237399720587,1.2760368001181632,5.89266512771557,0.0,0.00988403987666231,0.006927503182010963,0.05152238040271906,0.04238661590795911,8.533769425683339,0.33585328385229,0.4114583333333333
gamma,bo-ei@gp-poisson-cat,22,120.0,240.0,10.97554399940418,1.5495687001966871,5.752024370880659,0.0,0.00988403987666231,0.006927503182010963,0.05152238040271906,0.04238661590795911,8.095092595649273,0.29183372960160536,0.6041666666666666
gamma,bo-ei@gp-poisson-cat,23,15.0,30.0,1.4973029998363927,0.3810458000516519,6.051550995801111,0.0,0.0,0.0,0.043554227516636956,0.05513317557021313,13.42345928239936,0.4523403807226432,0.140625
gamma,bo-ei@gp-poisson-cat,23,30.0,60.0,2.8550946997711435,0.6137726999004371,5.953617963754744,0.0,0.0,0.0,0.022168872567189357,2.220446049250313e-16,10.894635152808956,0.4440812629566619,0.20833333333333334
gamma,bo-ei@gp-poisson-cat,23,60.0,120.0,5.60018059972208,0.9524948997423053,5.8350238586832175,0.0,0.0,0.0,0.022168872567189357,2.220446049250313e-16,10.4357854542236,0.39743800905489396,0.4010416666666667
gamma,bo-ei@gp-poisson-cat,23,90.0,180.0,8.36930509970989,1.2762416998157278,5.827611730727803,0.0,0.0,0.0,0.022168872567189357,2.220446049250313e-16,10.427492768431364,0.3927152178370855,0.421875
gamma,bo-ei@gp-poisson-cat,23,120.0,240.0,10.932413299567997,1.5498796000611037,5.685625918039648,0.0,0.0,0.0,0.022168872567189357,2.220446049250313e-16,7.418696500313999,0.3351492617687042,0.6041666666666666
gamma,bo-ei@gp-poisson-cat,24,15.0,30.0,1.3618667000555433,0.3825716999708675,6.250598038208817,0.0,0.0,0.0,0.12417486931568189,0.10458617876704346,18.847462253946883,0.4355570607273577,0.13020833333333334
gamma,bo-ei@gp-poisson-cat,24,30.0,60.0,2.656822899938561,0.6147056000772864,6.141309796870164,0.0,0.0,0.0,0.0,0.035111292390164306,14.513809423258216,0.42116597742281797,0.203125
gamma,bo-ei@gp-poisson-cat,24,60.0,120.0,5.467100899899378,0.9862030000076629,6.0345080984189705,0.0,0.0,0.0,0.0,0.035111292390164306,13.768428454946738,0.37509720005971836,0.4010416666666667
gamma,bo-ei@gp-poisson-cat,24,90.0,180.0,8.297348699648865,1.3089622997213155,6.028993768039001,0.0,0.0,0.0,0.0,0.035111292390164306,13.751468404415071,0.37509435297016774,0.4010416666666667
gamma,bo-ei@gp-poisson-cat,24,120.0,240.0,10.936243499570992,1.5348352997098118,6.026232776065771,0.0,0.0,0.0,0.0,0.035111292390164306,13.749312556532395,0.37509441317822495,0.4010416666666667
gamma,bo-ei@gp-poisson-cat,25,15.0,30.0,1.4322803998948075,0.37816959992051125,6.2441096435056425,0.27893927496401005,0.3076723914732028,0.380928065780067,0.40537424207282724,0.3842936176703041,23.231343805800385,0.471177402950881,0.11979166666666667
gamma,bo-ei@gp-poisson-cat,25,30.0,60.0,2.7677370000164956,0.6173221999197267,6.070603398460804,0.0,0.0,0.0066505582438283195,0.0,0.02382523814145676,15.642267544986108,0.4516361865341018,0.21354166666666666
gamma,bo-ei@gp-poisson-cat,25,60.0,120.0,5.552393500111066,0.9772120997076854,5.920420357010198,0.0,0.0,0.0066505582438283195,0.029448991087107745,0.0,13.036320025350525,0.39355176645104883,0.4010416666666667
gamma,bo-ei@gp-poisson-cat,25,90.0,180.0,8.271224300027825,1.3265967995976098,5.916176926784524,0.0,0.0,0.0066505582438283195,0.029448991087107745,0.0,13.013426577529348,0.39354581553613605,0.4010416666666667
gamma,bo-ei@gp-poisson-cat,25,120.0,240.0,10.929579800053034,1.6010740998317488,5.784905496690385,0.0,0.0,0.0066505582438283195,0.029448991087107745,0.0,10.732116289458812,0.3389511750423779,0.6041666666666666
gamma,bo-ei@gp-poisson-cat,26,15.0,30.0,1.4021228997735307,0.40408720017876476,6.099900368897217,0.34170374732801123,0.2961264536366791,0.33038123060658775,0.3147693221216168,0.2987917514584182,20.310703636000873,0.43647005053947724,0.140625
gamma,bo-ei@gp-poisson-cat,26,30.0,60.0,2.748230699740816,0.6288076001219451,5.982702708251615,0.0,0.020395371684950314,0.07850977892014244,0.06313323458456566,0.08836819970153309,14.506188428653765,0.42327750603204006,0.203125
gamma,bo-ei@gp-poisson-cat,26,60.0,120.0,5.504900600004476,0.9950989000499249,5.866423629153698,0.0,0.020395371684950314,0.07850977892014244,0.06313323458456566,0.08836819970153309,13.653441698860433,0.3778892411183367,0.4010416666666667
gamma,bo-ei@gp-poisson-cat,26,90.0,180.0,8.254374799667858,1.3045037999982014,5.864277030161794,0.0,0.020395371684950314,0.07850977892014244,0.06313323458456566,0.08836819970153309,13.648272119573974,0.3751547700188253,0.4114583333333333
gamma,bo-ei@gp-poisson-cat,26,120.0,240.0,10.96515059954254,1.5789274996495806,5.720624433239254,0.0,0.020395371684950314,0.07850977892014244,0.06313323458456566,0.08836819970153309,13.074355737570427,0.3291674927825176,0.6041666666666666
gamma,bo-ei@gp-poisson-cat,27,15.0,30.0,1.38321290013846,0.41507550003007054,6.069603270760666,0.0,0.0,0.011648201976892869,0.04626947260717784,0.057564602504751594,13.168020301847672,0.4408668458374636,0.140625
gamma,bo-ei@gp-poisson-cat,27,30.0,60.0,2.7122930001933128,0.6348599999328144,5.975260996607054,0.0,0.0,0.011648201976892869,0.027582357215005904,0.05299169598037923,10.776942888382285,0.4122898964318523,0.21875
gamma,bo-ei@gp-poisson-cat,27,60.0,120.0,5.479793500388041,1.0186037000385113,5.861376760688439,0.0,0.0,0.011648201976892869,0.0,0.01378824341963325,8.223484410545185,0.3629794354592762,0.4010416666666667
gamma,bo-ei@gp-poisson-cat,27,90.0,180.0,8.255802700528875,1.393645399948582,5.838161875081968,0.0,0.0,0.011648201976892869,0.0,0.01378824341963325,8.007461818256788,0.3498380321483443,0.5
gamma,bo-ei@gp-poisson-cat,27,120.0,240.0,10.95981500070775,1.6602787998854183,5.751606640406021,0.0,0.0,0.011648201976892869,0.0,0.01378824341963325,7.274584547864287,0.3164922067277068,0.6041666666666666
gamma,bo-ei@gp-poisson-cat,28,15.0,30.0,1.4271915998542681,0.39644760004011914,6.49560850909684,0.05890372115342679,0.3234084154104606,0.3424803137995105,0.3730528144782854,0.4264309564814377,24.028987470146703,0.4778640546910152,0.11979166666666667
gamma,bo-ei@gp-poisson-cat,28,30.0,60.0,2.7366907998220995,0.6265562999178655,6.358087929047187,0.05890372115342679,0.0,0.0,0.07840821690025934,0.1307517393204931,18.873474110007,0.45458139561959215,0.21354166666666666
gamma,bo-ei@gp-poisson-cat,28,60.0,120.0,5.545467099989764,1.0423996999743395,6.099199882431333,0.0,0.0,0.0,0.0,0.04461600648854758,15.001473500727817,0.3875836517178273,0.40625
gamma,bo-ei@gp-poisson-cat,28,90.0,180.0,8.194465699780267,1.406694699660875,6.102117255760239,0.0,0.0,0.0,0.0,0.04461600648854758,15.00316090462851,0.3875862751888247,0.40625
gamma,bo-ei@gp-poisson-cat,28,120.0,240.0,10.940532699867617,1.7030764997471124,5.9590694502034225,0.0,0.0,0.0,0.0,0.04461600648854758,13.365496718376226,0.3509941608880299,0.578125
gamma,bo-ei@gp-poisson-cat,29,15.0,30.0,1.399886999919545,0.45328160002827644,5.983734385444241,0.0,0.09498754549539767,0.0,0.0,0.0,13.780534756757985,0.45963824708614043,0.140625
gamma,bo-ei@gp-poisson-cat,29,30.0,60.0,2.768739099963568,0.6787102000089362,5.88404616437366,0.0,0.09498754549539767,0.0,0.039859710559609685,0.017764750720433375,12.012769611099648,0.43520809707700536,0.21354166666666666
gamma,bo-ei@gp-poisson-cat,29,60.0,120.0,5.5427737000864,1.0517902999417856,5.7820016962624265,0.0,0.09498754549539767,0.0,0.039859710559609685,0.017764750720433375,11.518626337317318,0.3718200763830599,0.4010416666666667
gamma,bo-ei@gp-poisson-cat,29,90.0,180.0,8.309155500144698,1.4014363999012858,5.76893809813275,0.0,0.09498754549539767,0.0,0.039859710559609685,0.017764750720433375,11.493865865011808,0.3685758125023195,0.4270833333333333
gamma,bo-ei@gp-poisson-cat,29,120.0,240.0,11.008441200247034,1.6786227998672985,5.581189291311934,0.0,0.09498754549539767,0.0,0.039859710559609685,0.017764750720433375,8.156793597129658,0.30205263861465675,0.6041666666666666
gamma,bo-ei@gp-poisson-cat,30,15.0,30.0,1.3984345001517795,0.4364165997831151,6.1553788052477145,0.4405805964976658,0.3889604064569734,0.42258532604056676,0.37056872279929254,0.3848776040378664,17.152270230346055,0.43883590214981916,0.125
gamma,bo-ei@gp-poisson-cat,30,30.0,60.0,2.726522999990266,0.6868446996668354,6.062520173659003,0.43380629115446545,0.28130658041170686,0.28124177797470673,0.2541911528967321,0.20855496859334355,15.737284283038138,0.41529025853378965,0.20833333333333334
gamma,bo-ei@gp-poisson-cat,30,60.0,120.0,5.505584199971054,1.0913508998346515,5.950207302265594,0.43380629115446545,0.28130658041170686,0.28124177797470673,0.2541911528967321,0.20855496859334355,15.25452336491305,0.3797009347881342,0.4427083333333333
gamma,bo-ei@gp-poisson-cat,30,90.0,180.0,8.180695899704006,1.485919999773614,5.739725058949101,0.0,0.0,0.0,0.02084350028454296,0.02775818602253033,8.136245471546896,0.3217121536691053,0.6041666666666666
gamma,bo-ei@gp-poisson-cat,30,120.0,240.0,10.8971985996468,1.7347463996266015,5.738535752095555,0.0,0.0,0.0,0.02084350028454296,0.02775818602253033,8.135068058183434,0.3217075374512842,0.6041666666666666
gamma,bo-ei@gp-poisson-cat,31,15.0,30.0,1.3940698001533747,0.3990057000773959,6.47331384046246,0.0,0.1585859675411565,0.23780612508803256,0.2904466163163406,0.3364845733891614,26.337445646177844,0.5145406844854139,0.09895833333333333
gamma,bo-ei@gp-poisson-cat,31,30.0,60.0,2.7406566999852657,0.6374657002743334,6.344361828510155,0.0,0.1134456108845282,0.1319356853819924,0.1044567126329965,0.12164001272297797,22.92414299031753,0.4937571583390926,0.21354166666666666
gamma,bo-ei@gp-poisson-cat,31,60.0,120.0,5.556847299973015,1.0277053002500907,6.181528056530539,0.0,0.1134456108845282,0.20401528685736103,0.16152389802877676,0.1336813467585084,20.948745263090697,0.4353123950734794,0.40625
gamma,bo-ei@gp-poisson-cat,31,90.0,180.0,8.208717399975285,1.359416300256271,6.1803389079910405,0.0,0.1134456108845282,0.20401528685736103,0.16152389802877676,0.1336813467585084,20.948046318718294,0.4353127646672597,0.40625
gamma,bo-ei@gp-poisson-cat,31,120.0,240.0,10.948171400115825,1.662772900192067,5.998757617796993,0.0,0.1134456108845282,0.20401528685736103,0.16152389802877676,0.1336813467585084,18.728853680174225,0.36959772115861345,0.6041666666666666
gamma,bo-ei@gp-poisson-cat,32,15.0,30.0,1.383690099872183,0.4004719001823105,6.314019021709558,0.0,0.0,0.1979604384260384,0.2850140763838622,0.30737441350026995,22.180830586764486,0.4684822492206696,0.140625
gamma,bo-ei@gp-poisson-cat,32,30.0,60.0,2.7057691998779774,0.6196508001885377,6.213046384261017,0.0,0.0,0.0,0.056675468351075065,0.08182606412231896,18.111725672913213,0.45448434729512494,0.203125
gamma,bo-ei@gp-poisson-cat,32,60.0,120.0,5.5895262995618396,1.0069909999729134,6.021586836187599,0.0,0.0,0.0,0.056675468351075065,0.08182606412231896,16.765383386376264,0.4009560647789589,0.4010416666666667
gamma,bo-ei@gp-poisson-cat,32,90.0,180.0,8.295937699556816,1.3261815001023933,6.0330439865903145,0.050766726068686485,0.0,0.0,0.056675468351075065,0.08182606412231896,16.762978188271077,0.40095800863491765,0.4010416666666667
gamma,bo-ei@gp-poisson-cat,32,120.0,240.0,10.97570349968737,1.5760223999386653,6.019400645644534,0.0,0.0,0.0,0.056675468351075065,0.08182606412231896,16.746806152365394,0.40095360992044143,0.4010416666666667
gamma,bo-ei@gp-poisson-cat,33,15.0,30.0,1.3867118999478407,0.385301299917046,6.0297636307921065,0.0,0.037760856656376185,0.09816160400814034,0.02784082024074419,0.038071240751415436,13.169955697235983,0.4512009885182734,0.125
gamma,bo-ei@gp-poisson-cat,33,30.0,60.0,2.6975391000742093,0.6037768998648971,5.904993965397918,0.0,0.037760856656376185,0.09816160400814034,0.10155773393798828,0.038071240751415436,9.319009653597082,0.43078375614218667,0.203125
gamma,bo-ei@gp-poisson-cat,33,60.0,120.0,5.485039799939841,0.9963467998895794,5.759056014943233,0.0,0.037760856656376185,0.0,0.02784082024074419,0.038071240751415436,8.525929202569152,0.36522059258530304,0.4010416666666667
gamma,bo-ei@gp-poisson-cat,33,90.0,180.0,8.112448900006711,1.3105537999654189,5.747224995753034,0.0,0.037760856656376185,0.09816160400814034,0.10155773393798828,0.038071240751415436,8.499985670294665,0.35616393095269944,0.421875
gamma,bo-ei@gp-poisson-cat,33,120.0,240.0,10.829382600088138,1.5959005003096536,5.607341276307288,0.0,0.037760856656376185,0.09194752945710571,0.10155773393798828,0.038071240751415436,7.198992975437645,0.3060499115998273,0.6041666666666666
gamma,bo-ei@gp-poisson-cat,34,15.0,30.0,1.3596294001908973,0.391585000033956,6.198558049135737,0.23380769721060135,0.12407255374037962,0.24448897166534134,0.3139445106177805,0.3619750286667228,22.466485171955664,0.426020936059993,0.14583333333333334
gamma,bo-ei@gp-poisson-cat,34,30.0,60.0,2.832535600173287,0.6477940000477247,6.091121896960547,0.1155566629196555,0.0,0.0,0.03236801327202743,0.026059264139909,13.90120246892243,0.3985238868120751,0.203125
gamma,bo-ei@gp-poisson-cat,34,60.0,120.0,5.549685099802446,1.0237709000939503,5.905676099984326,0.0,0.0,0.0,0.0,0.026059264139909,10.900569678655254,0.34842581935826944,0.4010416666666667
gamma,bo-ei@gp-poisson-cat,34,90.0,180.0,8.262310500023887,1.3596563002793118,5.897041709349178,0.0,0.0,0.0,0.0,0.026059264139909,10.880083324219102,0.34842432973233955,0.4010416666666667
gamma,bo-ei@gp-poisson-cat,34,120.0,240.0,11.017944099905435,1.648655500379391,5.722245730523682,0.0,0.0,0.0,0.0,0.026059264139909,7.5987125860032245,0.28850672193263743,0.6041666666666666
gamma,bo-ei@gp-poisson-cat,35,15.0,30.0,1.3751620001276024,0.38877370045520365,6.386848028219579,0.3042707341327259,0.4155085203819584,0.38777647620955935,0.37618467660353483,0.37639331883263905,26.831087332003634,0.4496083722259392,0.15104166666666666
gamma,bo-ei@gp-poisson-cat,35,30.0,60.0,2.8781397002749145,0.6765884002670646,6.293895883976529,0.04340185519385875,0.14707978261395704,0.1341400915550487,0.18316590209627792,0.19283219916885852,23.594997487573547,0.43793610036480424,0.203125
gamma,bo-ei@gp-poisson-cat,35,60.0,120.0,5.624570900283288,1.0496650005225092,6.126922554525283,0.04340185519385875,0.14707978261395704,0.1341400915550487,0.18316590209627792,0.19283219916885852,21.30267415329246,0.38735674558061256,0.4010416666666667
gamma,bo-ei@gp-poisson-cat,35,90.0,180.0,8.354992600390688,1.3712244004709646,6.129130505050888,0.04340185519385875,0.14707978261395704,0.1341400915550487,0.18316590209627792,0.19283219916885852,21.303288980296838,0.38859304981973836,0.40625
gamma,bo-ei@gp-poisson-cat,35,120.0,240.0,11.095964100619312,1.6619326006039046,5.944363767825183,0.0,0.0,0.02272114243437784,0.0,0.0,12.991511160998401,0.3413024750039078,0.5260416666666666
gamma,bo-ei@gp-poisson-cat,36,15.0,30.0,1.3363360998337157,0.3770862999954261,6.007779165456018,0.1604569555364882,0.3513704548648382,0.37771791995606796,0.388101163330674,0.40421048553385486,20.93359536291577,0.45358078817808817,0.14583333333333334
gamma,bo-ei@gp-poisson-cat,36,30.0,60.0,2.8358668999862857,0.6454330998822115,5.893669121432496,0.0,0.0,0.0,0.0914610269765479,0.12536364458181415,16.060789226469506,0.4256570058610749,0.203125
gamma,bo-ei@gp-poisson-cat,36,60.0,120.0,5.533462300081737,1.017542099696584,5.721790856997502,0.0,0.0,0.0,0.015380663773790992,0.02154101790349594,11.370809887662658,0.3693021502828437,0.4010416666666667
gamma,bo-ei@gp-poisson-cat,36,90.0,180.0,8.225279100064654,1.3401140997884795,5.7065875696342205,0.0,0.0,0.0,0.015380663773790992,0.02154101790349594,11.358943352095121,0.3637240726778241,0.4322916666666667
gamma,bo-ei@gp-poisson-cat,36,120.0,240.0,11.011536300182343,1.6138376000453718,5.594572718301222,0.0,0.0,0.0,0.015380663773790992,0.02154101790349594,9.96204546432846,0.3210312780296178,0.6041666666666666
gamma,bo-ei@gp-poisson-cat,37,15.0,30.0,1.3363203997723758,0.3972251000232063,6.181547769192169,0.4706555642804171,0.511281323108103,0.5594873913902279,0.5685326833916693,0.5961027955391978,22.42455496277827,0.44598844992267606,0.13020833333333334
gamma,bo-ei@gp-poisson-cat,37,30.0,60.0,2.812313699745573,0.6947957000811584,6.05968938113163,0.4706555642804171,0.48651495627588115,0.49287824126524293,0.5214693324048454,0.5132033829560587,21.865047644066706,0.40857335776825193,0.2604166666666667
gamma,bo-ei@gp-poisson-cat,37,60.0,120.0,5.523529199650511,1.0670380998053588,5.81159057358803,0.0,0.048875308070509105,0.07063409716814273,0.07669042863164066,0.06510825991465286,12.510275448117088,0.3748499141676277,0.4010416666666667
gamma,bo-ei@gp-poisson-cat,37,90.0,180.0,8.19794809963787,1.3793823996093124,5.808397193148816,0.0,0.048875308070509105,0.07063409716814273,0.07669042863164066,0.06510825991465286,12.510239174181967,0.3737470758295165,0.4010416666666667
gamma,bo-ei@gp-poisson-cat,37,120.0,240.0,10.955093699565623,1.6799710995401256,5.707673867203867,0.0,0.048875308070509105,0.07063409716814273,0.07669042863164066,0.06510825991465286,11.260422179635066,0.33814202713803826,0.546875
gamma,bo-ei@gp-poisson-cat,38,15.0,30.0,1.3513771999278106,0.3829807001748122,6.166019399251358,0.008572176416699384,0.08811292151987093,0.05874194767991392,0.15536556442666571,0.223941587356136,21.462718621063715,0.4692087308997282,0.125
gamma,bo-ei@gp-poisson-cat,38,30.0,60.0,2.8356779001187533,0.6656644000904635,6.026074372202516,0.008572176416699384,0.08811292151987093,0.05874194767991392,0.042003431862769225,0.0,14.558735259100818,0.4371730877338335,0.203125
gamma,bo-ei@gp-poisson-cat,38,60.0,120.0,5.470996500051115,1.03901630040491,5.9209161766874745,0.008572176416699384,0.004286088208349748,0.0028573921388997947,0.042003431862769225,0.0,11.971838130072422,0.37343671028804953,0.4010416666666667
gamma,bo-ei@gp-poisson-cat,38,90.0,180.0,8.19927889999235,1.3482004000688903,5.909375483189784,0.008572176416699384,0.004286088208349748,0.0028573921388997947,0.042003431862769225,0.0,11.90317194895146,0.3734225394239612,0.4010416666666667
gamma,bo-ei@gp-poisson-cat,38,120.0,240.0,10.910460099985357,1.5903936000540853,5.907363089463963,0.008572176416699384,0.004286088208349748,0.0028573921388997947,0.042003431862769225,0.0,11.902019640910579,0.37342233255948487,0.4010416666666667
gamma,bo-ei@gp-poisson-cat,39,15.0,30.0,1.4873032999457791,0.4352822002256289,6.315835449547386,0.0,0.1635333375687883,0.21240392437149735,0.1923095939369539,0.16515720931812528,19.951126849413754,0.4321039349059042,0.140625
gamma,bo-ei@gp-poisson-cat,39,30.0,60.0,2.839682499761693,0.64583180018235,6.240450659346372,0.0,0.03567765767237552,0.11602008117465001,0.1130144654221319,0.10106787750815038,18.216414265354473,0.4220980241421596,0.20833333333333334
gamma,bo-ei@gp-poisson-cat,39,60.0,120.0,5.542635600024369,1.045110400475096,6.105679783008168,0.0,0.03567765767237552,0.11602008117465001,0.1130144654221319,0.10106787750815038,17.14317542503734,0.37307482775469486,0.4010416666666667
gamma,bo-ei@gp-poisson-cat,39,90.0,180.0,8.273774200235493,1.3704560003825463,6.046255081606315,0.0,0.0,0.0,0.012895274016626823,0.015084615242299315,13.791068762356481,0.35813076362251045,0.421875
gamma,bo-ei@gp-poisson-cat,39,120.0,240.0,11.020047000143677,1.6811655005440116,5.816519519416396,0.0,0.0,0.0,0.012895274016626823,0.023567066947600357,8.33047239172258,0.2971306393926171,0.6041666666666666
gamma,bo-ei@gp-poisson-cat,40,15.0,30.0,1.492454799998086,0.3978778999298811,6.137022812848734,0.05890372115342679,0.21953501177078705,0.2623006696067366,0.27932121248160313,0.2899883203872565,19.665511096896214,0.4417222598254605,0.11979166666666667
gamma,bo-ei@gp-poisson-cat,40,30.0,60.0,2.8629000001237728,0.6431424000766128,5.9967418508105235,0.05890372115342679,0.0,0.0,0.05597180720941253,0.047683074411797755,13.459969831352062,0.4163773518460517,0.203125
gamma,bo-ei@gp-poisson-cat,40,60.0,120.0,5.560313100111671,1.0377328002941795,5.869794830178097,0.05890372115342679,0.0,0.0,0.05597180720941253,0.047683074411797755,12.550235949719148,0.36937159998373004,0.4010416666666667
gamma,bo-ei@gp-poisson-cat,40,90.0,180.0,8.31321340019349,1.3797220005653799,5.851314716382597,0.0,0.0,0.0,0.05597180720941253,0.047683074411797755,12.444027089026775,0.3693541443479439,0.4010416666666667
gamma,bo-ei@gp-poisson-cat,40,120.0,240.0,11.060220700222999,1.6358053003787063,5.790803111711287,0.0,0.0,0.0,0.05597180720941253,0.047683074411797755,11.77974331823891,0.3492936224540316,0.484375
gamma,bo-ei@gp-poisson-cat,41,15.0,30.0,1.4708379997173324,0.3863024999736808,6.201111251653008,0.0,0.0,0.06316267836145806,0.11770765121041105,0.16904525097252232,16.453460499602507,0.4561172687476875,0.125
gamma,bo-ei@gp-poisson-cat,41,30.0,60.0,2.841929499467369,0.6382022001198493,6.098667436424546,0.0,0.0,0.005938496414233052,0.004855849019995251,0.03295746797003296,12.434732175213988,0.4329214843051815,0.203125
gamma,bo-ei@gp-poisson-cat,41,60.0,120.0,5.437006499443669,1.028649300453253,5.981776756032848,0.0,0.0,0.005938496414233052,0.004855849019995251,0.03295746797003296,10.331424607239702,0.3706390747788924,0.4010416666666667
gamma,bo-ei@gp-poisson-cat,41,90.0,180.0,8.128320399555378,1.3625442003831267,5.975527571127504,0.0,0.0,0.005938496414233052,0.004855849019995251,0.03295746797003296,10.312004105931507,0.37063975831422774,0.4010416666666667
gamma,bo-ei@gp-poisson-cat,41,120.0,240.0,10.887679899460636,1.6229676005314104,5.96176637010998,0.0,0.0,0.005938496414233052,0.004855849019995251,0.03295746797003296,10.304115965646982,0.36361835485639793,0.4375
gamma,bo-ei@gp-poisson-cat,42,15.0,30.0,1.4517204998410307,0.45316690008621663,6.134997729064438,0.0,0.0,0.0,0.09667602948634302,0.08738599984875606,17.176100233928732,0.4672271491414584,0.140625
gamma,bo-ei@gp-poisson-cat,42,30.0,60.0,2.7913049998460338,0.673159200232476,6.040228073273347,0.0,0.0,0.0,0.09667602948634302,0.08385319250838141,15.621507814098084,0.4529495489993468,0.203125
gamma,bo-ei@gp-poisson-cat,42,60.0,120.0,5.439471099700313,1.0714618998463266,5.897254240535296,0.0,0.0,0.0,0.09667602948634302,0.08385319250838141,14.512238846928758,0.3871157607877752,0.4010416666666667
gamma,bo-ei@gp-poisson-cat,42,90.0,180.0,8.168826199602336,1.3889364997739904,5.880321102779468,0.0,0.0,0.0,0.09667602948634302,0.08385319250838141,14.237711546712783,0.38703982855157815,0.4010416666666667
gamma,bo-ei@gp-poisson-cat,42,120.0,240.0,10.8994862997788,1.6644707998493686,5.814034803412581,0.0,0.0,0.0,0.09667602948634302,0.08385319250838141,13.316991426495154,0.3461197273667504,0.5572916666666666
gamma,bo-ei@gp-poisson-cat,43,15.0,30.0,1.4651420001173392,0.5018206000095233,6.101514406947943,0.0,0.037760856656376185,0.0,0.0,0.0,11.896091289310817,0.4371189395698703,0.13541666666666666
gamma,bo-ei@gp-poisson-cat,43,30.0,60.0,2.776734800077975,0.74707180011319,6.036141777584106,0.0,0.037760856656376185,0.0,0.0,0.0,10.171296121743083,0.4078243620729763,0.21354166666666666
gamma,bo-ei@gp-poisson-cat,43,60.0,120.0,5.4299443998606876,1.1238953999709338,5.921020567350763,0.0,0.037760856656376185,0.0,0.0,0.0,9.54146433631425,0.37786144166943403,0.4010416666666667
gamma,bo-ei@gp-poisson-cat,43,90.0,180.0,8.11647339956835,1.4697043001069687,5.902917599125082,0.0,0.037760856656376185,0.0,0.0,0.0,9.527233391173942,0.3660104125256499,0.4635416666666667
gamma,bo-ei@gp-poisson-cat,43,120.0,240.0,10.905048099288251,1.7675045997020788,5.752291860785184,0.0,0.037760856656376185,0.0,0.0,0.0,7.240766841220631,0.32341260963157875,0.6041666666666666
gamma,bo-ei@gp-poisson-cat,44,15.0,30.0,1.4807521001202986,0.42754369985777885,6.184525544415258,0.0,0.0,0.0,0.0,0.016150402905941497,12.781387907362314,0.4541641401668174,0.11979166666666667
gamma,bo-ei@gp-poisson-cat,44,30.0,60.0,2.8720847001532093,0.6449524999479763,6.050196889731115,0.0,0.0,0.0,0.0,0.016150402905941497,9.151871021787748,0.42473256516599583,0.203125
gamma,bo-ei@gp-poisson-cat,44,60.0,120.0,5.5548908999189734,1.0116611000848934,5.911506742845824,0.0,0.0,0.0,0.0,0.016150402905941497,8.011112124464995,0.3862217093600047,0.4010416666666667
gamma,bo-ei@gp-poisson-cat,44,90.0,180.0,8.26538739982061,1.363147499912884,5.888718051310889,0.0,0.0,0.0,0.0,0.0,7.9100072222846,0.3883056687091148,0.421875
gamma,bo-ei@gp-poisson-cat,44,120.0,240.0,11.10067060001893,1.6703297002241015,5.763696264196675,0.0,0.0,0.0,0.0,0.016150402905941497,7.003193437987926,0.3239215491126901,0.6041666666666666
gamma,bo-ei@gp-poisson-cat,45,15.0,30.0,1.4604184000054374,0.41979720001108944,6.01292406916815,0.0,0.21052360784313728,0.18653693817377803,0.19373772815952206,0.15308219283236846,14.666442744579061,0.45984877294812515,0.140625
gamma,bo-ei@gp-poisson-cat,45,30.0,60.0,2.8764320001355372,0.6415752000757493,5.949568700445877,0.0,0.0,0.03745338193177572,0.03302497339140886,0.05907835035272113,11.080787542511342,0.43818654506117083,0.21354166666666666
gamma,bo-ei@gp-poisson-cat,45,60.0,120.0,5.560151499754284,0.988517299934756,5.84880072475153,0.0,0.0,0.03745338193177572,0.03302497339140886,0.05907835035272113,10.52005711510858,0.38197086989860995,0.4010416666666667
gamma,bo-ei@gp-poisson-cat,45,90.0,180.0,8.25988239981234,1.3174953996785916,5.860342310018896,0.0,0.0,0.03745338193177572,0.03302497339140886,0.05907835035272113,10.512485335234588,0.38211208470409025,0.4114583333333333
gamma,bo-ei@gp-poisson-cat,45,120.0,240.0,10.982326800003648,1.613957699853927,5.662715986470225,0.0,0.0,0.03745338193177572,0.05150356837414716,0.04448725907513551,7.237245878933748,0.32475892528937583,0.6041666666666666
gamma,bo-ei@gp-poisson-cat,46,15.0,30.0,1.3498833998455666,0.36967579991323873,6.267587572017232,0.0,0.1710965087559536,0.1467512971887055,0.157161627385773,0.20455572809124256,16.69717305006787,0.4501683392726141,0.140625
gamma,bo-ei@gp-poisson-cat,46,30.0,60.0,2.6732957000494935,0.5683730999007821,6.179987401038392,0.0,0.0,0.014563516028445744,1.1102230246251565e-16,0.0007915682820274217,12.22852352805185,0.4266356676839058,0.203125
gamma,bo-ei@gp-poisson-cat,46,60.0,120.0,5.301076799805742,0.8994804000249133,6.028401931767124,0.0,0.0,0.014563516028445744,1.1102230246251565e-16,0.0007915682820274217,10.07961886612442,0.3628505816156384,0.4010416666666667
gamma,bo-ei@gp-poisson-cat,46,90.0,180.0,8.133778899908066,1.2226209996151738,6.0228134624588465,0.0,0.0,0.014563516028445744,1.1102230246251565e-16,0.0007915682820274217,10.065577899085335,0.3628485880939581,0.4010416666666667
gamma,bo-ei@gp-poisson-cat,46,120.0,240.0,10.912374899839051,1.5093632996431552,5.868421164689257,0.0,0.0,0.014563516028445744,1.1102230246251565e-16,0.0007915682820274217,8.387819946379487,0.3191587874530208,0.6041666666666666
gamma,bo-ei@gp-poisson-cat,47,15.0,30.0,1.3240800999919884,0.34914779994869605,6.27156934734047,0.0,0.0,0.10582671405698896,0.09329633726416575,0.12379288544983857,20.671708612483098,0.4753738133860252,0.13541666666666666
gamma,bo-ei@gp-poisson-cat,47,30.0,60.0,2.670547299843747,0.5403105997829698,6.148087953823166,0.0,0.0,0.07570389997451499,0.09329633726416575,0.13375035593649842,19.323883167145375,0.45313813585392043,0.203125
gamma,bo-ei@gp-poisson-cat,47,60.0,120.0,5.305072999675758,0.8583676994894631,5.966814165372444,0.0,0.0,0.06535818018049566,0.060796665354306056,0.07731985694618249,17.13808067918884,0.4053929495900298,0.4010416666666667
gamma,bo-ei@gp-poisson-cat,47,90.0,180.0,8.111277399526443,1.1559464993770234,5.959545109863512,0.0,0.0,0.07570389997451499,0.060796665354306056,0.07731985694618249,17.096586858703844,0.40536996905158684,0.4010416666666667
gamma,bo-ei@gp-poisson-cat,47,120.0,240.0,10.862273199716583,1.449710499146022,5.820428341112996,0.0,0.0,0.07570389997451499,0.060796665354306056,0.07731985694618249,15.83105983493448,0.3584540295697548,0.6041666666666666
gamma,bo-ei@gp-poisson-cat,48,15.0,30.0,1.3479931999463588,0.3788582000997849,6.143969637079022,0.1604569555364882,0.24339888354347872,0.286169721402163,0.23379960838460379,0.2313139524115414,18.24481361254522,0.46250613082607606,0.14583333333333334
gamma,bo-ei@gp-poisson-cat,48,30.0,60.0,2.7215772001072764,0.5822602001717314,6.047047626021403,0.0,0.051645831526890396,0.0,0.008399211204512813,0.04078166549314899,12.4272072112434,0.45244150838478564,0.20833333333333334
gamma,bo-ei@gp-poisson-cat,48,60.0,120.0,5.370401599968318,0.9020242001279257,5.926119562302428,0.0,0.051645831526890396,0.0,0.008399211204512813,0.04078166549314899,11.753962137920785,0.3932202044947354,0.4010416666666667
gamma,bo-ei@gp-poisson-cat,48,90.0,180.0,8.15021169994725,1.201744699908886,5.918870089868185,0.0,0.051645831526890396,0.0,0.008399211204512813,0.04078166549314899,11.753789665562497,0.3874151335198471,0.4166666666666667
gamma,bo-ei@gp-poisson-cat,48,120.0,240.0,10.887222099758219,1.4881879996974021,5.753208001799966,0.0,0.051645831526890396,0.0,0.008399211204512813,0.04078166549314899,7.787653330107107,0.33176405216281707,0.6041666666666666
gamma,bo-ei@gp-poisson-cat,49,15.0,30.0,1.3327456999686547,0.33232320030219853,5.963033618999179,0.0,0.0,0.007262781841736787,0.07204030226700253,0.10388829215896878,13.76614419011265,0.40198655162623714,0.140625
gamma,bo-ei@gp-poisson-cat,49,30.0,60.0,2.697325799788814,0.5381220005219802,5.878856077455683,0.0,0.0,0.007262781841736787,0.040820202236444114,0.06139723084619553,11.773957551425953,0.38543342667892405,0.21354166666666666
gamma,bo-ei@gp-poisson-cat,49,60.0,120.0,5.33540169976186,0.861102300870698,5.771693914109439,0.0,0.0,0.0,0.0,0.0,7.713422224303052,0.3422897296365757,0.4010416666666667
gamma,bo-ei@gp-poisson-cat,49,90.0,180.0,8.180490499769803,1.1705459009390324,5.764864215394354,0.0,0.0,0.0,0.0,0.0,7.690408459723096,0.34068563218688974,0.4166666666666667
gamma,bo-ei@gp-poisson-cat,49,120.0,240.0,10.936577199783642,1.4629881009459496,5.667046787871673,0.0,0.0,0.0,0.0,0.0,6.670328059900755,0.301953933277942,0.6041666666666666
gamma,systematic,0,15.0,30.0,3.180006751790643e-05,7.14004272595048e-05,6.09175265450013,0.4922992191248964,0.4993066753566352,0.4686558172478079,0.458143592063599,0.4949816719936593,22.13916753502764,0.47975764371078533,0.15625
gamma,systematic,0,30.0,60.0,6.390002090483904e-05,0.00013830058742314577,5.94254681808714,0.26184399947650827,0.3581684767646347,0.36174358682113106,0.3208560660684603,0.2861379699778971,19.59769376876622,0.4386350815912627,0.3125
gamma,systematic,0,60.0,120.0,0.00010260002454742789,0.00024660053895786405,5.731245631846697,0.0,0.10454931088924224,0.16175986909055384,0.14964233906113267,0.1638049175273053,14.025438159823521,0.34701888621224647,0.625
gamma,systematic,0,90.0,180.0,0.00014300004113465548,0.0003447005292400718,5.506252412829757,0.05890372115342679,0.0,0.0,0.0,0.00790388327921876,7.103428463243015,0.2481153214258129,0.9375
gamma,systematic,0,120.0,240.0,0.00018319993978366256,0.00044960068771615624,5.411169471713578,0.05890372115342679,0.0,0.0,0.0,0.0,4.738390054336795,0.21647909454330838,1.0
gamma,systematic,1,15.0,30.0,3.0200171750038862e-05,6.980006583034992e-05,6.035259934694008,0.3735462939855253,0.4871569450431442,0.4660858315444081,0.4926856453834304,0.5457623340686706,15.993748682699517,0.4661512545813565,0.15625
gamma,systematic,1,30.0,60.0,6.230018334463239e-05,0.00013460032641887665,5.93138900606368,0.3735462939855253,0.4767879695381567,0.4660858315444081,0.42160278429515274,0.2327688791900645,14.917818184747889,0.43046464261463474,0.3125
gamma,systematic,1,60.0,120.0,0.00010350043885409832,0.00023020029766485095,5.717712881431495,0.0,0.1867731469927626,0.2442085465101015,0.24141453044959904,0.2108789610229045,11.565142927079838,0.3495415122753758,0.625
gamma,systematic,1,90.0,180.0,0.0001428005052730441,0.00032030040165409446,5.456933413653186,0.0,0.0,0.08919991889088308,0.07243994186078151,0.0797340185032328,7.352791413532552,0.24813620771563147,0.9375
gamma,systematic,1,120.0,240.0,0.00017690041568130255,0.0004063003580085933,5.363445748256102,0.0,0.0,0.0,0.04808461760398908,0.004362093376853782,5.3555502800114425,0.2063838662906959,1.0
gamma,systematic,2,15.0,30.0,2.2900057956576347e-05,5.5400130804628134e-05,6.207539118939575,0.599294437049158,0.5075808766273464,0.5089626423435574,0.5899989034612065,0.6110926539747511,21.896343628548568,0.48227613040393014,0.15625
gamma,systematic,2,30.0,60.0,5.380006041377783e-05,0.00014840043149888515,6.132366669186735,0.5076622768479593,0.45385286149133464,0.39011891001053023,0.3939982375046793,0.40980383259207365,21.20164408318355,0.45668682216874723,0.3125
gamma,systematic,2,60.0,120.0,9.899999713525176e-05,0.0002613003016449511,5.815270762959831,0.0,0.08734997522379029,0.06713585694988722,0.060773754725560014,0.07573629272950289,12.6863016673203,0.36134969782036463,0.625
gamma,systematic,2,90.0,180.0,0.00012789986794814467,0.00032140041003003716,5.646828642436428,0.0,0.12034319876955546,0.025358087745408597,0.02059263704324943,0.012133782626939982,8.669286018880117,0.2616316189667221,0.9375
gamma,systematic,2,120.0,240.0,0.00017659988952800632,0.00044700049329549074,5.528109464856435,0.0,0.12034319876955546,0.025358087745408597,0.02059263704324943,0.012133782626939982,6.443844772687043,0.21673688251530177,1.0
gamma,systematic,3,15.0,30.0,2.9300048481673002e-05,6.490002851933241e-05,6.1241004264748256,0.0,0.3351995914794281,0.5154421517385064,0.6200406495282248,0.6574194863171279,21.284597414999407,0.45200241247927914,0.15625
gamma,systematic,3,30.0,60.0,6.049993680790067e-05,0.00013030041009187698,6.010713116150946,0.0,0.1814388678144151,0.3574360185650637,0.44209247844834243,0.5272054539232437,20.425569604256527,0.41894292559840257,0.3125
gamma,systematic,3,60.0,120.0,8.880009409040213e-05,0.00019700039410963655,5.720646769819955,0.0,0.0,0.0644366787190187,0.049257845173755865,0.040909551158727964,13.066768178658496,0.33078151257177746,0.625
gamma,systematic,3,90.0,180.0,0.00011730013648048043,0.00026330037508159876,5.532782843546445,0.0,0.0,0.0644366787190187,0.09851569034751184,0.055662008513103545,6.421021513056804,0.23343739540561867,0.9375
gamma,systematic,3,120.0,240.0,0.0001517999917268753,0.00035150040639564395,5.439751890883174,0.0,0.0,0.0644366787190187,0.09851569034751184,0.055662008513103545,5.517803777094601,0.2173716938723382,1.0
gamma,systematic,4,15.0,30.0,3.040005685761571e-05,6.499991286545992e-05,6.070671677276181,0.0,0.25335934432665885,0.42224900343005467,0.47622592266640085,0.5338467382470382,21.659196250097025,0.4491425155008425,0.15625
gamma,systematic,4,30.0,60.0,5.9699988923966885e-05,0.00012729992158710957,5.969631548104846,0.0,0.24614960956244825,0.31964753870399554,0.40490397968753844,0.43264983669781276,20.74787059458146,0.4134132898556147,0.3125
gamma,systematic,4,60.0,120.0,9.710004087537527e-05,0.000215300009585917,5.716537556488618,0.05890372115342679,0.02945186057671345,0.1864232872902568,0.2313363362712414,0.21457617151020447,16.4276609941602,0.3286822964865292,0.625
gamma,systematic,4,90.0,180.0,0.00013510003918781877,0.000305399764329195,5.4930741893927975,0.0,0.02945186057671345,0.0,0.09756426764009263,0.10737535272767673,10.201230136309006,0.2374866269647188,0.9375
gamma,systematic,4,120.0,240.0,0.0001718999119475484,0.00039989984361454844,5.389068136447492,0.0,0.02945186057671345,0.0,0.0,0.019285054442475857,5.01325567904545,0.20472928825804454,1.0
gamma,systematic,5,15.0,30.0,2.389994915574789e-05,5.129998316988349e-05,6.493285796239562,0.5967632777462308,0.5572183601093129,0.5451153659585762,0.6394117781388609,0.6897868823612558,24.57610142495676,0.46654418877144377,0.15625
gamma,systematic,5,30.0,60.0,5.450006574392319e-05,0.00011529994662851095,6.358807912123914,0.23380769721060135,0.3378812583452806,0.3084691701522043,0.35695683105704623,0.37772043742770367,22.807404275648658,0.4331430113227755,0.3125
gamma,systematic,5,60.0,120.0,9.260018123313785e-05,0.0002047000452876091,6.027965145166706,0.0,0.0,0.0,0.0,0.0426238162134408,15.827813112113128,0.3579290342790014,0.625
gamma,systematic,5,90.0,180.0,0.00011490011820569634,0.000254100130405277,5.720702241665468,0.0,0.0,0.0,0.0,0.0426238162134408,11.78173233805216,0.24714180745367806,0.9375
gamma,systematic,5,120.0,240.0,0.00015380018157884479,0.000333100208081305,5.488937531610012,0.0,0.0,0.0,0.0,0.004802935415663123,4.594759423548684,0.18648875320363756,1.0
gamma,systematic,6,15.0,30.0,2.8599926736205816e-05,6.079993909224868e-05,6.071058744801642,0.48532440102963503,0.4454287497871857,0.47307598327468203,0.485892249891537,0.5490710457779766,21.231520607468866,0.44736466199510155,0.15625
gamma,systematic,6,30.0,60.0,5.5299955420196056e-05,0.00011000002268701792,5.94836465936017,0.0,0.13176134536443251,0.1831225921959173,0.2573183267355429,0.2798957019901914,18.045359303465244,0.4163771867771501,0.3125
gamma,systematic,6,60.0,120.0,9.609985863789916e-05,0.0002033001510426402,5.640018169688123,0.0,0.0,0.007150050582440337,0.04887009463733771,0.05524053743918944,11.635138610200789,0.3353608334245955,0.625
gamma,systematic,6,90.0,180.0,0.00013329967623576522,0.0002932001370936632,5.470479124060617,0.0,0.0,0.007150050582440337,2.220446049250313e-16,2.220446049250313e-16,7.347950249454872,0.2359408034560114,0.9375
gamma,systematic,6,120.0,240.0,0.00016849953681230545,0.00041080027585849166,5.397440185212908,0.0,0.0,0.007150050582440337,2.220446049250313e-16,2.220446049250313e-16,5.30671636490238,0.2056713098938629,1.0
gamma,systematic,7,15.0,30.0,2.6900030206888914e-05,6.609992124140263e-05,6.072093041391315,0.7622555166875674,0.7356737771579052,0.7766652395943962,0.8077288943345118,0.7913026475310463,19.503552669087675,0.4346825115446456,0.15625
gamma,systematic,7,30.0,60.0,5.260016769170761e-05,0.00013079959899187088,5.960218803443488,0.0,0.133010766041593,0.25375150493049514,0.3131677530632595,0.3169515711523968,15.443566038790568,0.39488282249776263,0.3125
gamma,systematic,7,60.0,120.0,9.960023453459144e-05,0.00024189968826249242,5.717892256453489,0.0,0.07482096400811356,0.09880173235535517,0.0807520862178358,0.11998738490776228,11.852223651456347,0.33336052130679467,0.625
gamma,systematic,7,90.0,180.0,0.00014189997455105186,0.00033259979682043195,5.513673150109639,0.0,0.07482096400811356,0.11568864909869747,0.10236202814823359,0.08674825518529439,8.650113317566843,0.2320076547460721,0.9375
gamma,systematic,7,120.0,240.0,0.00018770009046420455,0.00044929946307092905,5.40026289306022,0.0,0.0,0.0,0.02160994193039778,0.022645892722566452,4.741561038371088,0.20029295922359241,1.0
gamma,systematic,8,15.0,30.0,2.9199989512562752e-05,6.660021608695388e-05,6.271580728723474,0.5521143211916174,0.4249995173465644,0.4093307132347247,0.3293115767790773,0.3491873361236423,21.92162624056085,0.4554551392847513,0.15625
gamma,systematic,8,30.0,60.0,5.6800025049597025e-05,0.00011630012886598706,6.162901292367198,0.0,0.11453494732642167,0.10758344304189571,0.08260572443212255,0.12615181668648134,16.64664115477292,0.4232398140075629,0.3125
gamma,systematic,8,60.0,120.0,9.680003859102726e-05,0.0002153000677935779,5.871944563373076,0.0,0.0,0.004905424765740074,0.03369864667275424,0.03931599433252464,12.359889886673104,0.3697007239604839,0.625
gamma,systematic,8,90.0,180.0,0.0001376999425701797,0.0003143001813441515,5.676018648636538,0.0,0.0,0.004905424765740074,0.03369864667275424,0.03931599433252464,8.998679735379369,0.25803948668482096,0.9375
gamma,systematic,8,120.0,240.0,0.0001751999370753765,0.00041140004759654403,5.49337472426368,0.0,0.0,0.004905424765740074,0.017249616936936385,0.014428936696904149,5.943729739263504,0.20138854260896555,1.0
gamma,systematic,9,15.0,30.0,1.6600126400589943e-05,2.930016489699483e-05,6.245130922757231,0.4879094889226234,0.6935619677534044,0.6744615730153545,0.5926888029500788,0.6146773477174339,25.65412650887074,0.46927718069754454,0.15625
gamma,systematic,9,30.0,60.0,3.2900075893849134e-05,5.430006422102451e-05,6.1078754023757,0.5317932809715531,0.49708572944237206,0.44313827180659904,0.4344890695350483,0.46033054534362916,24.25396691105833,0.44076107608519893,0.3125
gamma,systematic,9,60.0,120.0,7.149990415200591e-05,0.0001463999506086111,5.82970481014609,0.0,0.0,0.023103152564521445,0.09603218267646818,0.12149588223017782,16.95713433739667,0.36914731972798387,0.625
gamma,systematic,9,90.0,180.0,0.00011809979332610965,0.0002413999754935503,5.527681096501454,0.0,0.0,0.003440460633779674,0.01814927154293655,0.0,7.5157853909779835,0.231211921425126,0.9375
gamma,systematic,9,120.0,240.0,0.00015689973952248693,0.00033849995816126466,5.421654287129094,0.0,0.0,0.003440460633779674,0.01814927154293655,0.0,6.085214031087935,0.20470002775561397,1.0
gamma,systematic,10,15.0,30.0,3.0299939680844545e-05,5.6200020480901e-05,6.1771623402812965,0.0,0.16585216860109953,0.3000194447330079,0.4331741087728269,0.5094559325653177,16.942874345365496,0.49278361422241435,0.15625
gamma,systematic,10,30.0,60.0,6.039993604645133e-05,0.00011379999341443181,6.069189876878258,0.0,0.0073704802629662725,0.12149495369223506,0.18318895155842796,0.25599270809292396,15.75390474133275,0.4531829021175804,0.3125
gamma,systematic,10,60.0,120.0,0.00010149984154850245,0.00019770010840147734,5.815543834958423,0.0,0.0073704802629662725,0.031894955823164706,0.09790443049100961,0.12707578852462897,11.757362804081199,0.34484991333390685,0.625
gamma,systematic,10,90.0,180.0,0.00014859967632219195,0.00030230014817789197,5.543666008854707,0.0,0.0073704802629662725,0.0,0.0,0.060462542159258725,6.804324718764219,0.25009346330888477,0.9375
gamma,systematic,10,120.0,240.0,0.00019129965221509337,0.0004043001099489629,5.43877028374268,0.0,0.0073704802629662725,0.0,0.0,0.0,5.071996174529965,0.21986636812712615,1.0
gamma,systematic,11,15.0,30.0,2.130010398104787e-05,4.020001506432891e-05,6.188396785089541,0.39022030107427186,0.4146669495512282,0.4549580845929124,0.466250473929957,0.5044497066722902,22.64572838864667,0.4978390928733645,0.15625
gamma,systematic,11,30.0,60.0,5.1300099585205317e-05,9.019987192004919e-05,6.0099417998500515,0.1473096846716344,0.22392465431199093,0.2601945467631991,0.23837213932415413,0.23108775814449345,18.19754842229624,0.4491629699016652,0.3125
gamma,systematic,11,60.0,120.0,7.410015678033233e-05,0.00013969989959150553,5.81861831033824,0.1473096846716344,0.22392465431199093,0.10034717811931071,0.09619817283771082,0.10301294273739336,14.5239653179715,0.36447409767368677,0.625
gamma,systematic,11,90.0,180.0,0.00011270027607679367,0.00023619970306754112,5.603586919613755,0.1155566629196555,0.07817145879263643,0.1425653075913459,0.0,0.017079492834485732,8.519540333997984,0.26808295060116966,0.9375
gamma,systematic,11,120.0,240.0,0.0001513002789579332,0.00033279985655099154,5.464677927369813,0.1155566629196555,0.07817145879263643,0.0,0.020191233983764212,0.017079492834485732,6.887960917738587,0.23047424079093373,1.0
gamma,systematic,12,15.0,30.0,1.4899997040629387e-05,2.6400084607303143e-05,6.071224186846412,0.5067186886533177,0.5667040649003194,0.4974484430947741,0.5376139887510254,0.572116252841167,20.034293801392348,0.45927861567799516,0.15625
gamma,systematic,12,30.0,60.0,3.0300056096166372e-05,5.180004518479109e-05,5.972857894843638,0.5067186886533177,0.5667040649003194,0.4974484430947741,0.48451812968324093,0.3990271957427016,19.585385008279427,0.42676707428263133,0.3125
gamma,systematic,12,60.0,120.0,6.779999239370227e-05,0.0001422999193891883,5.805189340233667,0.4261385944248135,0.4176086160768756,0.4315496532656484,0.35024407111353073,0.32564680616245456,17.067763933955895,0.3631803232602335,0.625
gamma,systematic,12,90.0,180.0,0.00010739994468167424,0.00023580010747537017,5.603551092276476,0.16765366662304237,0.23256443755338174,0.2105880886552146,0.18807251873296382,0.22019628824327708,12.66753994575403,0.2552706944913756,0.9375
gamma,systematic,12,120.0,240.0,0.00014690007083117962,0.0003357001696713269,5.466051161279961,0.0,0.0,0.0,0.02202360151114413,0.01880360214586041,6.672005925409701,0.21916579425904537,1.0
gamma,systematic,13,15.0,30.0,2.7599919121712446e-05,4.660012200474739e-05,6.18108045997812,0.0,0.24675409159288297,0.33527897199028833,0.38373135699277816,0.4014552423879074,20.095814446543564,0.44243142697120397,0.15625
gamma,systematic,13,30.0,60.0,5.4200063459575176e-05,9.490008233115077e-05,6.0412086227109425,0.0,0.2732020604176505,0.3189445135311185,0.3191763206539835,0.34730452704622394,18.875338468205356,0.3987781633572156,0.3125
gamma,systematic,13,60.0,120.0,9.329995373263955e-05,0.00018430018099024892,5.8005473379156145,0.0,0.13987883943566837,0.12473547699413745,0.1300113666371976,0.1207796606360626,15.569890093250306,0.3194315639180518,0.625
gamma,systematic,13,90.0,180.0,0.00012299988884478807,0.0002570002689026296,5.659741283998898,0.0,0.13987883943566837,0.11074080653757323,0.1221597758820624,0.11195494623500579,13.406808900520147,0.26625346348289997,0.9375
gamma,systematic,13,120.0,240.0,0.00016239983960986137,0.00035640038549900055,5.500369937775059,0.0,0.0,0.0,0.0,0.02742664798254868,4.972473447954512,0.22534051273563246,1.0
gamma,systematic,14,15.0,30.0,1.5899946447461843e-05,2.7400150429457426e-05,6.0907009614039795,0.008572176416699384,0.4209887293398613,0.5891774600017381,0.6383068268285127,0.5685228154770372,25.32022093505176,0.46151951195160174,0.15625
gamma,systematic,14,30.0,60.0,4.419992910698056e-05,7.620023097842932e-05,5.907595627314435,0.008572176416699384,0.09919330989386532,0.16149352593007427,0.21904017179102364,0.32176711067184793,19.761045898359743,0.4115444106408677,0.3125
gamma,systematic,14,60.0,120.0,8.279999019578099e-05,0.00016970018623396754,5.686312228944613,0.008572176416699384,0.0,0.010582521459538308,0.02449796539517657,0.05915327038892282,13.092566169549707,0.35098532982256975,0.625
gamma,systematic,14,90.0,180.0,0.00010780006414279342,0.00022760004503652453,5.539330760299092,0.008572176416699384,0.0,0.0,0.0,0.0,6.800193782802151,0.2548060166743575,0.9375
gamma,systematic,14,120.0,240.0,0.00014730007387697697,0.0003268999862484634,5.4741378225132,0.008572176416699384,0.09919330989386532,0.010582521459538308,0.0,0.0,5.455800119323471,0.227563097330539,1.0
gamma,systematic,15,15.0,30.0,2.850010059773922e-05,5.339994095265865e-05,6.167255876520559,0.0,0.06013383535292094,0.16854683858485087,0.2178669964984682,0.3256101333420166,17.858392005473913,0.4711567736646296,0.15625
gamma,systematic,15,30.0,60.0,5.7800032664090395e-05,0.00010539998766034842,6.003832174849727,0.0,0.06013383535292094,0.16854683858485087,0.2178669964984682,0.2557937838849905,16.36154892659245,0.4259263391254993,0.3125
gamma,systematic,15,60.0,120.0,0.00010570010636001825,0.0002169000799767673,5.8202469925581255,0.0,0.0,0.036099642841438295,0.02887415588069786,0.05223864801940703,11.712392676207088,0.34927441376583207,0.625
gamma,systematic,15,90.0,180.0,0.00014509999891743064,0.00030170014360919595,5.595446642504829,0.0,0.0,0.036099642841438295,0.02887415588069786,0.02405870956187628,6.967906539065133,0.24541636621483898,0.9375
gamma,systematic,15,120.0,240.0,0.00019399996381253004,0.00042240030597895384,5.475110496605557,0.0,0.0,0.006847574888479646,0.02887415588069797,0.02405870956187628,5.614467484964735,0.22396842697410166,1.0
gamma,systematic,16,15.0,30.0,2.74000340141356e-05,4.899996565654874e-05,6.1302040811352265,0.49778502922344525,0.640358716497118,0.6759558095406693,0.6661521549812344,0.6752753249083081,26.53784443839414,0.4914780791358998,0.15625
gamma,systematic,16,30.0,60.0,5.4999953135848045e-05,9.629997657611966e-05,6.054511030154863,0.01577368333485396,0.0371672702978304,0.17103205117566456,0.15478937929997905,0.23634226498963473,21.321914227847795,0.4538471243591166,0.3125
gamma,systematic,16,60.0,120.0,9.049999061971903e-05,0.00018509995425119996,5.8302635852718225,0.01577368333485396,0.0,0.0,0.0,0.037968426088343166,11.30234295771302,0.36789460644021044,0.625
gamma,systematic,16,90.0,180.0,0.00013090018182992935,0.00028249999741092324,5.610087278178933,0.01577368333485396,0.0,0.0,0.0,0.037968426088343166,8.183431362089422,0.2842963887392142,0.9375
gamma,systematic,16,120.0,240.0,0.000155000074300915,0.0003434000536799431,5.5020670613781535,0.01577368333485396,0.0,0.0,0.0,0.037968426088343166,6.217952467420562,0.2371264892113117,1.0
gamma,systematic,17,15.0,30.0,2.3000116925686598e-05,4.0999846532940865e-05,6.200680227206824,0.5887105745321294,0.6429432229638354,0.6783039848335704,0.7357590130781801,0.7676943767934219,29.064557260439237,0.4859296254494641,0.15625
gamma,systematic,17,30.0,60.0,5.070015322417021e-05,9.019975550472736e-05,6.082512436271755,0.5887105745321294,0.6429432229638354,0.6783039848335704,0.48276580729267726,0.5371652480046297,28.409091104544814,0.4517107817338646,0.3125
gamma,systematic,17,60.0,120.0,8.77000275067985e-05,0.00017899961676448584,5.84389144942705,0.0,0.24614960956244825,0.34410897225564185,0.37443121630381504,0.3843209712811362,24.56252940186502,0.3746736315540537,0.625
gamma,systematic,17,90.0,180.0,0.0001243000733666122,0.00026599940611049533,5.637610188266461,0.008572176416699384,0.004286088208349748,0.09324619927813627,0.09289546798440218,0.12684502423380195,18.491750591021187,0.27755140185821536,0.9375
gamma,systematic,17,120.0,240.0,0.00016440008766949177,0.00036819931119680405,5.479426616189841,0.008572176416699384,0.004286088208349748,0.0,0.021456321982812554,0.001748209592245198,6.948069036564166,0.21256041036915588,1.0
gamma,systematic,18,15.0,30.0,3.139988984912634e-05,5.8699981309473515e-05,6.006921600388601,0.0,0.23259649156325723,0.3883957733390989,0.4896812607559079,0.554271965533575,17.212523335302297,0.4590001335908425,0.15625
gamma,systematic,18,30.0,60.0,6.370013579726219e-05,0.0001174996723420918,5.880164130496708,0.0,0.2454870829790825,0.31885988720317227,0.4372423206788112,0.48217836705953065,16.264349796142785,0.42364851729422737,0.3125
gamma,systematic,18,60.0,120.0,0.00011070008622482419,0.00023009965661913157,5.674330163385615,0.0,0.133010766041593,0.18210247398588664,0.18076838991649413,0.1883209778135443,13.54026253666779,0.36677427812370567,0.625
gamma,systematic,18,90.0,180.0,0.00015890027862042189,0.00033189967507496476,5.408776004930925,0.0,0.0,0.04672419979575115,0.056544730562754664,0.06373767419118248,8.802478598490517,0.23732658776036528,0.9375
gamma,systematic,18,120.0,240.0,0.00020060018869116902,0.0004253997467458248,5.317619290140417,0.0,0.0,0.0,0.0,0.004208824413250656,6.08620644000264,0.19321661106333196,1.0
gamma,systematic,19,15.0,30.0,2.720009069889784e-05,5.1900045946240425e-05,6.091639941704041,0.4073605041961753,0.5278592385548861,0.6354964585420368,0.6487492903515464,0.6657339624173363,20.347619674315634,0.45886875011042616,0.15625
gamma,systematic,19,30.0,60.0,4.540005465969443e-05,8.040014654397964e-05,6.0076378585736565,0.4073605041961753,0.4589187687713755,0.49318867136176225,0.545438444808464,0.5500384109204361,19.526016855877177,0.42548258005504974,0.3125
gamma,systematic,19,60.0,120.0,6.850011413916945e-05,0.00012960011372342706,5.7761065397331,0.4073605041961753,0.3577934410860921,0.30676375681485235,0.3070398753296102,0.2900858548885912,16.774551040107152,0.35413295607523265,0.625
gamma,systematic,19,90.0,180.0,0.00010610016761347651,0.00022070034174248576,5.540853067368867,0.0,0.15592125136716373,0.047393366121813885,0.008212604983236726,0.006888892830802962,7.818180251488453,0.24174120734074445,0.9375
gamma,systematic,19,120.0,240.0,0.0001444001100026071,0.0003164001973345876,5.4418697040237545,0.0,0.15592125136716373,0.047393366121813885,0.008212604983236726,0.006888892830802962,6.120613275392915,0.207596846250441,1.0
gamma,systematic,20,15.0,30.0,2.6699912268668413e-05,4.9099966417998075e-05,6.2233074061098135,0.0,0.24213601112086625,0.3530434736672504,0.3841339506055559,0.4584080771243102,18.637208936990955,0.4255814699558675,0.15625
gamma,systematic,20,30.0,60.0,5.4899894166737795e-05,9.690009756013751e-05,6.112752160346517,0.0,0.0,0.15435647931705754,0.2090116677960807,0.24191709362294433,16.819179290557358,0.3949101089961783,0.3125
gamma,systematic,20,60.0,120.0,7.84999574534595e-05,0.0001468001282773912,5.934216733867612,0.0,0.0,0.030805315414543677,0.024620801905015255,0.08831666405768512,14.275509267396838,0.3478957228825306,0.625
gamma,systematic,20,90.0,180.0,0.00011760002234950662,0.00024090002989396453,5.661543561851549,0.0,0.0,0.05938847904235911,0.0874521054598193,0.07302644660966395,8.861107634455934,0.2530219475501256,0.9375
gamma,systematic,20,120.0,240.0,0.00015560007886961102,0.0003399999113753438,5.485948153080739,0.0,0.0,0.05938847904235911,0.0874521054598193,0.07302644660966395,4.75991922930927,0.1973415390015584,1.0
gamma,systematic,21,15.0,30.0,2.829998265951872e-05,4.7499954234808683e-05,6.151036641466391,0.3933787546205233,0.6401689291196265,0.6272455738775677,0.6775259568909058,0.6446140654548143,16.079637945215243,0.4828303397505371,0.15625
gamma,systematic,21,30.0,60.0,5.490001058205962e-05,9.489990770816803e-05,6.0222238969131645,0.1935688018472591,0.21776570014002916,0.3223241243220165,0.2675318622061873,0.24673988702792282,13.899975727056443,0.4372163386276802,0.3125
gamma,systematic,21,60.0,120.0,9.220000356435776e-05,0.00018829986220225692,5.808406009037424,0.1935688018472591,0.10715536913069423,0.15856141292607406,0.1356948934100839,0.11419789209133868,11.21363475466489,0.3721309848490154,0.625
gamma,systematic,21,90.0,180.0,0.0001311001251451671,0.00028009997913613915,5.567042752170553,0.0,0.0,0.07481039736000106,0.0067078174721796335,0.0,6.385182489904364,0.25298277528641344,0.9375
gamma,systematic,21,120.0,240.0,0.0001538002397865057,0.00033210008405148983,5.444135877099501,0.0,0.0,0.07481039736000106,0.0067078174721796335,0.0,5.082438366270871,0.22045858331302434,1.0
gamma,systematic,22,15.0,30.0,2.6400084607303143e-05,4.859990440309048e-05,6.209542841882292,0.0,0.00988403987666231,0.08859779380568511,0.1491168398101833,0.2918503293407275,21.139655263914904,0.44764651605423283,0.15625
gamma,systematic,22,30.0,60.0,4.270015051588416e-05,7.399998139590025e-05,6.076577629514893,0.0,0.00988403987666231,0.08859779380568511,0.1491168398101833,0.20395940428860426,20.29879449274969,0.4083546047060699,0.3125
gamma,systematic,22,60.0,120.0,6.769999163225293e-05,0.00013109995052218437,5.885789148119843,0.0,0.00988403987666231,0.027537653797199857,0.07915249454918549,0.10586749838917064,15.080220862465273,0.3347477506910585,0.625
gamma,systematic,22,90.0,180.0,9.31000686250627e-05,0.00018949992954730988,5.607345875842291,0.0,0.00988403987666231,0.027537653797199857,0.0882199136419991,0.1114513782789871,11.426739065493733,0.22993047721635426,0.9375
gamma,systematic,22,120.0,240.0,0.00013140012742951512,0.00028659997042268515,5.4690997977351685,0.0,0.00988403987666231,0.006927503182010963,0.06320277029626775,0.08126092057837908,7.195239795225565,0.1954930790469605,1.0
gamma,systematic,23,15.0,30.0,1.639995025470853e-05,3.029999788850546e-05,6.115651800370628,0.5510862452558566,0.7278749742566102,0.5458647220400521,0.6172595511405865,0.6289498230651749,20.196259593507232,0.4939476795162461,0.15625
gamma,systematic,23,30.0,60.0,3.5499921068549156e-05,6.330007454380393e-05,5.974695107876414,0.4261385944248135,0.40204014384614173,0.35595244884187316,0.38836204520527895,0.46230952556162774,18.206729121816732,0.45453829961296965,0.3125
gamma,systematic,23,60.0,120.0,8.219957817345858e-05,0.00016789999790489674,5.723165539231929,0.0,0.08552825436053413,0.11858658150608758,0.13620566101933318,0.13379348652622913,13.229875968488841,0.366132976206149,0.625
gamma,systematic,23,90.0,180.0,0.0001178995007649064,0.00023149984190240502,5.4438737452925885,0.0,0.0,0.0,0.022168872567189357,2.220446049250313e-16,6.635607456986758,0.2569445599318492,0.9375
gamma,systematic,23,120.0,240.0,0.00016499962657690048,0.00034909992245957255,5.287340062629029,0.0,0.0,0.0,0.022168872567189357,2.220446049250313e-16,4.664306466025,0.21044969337556202,1.0
gamma,systematic,24,15.0,30.0,1.5700061339884996e-05,2.5200017262250185e-05,6.26796920179902,0.0,0.0,0.08728133315883613,0.2501819479919307,0.26926395524997093,23.159425845378134,0.4591887073140577,0.15625
gamma,systematic,24,30.0,60.0,3.3500080462545156e-05,5.430012242868543e-05,6.112661524105865,0.0,0.0,0.0,0.05149335716875092,0.10191865749912599,20.148921137254227,0.4269600057030784,0.3125
gamma,systematic,24,60.0,120.0,6.999995093792677e-05,0.00014649983495473862,5.88864223011394,0.0,0.0,0.0,0.12417486931568189,0.1650428854445869,17.234513154100092,0.3390706882715642,0.625
gamma,systematic,24,90.0,180.0,0.0001100997906178236,0.00024129997473210096,5.688690894353805,0.0,0.0,0.0,0.0,0.035111292390164306,10.863005314428275,0.25878161995383425,0.9375
gamma,systematic,24,120.0,240.0,0.00014909985475242138,0.00034190004225820303,5.528068565845683,0.0,0.0,0.0,0.0,0.0,6.9952034284252,0.2106200435317023,1.0
gamma,systematic,25,15.0,30.0,2.4500011932104826e-05,4.420004552230239e-05,6.2110074577896155,0.865433734676962,0.9065785675385316,0.7204034247723218,0.7689842781882641,0.7970386017942069,24.90097267208434,0.4980546601871833,0.15625
gamma,systematic,25,30.0,60.0,8.260010508820415e-05,0.00013059965567663312,6.077906811760845,0.4524767700562753,0.4478574383301144,0.47626185591942116,0.4806810576190319,0.4832891945480512,23.19593243240814,0.46503877933346344,0.3125
gamma,systematic,25,60.0,120.0,0.00012020021677017212,0.00022389960940927267,5.743111528799102,0.27893927496401005,0.2565360109278235,0.18286807710829056,0.1955303005201947,0.2035365566201245,17.10516901233698,0.3666007633001796,0.625
gamma,systematic,25,90.0,180.0,0.000141800323035568,0.00027139956364408135,5.456388114252474,0.0,0.0,0.0066505582438283195,0.029448991087107745,0.0,6.924546298746234,0.23059928861147938,0.9375
gamma,systematic,25,120.0,240.0,0.00017790042329579592,0.00036299944622442126,5.358956466834748,0.0,0.0,0.0066505582438283195,0.029448991087107745,0.0,5.501161526872619,0.20381060718271135,1.0
gamma,systematic,26,15.0,30.0,3.0499999411404133e-05,5.6500022765249014e-05,6.2111841716479885,0.48469441172621386,0.6380975980922339,0.6932019658716293,0.7423965612066602,0.6208080993080993,23.17848181673591,0.4592409247337931,0.15625
gamma,systematic,26,30.0,60.0,4.710006760433316e-05,8.540000999346375e-05,6.082516567291473,0.34170374732801123,0.38434634816147206,0.3832850473511977,0.4559835750406811,0.48776163342830003,21.641787166114376,0.425722317435521,0.3125
gamma,systematic,26,60.0,120.0,9.350018808618188e-05,0.00019450014224275947,5.72668557254723,0.12950420974567045,0.1826808427521508,0.19081907282844224,0.2025411313493808,0.2104235517568851,16.04006294362891,0.3334330543511408,0.625
gamma,systematic,26,90.0,180.0,0.00014020007802173495,0.0002944997395388782,5.545032500735523,0.0,0.0,0.06439520798615173,0.05178307502364621,0.07887695021028363,10.348110903982569,0.24432833605423945,0.9375
gamma,systematic,26,120.0,240.0,0.00018800015095621347,0.0004157998482696712,5.4160971306268335,0.0,0.0,0.0,0.0,0.0,5.968262367019202,0.21420184451182334,1.0
gamma,systematic,27,15.0,30.0,1.5099998563528061e-05,2.6199908461421728e-05,6.135343503732618,0.0,0.178771358553107,0.17722617094265047,0.2804625579680611,0.33470917652757437,17.50593242292858,0.4666893713386131,0.15625
gamma,systematic,27,30.0,60.0,4.289986100047827e-05,7.609993917867541e-05,6.027453571104815,0.0,0.178771358553107,0.17722617094265047,0.1467482797383184,0.17212048058277307,16.314106309836752,0.43007856554221924,0.3125
gamma,systematic,27,60.0,120.0,8.089980110526085e-05,0.00016850000247359276,5.7837364564464595,0.0,0.0,0.011648201976892869,0.03297948321651756,0.027943037447893837,12.046612982430846,0.3484999201264692,0.625
gamma,systematic,27,90.0,180.0,0.00012009975034743547,0.00026260007871314883,5.557020657265568,0.0,0.0,0.011648201976892869,0.027582357215005904,0.05299169598037923,9.323739783128351,0.24414119443825594,0.9375
gamma,systematic,27,120.0,240.0,0.0001590995816513896,0.0003731998731382191,5.3993221339579724,0.0,0.0,0.011648201976892869,0.0,0.01378824341963325,5.476549831245983,0.20431434377711746,1.0
gamma,systematic,28,15.0,30.0,2.8200040105730295e-05,4.9700087402015924e-05,6.450060920369036,0.2710323692361384,0.43269132445233527,0.4843782503121282,0.4854170883375941,0.5330137776303108,24.66386048016694,0.4823198953933904,0.15625
gamma,systematic,28,30.0,60.0,4.959991201758385e-05,8.699996396899223e-05,6.2983800036251765,0.2710323692361384,0.376029733176764,0.4290779681678316,0.40221645808876416,0.40458938342997686,23.18349063906991,0.4555693005608785,0.3125
gamma,systematic,28,60.0,120.0,8.889992022886872e-05,0.00018040003487840295,5.968435655808548,0.05890372115342679,0.1396285038458729,0.22396712576557443,0.2792061480399698,0.2672338879145535,18.30797470431107,0.36337653603042,0.625
gamma,systematic,28,90.0,180.0,0.00012710003647953272,0.00026700005400925875,5.669295902666055,0.05890372115342679,0.08637060842889488,0.0,0.0,0.04461600648854758,8.847513290980164,0.26013721886670105,0.9375
gamma,systematic,28,120.0,240.0,0.00016390025848522782,0.000366500171367079,5.50980287855415,0.05890372115342679,0.08637060842889488,0.0,0.0,0.04461600648854758,6.377711243698323,0.19547532222332198,1.0
gamma,systematic,29,15.0,30.0,1.6000005416572094e-05,2.8899754397571087e-05,6.016886460648074,0.0,0.43584546295938076,0.45537412642530606,0.3701004126474027,0.42396628197851627,19.27395825099267,0.4962449128405783,0.15625
gamma,systematic,29,30.0,60.0,4.5699882321059704e-05,7.709971396252513e-05,5.898145763123163,0.0,0.14106772453076122,0.23936099872138428,0.2842124555812384,0.29709230961866595,17.42275136411308,0.46062083658952524,0.3125
gamma,systematic,29,60.0,120.0,8.469965541735291e-05,0.00017199956346303225,5.612851886907344,0.0,0.09498754549539767,0.0,0.0,0.0,11.429844922365643,0.3680067869278835,0.625
gamma,systematic,29,90.0,180.0,0.00012249971041455865,0.0002622995525598526,5.415251936422943,0.0,0.09498754549539767,0.0,0.039859710559609685,0.017764750720433375,7.0966450510928825,0.2505007260675077,0.9375
gamma,systematic,29,120.0,240.0,0.00017409981228411198,0.00036909966729581356,5.299387262591254,0.0,0.09498754549539767,0.0,0.039859710559609685,0.017764750720433375,5.750714239597998,0.20376858283918542,1.0
gamma,systematic,30,15.0,30.0,2.6500027161091566e-05,4.64998884126544e-05,6.128065365767678,0.7740987639220163,0.8266316527066399,0.6090785225593991,0.6648713870801147,0.6972993866369097,19.543698130378395,0.49803956830887103,0.15625
gamma,systematic,30,30.0,60.0,4.1599967516958714e-05,7.179996464401484e-05,6.021222626237129,0.4405805964976658,0.6177052622901387,0.5312719087502649,0.5925450254456743,0.6390339356301871,18.247088194676966,0.45902855943854604,0.3125
gamma,systematic,30,60.0,120.0,7.790001109242439e-05,0.0001591000473126769,5.773601546500482,0.4405805964976658,0.3889604064569734,0.35363843900523995,0.31380015235291536,0.3998739578258955,15.674676349910717,0.37031864384235763,0.625
gamma,systematic,30,90.0,180.0,0.00010739994468167424,0.00023289991077035666,5.466887953341572,0.0,0.004325330452383036,0.0771565243439083,0.06352811237685796,0.07091786300586511,6.438274537253585,0.24231722827528157,0.9375
gamma,systematic,30,120.0,240.0,0.00014609983190894127,0.00033449986949563026,5.377924227427539,0.0,0.004325330452383036,0.0771565243439083,0.06352811237685796,0.07091786300586511,4.9716417558296415,0.20922799219244093,1.0
gamma,systematic,31,15.0,30.0,2.989999484270811e-05,5.1500159315764904e-05,6.453911703835953,0.4261385944248135,0.5226343147172605,0.6666735169719131,0.447251250226419,0.5157853701395877,29.05987772626166,0.5447599315521469,0.15625
gamma,systematic,31,30.0,60.0,5.9599929954856634e-05,0.00010590022429823875,6.270669186760869,0.0,0.0,0.1082215599597337,0.19098702914701082,0.29907041438322224,24.156823334261237,0.5007061335181643,0.3125
gamma,systematic,31,60.0,120.0,0.00010699999984353781,0.00021140032913535833,5.9604903357688075,0.0,0.0,0.12659821666593718,0.14274884427888512,0.16732971284655784,20.533964742080265,0.399118063812077,0.625
gamma,systematic,31,90.0,180.0,0.00013179989764466882,0.0002675004070624709,5.653562943943271,0.0,0.0,0.07741707019142385,0.1183601754648479,0.13314687739533526,13.777260141288686,0.27273579401591586,0.9375
gamma,systematic,31,120.0,240.0,0.00018639990594238043,0.0003718003863468766,5.427634187864893,0.0,0.0,0.07741707019142385,0.018129267505138658,0.06223452515656036,6.780287881654616,0.21123638205271145,1.0
gamma,systematic,32,15.0,30.0,2.6300025638192892e-05,4.810007521882653e-05,6.300180603340899,0.6488735617010979,0.6914225410136741,0.6629455610881709,0.6916584499811393,0.7219241898004787,26.775109134376383,0.4729655241501724,0.15625
gamma,systematic,32,30.0,60.0,4.260009154677391e-05,7.609999738633633e-05,6.178321670172607,0.0,0.29912639604507973,0.39912443830459077,0.439408049099126,0.44415977565611175,24.230557327969205,0.44929725518088576,0.3125
gamma,systematic,32,60.0,120.0,6.750022293999791e-05,0.00013160007074475288,5.901903065309283,0.0,0.0,0.1979604384260384,0.21373004510559845,0.24674954046166875,19.715202494939554,0.368574177217738,0.625
gamma,systematic,32,90.0,180.0,0.0001054003369063139,0.0002226001233793795,5.5648330148924705,0.050766726068686485,0.0,0.0,0.0,0.03362532390639783,9.478170988202152,0.24644698552465127,0.9375
gamma,systematic,32,120.0,240.0,0.00013530021533370018,0.00030580011662095785,5.442397007134164,0.050766726068686485,0.0,0.0,0.0,0.0,6.032746426566639,0.20862239723041837,1.0
gamma,systematic,33,15.0,30.0,2.71000899374485e-05,5.050003528594971e-05,6.006684227638363,0.3005006315838269,0.2586995961458336,0.41047295868250244,0.471515210891326,0.47672507323852464,18.859682118169022,0.47873697417353117,0.15625
gamma,systematic,33,30.0,60.0,4.2400090023875237e-05,7.630011532455683e-05,5.867108836266972,0.3005006315838269,0.2586995961458336,0.25020750398323044,0.31030990766262656,0.3780008054263626,17.76673570006187,0.43796460187302766,0.3125
gamma,systematic,33,60.0,120.0,8.140015415847301e-05,0.0001691000652499497,5.628114161890178,0.0,0.037760856656376185,0.06343558916561298,0.07371691369724409,0.014734248781990034,12.269820529263875,0.3497977447195068,0.625
gamma,systematic,33,90.0,180.0,0.00011950009502470493,0.0002598999999463558,5.389131340287648,0.0,0.037760856656376185,0.06343558916561298,0.07371691369724409,0.014734248781990034,8.692147218677393,0.251884946701811,0.9375
gamma,systematic,33,120.0,240.0,0.0001852000132203102,0.0003738999366760254,5.255165131317828,0.0,0.037760856656376185,0.06343558916561298,0.07371691369724409,0.014734248781990034,5.060230266266408,0.19259724730387878,1.0
gamma,systematic,34,15.0,30.0,3.080005990341306e-05,5.7299970649182796e-05,6.230481510132989,0.4028809493458182,0.46319333622367553,0.47644937847905244,0.5225689493559862,0.585954710408638,24.052494553557867,0.4459718911883568,0.15625
gamma,systematic,34,30.0,60.0,6.390019552782178e-05,0.00011680001625791192,6.064499105006283,0.23380769721060135,0.27654425759714163,0.3579462604109991,0.42348536635268264,0.45466354588846414,22.420128717808222,0.40841094838589875,0.3125
gamma,systematic,34,60.0,120.0,0.00011900020763278008,0.0002239999594166875,5.894764078779706,0.23380769721060135,0.12407255374037962,0.1882099359645084,0.26394728619712327,0.31607290158311807,20.090514598370536,0.35780588119089973,0.625
gamma,systematic,34,90.0,180.0,0.00016510015120729804,0.00032539997482672334,5.629404881744878,0.1155566629196555,0.12407255374037962,0.08444104967982258,0.06399851546156299,0.11484310555738575,13.913779962858314,0.24331225596915268,0.9375
gamma,systematic,34,120.0,240.0,0.00020540005061775446,0.0004398001474328339,5.535674094216563,0.0,0.0,0.04270706901602983,0.03236801327202743,0.026059264139909,6.062859128387222,0.21186166937538078,1.0
gamma,systematic,35,15.0,30.0,1.7700018361210823e-05,3.539992030709982e-05,6.413150179198155,0.7325285040066084,0.6916288625417817,0.6813256215416391,0.6489934260190282,0.6487091119193419,29.319930291958727,0.47139757955121,0.15625
gamma,systematic,35,30.0,60.0,4.6600180212408304e-05,8.41999426484108e-05,6.298800450680406,0.5240480687779187,0.5326888480744771,0.5672399774965705,0.559205101482584,0.5688150322451879,28.407648694820963,0.44378228613729875,0.3125
gamma,systematic,35,60.0,120.0,8.690037066116929e-05,0.0001909997663460672,6.005529771072712,0.0,0.09318503897836095,0.18628215601350206,0.2011702358503541,0.22045525908655783,20.39424957028835,0.3733897307251863,0.625
gamma,systematic,35,90.0,180.0,0.00011480040848255157,0.00025659980019554496,5.681762029997432,0.04340185519385875,0.0,0.0,0.0,0.0,8.683484440927415,0.2398139422254221,0.9375
gamma,systematic,35,120.0,240.0,0.00015220028581097722,0.0003522997722029686,5.574709943370858,0.04340185519385875,0.0,0.0,0.0,0.0,6.929498359081071,0.20810313989027265,1.0
gamma,systematic,36,15.0,30.0,2.500019036233425e-05,4.419975448399782e-05,6.105108788256409,0.5851544452511386,0.6773087836484268,0.762596585479027,0.5506315733966567,0.5286704749441458,23.20243351917445,0.4812529148833687,0.15625
gamma,systematic,36,30.0,60.0,4.290026845410466e-05,7.549987640231848e-05,5.964734944381777,0.1604569555364882,0.3513704548648382,0.37771791995606796,0.3945364793214954,0.4426182696874601,21.003404844750698,0.43796534449013413,0.3125
gamma,systematic,36,60.0,120.0,8.360028732568026e-05,0.000168600061442703,5.716458423531567,0.1604569555364882,0.21764025223425854,0.306204756320014,0.3172415846064084,0.32738745564303784,18.592774779107003,0.35805131447955274,0.625
gamma,systematic,36,90.0,180.0,0.00012240029172971845,0.0002603001776151359,5.364641707994033,0.1604569555364882,0.1388723609736554,0.1549326652717974,0.14935335552603335,0.113014293237366,11.4070780749997,0.2428074309023739,0.9375
gamma,systematic,36,120.0,240.0,0.00016320013673976064,0.0003741001710295677,5.290681593628373,0.0,0.0,0.0,0.015380663773790992,0.02154101790349594,4.46425760425288,0.2021573023887605,1.0
gamma,systematic,37,15.0,30.0,2.6400084607303143e-05,8.730002446100116e-05,6.152415918033345,0.4706555642804171,0.511281323108103,0.5594873913902279,0.6212602393300226,0.6408671745882193,21.71823754094688,0.47512829111183147,0.15625
gamma,systematic,37,30.0,60.0,5.420012166723609e-05,0.00013510003918781877,6.02831322976932,0.4706555642804171,0.511281323108103,0.5594873913902279,0.5848822591581302,0.6363670887868054,20.701904407828348,0.4243850816708851,0.3125
gamma,systematic,37,60.0,120.0,8.3099992480129e-05,0.00020720012253150344,5.810079470414052,0.63407767307944,0.48651495627588115,0.5011710670605037,0.4510714874745736,0.4418933066029129,18.711163328001522,0.3529154530557581,0.625
gamma,systematic,37,90.0,180.0,0.00012109987437725067,0.0003043001051992178,5.547335746027617,0.4261385944248135,0.24441407178511998,0.1774241519526487,0.16288588759185618,0.14446111033408404,11.96067693688612,0.2521048983731733,0.9375
gamma,systematic,37,120.0,240.0,0.00015059980796650052,0.0003854001988656819,5.414880991067384,0.0,0.09730336656950189,0.03515471571314077,0.0,0.004005362471690699,5.394701566432345,0.21143036109071328,1.0
gamma,systematic,38,15.0,30.0,2.7099973522126675e-05,4.730012733489275e-05,6.159817089628497,0.16765366662304237,0.28927823583300616,0.31158298070351464,0.38932023979321384,0.41883545500071784,24.514368432689356,0.4718318069441624,0.15625
gamma,systematic,38,30.0,60.0,5.470000905916095e-05,9.690015576779842e-05,6.045956768231925,0.16765366662304237,0.28927823583300616,0.31158298070351464,0.38932023979321384,0.41883545500071784,23.662811947654045,0.4401400391518711,0.3125
gamma,systematic,38,60.0,120.0,9.31000686250627e-05,0.00018910004291683435,5.773366654163916,0.008572176416699384,0.08811292151987093,0.05874194767991392,0.1449497516271293,0.17898424490986353,17.318819457896964,0.36266771268192355,0.625
gamma,systematic,38,90.0,180.0,0.0001327000791206956,0.000281300104688853,5.561496239097771,0.008572176416699384,0.08811292151987093,0.05874194767991392,0.042003431862769225,0.08518284473373938,12.000120438971653,0.2650271296550023,0.9375
gamma,systematic,38,120.0,240.0,0.00016520009376108646,0.00036820018431171775,5.417150977423161,0.008572176416699384,0.08811292151987093,0.05874194767991392,0.042003431862769225,0.0,5.751137339587275,0.21620578442136007,1.0
gamma,systematic,39,15.0,30.0,3.17999511025846e-05,5.839992081746459e-05,6.292620538022369,0.197536317235964,0.2811256024178398,0.38262879661049687,0.39411459326595055,0.33846915820898427,21.63353336739324,0.43509687869763414,0.15625
gamma,systematic,39,30.0,60.0,5.0799804739654064e-05,9.31000686250627e-05,6.146067224343722,0.197536317235964,0.2811256024178398,0.2958307308938012,0.2562756482246661,0.23258432180269883,19.99167296510506,0.4026183795091215,0.3125
gamma,systematic,39,60.0,120.0,9.69998654909432e-05,0.00020259985467419028,5.8829715144587995,0.0,0.0,0.09638384319684745,0.09219040253144883,0.09166643666663532,13.367287578006941,0.3094640964431332,0.625
gamma,systematic,39,90.0,180.0,0.00014459987869486213,0.00031189981382340193,5.625285132814899,0.0,0.03567765767237552,0.0,0.017564575254804926,0.015084615242299315,6.764568882130039,0.21611967434424195,0.9375
gamma,systematic,39,120.0,240.0,0.00019969994900748134,0.0004990999004803598,5.53877402295534,0.0,0.0,0.0,0.012895274016626823,0.015084615242299315,5.626879821357265,0.20040069609129074,1.0
gamma,systematic,40,15.0,30.0,2.5000073947012424e-05,4.449998959898949e-05,6.095181983952519,0.5510862452558566,0.6761901417551115,0.7438119038011295,0.5083402956377818,0.43306138129010474,23.097758405408566,0.4707457209604763,0.15625
gamma,systematic,40,30.0,60.0,5.3000112529844046e-05,9.440007852390409e-05,5.9642452759649105,0.05890372115342679,0.1859110139732446,0.19084918588192878,0.21151926898280982,0.2211146290667566,18.830159926663057,0.443906060212585,0.3125
gamma,systematic,40,60.0,120.0,9.009992936626077e-05,0.00018609990365803242,5.757543217113983,0.05890372115342679,0.1859110139732446,0.19084918588192878,0.21151926898280982,0.2322270066419001,16.650769009717926,0.36515375672564476,0.625
gamma,systematic,40,90.0,180.0,0.00013180001405999064,0.0002842996036633849,5.483856833285754,0.05890372115342679,0.0,0.0,0.05341830152807303,0.07634822132162555,6.795178070399826,0.24336519868358128,0.9375
gamma,systematic,40,120.0,240.0,0.0001737001002766192,0.0004149997839704156,5.3913356946466,0.05890372115342679,0.0,0.0,0.0,0.028665146909827688,4.755522207699338,0.2091019232297968,1.0
gamma,systematic,41,15.0,30.0,2.1599989850074053e-05,3.9000005926936865e-05,6.196509920957825,0.5887105745321294,0.29435528726606464,0.444135040942363,0.5284889179928003,0.5865498119692325,22.655590638328864,0.4882039373854548,0.15625
gamma,systematic,41,30.0,60.0,4.700018325820565e-05,8.529989281669259e-05,6.0662881841501575,0.0,0.29435528726606464,0.42488469401807183,0.4881146901992578,0.5256750275131092,19.332882759948085,0.43931107957125076,0.3125
gamma,systematic,41,60.0,120.0,8.780008647590876e-05,0.0001843998907133937,5.845281411827204,0.0,0.0,0.0807887628309023,0.11770765121041105,0.16904525097252232,14.94027064327646,0.3682592221575944,0.625
gamma,systematic,41,90.0,180.0,0.0001254000817425549,0.00027099979342892766,5.591536880938899,0.0,0.0,0.005938496414233052,0.04366175711400089,0.07682116184770404,8.902713009729696,0.24621923657992476,0.9375
gamma,systematic,41,120.0,240.0,0.00014770007692277431,0.0003257996868342161,5.504118271405304,0.0,0.0,0.005938496414233052,0.004855849019995251,0.03295746797003296,6.493574270935676,0.21204357072169505,1.0
gamma,systematic,42,15.0,30.0,2.999970456585288e-05,5.660013994202018e-05,6.102929222441001,0.12950420974567045,0.2899906170814067,0.39486385342485464,0.5140241767088116,0.34735159184290787,22.23180634671895,0.48002445096104623,0.15625
gamma,systematic,42,30.0,60.0,5.5999786127358675e-05,0.00010210019536316395,5.954273519291058,0.0,0.0,0.02449541006682454,0.11548933931817551,0.1482323359632981,16.82910505291612,0.44901293703857803,0.3125
gamma,systematic,42,60.0,120.0,0.00010319956345483661,0.00021190050756558776,5.76821828768458,0.0,0.0,0.0,0.0,0.003532807340374533,11.37272175350797,0.3548160392069012,0.625
gamma,systematic,42,90.0,180.0,0.0001503995736129582,0.000317900616209954,5.5521428761648295,0.0,0.0,0.0,0.0,0.0,8.361784226532569,0.26742103179415855,0.9375
gamma,systematic,42,120.0,240.0,0.00017559953266754746,0.0003773006610572338,5.432364011509201,0.0,0.0,0.0,0.0,0.015291774848125828,6.547967479263835,0.21974258436578023,1.0
gamma,systematic,43,15.0,30.0,2.709991531446576e-05,4.8000074457377195e-05,6.214114155393831,0.3005006315838269,0.38294626541518906,0.4298535487176113,0.5314700888502704,0.5889771896994896,18.62007454105807,0.46351279606302187,0.15625
gamma,systematic,43,30.0,60.0,5.599984433501959e-05,9.60002071224153e-05,6.100961541181445,0.3005006315838269,0.38294626541518906,0.40797915090216064,0.41731924303296386,0.4629030371682532,17.53327673161663,0.42569295916913213,0.3125
gamma,systematic,43,60.0,120.0,7.869990076869726e-05,0.00014480011304840446,5.865296893079709,0.0,0.037760856656376185,0.0,0.03340754951601044,0.05427597861682165,10.931917303830584,0.36013854397059203,0.625
gamma,systematic,43,90.0,180.0,0.00012049992801621556,0.0002447002334520221,5.622053175015876,0.0,0.037760856656376185,0.0,0.0,0.0,6.31175212926814,0.25823762970614733,0.9375
gamma,systematic,43,120.0,240.0,0.00015999976312741637,0.0003501002211123705,5.501387333956412,0.0,0.037760856656376185,0.0,0.0,0.0,4.996613051483766,0.2279429263504945,1.0
gamma,systematic,44,15.0,30.0,1.8799968529492617e-05,3.390014171600342e-05,6.232720389869922,0.0,0.05777833145982769,0.1793108920597103,0.3075355034491907,0.3954043141813647,17.841770265863627,0.478570430496297,0.15625
gamma,systematic,44,30.0,60.0,4.729983629658818e-05,8.290010737255216e-05,6.09609451281343,0.0,0.05777833145982769,0.1793108920597103,0.2231531905014591,0.24351499007628608,16.530508332134232,0.42849000942438176,0.3125
gamma,systematic,44,60.0,120.0,6.960000609979033e-05,0.0001332001411356032,5.790807132811499,0.0,0.0,0.0,0.0,0.016150402905941497,11.125676449701784,0.3556815735813953,0.625
gamma,systematic,44,90.0,180.0,0.00010719988495111465,0.00022090011043474078,5.538254438900036,0.0,0.0,0.0,0.0,0.016150402905941497,6.455620385210659,0.2502141855027257,0.9375
gamma,systematic,44,120.0,240.0,0.0001309997751377523,0.0002764000091701746,5.428923742812734,0.0,0.0,0.0,0.0,0.016150402905941497,4.86126690877277,0.20971064960612376,1.0
gamma,systematic,45,15.0,30.0,2.629996743053198e-05,4.510005237534642e-05,6.0651276874816995,0.7436782925446059,0.7092310588235293,0.7605037922453898,0.6244166288535409,0.5753681413029716,19.322956635473492,0.4942985615238467,0.15625
gamma,systematic,45,30.0,60.0,5.2900053560733795e-05,9.390013292431831e-05,5.924790768519028,0.6809509008419492,0.5550462745098039,0.5092582022307033,0.48911902038563115,0.47621442965439176,18.13868734578315,0.45589179903930577,0.3125
gamma,systematic,45,60.0,120.0,9.070005035027862e-05,0.000184300122782588,5.688554169503429,0.6277668717009117,0.5492219607843137,0.4971180427313121,0.4029753528121466,0.3889575941894281,16.212971041877342,0.3783011780346165,0.625
gamma,systematic,45,90.0,180.0,0.00013080000644549727,0.0002826001727953553,5.4081907940724605,0.0,0.0,0.03745338193177572,0.05150356837414716,0.04448725907513551,5.67856775172192,0.24198627893803715,0.9375
gamma,systematic,45,120.0,240.0,0.0001702000154182315,0.0003833002410829067,5.3787464299737,0.0,0.0,0.03745338193177572,0.016512800352969093,0.030224532373983926,4.649826705016567,0.22212814800928027,1.0
gamma,systematic,46,15.0,30.0,1.8600025214254856e-05,3.109994577243924e-05,6.280700097222784,0.3421930175119071,0.45042878949678655,0.45294082847529493,0.48090282012332275,0.5510358092017287,19.785621613801553,0.48153206912756163,0.15625
gamma,systematic,46,30.0,60.0,4.55001718364656e-05,7.90998456068337e-05,6.117039258142124,0.48909059938809873,0.415641808450003,0.3743530078755686,0.39113801766470646,0.37363723941403737,18.16777682289235,0.4385685633816001,0.3125
gamma,systematic,46,60.0,120.0,8.329993579536676e-05,0.00016829982632771134,5.859071674429818,0.0,0.24454529969404937,0.18402036062462257,0.18738951561406036,0.23001980604892902,14.670661847960359,0.3460070188236952,0.625
gamma,systematic,46,90.0,180.0,0.00011999974958598614,0.0002674998249858618,5.557429603190815,0.0,0.0,0.014563516028445744,0.014600232954366077,0.013090855196898343,8.004864901400078,0.2524345129588287,0.9375
gamma,systematic,46,120.0,240.0,0.00015909981448203325,0.00037119974149391055,5.451356674749575,0.0,0.0,0.014563516028445744,1.1102230246251565e-16,0.0007915682820274217,5.878954600810594,0.19962532100713476,1.0
gamma,systematic,47,15.0,30.0,1.6199948731809855e-05,2.8699985705316067e-05,6.343288249570663,0.5024536334235363,0.6009870370265862,0.6176377208289805,0.6340145109582107,0.6505957527958977,26.328658158136964,0.49569316502921357,0.15625
gamma,systematic,47,30.0,60.0,4.47999918833375e-05,7.769989315420389e-05,6.234570987256167,0.0,0.19002861222255452,0.2655883228378164,0.2807865726766531,0.305271648123137,23.848541493048955,0.47017673932332227,0.3125
gamma,systematic,47,60.0,120.0,9.070016676560044e-05,0.00018029974307864904,5.947159389699465,0.0,0.0,0.10582671405698896,0.09329633726416575,0.12379288544983857,19.55093952212309,0.3995859900380481,0.625
gamma,systematic,47,90.0,180.0,0.00013880012556910515,0.0002912995987571776,5.574337097594125,0.0,0.0,0.0,0.032499671909859584,0.033437131817980026,11.028593768448454,0.26283120578269725,0.9375
gamma,systematic,47,120.0,240.0,0.00016769993817433715,0.0003573994035832584,5.432063825455555,0.050766726068686485,0.0,0.06535818018049566,0.0,0.026490818797627047,6.723482594111122,0.21331027929623708,1.0
gamma,systematic,48,15.0,30.0,2.9399816412478685e-05,5.340017378330231e-05,6.182622410272008,0.44774272325259057,0.6098301395421153,0.4982520853864376,0.5829905017615735,0.5568949464273376,22.530211359399768,0.5086757170225038,0.15625
gamma,systematic,48,30.0,60.0,5.539972335100174e-05,9.940011659637094e-05,6.093291866598048,0.44774272325259057,0.45364014459517243,0.3870643250457093,0.3920483989329697,0.4084944531090371,21.089735192413972,0.47506098786458184,0.3125
gamma,systematic,48,60.0,120.0,9.27996588870883e-05,0.00019280030392110348,5.8552017313031,0.44774272325259057,0.45364014459517243,0.3870643250457093,0.3162301279532008,0.29725514522461705,18.40537596217004,0.3861374450339762,0.625
gamma,systematic,48,90.0,180.0,0.00012929935473948717,0.00028040027245879173,5.558759153329504,0.1604569555364882,0.1388723609736554,0.17326959220292149,0.18140626793309833,0.15334378964296147,12.340183210162387,0.25798945506482757,0.9375
gamma,systematic,48,120.0,240.0,0.00016949925338849425,0.00038580026011914015,5.381408920233976,0.0,0.0,0.0,0.008399211204512813,0.007099902835698169,5.027074590417615,0.21713923286026748,1.0
gamma,systematic,49,15.0,30.0,2.2899883333593607e-05,4.190002800896764e-05,6.017547688042018,0.1604569555364882,0.3686743349548962,0.4676376547975799,0.5629809417098423,0.5064151229345378,19.163285486928874,0.42296506032041986,0.15625
gamma,systematic,49,30.0,60.0,5.0399801693856716e-05,8.890009485185146e-05,5.93825167614267,0.1604569555364882,0.29746779049845873,0.3599349621157596,0.28491772598809095,0.31032650118446803,18.27115738541005,0.3837067814281364,0.3125
gamma,systematic,49,60.0,120.0,8.969998452812433e-05,0.0001832001144066453,5.686264213790815,0.317696301674257,0.17270392374368748,0.13324042207013276,0.17176182575622856,0.18887718317319713,13.626234957932299,0.3084430085452781,0.625
gamma,systematic,49,90.0,180.0,0.0001268000341951847,0.0002758000628091395,5.475155490689148,0.0,0.08547739429692247,0.0,0.0,0.026607713020320056,6.789513645544232,0.22976776298326285,0.9375
gamma,systematic,49,120.0,240.0,0.00016630010213702917,0.0003776999656111002,5.386773968092413,0.0,0.0,0.0,0.0,0.0,4.718981720264707,0.20451511510633408,1.0
gamma,random,0,15.0,4.0,5.9100042562931776e-05,1.6800069715827703e-05,6.169411362264128,0.535806831566549,0.6759030356831832,0.7334264814829892,0.616587233987217,0.6233998092447118,23.171258004026413,0.49348534437366853,0.020833333333333332
gamma,random,0,30.0,4.0,5.9100042562931776e-05,1.6800069715827703e-05,6.169411362264128,0.535806831566549,0.6759030356831832,0.7334264814829892,0.616587233987217,0.6233998092447118,23.171258004026413,0.49348534437366853,0.020833333333333332
gamma,random,0,60.0,6.0,9.410001803189516e-05,2.3700064048171043e-05,6.1517976450010075,0.535806831566549,0.6759030356831832,0.7334264814829892,0.616587233987217,0.6233998092447118,23.084052611582482,0.49104973747007585,0.03125
gamma,random,0,90.0,9.0,0.00014110002666711807,3.3700140193104744e-05,6.111582066996732,0.7456833747764254,0.6298432996409769,0.6702736642433222,0.6960939448993748,0.5988747008613622,22.933953110668742,0.487577656228332,0.046875
gamma,random,0,120.0,14.0,0.00021050003124400973,4.9700087402015924e-05,6.039683635500933,0.05890372115342679,0.13489490569324047,0.2783177159232454,0.24763182020552454,0.30366600132968613,19.836090551903723,0.4760873233141685,0.07291666666666667
gamma,random,1,15.0,1.0,2.3500004317611456e-05,4.700035788118839e-06,6.127709172920891,0.9347333076207546,0.6541398008031399,0.7344440590085584,0.7679990010724181,0.7386161171583465,17.70080468968827,0.4959016556588489,0.005208333333333333
gamma,random,1,30.0,2.0,4.900002386420965e-05,9.400013368576765e-06,6.1176682749894935,0.9347333076207546,0.6541398008031399,0.7344440590085584,0.7679990010724181,0.7386161171583465,17.69866962157707,0.49347687921097294,0.010416666666666666
gamma,random,1,60.0,4.0,9.440002031624317e-05,2.3100001271814108e-05,6.10258570263592,0.9347333076207546,0.6541398008031399,0.7344440590085584,0.7679990010724181,0.7386161171583465,17.612777761490626,0.49219228292651085,0.020833333333333332
gamma,random,1,90.0,8.0,0.0001485000248067081,3.3899908885359764e-05,6.084129909350241,0.9347333076207546,0.6541398008031399,0.7344440590085584,0.7679990010724181,0.7386161171583465,17.584099034084545,0.48509667452949556,0.041666666666666664
gamma,random,1,120.0,12.0,0.00020559999393299222,4.669994814321399e-05,6.076283098593147,0.9347333076207546,0.6541398008031399,0.7344440590085584,0.7679990010724181,0.7386161171583465,17.579945651314294,0.4846399541471113,0.052083333333333336
gamma,random,2,15.0,3.0,5.7699973694980145e-05,1.090002479031682e-05,6.2690497833039736,0.7368218624546856,0.7482431414946811,0.6181584454498286,0.5985001116621922,0.6191755710452738,22.652982302665105,0.5003530044562543,0.015625
gamma,random,2,30.0,6.0,0.00012939993757754564,2.1299987565726042e-05,6.261607455178949,0.7368218624546856,0.7482431414946811,0.6181584454498286,0.5985001116621922,0.6191755710452738,22.64919556282916,0.4989029457102986,0.026041666666666668
gamma,random,2,60.0,8.0,0.00017119990661740303,2.9299932066351175e-05,6.244834518321518,0.7368218624546856,0.7482431414946811,0.6181584454498286,0.5985001116621922,0.6191755710452738,22.63892987686325,0.49696376173118867,0.03125
gamma,random,2,90.0,9.0,0.00018859986448660493,3.239989746361971e-05,6.232593745630372,0.7368218624546856,0.7482431414946811,0.6181584454498286,0.5985001116621922,0.6191755710452738,22.599054162748327,0.4966516481551069,0.036458333333333336
gamma,random,2,120.0,19.0,0.0003120998735539615,5.7799858041107655e-05,6.154350677933259,0.5240480687779187,0.50730640770701,0.48496449417617427,0.48129758697199443,0.5130794984213709,21.909923803211665,0.47935994939447596,0.08333333333333333
gamma,random,3,15.0,4.0,6.339995888993144e-05,1.2299977242946625e-05,6.1848959362351605,0.6236534586264411,0.7457327108257952,0.7792735883909807,0.7845971622493356,0.8095143865297632,25.231718845119836,0.4810167906172349,0.020833333333333332
gamma,random,3,30.0,5.0,8.439994417130947e-05,1.6799953300505877e-05,6.179426753355017,0.6236534586264411,0.7457327108257952,0.7792735883909807,0.7845971622493356,0.8095143865297632,25.228123598339064,0.4793248899164041,0.026041666666666668
gamma,random,3,60.0,7.0,0.0001045999233610928,2.1099986042827368e-05,6.173589422282461,0.6236534586264411,0.7457327108257952,0.7792735883909807,0.7845971622493356,0.8095143865297632,25.227203657748248,0.47838909869334373,0.036458333333333336
gamma,random,3,90.0,8.0,0.00012509990483522415,2.500001573935151e-05,6.164406117860145,0.6236534586264411,0.7457327108257952,0.7792735883909807,0.7845971622493356,0.8095143865297632,25.221757866327717,0.477827219753306,0.041666666666666664
gamma,random,3,120.0,20.0,0.0002694998402148485,5.509995389729738e-05,6.123559656333231,0.6236534586264411,0.7457327108257952,0.7792735883909807,0.8173137205275488,0.7998705603242209,25.132904649371557,0.4685231901506412,0.10416666666666667
gamma,random,4,15.0,1.0,2.269999822601676e-05,5.299982149153948e-06,6.179269433718403,0.8881205557736771,0.6974196222134974,0.7242182256419765,0.520040202951203,0.5167027597312456,24.246148602817858,0.481064388855375,0.005208333333333333
gamma,random,4,30.0,2.0,3.819999983534217e-05,8.399947546422482e-06,6.170768799316342,0.8881205557736771,0.6974196222134974,0.7242182256419765,0.520040202951203,0.5167027597312456,24.229220500283766,0.47538608228699186,0.010416666666666666
gamma,random,4,60.0,6.0,9.649997809901834e-05,2.0799925550818443e-05,6.1501361202388445,0.8881205557736771,0.6974196222134974,0.7242182256419765,0.520040202951203,0.5167027597312456,24.219470463486974,0.47242972501109876,0.03125
gamma,random,4,90.0,10.0,0.0001449999981559813,3.279995871707797e-05,6.1063485111174485,0.7668079003620818,0.8274642280678794,0.7149522573468063,0.723251959207444,0.5268898379093282,24.126271769770447,0.46898839192954134,0.052083333333333336
gamma,random,4,120.0,13.0,0.0001870999694801867,4.269991768524051e-05,6.09572627187304,0.7668079003620818,0.8274642280678794,0.7149522573468063,0.723251959207444,0.5268898379093282,24.121055871390027,0.46662549457756053,0.06770833333333333
gamma,random,5,15.0,2.0,3.830005880445242e-05,7.400056347250938e-06,6.526891740427664,0.28120545595716817,0.38358928260933756,0.5381927220142595,0.6030310482631417,0.6420421273686548,24.49869927280082,0.49155218350020746,0.010416666666666666
gamma,random,5,30.0,6.0,9.839999256655574e-05,1.860008342191577e-05,6.50362687368061,0.28120545595716817,0.38358928260933756,0.5381927220142595,0.6030310482631417,0.6420421273686548,24.49125704631643,0.48910307904750594,0.03125
gamma,random,5,60.0,9.0,0.00013200001558288932,2.6600086130201817e-05,6.488414313705068,0.28120545595716817,0.38358928260933756,0.5381927220142595,0.6030310482631417,0.6420421273686548,24.480797220924227,0.4875221555786421,0.046875
gamma,random,5,90.0,11.0,0.0001678000553511083,3.380014095455408e-05,6.4837349195386516,0.28120545595716817,0.38358928260933756,0.5381927220142595,0.6030310482631417,0.6420421273686548,24.48039983326302,0.48721070042270104,0.057291666666666664
gamma,random,5,120.0,27.0,0.0003488002112135291,6.940023740753531e-05,6.397451076921829,0.28120545595716817,0.38358928260933756,0.5381927220142595,0.6030310482631417,0.6420421273686548,24.133270491828668,0.47043622300506416,0.13541666666666666
gamma,random,6,15.0,2.0,3.7999998312443495e-05,8.200004231184721e-06,6.191360422381057,0.5472048049633688,0.691238988832769,0.676247262496603,0.5763278840805128,0.5908147311386627,22.488722822100815,0.4896083544421496,0.010416666666666666
gamma,random,6,30.0,3.0,6.049999501556158e-05,1.2699980288743973e-05,6.1871635247359675,0.5472048049633688,0.691238988832769,0.676247262496603,0.5763278840805128,0.5908147311386627,22.488330353875142,0.48929417266290826,0.015625
gamma,random,6,60.0,5.0,9.600003249943256e-05,2.0200037397444248e-05,6.168927254141391,0.5472048049633688,0.691238988832769,0.676247262496603,0.5763278840805128,0.5908147311386627,22.482339308900755,0.4887453113314687,0.026041666666666668
gamma,random,6,90.0,7.0,0.00011969998013228178,2.559996210038662e-05,6.153474187998623,0.5472048049633688,0.691238988832769,0.676247262496603,0.5763278840805128,0.5908147311386627,22.471843502260498,0.48723401922679815,0.036458333333333336
gamma,random,6,120.0,17.0,0.00017329998081550002,3.929989179596305e-05,6.101693078325932,0.5472048049633688,0.691238988832769,0.676247262496603,0.5763278840805128,0.5908147311386627,22.21942920179942,0.4697216264672139,0.08854166666666667
gamma,random,7,15.0,1.0,1.4599994756281376e-05,3.400025889277458e-06,6.157935195128701,0.8428563571161419,0.8687440891852389,0.885461389810704,0.8990351375417137,0.8436195812444707,20.212604097828464,0.46753907358290747,0.005208333333333333
gamma,random,7,30.0,2.0,3.880000440403819e-05,7.499998901039362e-06,6.142686876946321,0.8428563571161419,0.8687440891852389,0.885461389810704,0.8990351375417137,0.8436195812444707,20.034471354999354,0.4635562524691567,0.010416666666666666
gamma,random,7,60.0,8.0,0.0001221999991685152,2.3900007363408804e-05,6.093524516457531,0.4802389281235562,0.5657027859242205,0.6098212532848286,0.6566473823055321,0.6972176512991907,19.533928670659748,0.45697021447942243,0.041666666666666664
gamma,random,7,90.0,10.0,0.00015820004045963287,3.090000245720148e-05,6.083250538551784,0.4802389281235562,0.5657027859242205,0.6098212532848286,0.6566473823055321,0.6972176512991907,19.52777130826561,0.4537826646155418,0.052083333333333336
gamma,random,7,120.0,13.0,0.00020880007650703192,4.380004247650504e-05,6.076210416295308,0.4802389281235562,0.5657027859242205,0.6098212532848286,0.6566473823055321,0.6972176512991907,19.531243604025875,0.45408874270809213,0.0625
gamma,random,8,15.0,6.0,7.920007919892669e-05,1.6600009985268116e-05,6.332459585145109,0.5076622768479593,0.6211585613066394,0.5090637826221637,0.40954805372812353,0.4908111004348321,23.252312077526664,0.46559862485202663,0.026041666666666668
gamma,random,8,30.0,6.0,7.920007919892669e-05,1.6600009985268116e-05,6.332459585145109,0.5076622768479593,0.6211585613066394,0.5090637826221637,0.40954805372812353,0.4908111004348321,23.252312077526664,0.46559862485202663,0.026041666666666668
gamma,random,8,60.0,9.0,0.00011520017869770527,2.2199994418770075e-05,6.306813875165517,0.5076622768479593,0.6211585613066394,0.5090637826221637,0.40954805372812353,0.4908111004348321,23.167481221812455,0.4613888955285228,0.041666666666666664
gamma,random,8,90.0,15.0,0.00015600014012306929,3.15000070258975e-05,6.251037854784351,0.46104671658046625,0.4600453050691481,0.36744366142646945,0.44405663297788467,0.39633096102796284,22.299821274019905,0.45393223701302243,0.06770833333333333
gamma,random,8,120.0,27.0,0.00029140006517991424,5.9899932239204645e-05,6.209050357074617,0.46104671658046625,0.4600453050691481,0.36744366142646945,0.44405663297788467,0.39633096102796284,22.195584927699823,0.44382681335543595,0.11979166666666667
gamma,random,9,15.0,3.0,4.880002234131098e-05,8.90000956133008e-06,6.311732797974517,0.8871532132092491,0.8614889078257533,0.8421490117608624,0.8403921140893845,0.8394323952630931,26.09793633449049,0.487344562084189,0.015625
gamma,random,9,30.0,4.0,7.230002665892243e-05,1.309998333454132e-05,6.294862398512315,0.4802389281235562,0.675458105949875,0.7068231378634433,0.7244199531310902,0.740458894543353,25.835228722137458,0.48673030749595264,0.020833333333333332
gamma,random,9,60.0,6.0,0.00010740006109699607,2.0099978428333998e-05,6.242508300554571,0.26472950080302726,0.3561409053200675,0.4922069993466187,0.5552629679472476,0.5913148234362375,24.334332737698592,0.4801852032124088,0.03125
gamma,random,9,90.0,7.0,0.00012790004257112741,2.459995448589325e-05,6.229855168014471,0.26472950080302726,0.3561409053200675,0.4757628226069911,0.5429046212873392,0.5890671739630657,24.27876193378959,0.4796145301249474,0.036458333333333336
gamma,random,9,120.0,25.0,0.0003207000554539263,6.569997640326619e-05,6.153838163207861,0.26472950080302726,0.3561409053200675,0.4757628226069911,0.5429046212873392,0.5890671739630657,23.883975269094886,0.4507206587035455,0.11979166666666667
gamma,random,10,15.0,2.0,2.1299987565726042e-05,5.89998671784997e-06,6.310922675612425,0.8229288106523276,0.7515584547808127,0.8083837165011201,0.4751488839792145,0.5173055892877556,20.255683916932668,0.5250216358169119,0.010416666666666666
gamma,random,10,30.0,2.0,2.1299987565726042e-05,5.89998671784997e-06,6.310922675612425,0.8229288106523276,0.7515584547808127,0.8083837165011201,0.4751488839792145,0.5173055892877556,20.255683916932668,0.5250216358169119,0.010416666666666666
gamma,random,10,60.0,6.0,7.139996159821749e-05,1.6699894331395626e-05,6.291895345240936,0.8229288106523276,0.7515584547808127,0.8083837165011201,0.4751488839792145,0.5173055892877556,20.227686227784947,0.5147421199291126,0.026041666666666668
gamma,random,10,90.0,8.0,0.0001086000120267272,2.41999514400959e-05,6.266766715409221,0.8229288106523276,0.7515584547808127,0.35830409964227017,0.43133392532758763,0.49756049687351045,20.02299010716244,0.5078213905342696,0.036458333333333336
gamma,random,10,120.0,16.0,0.0001680999994277954,3.729993477463722e-05,6.208553266638254,0.8229288106523276,0.7515584547808127,0.35830409964227017,0.43133392532758763,0.49756049687351045,19.56526458259983,0.49488036783347017,0.078125
gamma,random,11,15.0,2.0,3.360002301633358e-05,6.100046448409557e-06,6.249251673840838,0.0,0.1457531955193545,0.2316681485244929,0.2554774184277817,0.34497066722901226,21.616787653151093,0.5156989962128694,0.010416666666666666
gamma,random,11,30.0,3.0,4.770001396536827e-05,8.800067007541656e-06,6.243413137623112,0.0,0.1457531955193545,0.2316681485244929,0.2554774184277817,0.34497066722901226,21.61683041426256,0.51571317837793,0.015625
gamma,random,11,60.0,6.0,9.579997276887298e-05,1.820008037611842e-05,6.223630741556467,0.0,0.1457531955193545,0.2316681485244929,0.2554774184277817,0.34497066722901226,21.616862360075476,0.5158119912031985,0.03125
gamma,random,11,90.0,9.0,0.00014819990610703826,2.7500034775584936e-05,6.207960900922816,0.0,0.1457531955193545,0.2316681485244929,0.2554774184277817,0.34497066722901226,21.59211116412403,0.5074086509024022,0.046875
gamma,random,11,120.0,20.0,0.00028859986923635006,5.540001438930631e-05,6.156312784508962,0.0,0.19119029828947087,0.22037575680596122,0.21504301293071348,0.23774511096076156,21.10584169984586,0.4939490987017442,0.09375
gamma,random,12,15.0,6.0,7.730006473138928e-05,1.6100122593343258e-05,6.169975960806872,0.5847047724992366,0.7042068548879095,0.6845889045007478,0.5776333746555968,0.6337144797205772,20.78959149054897,0.48190130800191344,0.03125
gamma,random,12,30.0,6.0,7.730006473138928e-05,1.6100122593343258e-05,6.169975960806872,0.5847047724992366,0.7042068548879095,0.6845889045007478,0.5776333746555968,0.6337144797205772,20.78959149054897,0.48190130800191344,0.03125
gamma,random,12,60.0,7.0,0.00010100007057189941,2.100015990436077e-05,6.160350750167441,0.5847047724992366,0.7042068548879095,0.6845889045007478,0.5776333746555968,0.6337144797205772,20.782532103151567,0.4812836480968902,0.036458333333333336
gamma,random,12,90.0,11.0,0.00014050002209842205,2.98001104965806e-05,6.136427459219426,0.5847047724992366,0.7042068548879095,0.6845889045007478,0.5776333746555968,0.6337144797205772,20.75652690299898,0.47287596050154856,0.057291666666666664
gamma,random,12,120.0,32.0,0.002268299926072359,0.00012170005356892943,6.056986590775735,0.5847047724992366,0.7042068548879095,0.6845889045007478,0.5776333746555968,0.6337144797205772,20.421874489297913,0.44054803504645307,0.15104166666666666
gamma,random,13,15.0,1.0,2.3200002033263445e-05,4.499976057559252e-06,6.298286470774229,0.41820699725347943,0.472483666467547,0.5878287440042635,0.6568037169286352,0.43509403857853024,22.209698191947826,0.4730921555257252,0.005208333333333333
gamma,random,13,30.0,4.0,7.08999577909708e-05,1.4199933502823114e-05,6.291606414539437,0.41820699725347943,0.472483666467547,0.5878287440042635,0.6568037169286352,0.43509403857853024,22.05370564842755,0.47053149571517333,0.015625
gamma,random,13,60.0,6.0,0.00013609998859465122,2.3699947632849216e-05,6.28281924409839,0.41820699725347943,0.472483666467547,0.5878287440042635,0.6568037169286352,0.43509403857853024,22.03167343138526,0.4671129411030877,0.026041666666666668
gamma,random,13,90.0,13.0,0.00022009992972016335,4.079996142536402e-05,6.227919477586753,0.41820699725347943,0.472483666467547,0.5878287440042635,0.6568037169286352,0.43509403857853024,21.796263656920665,0.4588883182970843,0.0625
gamma,random,13,120.0,23.0,0.00035379984183236957,7.03998957760632e-05,6.2082537365521295,0.41820699725347943,0.472483666467547,0.5878287440042635,0.6568037169286352,0.43509403857853024,21.616241584249437,0.44833612627485236,0.109375
gamma,random,14,15.0,4.0,5.4999953135848045e-05,1.2399919796735048e-05,6.197293532025998,0.9506920451075339,0.8928575614190736,0.9086513078490253,0.9098443745357101,0.8950312725403137,25.844813936225226,0.4911627129270802,0.020833333333333332
gamma,random,14,30.0,5.0,7.839995669201016e-05,1.7399899661540985e-05,6.177455845653028,0.9506920451075339,0.8928575614190736,0.9086513078490253,0.9098443745357101,0.8950312725403137,25.835117325807506,0.49087648487744956,0.026041666666666668
gamma,random,14,60.0,10.0,0.00014659995213150978,3.15998331643641e-05,6.145621746185808,0.9506920451075339,0.8928575614190736,0.9086513078490253,0.9098443745357101,0.8950312725403137,25.79351762255445,0.48808232558100484,0.046875
gamma,random,14,90.0,13.0,0.000172399973962456,3.779976395890117e-05,6.127464562617122,0.7026419971207958,0.8259209027481134,0.8191341064238609,0.846864407799168,0.8571350933808536,25.78187260759424,0.4880025356098817,0.0625
gamma,random,14,120.0,24.0,0.0003101000329479575,6.68998109176755e-05,6.066898440553437,0.7026419971207958,0.8259209027481134,0.8191341064238609,0.846864407799168,0.8571350933808536,25.710019383748545,0.4817636806738508,0.11979166666666667
gamma,random,15,15.0,2.0,3.670004662126303e-05,7.199996616691351e-06,6.252478029089542,0.0,0.35537593923151534,0.27086055181242097,0.3570884527605829,0.3755272626626073,21.29243440929233,0.4957543975244129,0.010416666666666666
gamma,random,15,30.0,5.0,8.659996092319489e-05,1.7699901945888996e-05,6.239026390121107,0.6974447061902893,0.2145219578763914,0.38555730904720265,0.30838648158569393,0.3739755132609369,21.277722185737233,0.4928955506671826,0.026041666666666668
gamma,random,15,60.0,7.0,0.00012239994248375297,2.4399894755333662e-05,6.219180197374183,0.6974447061902893,0.2145219578763914,0.38555730904720265,0.30838648158569393,0.3739755132609369,21.01222236503759,0.4880726761507343,0.036458333333333336
gamma,random,15,90.0,10.0,0.00017309997929260135,3.5399862099438906e-05,6.200614534665209,0.6974447061902893,0.2145219578763914,0.38555730904720265,0.30838648158569393,0.3739755132609369,20.998130549580374,0.48559798207380933,0.052083333333333336
gamma,random,15,120.0,20.0,0.000280299864243716,5.779997445642948e-05,6.139529676166041,0.7026419971207958,0.598157544269249,0.5659226270453557,0.29447629431626343,0.39154442291724323,20.51811121961641,0.46448057773133244,0.10416666666666667
gamma,random,16,15.0,3.0,4.0499959141016006e-05,1.1100026313215494e-05,6.261195668274898,0.9321103674801285,0.7126816641286208,0.7753371357338983,0.8185806403128624,0.84211841961011,27.30820022688704,0.5341144378675076,0.015625
gamma,random,16,30.0,3.0,4.0499959141016006e-05,1.1100026313215494e-05,6.261195668274898,0.9321103674801285,0.7126816641286208,0.7753371357338983,0.8185806403128624,0.84211841961011,27.30820022688704,0.5341144378675076,0.015625
gamma,random,16,60.0,4.0,5.989999044686556e-05,1.479999627918005e-05,6.254079167931541,0.9321103674801285,0.7126816641286208,0.7753371357338983,0.8185806403128624,0.84211841961011,27.30482663011151,0.5325305189520825,0.020833333333333332
gamma,random,16,90.0,6.0,9.839993435889482e-05,2.2899999748915434e-05,6.245314370497016,0.9321103674801285,0.7126816641286208,0.7753371357338983,0.8185806403128624,0.84211841961011,27.30380503689931,0.5314717796703504,0.03125
gamma,random,16,120.0,16.0,0.00021789991296827793,4.61999443359673e-05,6.217342063853608,0.9321103674801285,0.7126816641286208,0.7753371357338983,0.8185806403128624,0.84211841961011,27.240624735557777,0.5247727502008479,0.078125
gamma,random,17,15.0,2.0,4.6900007873773575e-05,7.400056347250938e-06,6.252441698040905,0.905986890895607,0.8015813811455743,0.8166920048124249,0.81199702762099,0.7874177135829857,29.2433581952747,0.498686699295885,0.010416666666666666
gamma,random,17,30.0,2.0,4.6900007873773575e-05,7.400056347250938e-06,6.252441698040905,0.905986890895607,0.8015813811455743,0.8166920048124249,0.81199702762099,0.7874177135829857,29.2433581952747,0.498686699295885,0.010416666666666666
gamma,random,17,60.0,4.0,8.229998638853431e-05,1.4199991710484028e-05,6.231771588953908,0.905986890895607,0.8015813811455743,0.8166920048124249,0.81199702762099,0.7874177135829857,29.242005129660388,0.49854885018368805,0.020833333333333332
gamma,random,17,90.0,9.0,0.00012060004519298673,2.220005262643099e-05,6.1954461196463795,0.27893927496401005,0.5924630829298085,0.6262995369864013,0.6618753584318258,0.6614917653299897,28.50736188560379,0.4921140813506731,0.046875
gamma,random,17,120.0,21.0,0.00031720002880319953,4.580005770549178e-05,6.142353583547266,0.0,0.13946963748200503,0.3932416420576762,0.44176106269736215,0.49527320296110544,26.54534267852586,0.4792212969894358,0.109375
gamma,random,18,15.0,6.0,0.00012740003876388073,1.8000020645558834e-05,6.120031240779913,0.8345230237828086,0.32525896135242627,0.5029723252155192,0.5793269254126252,0.5474630703233232,20.30963364982267,0.490293002856975,0.026041666666666668
gamma,random,18,30.0,9.0,0.0001756999990902841,2.7499976567924023e-05,6.098057459936245,0.8345230237828086,0.32525896135242627,0.5029723252155192,0.5793269254126252,0.5474630703233232,20.135617338668045,0.48178795327899004,0.041666666666666664
gamma,random,18,60.0,10.0,0.0001976999919861555,3.249995643272996e-05,6.085887076589304,0.8345230237828086,0.32525896135242627,0.5029723252155192,0.5793269254126252,0.5474630703233232,20.134070664193228,0.4814288888754601,0.046875
gamma,random,18,90.0,17.0,0.00029060005908831954,5.0400092732161283e-05,6.0481265027555615,0.0,0.15728546727677428,0.2551492303870606,0.33867866532379387,0.4300076781639639,17.218175834301118,0.4775830655074712,0.08333333333333333
gamma,random,18,120.0,22.0,0.0003505999338813126,6.32001319900155e-05,6.028209133563852,0.0,0.15728546727677428,0.2551492303870606,0.38706256504930203,0.4635016152157526,17.187547475687445,0.4741008573168994,0.109375
gamma,random,19,15.0,4.0,4.970002919435501e-05,1.2200034689158201e-05,6.198441757005907,0.8619022661311985,0.821805176993455,0.6431335484553,0.6970569922943158,0.6806626770705908,21.22893580385857,0.48656972713847907,0.020833333333333332
gamma,random,19,30.0,5.0,7.480004569515586e-05,1.690007047727704e-05,6.190486727990074,0.8619022661311985,0.821805176993455,0.6431335484553,0.6970569922943158,0.6806626770705908,21.227586404390884,0.4862962922958994,0.026041666666666668
gamma,random,19,60.0,9.0,0.0001322000753134489,2.9100046958774328e-05,6.171465882749314,0.8619022661311985,0.821805176993455,0.6431335484553,0.6970569922943158,0.6806626770705908,21.118872130699412,0.48054654056224966,0.046875
gamma,random,19,90.0,14.0,0.00017940002726390958,3.9300008211284876e-05,6.152647980508934,0.8619022661311985,0.821805176993455,0.6431335484553,0.6970569922943158,0.6806626770705908,21.10937765070456,0.4780476960471014,0.07291666666666667
gamma,random,19,120.0,17.0,0.00022850005188956857,4.9900030717253685e-05,6.136755689103132,0.8619022661311985,0.821805176993455,0.6431335484553,0.6970569922943158,0.6806626770705908,20.995360695156037,0.47658012681390927,0.08854166666666667
gamma,random,20,15.0,6.0,7.630005711689591e-05,1.68998958542943e-05,6.343226098484226,0.6608625580618321,0.7807244659057653,0.8258997562051469,0.8211030891054831,0.7841363531235148,20.54121525765732,0.45459475284006684,0.03125
gamma,random,20,30.0,9.0,0.00011050008470192552,2.349988790228963e-05,6.328083601995767,0.6608625580618321,0.7807244659057653,0.8258997562051469,0.8211030891054831,0.7841363531235148,20.476989884632815,0.45253172506290096,0.046875
gamma,random,20,60.0,12.0,0.00014810007996857166,3.0299939680844545e-05,6.328866831380826,0.6608625580618321,0.7807244659057653,0.8258997562051469,0.8211030891054831,0.7841363531235148,20.461267077996535,0.447276152710013,0.0625
gamma,random,20,90.0,16.0,0.0002073001815006137,4.099996294826269e-05,6.288250156727277,0.6427472664260117,0.6111490342405619,0.6976419253190067,0.7457350795972953,0.7544849271389065,20.31897628231493,0.43827858416264304,0.08333333333333333
gamma,random,20,120.0,20.0,0.00026210013311356306,5.089998012408614e-05,6.254277865078042,0.5058674388590073,0.5246027216856892,0.5200167988652842,0.5991197748771895,0.6547181841771625,20.168253875412063,0.4358857758123408,0.10416666666666667
gamma,random,21,15.0,4.0,5.660002352669835e-05,2.219993621110916e-05,6.222410956858692,0.906829727187206,0.9249622047790834,0.9287022065695942,0.9388375927042274,0.7912309767711176,17.01307396701887,0.5112532373216899,0.020833333333333332
gamma,random,21,30.0,6.0,9.169999975711107e-05,2.8999987989664078e-05,6.210112290979548,0.906829727187206,0.9249622047790834,0.9287022065695942,0.9388375927042274,0.7912309767711176,17.012094264776742,0.5105370360973225,0.03125
gamma,random,21,60.0,14.0,0.00019300001440569758,4.959991201758385e-05,6.162515442242459,0.906829727187206,0.9249622047790834,0.9287022065695942,0.9388375927042274,0.7912309767711176,16.989588864923427,0.5063743193769573,0.06770833333333333
gamma,random,21,90.0,18.0,0.0002682000049389899,6.13999436609447e-05,6.1207255252242065,0.3933787546205233,0.6126110316806539,0.7159544793646431,0.7556957893081881,0.7912309767711176,16.897711278803328,0.5025697081080743,0.08854166666666667
gamma,random,21,120.0,27.0,0.00037260004319250584,8.079991675913334e-05,6.078388441837913,0.38903807596187656,0.32597312830806835,0.3491259767436279,0.44730798722437604,0.5238771721253411,16.655545173582375,0.4899308391020194,0.13020833333333334
gamma,random,22,15.0,5.0,6.009993376210332e-05,1.3799930457025766e-05,6.3620144087333514,0.0,0.40439693169135305,0.39445050647008906,0.30525622675387964,0.38272277979893465,25.308354798159193,0.46909149025048474,0.026041666666666668
gamma,random,22,30.0,7.0,9.979988681152463e-05,2.0999927073717117e-05,6.35961449305676,0.0,0.40439693169135305,0.39445050647008906,0.30525622675387964,0.38272277979893465,25.296336549085503,0.4663913801553004,0.036458333333333336
gamma,random,22,60.0,12.0,0.00016449985560029745,3.499985905364156e-05,6.319898862164315,0.0,0.40439693169135305,0.39445050647008906,0.30525622675387964,0.38272277979893465,25.272680005738675,0.4584819293407422,0.0625
gamma,random,22,90.0,17.0,0.00023649976355955005,6.0699821915477514e-05,6.30226519183964,0.0,0.40439693169135305,0.39445050647008906,0.30525622675387964,0.38272277979893465,25.26067787704062,0.4543875361880931,0.08333333333333333
gamma,random,22,120.0,27.0,0.0003746995935216546,8.869991870597005e-05,6.2438864296696694,0.4879094889226234,0.4380764113526159,0.2044048755480129,0.37216537984694964,0.3637328611985694,24.74253593050365,0.4490185163752907,0.13020833333333334
gamma,random,23,15.0,3.0,4.569999873638153e-05,1.0299962013959885e-05,6.156521998777447,0.9751008266806265,0.8825575146935348,0.716313074429966,0.7643814639728259,0.7802844835710754,20.811088985368574,0.5147774880581387,0.015625
gamma,random,23,30.0,8.0,0.00011560006532818079,2.6200024876743555e-05,6.09417908645474,0.5887105745321294,0.746558275113667,0.7327076739566404,0.6296936259834364,0.6782442139536446,20.415361298066617,0.5103353923037324,0.041666666666666664
gamma,random,23,60.0,9.0,0.0001425000955350697,3.130000550299883e-05,6.094789019422232,0.5887105745321294,0.746558275113667,0.7327076739566404,0.6296936259834364,0.6782442139536446,20.40404149450513,0.5091343045818593,0.046875
gamma,random,23,90.0,12.0,0.00017559999832883477,3.9599952287971973e-05,6.0869532407253475,0.5887105745321294,0.746558275113667,0.7327076739566404,0.6296936259834364,0.6782442139536446,20.40403410450975,0.5091735821127253,0.0625
gamma,random,23,120.0,22.0,0.00029420008650049567,6.609992124140263e-05,6.0423056642638855,0.5887105745321294,0.746558275113667,0.7327076739566404,0.6296936259834364,0.6782442139536446,20.34619430731923,0.5047555913619307,0.10416666666666667
gamma,random,24,15.0,2.0,3.2699957955628633e-05,5.999987479299307e-06,6.35813454129503,0.0,0.4695559590803996,0.4003186392124358,0.48846892494334015,0.35545402633725665,28.228552513417654,0.4824038438298247,0.010416666666666666
gamma,random,24,30.0,4.0,6.67999847792089e-05,1.2100033927708864e-05,6.349329569544497,0.0,0.4695559590803996,0.4003186392124358,0.48846892494334015,0.35545402633725665,28.213032543092293,0.47992743473968463,0.020833333333333332
gamma,random,24,60.0,11.0,0.00014430005103349686,2.4900073185563087e-05,6.317794998503935,0.5067186886533177,0.6674739890066745,0.444982659337783,0.5620659883165867,0.4733996037757837,27.897808735876552,0.47000191363338345,0.057291666666666664
gamma,random,24,90.0,13.0,0.00018980010645464063,3.110006218776107e-05,6.309293708859517,0.5067186886533177,0.6674739890066745,0.444982659337783,0.5620659883165867,0.4733996037757837,27.894735261443117,0.4684588626790563,0.0625
gamma,random,24,120.0,19.0,0.0002644000924192369,4.4199987314641476e-05,6.289832935596851,0.5067186886533177,0.6674739890066745,0.444982659337783,0.5620659883165867,0.4733996037757837,27.893769706759805,0.467387552434362,0.08333333333333333
gamma,random,25,15.0,3.0,4.649994662031531e-05,7.699942216277122e-06,6.287239237603227,0.8140999214762465,0.8645863527199031,0.8766379784000051,0.8834617805904377,0.8869806297749615,25.468438904210306,0.5291765579595556,0.015625
gamma,random,25,30.0,3.0,4.649994662031531e-05,7.699942216277122e-06,6.287239237603227,0.8140999214762465,0.8645863527199031,0.8766379784000051,0.8834617805904377,0.8869806297749615,25.468438904210306,0.5291765579595556,0.015625
gamma,random,25,60.0,8.0,0.0001140000531449914,1.9099970813840628e-05,6.269967302813391,0.8140999214762465,0.8645863527199031,0.8766379784000051,0.8834617805904377,0.8869806297749615,25.44518607427358,0.5226775673436801,0.041666666666666664
gamma,random,25,90.0,11.0,0.00015890004578977823,2.7499976567924023e-05,6.240963977593446,0.8140999214762465,0.8645863527199031,0.8766379784000051,0.8834617805904377,0.8869806297749615,25.43024169499744,0.5197847308907176,0.057291666666666664
gamma,random,25,120.0,23.0,0.00030090007930994034,5.240004975348711e-05,6.190896404861866,0.16765366662304237,0.2765408915461144,0.4119718533949668,0.5218829727311884,0.5822986370127979,23.66637979480793,0.5043007608549969,0.11458333333333333
gamma,random,26,15.0,5.0,7.190002361312509e-05,1.4299992471933365e-05,6.276826871706475,0.48469441172621386,0.7134234838303417,0.74187486129549,0.7765226427246872,0.8113791344458011,23.995797868881414,0.49134240807941115,0.026041666666666668
gamma,random,26,30.0,8.0,0.00012509996304288507,2.5800021830946207e-05,6.266672670290713,0.48469441172621386,0.7134234838303417,0.74187486129549,0.7765226427246872,0.8113791344458011,23.987628166630856,0.48737843148246063,0.041666666666666664
gamma,random,26,60.0,12.0,0.00015739997616037726,3.2100011594593525e-05,6.238493971855564,0.535806831566549,0.4763427098790446,0.6299327560535692,0.6543240603589675,0.6976362094695427,23.774829398502252,0.4856932876259273,0.0625
gamma,random,26,90.0,20.0,0.00022109993733465672,4.4500106014311314e-05,6.229512821992988,0.535806831566549,0.5657249306889706,0.6396604110092039,0.5569219587299372,0.6277442816442815,23.485851845936065,0.47392751230336705,0.10416666666666667
gamma,random,26,120.0,34.0,0.00037189997965469956,7.650017505511642e-05,6.164349283205147,0.48469441172621386,0.4763427098790446,0.5088076859447441,0.5569219587299373,0.6277442816442818,23.129130714101528,0.46367314550843086,0.16666666666666666
gamma,random,27,15.0,1.0,2.2299995180219412e-05,5.099980626255274e-06,6.2593315258189826,0.4524411584058592,0.178771358553107,0.3343259556206942,0.40921733583067577,0.4903023862999507,20.90262489283594,0.4997034776194107,0.005208333333333333
gamma,random,27,30.0,2.0,4.469999112188816e-05,9.7999582067132e-06,6.244836481218658,0.4524411584058592,0.178771358553107,0.3343259556206942,0.40921733583067577,0.4903023862999507,20.8939133843767,0.49870269597450495,0.010416666666666666
gamma,random,27,60.0,7.0,0.00010870001278817654,2.4200009647756815e-05,6.217227733940413,0.4524411584058592,0.178771358553107,0.3343259556206942,0.40921733583067577,0.4903023862999507,20.82883287036804,0.49266773765210053,0.036458333333333336
gamma,random,27,90.0,9.0,0.00014649995137006044,3.140006447210908e-05,6.209519644678728,0.4524411584058592,0.178771358553107,0.3343259556206942,0.40921733583067577,0.4903023862999507,20.820194995285156,0.48936111258720644,0.046875
gamma,random,27,120.0,19.0,0.0002647999208420515,5.769991548731923e-05,6.17798363803385,0.4524411584058592,0.178771358553107,0.3343259556206942,0.40921733583067577,0.4903023862999507,20.653766560069595,0.48029914255127737,0.09895833333333333
gamma,random,28,15.0,3.0,4.929996794089675e-05,9.499955922365189e-06,6.5981151130707865,0.9929890830170571,0.9813872954158543,0.9798719045231565,0.8777820939581432,0.8067649823829612,27.03689397603102,0.5304338485385313,0.015625
gamma,random,28,30.0,7.0,0.00010459998156875372,2.0099978428333998e-05,6.547347331256951,0.9929890830170571,0.9813872954158543,0.9798719045231565,0.8777820939581432,0.8067649823829612,26.945044114340913,0.5262508165018435,0.036458333333333336
gamma,random,28,60.0,11.0,0.00015739997616037726,3.070005914196372e-05,6.516718095062099,0.0,0.4812153688835451,0.626410495374603,0.6985435615909423,0.6551868222443422,25.04162125774311,0.5229910547293481,0.057291666666666664
gamma,random,28,90.0,16.0,0.00022330001229420304,4.380015889182687e-05,6.4856913069089694,0.0,0.4812153688835451,0.626410495374603,0.6985435615909423,0.6551868222443422,25.03881805054211,0.5218815628102655,0.078125
gamma,random,28,120.0,28.0,0.0003573000431060791,7.040018681436777e-05,6.351428092023937,0.0,0.15556541916924638,0.24213014028568336,0.30890973802947597,0.4138670453408331,22.81299437927894,0.4990918632238501,0.140625
gamma,random,29,15.0,4.0,4.9799971748143435e-05,9.200070053339005e-06,6.118534565810776,0.48469441172621386,0.173024465587177,0.3290477816895241,0.3830538754868936,0.4364688753561038,22.121094006367,0.5246992478021886,0.020833333333333332
gamma,random,29,30.0,9.0,0.00011689990060403943,2.0700099412351847e-05,6.093920316646783,0.48469441172621386,0.5426369623507914,0.2620187676247526,0.3493746229854745,0.38170572803611,22.07266062591455,0.51647527021393,0.046875
gamma,random,29,60.0,14.0,0.00015219993656501174,2.700003096833825e-05,6.042758589965783,0.48469441172621386,0.5426369623507914,0.5347923563308987,0.5237947546269357,0.31299896813275885,21.629576562726392,0.5082508987119897,0.07291666666666667
gamma,random,29,90.0,17.0,0.0001772999530658126,3.209995338693261e-05,6.017755023757516,0.0,0.173024465587177,0.2620187676247526,0.295590420316701,0.31299896813275885,19.137948030387644,0.505635622652654,0.08854166666666667
gamma,random,29,120.0,27.0,0.00030640000477433205,5.3099996875971556e-05,5.96908068078534,0.0,0.173024465587177,0.2620187676247526,0.295590420316701,0.31299896813275885,18.794520176898995,0.49578885731299027,0.13541666666666666
gamma,random,30,15.0,4.0,6.199994822964072e-05,1.3199984095990658e-05,6.244924549008656,0.9241235670261418,0.7789352198351698,0.824959247526639,0.8174552798918895,0.8341795164867726,20.50089210718128,0.5285365599755601,0.020833333333333332
gamma,random,30,30.0,5.0,8.649996016174555e-05,1.9000028260052204e-05,6.231321497356764,0.9241235670261418,0.7789352198351698,0.824959247526639,0.8174552798918895,0.8341795164867726,20.468095049994623,0.5279753634624296,0.026041666666666668
gamma,random,30,60.0,9.0,0.00014730001566931605,3.260001540184021e-05,6.201114123203006,0.5978112110030647,0.6947598376428272,0.6479043845793089,0.700087468683158,0.7097127679299566,20.433065600807982,0.5245603460203855,0.046875
gamma,random,30,90.0,13.0,0.0001993000041693449,4.5000051613897085e-05,6.156588288578821,0.5978112110030647,0.6947598376428272,0.6479043845793089,0.700087468683158,0.7097127679299566,20.09356041698405,0.5174780468387239,0.06770833333333333
gamma,random,30,120.0,28.0,0.00033410004107281566,7.289997301995754e-05,6.114581564206946,0.5727009561086986,0.47037979516616446,0.5740691188802156,0.5445798107644124,0.600667203717894,19.67807372684604,0.5055016481258565,0.140625
gamma,random,31,15.0,2.0,3.7999998312443495e-05,5.699985194951296e-06,6.539025237089028,0.8359415216158443,0.9004166533049189,0.9229587549288377,0.9170476700504816,0.9240490356086954,29.897634022593223,0.5733237864467222,0.010416666666666666
gamma,random,31,30.0,4.0,7.43999844416976e-05,1.2399978004395962e-05,6.522800062165257,0.8359415216158443,0.9004166533049189,0.9229587549288377,0.9170476700504816,0.9240490356086954,29.894732286850452,0.5726763182552362,0.020833333333333332
gamma,random,31,60.0,8.0,0.00012419995618984103,2.2199994418770075e-05,6.50038982797149,0.8359415216158443,0.9004166533049189,0.9229587549288377,0.9170476700504816,0.9240490356086954,29.76978758213004,0.5690497308189175,0.041666666666666664
gamma,random,31,90.0,10.0,0.00017389998538419604,2.8900045435875654e-05,6.48202353804956,0.8359415216158443,0.9004166533049189,0.9229587549288377,0.9170476700504816,0.9240490356086954,29.76956444526747,0.5689605699581793,0.052083333333333336
gamma,random,31,120.0,27.0,0.0003420001594349742,5.72001445107162e-05,6.315433853162431,0.12950420974567045,0.25162075570157916,0.35527559713043166,0.4093084574371736,0.4719092027802836,26.65740559372135,0.5405593220399785,0.13020833333333334
gamma,random,32,15.0,2.0,3.520003519952297e-05,5.800044164061546e-06,6.408915190244726,0.6874683739247134,0.659528660191764,0.7625679727350012,0.7785841182270602,0.7573917793423275,26.91992816713534,0.5050714048460575,0.010416666666666666
gamma,random,32,30.0,2.0,3.520003519952297e-05,5.800044164061546e-06,6.408915190244726,0.6874683739247134,0.659528660191764,0.7625679727350012,0.7785841182270602,0.7573917793423275,26.91992816713534,0.5050714048460575,0.010416666666666666
gamma,random,32,60.0,6.0,9.240000508725643e-05,1.6000063624233007e-05,6.395779967473566,0.6874683739247134,0.659528660191764,0.7625679727350012,0.7785841182270602,0.7573917793423275,26.917065229677736,0.5042337849510795,0.03125
gamma,random,32,90.0,8.0,0.0001300000585615635,2.360012149438262e-05,6.380138238014386,0.6874683739247134,0.659528660191764,0.7625679727350012,0.7785841182270602,0.7573917793423275,26.912187001852885,0.5029375884699004,0.041666666666666664
gamma,random,32,120.0,17.0,0.00021710008149966598,3.870012005791068e-05,6.3493078282180875,0.050766726068686485,0.35268655789883574,0.443536328030119,0.5664168211694832,0.5979242988014845,25.28496957081138,0.4935788331098166,0.08854166666666667
gamma,random,33,15.0,3.0,2.4799956008791924e-05,4.699977580457926e-06,6.081544558026802,0.46052195478091573,0.5483831070197136,0.6552543627536225,0.6524544671807615,0.6980732306283115,20.15216839660867,0.5024979064788453,0.015625
gamma,random,33,30.0,8.0,9.219994535669684e-05,1.5899946447461843e-05,6.063021373864143,0.46052195478091573,0.5483831070197136,0.6552543627536225,0.6524544671807615,0.6980732306283115,20.121527160193082,0.49477440557840163,0.041666666666666664
gamma,random,33,60.0,10.0,0.00012589996913447976,2.2099935449659824e-05,6.051275498164476,0.46052195478091573,0.5483831070197136,0.6552543627536225,0.6524544671807615,0.6980732306283115,20.115533685825774,0.4918603389563008,0.052083333333333336
gamma,random,33,90.0,12.0,0.00016169995069503784,2.8199923690408468e-05,6.025097770475703,0.46052195478091573,0.500382529616519,0.5374179266521594,0.6120988335835982,0.615207097227596,19.90901823806717,0.4883008274914862,0.0625
gamma,random,33,120.0,15.0,0.00020789995323866606,3.739981912076473e-05,6.007880293265913,0.46052195478091573,0.500382529616519,0.5374179266521594,0.6120988335835982,0.615207097227596,19.908119042683964,0.48705972059470815,0.07291666666666667
gamma,random,34,15.0,1.0,1.9599974621087313e-05,3.200024366378784e-06,6.347073011144808,0.8364742557161233,0.89485835785512,0.9159441258946135,0.8228454922212407,0.8527949224785415,25.956724194516283,0.4808782180266297,0.005208333333333333
gamma,random,34,30.0,2.0,4.449993139132857e-05,7.299997378140688e-06,6.342325472308289,0.8364742557161233,0.89485835785512,0.9159441258946135,0.8228454922212407,0.8527949224785415,25.952481360870294,0.47828364418708696,0.010416666666666666
gamma,random,34,60.0,8.0,0.00012109987437725067,2.3200002033263445e-05,6.294767526185659,0.6111743982570604,0.7068888540407907,0.788016218139204,0.7258879554130935,0.7747350786196048,25.7381059411548,0.46933163668277117,0.041666666666666664
gamma,random,34,90.0,11.0,0.00017319992184638977,3.230007132515311e-05,6.261142892214252,0.6111743982570604,0.6041408765116645,0.6715286904114176,0.7415761642762321,0.700608615595208,25.698440969024766,0.46848909242611003,0.057291666666666664
gamma,random,34,120.0,22.0,0.0002466000150889158,4.810007521882653e-05,6.205662086985394,0.1155566629196555,0.3243262273961398,0.41116498556062453,0.5089567152366617,0.5970378528433047,24.242894800438993,0.45569097298394945,0.11458333333333333
gamma,random,35,15.0,5.0,6.850005593150854e-05,1.390004763379693e-05,6.444778448790913,0.37880996101251707,0.672290298031855,0.7522679911835879,0.7052609573990141,0.69018108917927,28.598790644075958,0.48399432821671723,0.026041666666666668
gamma,random,35,30.0,9.0,0.0001284000463783741,2.5400135200470686e-05,6.411153039598958,0.37880996101251707,0.38934528723515827,0.555155770742459,0.6369138658736733,0.6162121660910036,27.74393980878185,0.47677727658047653,0.046875
gamma,random,35,60.0,12.0,0.00017200002912431955,3.410014323890209e-05,6.3788847824961765,0.37880996101251707,0.38934528723515827,0.555155770742459,0.6369138658736733,0.6162121660910036,27.701392346821034,0.4729941243244711,0.0625
gamma,random,35,90.0,19.0,0.00021770002786070108,4.310021176934242e-05,6.332823873110976,0.37880996101251707,0.38934528723515827,0.45741938839994445,0.5638448008704182,0.6286260231951784,27.54427777686391,0.46682020791254625,0.09375
gamma,random,35,120.0,25.0,0.0002669001114554703,5.350023275241256e-05,6.293312525176494,0.37880996101251707,0.38934528723515827,0.45741938839994445,0.5638448008704182,0.6286260231951784,27.323333757714384,0.4594717825961473,0.125
gamma,random,36,15.0,4.0,6.0899939853698015e-05,1.2499978765845299e-05,6.1662340994544875,0.943723186588344,0.9030387112013419,0.915295615101199,0.8040088725439332,0.7880336861801427,23.862053068552722,0.5038439429146465,0.020833333333333332
gamma,random,36,30.0,8.0,0.00011989992344751954,2.4699955247342587e-05,6.140312291647923,0.943723186588344,0.9030387112013419,0.915295615101199,0.8040088725439332,0.7880336861801427,23.821294418461292,0.49990656073581063,0.041666666666666664
gamma,random,36,60.0,11.0,0.00016469991533085704,3.3699965570122004e-05,6.113386517095482,0.943723186588344,0.9030387112013419,0.915295615101199,0.8040088725439332,0.7880336861801427,23.6672610618255,0.4945990259557936,0.057291666666666664
gamma,random,36,90.0,14.0,0.00021389994071796536,4.2499974370002747e-05,6.099184957570448,0.943723186588344,0.9030387112013419,0.915295615101199,0.8040088725439332,0.7880336861801427,23.665698462542377,0.4935683836263482,0.07291666666666667
gamma,random,36,120.0,20.0,0.0002950999769382179,5.9599929954856634e-05,6.065242437026154,0.5851544452511386,0.7438916313600498,0.7704367870894412,0.8040088725439332,0.7880336861801427,23.529458033485238,0.48856500140819925,0.09375
gamma,random,37,15.0,4.0,5.490001058205962e-05,8.700008038431406e-06,6.238389388070613,0.8532827291366749,0.8275831008469593,0.8516095928509966,0.7717665707636203,0.795450704792884,22.855857461030574,0.484193605497821,0.020833333333333332
gamma,random,37,30.0,6.0,7.479998748749495e-05,1.190003240481019e-05,6.229898823771656,0.8532827291366749,0.8275831008469593,0.8516095928509966,0.7717665707636203,0.795450704792884,22.855057653414796,0.4836188530515097,0.03125
gamma,random,37,60.0,12.0,0.0001539999502710998,2.5000132154673338e-05,6.183070555482076,0.8532827291366749,0.8275831008469593,0.8516095928509966,0.7717665707636203,0.795450704792884,22.5425148285913,0.47466419184290365,0.0625
gamma,random,37,90.0,15.0,0.000208800018299371,3.610010026022792e-05,6.170587647803759,0.8532827291366749,0.8275831008469593,0.8516095928509966,0.7717665707636203,0.795450704792884,22.537019396614262,0.47203400594763917,0.078125
gamma,random,37,120.0,19.0,0.0003094999701716006,4.6800123527646065e-05,6.163720449852242,0.8461065305588273,0.8797324008857418,0.7783211829639031,0.8083688907621543,0.7785541271569176,22.487113013447456,0.46940723786075,0.09895833333333333
gamma,random,38,15.0,3.0,5.100003909319639e-05,9.899958968162537e-06,6.301721598050105,0.6277668717009117,0.6309222723901757,0.7050424246390088,0.7569824472241804,0.7813983221852063,28.012624278018727,0.515499971190427,0.015625
gamma,random,38,30.0,5.0,8.38999985717237e-05,1.6200006939470768e-05,6.288677926585794,0.6277668717009117,0.6309222723901757,0.7050424246390088,0.7569824472241804,0.7813983221852063,28.01006768759337,0.5140924161202001,0.026041666666666668
gamma,random,38,60.0,11.0,0.00016060005873441696,3.2600073609501123e-05,6.269274408843462,0.6277668717009117,0.6309222723901757,0.7050424246390088,0.7569824472241804,0.7813983221852063,27.988719991633587,0.5085987360446018,0.046875
gamma,random,38,90.0,16.0,0.00022860011085867882,4.5100110583007336e-05,6.226414255929012,0.6277668717009117,0.6309222723901757,0.7050424246390088,0.7569824472241804,0.7813983221852063,27.82611341223133,0.4982100560174197,0.07291666666666667
gamma,random,38,120.0,26.0,0.0003594001173041761,6.910006050020456e-05,6.173622736448998,0.6277668717009117,0.6309222723901757,0.7050424246390088,0.7569824472241804,0.7813983221852063,27.69383596702044,0.47941958323327255,0.11979166666666667
gamma,random,39,15.0,5.0,6.639998173341155e-05,1.1699972674250603e-05,6.4233689618773,0.8203676438511539,0.7324841246070859,0.7912432041450155,0.8210628871513431,0.8369478975621312,24.784660980949074,0.47786702814524284,0.026041666666666668
gamma,random,39,30.0,10.0,0.00014020001981407404,2.3999891709536314e-05,6.385169297126431,0.8203676438511539,0.7324841246070859,0.7912432041450155,0.8210628871513431,0.8369478975621312,24.728701002064735,0.47209466706170994,0.052083333333333336
gamma,random,39,60.0,12.0,0.00017470004968345165,3.0499824788421392e-05,6.373978351129815,0.8203676438511539,0.7324841246070859,0.7912432041450155,0.8210628871513431,0.8369478975621312,24.713568587538408,0.4675761964914589,0.0625
gamma,random,39,90.0,15.0,0.0002204001066274941,3.7899764720350504e-05,6.340565487119496,0.5372202591283863,0.5753950318112924,0.6797950458136675,0.7293743245820354,0.7582049351839691,24.077480051457712,0.4613135567722945,0.078125
gamma,random,39,120.0,23.0,0.0003171000862494111,5.4799660574644804e-05,6.286289848863564,0.5372202591283863,0.5753950318112924,0.6797950458136675,0.7293743245820354,0.7582049351839691,23.896432196419152,0.45471566795166024,0.11458333333333333
gamma,random,40,15.0,2.0,3.439997090026736e-05,5.89998671784997e-06,6.165787523557234,0.914885704314444,0.8780948180444199,0.7424857178557016,0.7612387120645256,0.7406115614094337,23.627649128573495,0.4923969327785038,0.010416666666666666
gamma,random,40,30.0,3.0,6.009999196976423e-05,1.0399962775409222e-05,6.159135078208774,0.914885704314444,0.8780948180444199,0.7424857178557016,0.7612387120645256,0.7406115614094337,23.622618556295773,0.4892866890806602,0.015625
gamma,random,40,60.0,9.0,0.0001384999486617744,2.3799948394298553e-05,6.1063472119047,0.7026419971207958,0.8029606760196198,0.7994153999307656,0.7022670849004713,0.7198616739840145,23.578173390461508,0.4858103729239749,0.046875
gamma,random,40,90.0,13.0,0.00019349996000528336,3.369984915480018e-05,6.090255487065818,0.7026419971207958,0.8029606760196198,0.7994153999307656,0.7022670849004713,0.7198616739840145,23.56112040244766,0.47858929499927194,0.06770833333333333
gamma,random,40,120.0,18.0,0.0002579999854788184,4.489987622946501e-05,6.064392275440478,0.6326560659599529,0.6575636437187822,0.7183425953047642,0.7269755848583506,0.6515628166160081,23.48814725307458,0.47386974201126986,0.09375
gamma,random,41,15.0,1.0,2.3600005079060793e-05,3.89997148886323e-06,6.3141119995698025,0.8477102691619771,0.8477102691619771,0.7218696835838604,0.7244407025129842,0.7411413673573879,23.273923365367,0.5123309178881835,0.005208333333333333
gamma,random,41,30.0,2.0,5.2200048230588436e-05,3.309996100142598e-05,6.3100771430573515,0.8477102691619771,0.8477102691619771,0.7218696835838604,0.7244407025129842,0.7411413673573879,23.260460893503065,0.5100154485895564,0.010416666666666666
gamma,random,41,60.0,3.0,7.550005102530122e-05,3.659998765215278e-05,6.304097101181779,0.8477102691619771,0.8477102691619771,0.7218696835838604,0.7244407025129842,0.7411413673573879,23.259585743569907,0.5089383877282336,0.015625
gamma,random,41,90.0,7.0,0.0001246000174432993,4.6099943574517965e-05,6.291924785702347,0.8477102691619771,0.8477102691619771,0.7218696835838604,0.7244407025129842,0.7411413673573879,23.25284994835767,0.5046190487244747,0.036458333333333336
gamma,random,41,120.0,13.0,0.0001629000180400908,5.399988731369376e-05,6.268281726916179,0.8477102691619771,0.8477102691619771,0.7218696835838604,0.7244407025129842,0.7411413673573879,23.100608837646,0.5003252611979729,0.06770833333333333
gamma,random,42,15.0,2.0,3.410008503124118e-05,7.299997378140688e-06,6.2805173285955505,0.8333589626139686,0.6525974390812606,0.7635991622331368,0.7209267157136983,0.7223726525673666,25.53527464008389,0.5301633482960297,0.010416666666666666
gamma,random,42,30.0,3.0,5.630007945001125e-05,1.1499971151351929e-05,6.272896974496743,0.8333589626139686,0.6525974390812606,0.7635991622331368,0.7209267157136983,0.7223726525673666,25.534010577333344,0.5298700292732665,0.015625
gamma,random,42,60.0,4.0,7.960008224472404e-05,1.5700003132224083e-05,6.273666310715455,0.8333589626139686,0.6525974390812606,0.7635991622331368,0.7209267157136983,0.7223726525673666,25.531589385598426,0.5291943867671144,0.020833333333333332
gamma,random,42,90.0,11.0,0.00013390003005042672,2.7300033252686262e-05,6.227772390155455,0.5887105745321294,0.7022659467477231,0.6233314665839242,0.7088374894468477,0.6628804542360918,25.31753528733756,0.5253706135443446,0.052083333333333336
gamma,random,42,120.0,21.0,0.0002460000105202198,4.9100141040980816e-05,6.169775006148214,0.5887105745321294,0.7022659467477231,0.6233314665839242,0.7088374894468477,0.6628804542360918,25.203764080493116,0.5117400769928024,0.10416666666666667
gamma,random,43,15.0,6.0,8.089997572824359e-05,1.5599944163113832e-05,6.279853920947236,0.9690593457023328,0.9207090904915473,0.6595104033990233,0.5964283065971279,0.6368278497763387,20.081204380128842,0.4915089481848484,0.03125
gamma,random,43,30.0,6.0,8.089997572824359e-05,1.5599944163113832e-05,6.279853920947236,0.9690593457023328,0.9207090904915473,0.6595104033990233,0.5964283065971279,0.6368278497763387,20.081204380128842,0.4915089481848484,0.03125
gamma,random,43,60.0,8.0,0.0003071000101044774,2.269999822601676e-05,6.2558762472531875,0.9690593457023328,0.9207090904915473,0.6595104033990233,0.5964283065971279,0.6368278497763387,20.061024409590665,0.48909900169377185,0.041666666666666664
gamma,random,43,90.0,10.0,0.0003473000251688063,3.0099996365606785e-05,6.232000447982593,0.9690593457023328,0.9207090904915473,0.6595104033990233,0.5964283065971279,0.6368278497763387,19.97613804476121,0.4868414093389811,0.052083333333333336
gamma,random,43,120.0,24.0,0.0005070000770501792,6.0999998822808266e-05,6.152753156732995,0.7401131056541239,0.7066847542591688,0.7773477559959956,0.7840533443865376,0.6151366278916964,19.533495564156468,0.47288063826891497,0.11458333333333333
gamma,random,44,15.0,4.0,6.180000491440296e-05,1.3300101272761822e-05,6.336597839434165,0.9735423740598672,0.5445495184897613,0.5168257121793158,0.5951980631467232,0.6477283265256435,22.27093919822966,0.5115030747504359,0.020833333333333332
gamma,random,44,30.0,6.0,9.71999834291637e-05,2.0400038920342922e-05,6.325708460198437,0.9735423740598672,0.5445495184897613,0.5168257121793158,0.5951980631467232,0.6477283265256435,22.265975928381494,0.5088366971529369,0.03125
gamma,random,44,60.0,11.0,0.00015580002218484879,3.1800009310245514e-05,6.2613904123564055,0.1155566629196555,0.5445495184897613,0.5168257121793158,0.5951980631467232,0.6477283265256435,20.636571947526143,0.5005409846785979,0.057291666666666664
gamma,random,44,90.0,15.0,0.0002028000308200717,4.0899962186813354e-05,6.2207421962945615,0.1155566629196555,0.5445495184897613,0.5168257121793158,0.5951980631467232,0.6477283265256435,20.587689116670393,0.49673533031235073,0.078125
gamma,random,44,120.0,16.0,0.0002264000358991325,4.549999721348286e-05,6.215367066927467,0.1155566629196555,0.5445495184897613,0.5168257121793158,0.5951980631467232,0.6477283265256435,20.58672149042046,0.4956640618676977,0.08333333333333333
gamma,random,45,15.0,4.0,3.829994238913059e-05,6.200047209858894e-06,6.180212514972973,0.8484846006194652,0.8897184,0.8124436883581362,0.7920760556135241,0.8002337565648081,20.36029769848902,0.5233717552818049,0.020833333333333332
gamma,random,45,30.0,4.0,3.829994238913059e-05,6.200047209858894e-06,6.180212514972973,0.8484846006194652,0.8897184,0.8124436883581362,0.7920760556135241,0.8002337565648081,20.36029769848902,0.5233717552818049,0.020833333333333332
gamma,random,45,60.0,12.0,0.00012269982835277915,2.0800100173801184e-05,6.128658445773968,0.8484846006194652,0.8897184,0.8124436883581362,0.7920760556135241,0.8002337565648081,20.15207409772855,0.5139233058797182,0.057291666666666664
gamma,random,45,90.0,15.0,0.00016469985712319613,2.8400158043950796e-05,6.091886533566647,0.8484846006194652,0.8897184,0.8124436883581362,0.7920760556135241,0.8002337565648081,20.026907265921853,0.5077449964900351,0.07291666666666667
gamma,random,45,120.0,25.0,0.00027169985696673393,4.8200017772614956e-05,6.043874126121138,0.7696058543820617,0.7802789019607843,0.8074893333383075,0.7539641887045746,0.7440890131705262,19.896287385749112,0.49834924247698287,0.11979166666666667
gamma,random,46,15.0,3.0,4.859996261075139e-05,1.850002445280552e-05,6.417027841011841,0.0,0.1710965087559536,0.3674103060256111,0.40050647382022375,0.41616778216040873,19.481674073477404,0.4993981641539141,0.015625
gamma,random,46,30.0,7.0,0.0001042999210767448,3.1800009310245514e-05,6.350693663992286,0.0,0.3061252366695275,0.36028322466938645,0.2804035236647009,0.3877696805769354,19.148337489035026,0.4906248467861093,0.036458333333333336
gamma,random,46,60.0,13.0,0.00018309993902221322,4.9000082071870565e-05,6.33075413768253,0.0,0.2036802520980876,0.25487853876776323,0.30029041324409156,0.24145796772422434,18.821432626524064,0.4861327824130423,0.0625
gamma,random,46,90.0,16.0,0.00023549993056803942,6.0500053223222494e-05,6.318821531635762,0.0,0.2036802520980876,0.2757282127759222,0.2942356389791113,0.32512791406599995,18.843548701220687,0.48060593959360426,0.078125
gamma,random,46,120.0,30.0,0.0003198998747393489,8.010008605197072e-05,6.254754650212096,0.0,0.2036802520980876,0.2757282127759222,0.2942356389791113,0.32512791406599995,18.71082577431642,0.4593593329662406,0.15104166666666666
gamma,random,47,15.0,3.0,4.789995728060603e-05,9.899958968162537e-06,6.470548910467703,0.5024536334235363,0.5891651664531568,0.7018760420131938,0.754031759125593,0.784735927772974,27.218906600349452,0.5290051536402793,0.015625
gamma,random,47,30.0,9.0,0.00012539996532723308,3.389996709302068e-05,6.458449649404095,0.5024536334235363,0.5891651664531568,0.7018760420131938,0.754031759125593,0.784735927772974,27.20436428476072,0.5257962311695323,0.046875
gamma,random,47,60.0,11.0,0.0001620999537408352,4.449998959898949e-05,6.444448185537813,0.5024536334235363,0.5891651664531568,0.7018760420131938,0.754031759125593,0.784735927772974,27.189130522594144,0.5237922481201968,0.057291666666666664
gamma,random,47,90.0,13.0,0.00019899994367733598,5.2099989261478186e-05,6.430413826155977,0.5024536334235363,0.5891651664531568,0.7018760420131938,0.754031759125593,0.784735927772974,27.176559535649737,0.5209795473833446,0.06770833333333333
gamma,random,47,120.0,24.0,0.00033609993988648057,8.149998029693961e-05,6.380507438466128,0.0,0.23172542424533138,0.3630526682346715,0.47653005618153077,0.5568774768608622,25.31288260352209,0.5103910460842757,0.11458333333333333
gamma,random,48,15.0,2.0,2.700003096833825e-05,7.100054062902927e-06,6.207586542959767,0.8871532132092491,0.8923235391731524,0.9206112379926652,0.7605352019114726,0.7555813762051827,23.2626497635314,0.5349021455864066,0.010416666666666666
gamma,random,48,30.0,4.0,5.9399986639618874e-05,1.390004763379693e-05,6.195134447269912,0.8871532132092491,0.8923235391731524,0.9206112379926652,0.7605352019114726,0.7555813762051827,23.239666724962817,0.5310526442948666,0.020833333333333332
gamma,random,48,60.0,7.0,0.0001061999355442822,2.2500113118439913e-05,6.186472901120093,0.8871532132092491,0.8923235391731524,0.9206112379926652,0.7605352019114726,0.7555813762051827,23.217735215702554,0.5241164229498915,0.03125
gamma,random,48,90.0,11.0,0.00013649993343278766,2.8600101359188557e-05,6.138180694733056,0.6463610762765934,0.6466531719145705,0.7047912272225143,0.7318691809812643,0.7714575233245773,22.95244952893966,0.5118895264103789,0.052083333333333336
gamma,random,48,120.0,22.0,0.0002677000011317432,5.520012928172946e-05,6.067687414856898,0.0,0.2641439254180733,0.3614764897821918,0.44265042935098264,0.506091216846908,20.460494828932855,0.5030923522496767,0.109375
gamma,random,49,15.0,6.0,0.00010050000855699182,1.9300030544400215e-05,6.053246000200538,0.0,0.41005528463063345,0.44206110333215554,0.5219540660505539,0.5370108735635566,18.39861901419336,0.43850948478565077,0.03125
gamma,random,49,30.0,6.0,0.00010050000855699182,1.9300030544400215e-05,6.053246000200538,0.0,0.41005528463063345,0.44206110333215554,0.5219540660505539,0.5370108735635566,18.39861901419336,0.43850948478565077,0.03125
gamma,random,49,60.0,12.0,0.00017610000213608146,3.730005118995905e-05,6.0260035217900905,0.0,0.41005528463063345,0.44206110333215554,0.5219540660505539,0.5370108735635566,18.28342876918779,0.4322660027013102,0.0625
gamma,random,49,90.0,14.0,0.00021250004647299647,4.6800123527646065e-05,6.017820932005566,0.0,0.41005528463063345,0.44206110333215554,0.5219540660505539,0.5370108735635566,18.263768922544674,0.42815000687406246,0.07291666666666667
gamma,random,49,120.0,23.0,0.0002677000593394041,6.090017268434167e-05,5.977667296434483,0.0,0.41005528463063345,0.44206110333215554,0.5219540660505539,0.5370108735635566,18.15815342493469,0.4198075385388739,0.109375
gamma,d-optimality,0,15.0,30.0,0.2690149999107234,0.00011090008774772286,6.098536794353444,0.7456833747764254,0.6298432996409769,0.6702736642433222,0.6960939448993748,0.5988747008613622,22.749779546546627,0.44323629107493645,0.15625
gamma,d-optimality,0,30.0,60.0,0.31524520000675693,0.00024150009267032146,5.897516105350374,0.0,0.10454931088924224,0.16175986909055384,0.14964233906113267,0.14016350072255557,16.515979834059817,0.39747395550280884,0.3125
gamma,d-optimality,0,60.0,120.0,0.40157250012271106,0.00047490012366324663,5.599202140029789,0.05890372115342679,0.0,0.0,0.004524531505748719,0.0,5.737196822926965,0.29071746093189316,0.625
gamma,d-optimality,0,90.0,180.0,0.48570989980362356,0.0006693999748677015,5.464285542481494,0.05890372115342679,0.0,0.0,0.004524531505748719,0.0,4.942820478628197,0.23091004494220016,0.9375
gamma,d-optimality,0,120.0,240.0,0.5701409000321291,0.0008611997473053634,5.398084554512297,0.05890372115342679,0.0,0.0,0.0,0.0,4.126881920498843,0.22276478491556187,1.0
gamma,d-optimality,1,15.0,30.0,0.27121329988585785,0.00013290002243593335,6.01600058312775,0.9347333076207546,0.6541398008031399,0.7344440590085584,0.7679990010724181,0.7386161171583465,17.295458374956382,0.4438891205888345,0.15625
gamma,d-optimality,1,30.0,60.0,0.30986209970433265,0.0002445001155138016,5.849803024090456,0.0,0.1867731469927626,0.2442085465101015,0.24141453044959904,0.2108789610229045,12.792535645901934,0.3745387457520878,0.3125
gamma,d-optimality,1,60.0,120.0,0.3823549998924136,0.000423399789724499,5.577944957155616,0.0,0.0,0.0,0.04808461760398908,0.004362093376853782,8.11219306480183,0.2992922847836558,0.625
gamma,d-optimality,1,90.0,180.0,0.45601969986455515,0.0005842999089509249,5.419833506812355,0.0,0.0,0.0,0.04808461760398908,0.004362093376853782,5.588362231030307,0.2201241106181848,0.9375
gamma,d-optimality,1,120.0,240.0,0.5376308998675086,0.0007943996461108327,5.349162811810509,0.0,0.0,0.0,0.0,0.0,4.40709957316545,0.21041867798239872,1.0
gamma,d-optimality,2,15.0,30.0,0.27912819996709004,0.00016659992979839444,6.21967549759889,0.7165047011222713,0.6893153400132568,0.6914186056748974,0.5964590633550392,0.581138064308674,22.453463071383577,0.4586732203391817,0.15625
gamma,d-optimality,2,30.0,60.0,0.31747480016201735,0.00028939987532794476,6.105190483999053,0.5076622768479593,0.397814545243933,0.34882437811019085,0.3629866744428538,0.3314865999660429,20.508849761920914,0.43028151957880456,0.3125
gamma,d-optimality,2,60.0,120.0,0.39699590002419427,0.000511599937453866,5.80867976674734,0.0,0.12034319876955546,0.025358087745408597,0.02059263704324943,0.012133782626939982,10.481034892290246,0.31707162629261865,0.625
gamma,d-optimality,2,90.0,180.0,0.4779089998919517,0.0007217000820674002,5.556869627230481,0.0,0.12034319876955546,0.025358087745408597,0.02059263704324943,0.012133782626939982,6.56382685358958,0.22801124024237462,0.9375
gamma,d-optimality,2,120.0,240.0,0.5503885998623446,0.0009727003052830696,5.459790532199839,0.0,0.0,0.0,0.0,0.012133782626939982,4.932387076444159,0.21801020158181966,1.0
gamma,d-optimality,3,15.0,30.0,0.3175590002210811,0.00017840013606473804,6.085479222631771,0.8200156791766854,0.8546349576889408,0.8546175447521799,0.8421929448222008,0.8573487488608822,24.97522704131745,0.4361583276911545,0.15625
gamma,d-optimality,3,30.0,60.0,0.35589190025348216,0.00032060028752312064,5.891858077855513,0.3648302387128344,0.20233440326816465,0.1811850066318219,0.23446336141041835,0.3158025605959429,20.48114947404008,0.3809836815089003,0.3125
gamma,d-optimality,3,60.0,120.0,0.434687600354664,0.000504000170622021,5.639137599235629,0.0,0.0,0.0644366787190187,0.09851569034751184,0.055662008513103545,7.161069680496973,0.2837262235955244,0.625
gamma,d-optimality,3,90.0,180.0,0.5328831005026586,0.0007219001417979598,5.493961658552952,0.0,0.0,0.0644366787190187,0.09851569034751184,0.055662008513103545,5.75511894618482,0.23230053295489567,0.9375
gamma,d-optimality,3,120.0,240.0,0.6036663005361333,0.0009033998940140009,5.4025070822899375,0.0,0.0,0.0,0.049257845173755865,0.014752457354375581,4.463826275056419,0.21863962522083363,1.0
gamma,d-optimality,4,15.0,30.0,0.29048119991784915,0.00011589995119720697,6.1034635626368585,0.8336125289011037,0.8608665423373905,0.7376664503569111,0.7409558533444895,0.5423504157012403,24.004558377553813,0.41716529072724745,0.15625
gamma,d-optimality,4,30.0,60.0,0.31688519986346364,0.00018530001398175955,5.921393301696352,0.05890372115342679,0.02945186057671345,0.1864232872902568,0.2313363362712414,0.21457617151020447,17.67539389640639,0.3780390488694725,0.3125
gamma,d-optimality,4,60.0,120.0,0.3933888000319712,0.0003891000524163246,5.605832747607717,0.0,0.02945186057671345,0.05700380087141932,0.0,0.019285054442475857,6.666563447012279,0.2731298732015621,0.625
gamma,d-optimality,4,90.0,180.0,0.48159290006151423,0.0006371000199578702,5.452283077908123,0.0,0.02945186057671345,0.05700380087141932,0.0,0.019285054442475857,5.787906270227017,0.2217485396507493,0.9375
gamma,d-optimality,4,120.0,240.0,0.5697502003167756,0.0008865000563673675,5.330834863296292,0.0,0.0,0.0,0.0,0.019285054442475857,4.075502100074568,0.20677839315442173,1.0
gamma,d-optimality,5,15.0,30.0,0.2910723998793401,0.00011320010526105762,6.4042362736312475,0.5967632777462308,0.5158470931357915,0.5390452677533613,0.5675243072328839,0.54453027868564,24.31175111244838,0.44301517711093963,0.15625
gamma,d-optimality,5,30.0,60.0,0.33392129983985797,0.00023220019647851586,6.147276064372996,0.0,0.0,0.0,0.0,0.0,15.13065789713477,0.3951779325310815,0.3125
gamma,d-optimality,5,60.0,120.0,0.3966864998219535,0.0003901004674844444,5.834151679367433,0.0,0.0,0.0,0.0,0.004802935415663123,7.132278100186167,0.2857068364278367,0.625
gamma,d-optimality,5,90.0,180.0,0.4674230996752158,0.0005879004602320492,5.634998124175495,0.0,0.0,0.0,0.0,0.004802935415663123,5.319112853748344,0.22515178542977415,0.9375
gamma,d-optimality,5,120.0,240.0,0.5560764996916987,0.0008192002424038947,5.552630754904605,0.0,0.0,0.0,0.0,0.0,5.022708375286354,0.20326543411231865,1.0
gamma,d-optimality,6,15.0,30.0,0.2860621996806003,0.0001246000174432993,6.070974881422146,0.3532330099223374,0.3697116445655122,0.5078266906295745,0.5330942646929102,0.45623908426791104,20.94951876565162,0.4357425121071032,0.15625
gamma,d-optimality,6,30.0,60.0,0.32232309971004725,0.00023279991000890732,5.890857680816379,0.0,0.0,0.007150050582440337,0.04887009463733771,0.0697884273827265,14.48999414333766,0.39337421192993594,0.3125
gamma,d-optimality,6,60.0,120.0,0.4004491998348385,0.001374999526888132,5.56988472769141,0.0,0.0,0.007150050582440337,2.220446049250313e-16,2.220446049250313e-16,6.98420218240688,0.28217868769943144,0.625
gamma,d-optimality,6,90.0,180.0,0.47370719973696396,0.0015587994712404907,5.440205377078264,0.0,0.0,0.007150050582440337,2.220446049250313e-16,2.220446049250313e-16,5.633024945136392,0.21597859087135263,0.9375
gamma,d-optimality,6,120.0,240.0,0.5558275996008888,0.0017694993875920773,5.3636595583037945,0.0,0.0,0.0,0.0,0.0,4.669673532561356,0.20716547735446786,1.0
gamma,d-optimality,7,15.0,30.0,0.28201210004044697,0.00010789971565827727,6.018874569149432,0.40194266605064577,0.5627840773397275,0.6453118310598731,0.6961808574845373,0.73629430846358,18.620811989737323,0.4028230753749713,0.15625
gamma,d-optimality,7,30.0,60.0,0.32001960009802133,0.00020889972802251577,5.847534722468918,0.0,0.07482096400811356,0.09880173235535517,0.0807520862178358,0.11998738490776228,12.605065230464428,0.34415077489252827,0.3125
gamma,d-optimality,7,60.0,120.0,0.4224358999636024,0.0004925995017401874,5.5477604136810585,0.0,0.0,0.0,0.02160994193039778,0.022645892722566452,5.110352680121165,0.245003219592296,0.625
gamma,d-optimality,7,90.0,180.0,0.5198533002985641,0.0008012994076125324,5.479496110137501,0.0,0.0,0.0,0.02160994193039778,0.022645892722566452,4.977850128634868,0.22265189243546593,0.9375
gamma,d-optimality,7,120.0,240.0,0.5990137999760918,0.0010597993968985975,5.410862758652002,0.0,0.0,0.0,0.0026960472537086444,0.01831367344932655,4.556387230802357,0.20872036619018738,1.0
gamma,d-optimality,8,15.0,30.0,0.2601657000486739,0.00011609995272010565,6.2285527268652965,0.5076622768479593,0.6211585613066394,0.5090637826221637,0.40954805372812353,0.4655383287461524,23.00743062114067,0.43325842048964813,0.15625
gamma,d-optimality,8,30.0,60.0,0.2991848001838662,0.00023900019004940987,6.023819511407974,0.3648302387128344,0.2884787407250098,0.25885348098815153,0.22155394131493333,0.1964529420386627,19.034243788249004,0.3855734908941104,0.3125
gamma,d-optimality,8,60.0,120.0,0.3848952003172599,0.00047240033745765686,5.767150664898838,0.0,0.0,0.004905424765740074,0.03369864667275424,0.03931599433252464,7.786021973783471,0.2922014409358513,0.625
gamma,d-optimality,8,90.0,180.0,0.47090900025796145,0.0006915006088092923,5.617245275251871,0.0,0.0,0.004905424765740074,0.03369864667275424,0.03931599433252464,6.425274687281644,0.2326701514218752,0.9375
gamma,d-optimality,8,120.0,240.0,0.5612881002016366,0.0009307004511356354,5.540528268363492,0.0,0.0,0.004905424765740074,0.003946474359598495,0.014428936696904149,5.212412051767621,0.22442598529361238,1.0
gamma,d-optimality,9,15.0,30.0,0.25522260001162067,9.079993469640613e-05,6.194314991854379,0.317696301674257,0.5339881600704302,0.6208986033975825,0.6563599442449246,0.6756341204989484,24.588203339425636,0.4481572733676746,0.15625
gamma,d-optimality,9,30.0,60.0,0.2833639000309631,0.00017089967150241137,5.980878050207497,0.0,0.10976765972335867,0.10253185233583784,0.15842942636111512,0.173537910773627,18.120895133200268,0.3966992843189122,0.3125
gamma,d-optimality,9,60.0,120.0,0.38003239984391257,0.0004254995146766305,5.7220905111569165,0.0,0.0,0.003440460633779674,0.01814927154293655,0.0,9.587178715016769,0.3089815691919563,0.625
gamma,d-optimality,9,90.0,180.0,0.46617009956389666,0.0006654993630945683,5.493886445905602,0.0,0.0,0.003440460633779674,0.01814927154293655,0.0,6.4712727984671226,0.22022486494220372,0.9375
gamma,d-optimality,9,120.0,240.0,0.5574953995528631,0.000902998901437968,5.35449281348352,0.0,0.0,0.0,0.0,0.0,4.603446436061253,0.2023169899066639,1.0
gamma,d-optimality,10,15.0,30.0,0.26524810009868816,0.0001243000733666122,6.234390982463185,0.8229288106523276,0.7515584547808127,0.8083837165011201,0.4751488839792145,0.5173055892877556,19.689749865049784,0.4582395055135865,0.15625
gamma,d-optimality,10,30.0,60.0,0.2947551998659037,0.00019170029554516077,6.003945732009275,0.0,0.0073704802629662725,0.031894955823164706,0.11098647321032806,0.171570118279593,14.0637935685846,0.4094681284662716,0.3125
gamma,d-optimality,10,60.0,120.0,0.36205529974540696,0.0003627004916779697,5.6302526221395555,0.0,0.0073704802629662725,0.0,0.0,0.0,7.25284553546537,0.2963026847354865,0.625
gamma,d-optimality,10,90.0,180.0,0.457653499848675,0.0006099006277509034,5.513000593261652,0.0,0.0073704802629662725,0.0,0.0,0.0,5.299754656323359,0.2410154541120859,0.9375
gamma,d-optimality,10,120.0,240.0,0.5405070000560954,0.0008255006978288293,5.411270270018996,0.0,0.0073704802629662725,0.0,0.0,0.0,3.9521891903725916,0.22956586537320267,1.0
gamma,d-optimality,11,15.0,30.0,0.2647292999899946,0.00012520002201199532,6.1721164187149915,0.43752361196416767,0.37792977698242114,0.3915155171683814,0.38620192965234745,0.4555487703081478,22.593279026713628,0.45703391761274104,0.15625
gamma,d-optimality,11,30.0,60.0,0.31092239991994575,0.00025680020917207,5.981001121948441,0.39022030107427186,0.1457531955193545,0.2063755874507811,0.19435854554142262,0.19385725206266635,18.546209083108085,0.41098037214695365,0.3125
gamma,d-optimality,11,60.0,120.0,0.39803630008827895,0.0004798003355972469,5.700135482495592,0.1155566629196555,0.07817145879263643,0.1425653075913459,0.0,0.017079492834485732,7.803733314765847,0.30008733149488964,0.625
gamma,d-optimality,11,90.0,180.0,0.4756601999979466,0.0006677003693766892,5.579040769740609,0.1155566629196555,0.07817145879263643,0.1425653075913459,0.0,0.017079492834485732,7.354568517533153,0.25143800050776743,0.9375
gamma,d-optimality,11,120.0,240.0,0.5618379003135487,0.0008947003516368568,5.474059585654153,0.1155566629196555,0.07817145879263643,0.0,0.020191233983764212,0.017079492834485732,5.48758266363639,0.24049877065725936,1.0
gamma,d-optimality,12,15.0,30.0,0.28260850004153326,0.00011169997742399573,6.124512426537785,0.5847047724992366,0.7042068548879095,0.6845889045007478,0.5776333746555968,0.6337144797205772,20.522958837065087,0.4488611502711141,0.15625
gamma,d-optimality,12,30.0,60.0,0.3209900999790989,0.0002220001188106835,5.963172987459089,0.4261385944248135,0.4176086160768756,0.4315496532656484,0.35024407111353073,0.32564680616245456,17.91127599094768,0.4090165070806586,0.3125
gamma,d-optimality,12,60.0,120.0,0.39519140031188726,0.00041040003998205066,5.755474580503827,0.0,0.0,0.0,0.02202360151114413,0.01880360214586041,8.491394401057944,0.31904789239701065,0.625
gamma,d-optimality,12,90.0,180.0,0.477265200112015,0.0006035000551491976,5.558106638441502,0.0,0.0,0.0,0.02202360151114413,0.01880360214586041,7.051652624128269,0.24823405419514522,0.9375
gamma,d-optimality,12,120.0,240.0,0.5404305000556633,0.0007523998501710594,5.395072158817546,0.0,0.0,0.0,0.0,0.0,4.7981540854475275,0.2226065463941552,1.0
gamma,d-optimality,13,15.0,30.0,0.2621545001748018,0.00011070020264014602,6.14493831969223,0.7618477013825312,0.7419064180070745,0.6428383963995974,0.7012440152932937,0.7408231927048472,21.978139028705762,0.4287319810403854,0.15625
gamma,d-optimality,13,30.0,60.0,0.29453430004650727,0.00018990045646205544,5.949575934279701,0.0,0.13987883943566837,0.12473547699413745,0.11474371486197388,0.10573413013712929,16.963130901517385,0.37820514016996887,0.3125
gamma,d-optimality,13,60.0,120.0,0.39089060021797195,0.0005328007973730564,5.657673541817001,0.1473096846716344,0.0,0.0,0.0,0.02742664798254868,6.97277812273373,0.2833042537517718,0.625
gamma,d-optimality,13,90.0,180.0,0.46826860040891916,0.0007183013949543238,5.585852135243445,0.1473096846716344,0.0,0.0,0.0,0.02742664798254868,6.405379857323949,0.24685747478589226,0.9375
gamma,d-optimality,13,120.0,240.0,0.5563912002835423,0.0009377010865136981,5.475285172588638,0.0,0.0,0.004801326464143885,0.0038788171043011577,0.0,4.390182099911766,0.23258896573161067,1.0
gamma,d-optimality,14,15.0,30.0,0.28223970014369115,0.00012209999840706587,6.097755223057997,0.9506920451075339,0.8928575614190736,0.9086513078490253,0.9098443745357101,0.8950312725403137,25.7014109782738,0.4568448079226274,0.15625
gamma,d-optimality,14,30.0,60.0,0.3191932000336237,0.00023250019876286387,5.937839830053882,0.008572176416699384,0.0,0.09153881062500602,0.1645659960841751,0.18878905635795962,19.34459869441024,0.40754649892180994,0.3125
gamma,d-optimality,14,60.0,120.0,0.40128129988443106,0.00044150016037747264,5.64621796783517,0.008572176416699384,0.0,0.0,0.0,0.0,6.627632679050114,0.2907941295631128,0.625
gamma,d-optimality,14,90.0,180.0,0.48629029968287796,0.0006727998843416572,5.528645958082239,0.008572176416699384,0.0,0.0,0.0,0.0,5.789698156946383,0.23931671100067564,0.9375
gamma,d-optimality,14,120.0,240.0,0.572597699763719,0.00090929982252419,5.407330339272967,0.008572176416699384,0.0,0.0,0.0,0.0,4.077155407855187,0.22315753224361534,1.0
gamma,d-optimality,15,15.0,30.0,0.2693417999544181,9.90999978967011e-05,6.207811656181037,0.6309841643763905,0.17444435310172468,0.3557831837436666,0.2845717657725255,0.3541324628384429,20.93279783800273,0.46018370081811877,0.15625
gamma,d-optimality,15,30.0,60.0,0.31072839978151023,0.0002093000221066177,6.022262903589753,0.0,0.0,0.006847574888479646,0.039297270680923035,0.11073525341495594,14.974677862254579,0.4065075050079218,0.3125
gamma,d-optimality,15,60.0,120.0,0.38012649957090616,0.0003912004176527262,5.754876762790719,0.0,0.0,0.036099642841438295,0.02887415588069786,0.02405870956187628,7.421732033702074,0.30012088807210174,0.625
gamma,d-optimality,15,90.0,180.0,0.4658034994499758,0.0006124002975411713,5.590583764688444,0.0,0.0,0.036099642841438295,0.02887415588069786,0.02405870956187628,6.583391314890247,0.2476446495711297,0.9375
gamma,d-optimality,15,120.0,240.0,0.5470313996192999,0.0008045003633014858,5.48146859449341,0.0,0.0,0.036099642841438295,0.02887415588069786,0.02405870956187628,5.09308309094502,0.232301134490022,1.0
gamma,d-optimality,16,15.0,30.0,0.2841216002125293,0.00012429995695129037,6.158478749114972,0.0,0.20113765765863234,0.22661901679731655,0.2839037659308289,0.34129686752511557,21.719657830751906,0.4658374201644762,0.15625
gamma,d-optimality,16,30.0,60.0,0.31831340020289645,0.0002142998855561018,5.912095617718388,0.01577368333485396,0.0,0.0,0.06302898309405458,0.07201154122149589,14.37271208107608,0.408787259349726,0.3125
gamma,d-optimality,16,60.0,120.0,0.3964015002711676,0.0004332999815233052,5.666397351640058,0.01577368333485396,0.0,0.0,0.0,0.037968426088343166,7.633239071531917,0.3199061722664133,0.625
gamma,d-optimality,16,90.0,180.0,0.48583260003942996,0.0006598003674298525,5.575815124561814,0.01577368333485396,0.0,0.0,0.0,0.037968426088343166,6.729246261333606,0.2613045627705017,0.9375
gamma,d-optimality,16,120.0,240.0,0.5749506003339775,0.0009023002348840237,5.502320580632914,0.01577368333485396,0.0371672702978304,0.0,0.0,0.01872333957901462,5.641017945604059,0.2466044846865418,1.0
gamma,d-optimality,17,15.0,30.0,0.2957492000423372,0.0001286999904550612,6.130561455987959,0.2710323692361384,0.3672086986869084,0.545502752561158,0.5618167157511653,0.5989405849870995,27.00830169329415,0.4335462561100213,0.15625
gamma,d-optimality,17,30.0,60.0,0.33578180003678426,0.0002464996068738401,5.963999548275737,0.0,0.13551618461806914,0.25230741186335626,0.2906970861199386,0.314082611945697,23.43156148254735,0.3859237428867898,0.3125
gamma,d-optimality,17,60.0,120.0,0.4229359999881126,0.00047979975352063775,5.666623457848977,0.008572176416699384,0.004286088208349748,0.0,0.021456321982812554,0.001748209592245198,11.46704327942964,0.28593438368724716,0.625
gamma,d-optimality,17,90.0,180.0,0.5059252001810819,0.0007039998890832067,5.5197982983110885,0.008572176416699384,0.004286088208349748,0.0,0.021456321982812554,0.001748209592245198,7.415355514600588,0.2200085743097372,0.9375
gamma,d-optimality,17,120.0,240.0,0.5898733001668006,0.000923299987334758,5.445408024230001,0.008572176416699384,0.004286088208349748,0.0,0.01937220710640042,0.0,5.684348124784224,0.20994849242041355,1.0
gamma,d-optimality,18,15.0,30.0,0.2819189002038911,0.00014210003428161144,6.058479624408155,0.7721696037665281,0.772298697949007,0.41733906211185845,0.5188228809109612,0.5757363492940674,20.069546355290775,0.4401699085484704,0.15625
gamma,d-optimality,18,30.0,60.0,0.3207367002614774,0.00026020000223070383,5.835389358765327,0.0,0.133010766041593,0.18210247398588664,0.18076838991649413,0.24214850434968627,14.186111982637854,0.36489362693799665,0.3125
gamma,d-optimality,18,60.0,120.0,0.40133300027810037,0.00047119997907429934,5.580987541725297,0.0,0.0,0.0,0.0,0.004208824413250656,7.954059275583772,0.30326992003047853,0.625
gamma,d-optimality,18,90.0,180.0,0.47664580040145665,0.0006444998434744775,5.3779361616690595,0.0,0.0,0.0,0.0,0.004208824413250656,6.365319378164881,0.21247166364030684,0.9375
gamma,d-optimality,18,120.0,240.0,0.5593250005622394,0.000854300451464951,5.262527488626391,0.0,0.0,0.0,0.0,0.015572316080596504,4.914365120377088,0.19452408986646338,1.0
gamma,d-optimality,19,15.0,30.0,0.2799914000206627,7.360003655776381e-05,6.137308932944543,0.8619022661311985,0.821805176993455,0.6431335484553,0.6970569922943158,0.6806626770705908,20.81661361771562,0.42349342557845726,0.15625
gamma,d-optimality,19,30.0,60.0,0.31511159997899085,0.00017040001694113016,5.944687979205935,0.4073605041961753,0.3064394715369525,0.25937039069303836,0.21774454607712834,0.21518319552932363,17.23402302046975,0.382654363828956,0.3125
gamma,d-optimality,19,60.0,120.0,0.3918431999627501,0.00038430007407441735,5.6432112654870545,0.0,0.15592125136716373,0.047393366121813885,0.008212604983236726,0.006888892830802962,8.053210539693145,0.2811875445816311,0.625
gamma,d-optimality,19,90.0,180.0,0.46452450030483305,0.0005644998163916171,5.493809607219738,0.0,0.15592125136716373,0.047393366121813885,0.008212604983236726,0.006888892830802962,6.353236780968552,0.2245750329613106,0.9375
gamma,d-optimality,19,120.0,240.0,0.5537808006047271,0.000795499887317419,5.354373887643177,0.0,0.09054356695196264,0.0,0.008212604983236838,0.006888892830802962,4.443859136930161,0.20325648966541515,1.0
gamma,d-optimality,20,15.0,30.0,0.28965089994017035,0.00010389991803094745,6.254245862261733,0.3769613270527191,0.4090419227392449,0.42711088571753075,0.5248657686242472,0.5927127448035436,19.08118224535041,0.4165844766966114,0.15625
gamma,d-optimality,20,30.0,60.0,0.3303859001607634,0.0002188999205827713,6.032837016229176,0.0,0.0,0.05938847904235911,0.05068662035013949,0.039635891968426984,13.409486149777598,0.3586580488664081,0.3125
gamma,d-optimality,20,60.0,120.0,0.41040950029855594,0.00043689965968951583,5.717454605821334,0.0,0.0,0.05938847904235911,0.0874521054598193,0.07302644660966395,6.011872242202656,0.26434609706786105,0.625
gamma,d-optimality,20,90.0,180.0,0.496278400241863,0.0006476997514255345,5.582566936922749,0.0,0.0,0.05938847904235911,0.0874521054598193,0.07302644660966395,5.655891083158918,0.21513890015896914,0.9375
gamma,d-optimality,20,120.0,240.0,0.5800936000305228,0.0008559997659176588,5.494850130179494,0.0,0.0,0.030805315414543677,0.0032210463650814702,0.021766132319074205,4.6273663148134245,0.2038112547190143,1.0
gamma,d-optimality,21,15.0,30.0,0.29931329988176003,0.00012410007184371352,6.14497932796674,0.6423786310898258,0.5858264502370816,0.6779982383519936,0.7277150762962635,0.7576938912535958,16.547249078184624,0.46063159704030904,0.15625
gamma,d-optimality,21,30.0,60.0,0.33720439969329163,0.00023069989401847124,5.946202143215686,0.414299153339605,0.33995709703245713,0.3098434809931855,0.257484335690092,0.21781878884570138,13.579289941951439,0.39960765089665673,0.3125
gamma,d-optimality,21,60.0,120.0,0.41990549955517054,0.00045200000749900937,5.636870841668734,0.0,0.0,0.07481039736000106,0.0067078174721796335,0.0,5.742095163392576,0.2960606402590163,0.625
gamma,d-optimality,21,90.0,180.0,0.48946029954822734,0.0006396001554094255,5.507692828156933,0.0,0.0,0.07481039736000106,0.0067078174721796335,0.0,5.206084308852601,0.23534846638850562,0.9375
gamma,d-optimality,21,120.0,240.0,0.5739967996487394,0.0008777995826676488,5.418028284134554,0.0,0.0,0.0,0.0,0.0,4.292133764437979,0.22630369781621018,1.0
gamma,d-optimality,22,15.0,30.0,0.2798430000548251,9.560002945363522e-05,6.19791449183301,0.3067619299056168,0.2923670620282617,0.28953007884316206,0.1392742507802145,0.28190625114305556,22.069733663945,0.4201724732378628,0.15625
gamma,d-optimality,22,30.0,60.0,0.3172039000201039,0.00019960006466135383,6.003685645079142,0.0,0.00988403987666231,0.027537653797199857,0.07915249454918549,0.10586749838917064,15.615144878042324,0.36675728797708346,0.3125
gamma,d-optimality,22,60.0,120.0,0.38994499982800335,0.00037860008887946606,5.727151189645769,0.0,0.00988403987666231,0.006927503182010963,0.05152238040271906,0.04238661590795911,8.296273812942934,0.27709473247450706,0.625
gamma,d-optimality,22,90.0,180.0,0.46485979948192835,0.0005450002499856055,5.553626740221332,0.0,0.00988403987666231,0.006927503182010963,0.05152238040271906,0.04238661590795911,7.311399808553525,0.21643121080509603,0.9375
gamma,d-optimality,22,120.0,240.0,0.5396778995636851,0.0007325000478886068,5.417518284960605,0.0,0.00988403987666231,0.006927503182010963,0.0,0.0,4.6161497063954835,0.20285045460329593,1.0
gamma,d-optimality,23,15.0,30.0,0.2670799999614246,9.569985559210181e-05,6.086527792964152,0.9751008266806265,0.8825575146935348,0.716313074429966,0.7643814639728259,0.7802844835710754,20.758931656270498,0.47570289999385734,0.15625
gamma,d-optimality,23,30.0,60.0,0.3049929001717828,0.00019529997371137142,5.901278247395198,0.0,0.08552825436053413,0.11858658150608758,0.1384191648181201,0.18666220617909857,14.555296050502474,0.40711848820956614,0.3125
gamma,d-optimality,23,60.0,120.0,0.37670970015460625,0.00038009992567822337,5.633154119312405,0.0,0.0,0.0,0.022168872567189357,2.220446049250313e-16,7.502659420308982,0.32757517599971864,0.625
gamma,d-optimality,23,90.0,180.0,0.44128520000958815,0.0005338999908417463,5.381920011377379,0.0,0.0,0.0,0.022168872567189357,2.220446049250313e-16,4.9813210640474574,0.23813155976153752,0.9375
gamma,d-optimality,23,120.0,240.0,0.5127173000364564,0.0007355003035627306,5.293721069143831,0.0,0.0,0.0,0.0,0.0,4.331015715627099,0.22127288912299076,1.0
gamma,d-optimality,24,15.0,30.0,0.2760450999485329,7.870001718401909e-05,6.2716490243276395,0.8282292893600314,0.4141146446800157,0.5891137358402769,0.4999323402524304,0.5324543759468593,27.839133145141748,0.4329984130200944,0.15625
gamma,d-optimality,24,30.0,60.0,0.30898539983900264,0.0001618000096641481,6.106797058931686,0.0,0.0,0.0,0.05149335716875092,0.10191865749912599,18.796284064160368,0.38844065253959176,0.3125
gamma,d-optimality,24,60.0,120.0,0.3839623997337185,0.0003635999746620655,5.77324372692664,0.0,0.0,0.0,0.0,0.035111292390164306,8.447127288116622,0.2877312381938833,0.625
gamma,d-optimality,24,90.0,180.0,0.4680687997606583,0.0005648001679219306,5.631315028622559,0.0,0.0,0.0,0.0,0.035111292390164306,7.707068294176654,0.23480982122163113,0.9375
gamma,d-optimality,24,120.0,240.0,0.5508057997212745,0.000756600231397897,5.53671256678568,0.0,0.0,0.0,0.0,0.0,5.743100323001192,0.2204114505796154,1.0
gamma,d-optimality,25,15.0,30.0,0.27499300002818927,0.00012169976253062487,6.171545548597098,0.3587772106617808,0.5281510491841332,0.5913286054617313,0.6619492395878201,0.6995277381067928,24.03685004256814,0.4748756926048774,0.15625
gamma,d-optimality,25,30.0,60.0,0.3111872000154108,0.00021289958385750651,6.0066952169292405,0.27893927496401005,0.2565360109278235,0.25702975674018713,0.3217360259766079,0.3392798214112396,20.83490789313719,0.41257069928517426,0.3125
gamma,d-optimality,25,60.0,120.0,0.3820703002274968,0.0003809995832853019,5.697557114104934,0.0,0.0,0.0066505582438283195,0.029448991087107745,0.0,10.77971186795677,0.3241117422139531,0.625
gamma,d-optimality,25,90.0,180.0,0.45419740001671016,0.0005269997636787593,5.437048368903717,0.0,0.0,0.0066505582438283195,0.029448991087107745,0.0,5.623881022645141,0.22794444188920288,0.9375
gamma,d-optimality,25,120.0,240.0,0.5361195999430493,0.000713199726305902,5.339438868168281,0.0,0.0,0.0,0.024255326198601712,0.0,4.485081814169281,0.21051546669212182,1.0
gamma,d-optimality,26,15.0,30.0,0.27153779979562387,0.00010659982217475772,6.152113439814187,0.48469441172621386,0.7134234838303417,0.74187486129549,0.7765226427246872,0.8113791344458011,23.523983537110052,0.4477804187274413,0.15625
gamma,d-optimality,26,30.0,60.0,0.30412459961371496,0.00020479975501075387,6.026695737375264,0.34170374732801123,0.38434634816147206,0.3914336094645905,0.3573116540310426,0.3470828924162257,20.77840802921624,0.3988838570017845,0.3125
gamma,d-optimality,26,60.0,120.0,0.3663229994708672,0.00035710015799850225,5.7299184614068395,0.0,0.020395371684950314,0.07850977892014244,0.06313323458456566,0.08836819970153309,13.429671368245772,0.31930765800376476,0.625
gamma,d-optimality,26,90.0,180.0,0.44946549949236214,0.000573399942368269,5.5101452682913346,0.0,0.0,0.0,0.0,0.0,6.395256710582186,0.237741855881562,0.9375
gamma,d-optimality,26,120.0,240.0,0.5232413994963281,0.000763499818276614,5.403897200128757,0.0,0.020395371684950314,0.0,0.0,0.0,4.624155576220603,0.22658669772757478,1.0
gamma,d-optimality,27,15.0,30.0,0.2574795999098569,9.770016185939312e-05,6.1709853455789725,0.4524411584058592,0.178771358553107,0.3343259556206942,0.40921733583067577,0.4903023862999507,20.597231440803405,0.44452363689292496,0.15625
gamma,d-optimality,27,30.0,60.0,0.2936418995959684,0.00018270028522238135,5.9602936292318605,0.0,0.0,0.011648201976892869,0.0,0.018361149944005506,11.5667511965543,0.39676303733123175,0.3125
gamma,d-optimality,27,60.0,120.0,0.3613283997983672,0.00033440033439546824,5.697835188812328,0.0,0.0,0.011648201976892869,0.0,0.01378824341963325,6.845706849963894,0.29763882335296565,0.625
gamma,d-optimality,27,90.0,180.0,0.4381057995487936,0.000515600258950144,5.517419840118884,0.0,0.0,0.011648201976892869,0.0,0.01378824341963325,5.797885127937365,0.2286561915582,0.9375
gamma,d-optimality,27,120.0,240.0,0.5058388995239511,0.0006722002872265875,5.388779645208128,0.0,0.0,0.0,0.0,0.01378824341963325,4.716397382904859,0.2148077579453493,1.0
gamma,d-optimality,28,15.0,30.0,0.29991620004875585,9.929988300427794e-05,6.441081975796322,0.2710323692361384,0.4458380856598664,0.5062097305374504,0.6069821076592048,0.6606024948254886,25.108488086970482,0.49103942134979817,0.15625
gamma,d-optimality,28,30.0,60.0,0.33888029982335865,0.00018690008437260985,6.227454100908936,0.05890372115342679,0.1396285038458729,0.26362383381995846,0.2711988117443008,0.29379058633929,20.984301988199547,0.4163214356010311,0.3125
gamma,d-optimality,28,60.0,120.0,0.41447019984479994,0.0003744005225598812,5.919313556674673,0.05890372115342679,0.08637060842889488,0.0,0.0,0.04461600648854758,13.011337506594963,0.32659318011712984,0.625
gamma,d-optimality,28,90.0,180.0,0.4884342997102067,0.0005880006356164813,5.613760069090792,0.05890372115342679,0.08637060842889488,0.0,0.0,0.04461600648854758,6.64253931528751,0.22575058572834386,0.9375
gamma,d-optimality,28,120.0,240.0,0.5769221994560212,0.0008001006208360195,5.498851209200308,0.05890372115342679,0.0,0.0,0.0,0.0,4.560719102428525,0.20969250757811125,1.0
gamma,d-optimality,29,15.0,30.0,0.26141850010026246,6.960000609979033e-05,6.059658503082491,0.0,0.36922591608312527,0.4478018320985059,0.5098624330715806,0.548307350812622,22.04094582898728,0.45688393927731935,0.15625
gamma,d-optimality,29,30.0,60.0,0.29534700023941696,0.00014309980906546116,5.844140245609716,0.0,0.09498754549539767,0.0,0.0,0.0,14.2499441761027,0.3975192668490127,0.3125
gamma,d-optimality,29,60.0,120.0,0.36971850018016994,0.000329299655277282,5.49760586984393,0.0,0.09498754549539767,0.0,0.039859710559609685,0.017764750720433375,7.225658765814461,0.2761148250345444,0.625
gamma,d-optimality,29,90.0,180.0,0.4455866000498645,0.0004947999259456992,5.369529904028568,0.0,0.09498754549539767,0.0,0.039859710559609685,0.017764750720433375,5.879274583514416,0.22233509567943954,0.9375
gamma,d-optimality,29,120.0,240.0,0.5291080999886617,0.0007004998042248189,5.256682850932273,0.0,0.0,0.0,0.0,0.0,4.174562188086826,0.20862585885842605,1.0
gamma,d-optimality,30,15.0,30.0,0.30149980017449707,0.0001265004393644631,6.183537522106896,0.9241235670261418,0.7789352198351698,0.824959247526639,0.8174552798918895,0.8341795164867726,20.243943679044648,0.4792591128736577,0.15625
gamma,d-optimality,30,30.0,60.0,0.33944660029374063,0.00023540062829852104,5.999356488307346,0.4405805964976658,0.3889604064569734,0.362728182681054,0.45516312659348035,0.46978486107243567,17.17764306855656,0.40404840494821,0.3125
gamma,d-optimality,30,60.0,120.0,0.40672600036486983,0.00041430076817050576,5.636891979383667,0.0,0.004325330452383036,0.0771565243439083,0.06352811237685796,0.07091786300586511,7.744480426545255,0.2954695601903209,0.625
gamma,d-optimality,30,90.0,180.0,0.4720164004829712,0.0006011008517816663,5.425995369371314,0.0,0.004325330452383036,0.0771565243439083,0.06352811237685796,0.07091786300586511,5.0186820648129125,0.22058659432676875,0.9375
gamma,d-optimality,30,120.0,240.0,0.5270899005117826,0.0007475014426745474,5.320584963338649,0.0,0.09531737095923942,0.07023172084931384,0.07866996010080352,0.021336832974132247,4.159467675917761,0.2079426130381114,1.0
gamma,d-optimality,31,15.0,30.0,0.25944359990535304,0.000123599951621145,6.4210583604182645,0.47650885573441526,0.43713555225803824,0.5680183585528018,0.6106019200327619,0.6724142372209678,28.556699902896877,0.5212128543886443,0.15625
gamma,d-optimality,31,30.0,60.0,0.29896479967283085,0.0002583997556939721,6.242693541876453,0.0,0.18551479655645886,0.23481977662567077,0.24534411743859108,0.287611391236788,24.227637539778613,0.4539644429954906,0.3125
gamma,d-optimality,31,60.0,120.0,0.37631749972933903,0.0004606996662914753,5.936718538775892,0.0,0.1134456108845282,0.20401528685736103,0.20404183434795264,0.16887028819630912,18.783110659406034,0.3560005492341618,0.625
gamma,d-optimality,31,90.0,180.0,0.45837679982651025,0.00067579944152385,5.549808223422358,0.0,0.0,0.07741707019142385,0.018129267505138658,0.06223452515656036,7.280962136801411,0.23312471895571443,0.9375
gamma,d-optimality,31,120.0,240.0,0.5371179998037405,0.0008568997145630419,5.43354948989646,0.0,0.0,0.05451861519056844,0.0,0.01500424968322911,5.403045009250513,0.21922688279088254,1.0
gamma,d-optimality,32,15.0,30.0,0.25852680002572015,6.850023055449128e-05,6.288740677099619,0.633833850350912,0.690702720700689,0.670853890879281,0.7408837318365129,0.7463030327052563,26.56007424500102,0.4666172496625869,0.15625
gamma,d-optimality,32,30.0,60.0,0.294417200027965,0.0001605003490112722,6.098649103569959,0.0,0.0,0.1979604384260384,0.2874728193984658,0.30946549870437445,21.392261233844135,0.41635685040038223,0.3125
gamma,d-optimality,32,60.0,120.0,0.3614984001033008,0.00030980014707893133,5.796575084845471,0.050766726068686485,0.0,0.0,0.056675468351075065,0.08182606412231896,15.36554658060602,0.3247519483390427,0.625
gamma,d-optimality,32,90.0,180.0,0.44375539995962754,0.0004915001918561757,5.508425744702822,0.050766726068686485,0.0,0.0,0.0,0.0,6.513905012318419,0.22567231130913862,0.9375
gamma,d-optimality,32,120.0,240.0,0.5191245000460185,0.0006566003430634737,5.383580760062376,0.050766726068686485,0.0,0.0,0.0,0.03362532390639783,5.176737811730725,0.20884719171182722,1.0
gamma,d-optimality,33,15.0,30.0,0.2608504999661818,8.100003469735384e-05,5.985242034674774,0.9476058337485949,0.8464357163244349,0.8742219423124826,0.8728963338238147,0.7272606185990318,20.254698660792425,0.445824857415891,0.15625
gamma,d-optimality,33,30.0,60.0,0.302108499861788,0.00021260016364976764,5.845652046074345,0.3005006315838269,0.2586995961458336,0.25020750398323044,0.14974028347441726,0.1444270023136266,15.735138727984916,0.3921665877230331,0.3125
gamma,d-optimality,33,60.0,120.0,0.3826248999685049,0.0004086001426912844,5.5457158527720765,0.0,0.037760856656376185,0.06343558916561298,0.07371691369724409,0.014734248781990034,7.430508933676488,0.2979335399823397,0.625
gamma,d-optimality,33,90.0,180.0,0.4664401998161338,0.00060450000455603,5.3130589027923225,0.0,0.037760856656376185,0.06343558916561298,0.07371691369724409,0.014734248781990034,5.492292770298032,0.20679761750698317,0.9375
gamma,d-optimality,33,120.0,240.0,0.5519009999115951,0.0008481001132167876,5.243353006585908,0.0,0.037760856656376185,0.06343558916561298,0.0,0.018910305509274083,4.338875173032383,0.19518748732665508,1.0
gamma,d-optimality,34,15.0,30.0,0.25061399990227073,8.920015534386039e-05,6.221029696759108,0.4028809493458182,0.48762902764581617,0.5922332900849621,0.681477575697979,0.7359332071742145,24.70114871956325,0.4402226200600405,0.15625
gamma,d-optimality,34,30.0,60.0,0.28864010021789,0.0001870000851340592,6.042090387351048,0.23380769721060135,0.12407255374037962,0.1882099359645084,0.27129020030166584,0.33122055116722715,21.12247290399784,0.3867203985084258,0.3125
gamma,d-optimality,34,60.0,120.0,0.3672979004913941,0.0003759003011509776,5.730871946384039,0.0,0.0,0.04270706901602983,0.03236801327202743,0.026059264139909,7.996440896594001,0.28324017808499624,0.625
gamma,d-optimality,34,90.0,180.0,0.45167230046354234,0.0005762004293501377,5.607242020679681,0.0,0.0,0.04270706901602983,0.03236801327202743,0.026059264139909,6.812238967992731,0.2346721096408417,0.9375
gamma,d-optimality,34,120.0,240.0,0.5323063003597781,0.0007921002106741071,5.493421484111913,0.0,0.0,0.0,0.0,0.026059264139909,4.562008968739399,0.21640500803351584,1.0
gamma,d-optimality,35,15.0,30.0,0.24478939990513027,0.00010539975482970476,6.380970844304284,0.4263841608746666,0.6102806603329631,0.5866969666610151,0.5876098337708856,0.6046826394653643,28.281986442158605,0.4555595108424082,0.15625
gamma,d-optimality,35,30.0,60.0,0.2781601998722181,0.00019179971423000097,6.213184700082266,0.5521143211916174,0.5010861234883952,0.46825532915118917,0.45092588913780307,0.4046303912009347,26.28149794149648,0.411932008653571,0.3125
gamma,d-optimality,35,60.0,120.0,0.35525950021110475,0.00037540000630542636,5.807496047113008,0.04340185519385875,0.0,0.0,0.0,0.0,11.154057068950623,0.29837798176307034,0.625
gamma,d-optimality,35,90.0,180.0,0.4308315000962466,0.0005415999330580235,5.625647946560368,0.04340185519385875,0.0,0.0,0.0,0.0,7.258268991633029,0.22761062170407614,0.9375
gamma,d-optimality,35,120.0,240.0,0.5228888005949557,0.0007633999339304864,5.582505014413665,0.0,0.0,0.02272114243437784,0.0,0.0,5.95748585009255,0.21569395077717418,1.0
gamma,d-optimality,36,15.0,30.0,0.23190939985215664,7.149972952902317e-05,6.035727142050206,0.40035861219281466,0.3659041234739918,0.41326984762152075,0.5136981804140633,0.5579232690919683,21.15229944317543,0.45012754415260886,0.15625
gamma,d-optimality,36,30.0,60.0,0.27051509980810806,0.00018509954679757357,5.833472160596204,0.1604569555364882,0.21764025223425854,0.22371263704804223,0.27024550886999243,0.27617946830477136,17.77222111544633,0.4035919185715219,0.3125
gamma,d-optimality,36,60.0,120.0,0.34790779981995,0.0003729993477463722,5.558843117831681,0.0,0.0,0.0,0.015380663773790992,0.02154101790349594,9.95982658445205,0.3146990077206855,0.625
gamma,d-optimality,36,90.0,180.0,0.43458029959583655,0.0005522993742488325,5.324789827364141,0.0,0.0,0.0,0.015380663773790992,0.02154101790349594,4.715995204294523,0.22295254135372894,0.9375
gamma,d-optimality,36,120.0,240.0,0.5347741994773969,0.0007951990119181573,5.255758763233501,0.0,0.0,0.0,0.025535780200414582,0.02154101790349583,4.035417827205703,0.20429793261003631,1.0
gamma,d-optimality,37,15.0,30.0,0.25866279983893037,9.080010931938887e-05,6.125214172962681,0.4706555642804171,0.6122411894962031,0.6544455367542054,0.7023359416518536,0.6552105572922412,21.732600910688053,0.4535700988215562,0.15625
gamma,d-optimality,37,30.0,60.0,0.2883371999487281,0.00018190022092312574,5.951999399532884,0.63407767307944,0.48651495627588115,0.5011710670605037,0.48891055361102465,0.5073419717647228,19.622671150436638,0.3939734771080505,0.3125
gamma,d-optimality,37,60.0,120.0,0.36948819970712066,0.0003596001770347357,5.6315443803127225,0.0,0.09730336656950189,0.03515471571314077,0.0,0.004005362471690699,6.640445288655037,0.29780209776306454,0.625
gamma,d-optimality,37,90.0,180.0,0.5002892994671129,0.0006463996833190322,5.4804226771613385,0.0,0.09730336656950189,0.03515471571314077,0.0,0.004005362471690699,5.661411747595491,0.2325158280172187,0.9375
gamma,d-optimality,37,120.0,240.0,0.6191904992447235,0.0008945997105911374,5.408975807171049,0.0,0.0,0.0,0.0,0.004005362471690699,4.655275917131574,0.21871371983081722,1.0
gamma,d-optimality,38,15.0,30.0,0.2852258001221344,0.00010159995872527361,6.202387163135153,0.41090280504297005,0.5577784866727741,0.627618367287586,0.6284369176626173,0.6621349916290133,26.720028155818582,0.446480695199438,0.15625
gamma,d-optimality,38,30.0,60.0,0.3249131003394723,0.00019659975077956915,6.021143560469674,0.008572176416699384,0.08811292151987093,0.1957095493609039,0.2583118841910258,0.3091244320898754,22.025028453455846,0.4033284536479156,0.3125
gamma,d-optimality,38,60.0,120.0,0.4273995003895834,0.0004533996689133346,5.65632360298916,0.008572176416699384,0.08811292151987093,0.05874194767991392,0.042003431862769225,0.0,6.692995859321249,0.2933008204606893,0.625
gamma,d-optimality,38,90.0,180.0,0.5389912005048245,0.0008271000115200877,5.508791861930701,0.008572176416699384,0.08811292151987093,0.05874194767991392,0.042003431862769225,0.0,5.9304843238511,0.24180033607564805,0.9375
gamma,d-optimality,38,120.0,240.0,0.6655450006946921,0.0010735001997090876,5.467495620576448,0.16765366662304237,0.08811292151987093,0.05874194767991392,0.042003431862769225,0.0,5.286304579939868,0.22905110052397984,1.0
gamma,d-optimality,39,15.0,30.0,0.2796084998990409,0.00010250025661662221,6.335553999825798,0.5747464337128648,0.6644115894149929,0.6428268181125498,0.6905502051857974,0.7280646695384825,24.20870536774916,0.42137654162332144,0.15625
gamma,d-optimality,39,30.0,60.0,0.31160950008779764,0.0001768004149198532,6.144976330633145,0.0,0.1715332044544885,0.21240392437149735,0.1923095939369539,0.16515720931812528,19.185422797102635,0.3789687450222573,0.3125
gamma,d-optimality,39,60.0,120.0,0.4352063001715578,0.00044290017103776336,5.733851229270222,0.0,0.03567765767237552,0.0,0.017564575254804926,0.015084615242299315,8.58017249681169,0.2843343258895755,0.625
gamma,d-optimality,39,90.0,180.0,0.5580144000705332,0.0006901003653183579,5.561846340071731,0.0,0.03567765767237552,0.0,0.017564575254804926,0.015084615242299315,5.837891214284113,0.2113542419148037,0.9375
gamma,d-optimality,39,120.0,240.0,0.6437862000893801,0.0009964004857465625,5.471844843446687,0.0,0.0,0.0,0.017564575254804926,0.019094653151359386,4.1823503942839055,0.20306140144099105,1.0
gamma,d-optimality,40,15.0,30.0,0.27200319996336475,0.00010229996405541897,6.048429798931866,0.914885704314444,0.8780948180444199,0.7424857178557016,0.7612387120645256,0.7406115614094337,23.28244010968792,0.4528483221525212,0.15625
gamma,d-optimality,40,30.0,60.0,0.37908969982527196,0.0004828997771255672,5.945113960604953,0.05890372115342679,0.21953501177078705,0.2623006696067366,0.27932121248160313,0.37694140493076655,19.167452469171277,0.4021615143652908,0.3125
gamma,d-optimality,40,60.0,120.0,0.4852100000134669,0.0007302999729290605,5.653065658175212,0.05890372115342679,0.0,0.0,0.05341830152807303,0.07634822132162555,10.402721866168813,0.3010073434106478,0.625
gamma,d-optimality,40,90.0,180.0,0.5696655001374893,0.0009310999303124845,5.4634754118003945,0.05890372115342679,0.0,0.0,0.05341830152807303,0.07634822132162555,5.681210917736227,0.22308459813146683,0.9375
gamma,d-optimality,40,120.0,240.0,0.6611932003870606,0.0011624996550381184,5.39312902317268,0.05890372115342679,0.0,0.0,0.0,0.03084050996285026,4.876718706173479,0.21453429846619093,1.0
gamma,d-optimality,41,15.0,30.0,0.2869649999192916,9.800016414374113e-05,6.238077200941016,0.8477102691619771,0.8477102691619771,0.7218696835838604,0.7244407025129842,0.7411413673573879,22.91916749557242,0.4494826646534146,0.15625
gamma,d-optimality,41,30.0,60.0,0.33721509989118204,0.0002331002615392208,6.058687452841256,0.0,0.23825442786720752,0.26592260675204715,0.2690897405247713,0.297612538915601,18.04699929077708,0.4041439523866886,0.3125
gamma,d-optimality,41,60.0,120.0,0.45912489987676963,0.0005182003951631486,5.774825334231281,0.0,0.0,0.005938496414233052,0.004855849019995251,0.03295746797003296,8.88773475772335,0.30593548968441064,0.625
gamma,d-optimality,41,90.0,180.0,0.5472708000452258,0.0007489001145586371,5.555440359042874,0.0,0.0,0.005938496414233052,0.004855849019995251,0.03295746797003296,6.695039123137067,0.22504110463362192,0.9375
gamma,d-optimality,41,120.0,240.0,0.6377207002369687,0.0010115000186488032,5.423372158329559,0.0,0.0,0.005938496414233052,0.004855849019995251,0.03295746797003296,4.199272032330715,0.21568537057315795,1.0
gamma,d-optimality,42,15.0,30.0,0.2583462999900803,8.859968511387706e-05,6.175387565866316,0.5747464337128648,0.5193672991240736,0.6738714553834277,0.652012778577791,0.6625992664666884,24.804600373485272,0.452813615842523,0.15625
gamma,d-optimality,42,30.0,60.0,0.2983801001100801,0.0002002997207455337,5.980981789008268,0.0,0.0,0.132718315082074,0.19860821903476256,0.231160419449976,18.92402996421548,0.4127728620081599,0.3125
gamma,d-optimality,42,60.0,120.0,0.38497930025914684,0.0004284998285584152,5.729307317807991,0.0,0.0,0.0,0.0,0.0,8.369145236060108,0.3072630161494428,0.625
gamma,d-optimality,42,90.0,180.0,0.47166060004383326,0.000647499633487314,5.530578761677028,0.0,0.0,0.0,0.0,0.0,7.315610520302743,0.24200279474978464,0.9375
gamma,d-optimality,42,120.0,240.0,0.5614951997995377,0.0008846998098306358,5.411788094369631,0.0,0.0,0.0,0.0,0.003532807340374533,5.338409657890688,0.22352391193175136,1.0
gamma,d-optimality,43,15.0,30.0,0.27087179996306077,0.00010980007937178016,6.259862191248023,0.9690593457023328,0.9207090904915473,0.6595104033990233,0.5964283065971279,0.6368278497763387,19.888659104285523,0.4617882622594345,0.15625
gamma,d-optimality,43,30.0,60.0,0.32100219995481893,0.0002557001425884664,6.023786219216024,0.0,0.037760856656376185,0.0,0.06282453735304916,0.08548212023569846,12.608408095091331,0.40943947335295866,0.3125
gamma,d-optimality,43,60.0,120.0,0.40946539997821674,0.000506100186612457,5.723986325494562,0.0,0.037760856656376185,0.0,0.0,0.0,6.38394962074194,0.30742658624869457,0.625
gamma,d-optimality,43,90.0,180.0,0.5009678002097644,0.0007527002017013729,5.602972659836381,0.0,0.037760856656376185,0.0,0.0,0.0,5.521159329601445,0.25472571228446755,0.9375
gamma,d-optimality,43,120.0,240.0,0.5970436002244242,0.0010168999433517456,5.503201665846913,0.0,0.037760856656376185,0.0,0.0,0.0,4.785273251580568,0.24003208942635249,1.0
gamma,d-optimality,44,15.0,30.0,0.30891390005126595,0.00011820020154118538,6.2411727830684525,0.729318237127858,0.8514303055938626,0.590360222819067,0.5236793413372247,0.582514166377889,22.017218269770883,0.4740718597395552,0.15625
gamma,d-optimality,44,30.0,60.0,0.36083789996337146,0.0002448002342134714,6.043165854204182,0.0,0.0,0.0,0.0,0.016150402905941497,12.19637757594207,0.4189437794235077,0.3125
gamma,d-optimality,44,60.0,120.0,0.44308369973441586,0.0004486998659558594,5.732688468244771,0.0,0.0,0.0,0.0,0.016150402905941497,7.191496980705626,0.3108640386048449,0.625
gamma,d-optimality,44,90.0,180.0,0.5368358995765448,0.0007019996992312372,5.522705311385785,0.0,0.0,0.0,0.0,0.016150402905941497,5.128537874956877,0.2424279564114119,0.9375
gamma,d-optimality,44,120.0,240.0,0.6352131994790398,0.000940899655688554,5.448154527862144,0.0,0.0,0.0,0.0,0.0,4.427153479015558,0.22598652433722805,1.0
gamma,d-optimality,45,15.0,30.0,0.3500016998150386,0.00013049982953816652,6.079449837686276,0.7509199275836496,0.7695284705882353,0.7989666986262359,0.7467987930468458,0.7378997563274752,19.87162620978347,0.4692593389996648,0.15625
gamma,d-optimality,45,30.0,60.0,0.42158679955173284,0.0002594997058622539,5.915050146027468,0.6277668717009117,0.5492219607843137,0.4971180427313121,0.4029753528121466,0.3840937164783207,17.927382297267084,0.4199148660786963,0.3125
gamma,d-optimality,45,60.0,120.0,0.5078610996133648,0.00048359972424805164,5.613084381148492,0.0,0.0,0.03745338193177572,0.05150356837414716,0.04448725907513551,7.193496148447673,0.3137247776354661,0.625
gamma,d-optimality,45,90.0,180.0,0.5914525994448923,0.0007308000349439681,5.441948898483868,0.0,0.0,0.03745338193177572,0.05150356837414716,0.04448725907513551,5.1682961421188045,0.24504630993536725,0.9375
gamma,d-optimality,45,120.0,240.0,0.692771899222862,0.0010039000189863145,5.366467065378327,0.0,0.0,0.019639839281917038,0.03302497339140886,0.01426326855688842,4.379828552205274,0.22789272956085396,1.0
gamma,d-optimality,46,15.0,30.0,0.3504302997607738,0.00011579983402043581,6.305087642428172,0.48909059938809873,0.5671276672410066,0.42676362202201223,0.5278944460016499,0.5294979604485329,19.967945150692668,0.4408286537220839,0.15625
gamma,d-optimality,46,30.0,60.0,0.3877522995462641,0.00023859954671934247,6.128654807458041,0.0,0.24454529969404937,0.18402036062462257,0.18738951561406036,0.23001980604892902,15.986157843058775,0.39381127786708753,0.3125
gamma,d-optimality,46,60.0,120.0,0.46380899945506826,0.0004403995699249208,5.8166898407160765,0.0,0.0,0.014563516028445744,0.014600232954366077,0.013090855196898343,8.58815542549697,0.3013894509603108,0.625
gamma,d-optimality,46,90.0,180.0,0.5438535995781422,0.0006609997362829745,5.543295596309226,0.0,0.0,0.014563516028445744,0.014600232954366077,0.013090855196898343,6.318618554110405,0.21348399296455095,0.9375
gamma,d-optimality,46,120.0,240.0,0.6585074999602512,0.0009264002437703311,5.453339383973668,0.0,0.0,0.0,0.0,0.0007915682820271996,5.266175612692824,0.2035554908803063,1.0
gamma,d-optimality,47,15.0,30.0,0.3621554998680949,0.00012229999992996454,6.36204688688066,0.5024536334235363,0.5891651664531568,0.7018760420131938,0.754031759125593,0.784735927772974,27.033119561982257,0.49132001147481535,0.15625
gamma,d-optimality,47,30.0,60.0,0.40259049978340045,0.0002422994584776461,6.100218304761568,0.0,0.0,0.06535818018049566,0.0849878450414644,0.07731985694618249,19.09524616501589,0.43335441286833626,0.3125
gamma,d-optimality,47,60.0,120.0,0.48242689977632836,0.00045149947982281446,5.820122451553456,0.0,0.0,0.06535818018049566,0.0849878450414644,0.07731985694618249,16.64828844609666,0.34695514294645285,0.625
gamma,d-optimality,47,90.0,180.0,0.558559599914588,0.0006839997950010002,5.495938708643318,0.0,0.0,0.06535818018049566,0.0,0.026490818797627047,6.9190142785823605,0.23749548164180484,0.9375
gamma,d-optimality,47,120.0,240.0,0.6622207000036724,0.0018507997156120837,5.382528540303139,0.0,0.0,0.0,0.0,0.0062657885593520035,5.042009651666289,0.21681093844530466,1.0
gamma,d-optimality,48,15.0,30.0,0.29478780005592853,0.00011749990517273545,6.133571713058777,0.8871532132092491,0.8923235391731524,0.9206112379926652,0.7605352019114726,0.7555813762051827,22.77368264439528,0.46545562455941386,0.15625
gamma,d-optimality,48,30.0,60.0,0.34622190007939935,0.00024299987126141787,6.013148975664138,0.44774272325259057,0.45364014459517243,0.3870643250457093,0.3162301279532008,0.33140082699903417,20.107483504675525,0.4169170697304772,0.3125
gamma,d-optimality,48,60.0,120.0,0.4805416000308469,0.0005079995607957244,5.679346769401096,0.0,0.0,0.0,0.008399211204512813,0.04078166549314899,7.526832784335681,0.31667242114466176,0.625
gamma,d-optimality,48,90.0,180.0,0.5675164998392574,0.0007555995834991336,5.4779338178049555,0.0,0.0,0.0,0.008399211204512813,0.04078166549314899,5.506647176841784,0.24509033795469498,0.9375
gamma,d-optimality,48,120.0,240.0,0.6422338000265881,0.0009620993514545262,5.387535401587833,0.0,0.051645831526890396,0.0,0.008399211204512813,0.007099902835698169,4.773264722630962,0.22745641952358145,1.0
gamma,d-optimality,49,15.0,30.0,0.3108026998816058,0.00012189988046884537,5.979297246709456,0.317696301674257,0.5827592083743209,0.5680387435605515,0.62167558953978,0.6219997645777849,19.048826561004024,0.3952785299884017,0.15625
gamma,d-optimality,49,30.0,60.0,0.37138529983349144,0.00025759980781003833,5.846968919518425,0.317696301674257,0.17270392374368748,0.13324042207013276,0.17176182575622856,0.18887718317319713,14.742949063468808,0.36474634774788733,0.3125
gamma,d-optimality,49,60.0,120.0,0.4532189994934015,0.0005184993497096002,5.6260421397454365,0.0,0.08547739429692247,0.0,0.0,0.0,6.893463276259012,0.2885959601689086,0.625
gamma,d-optimality,49,90.0,180.0,0.5367661993368529,0.0007254992378875613,5.451775654599156,0.0,0.08547739429692247,0.0,0.0,0.0,5.105872796056119,0.2232271972921533,0.9375
gamma,d-optimality,49,120.0,240.0,0.6178827995900065,0.0009660994983278215,5.369062158136107,0.0,0.0,0.0,0.0,0.0,4.214896807698367,0.20782239460284102,1.0
gamma,thompson,0,15.0,1.0,0.12404880003305152,7.00005330145359e-06,6.173391827761275,0.535806831566549,0.6759030356831832,0.7334264814829892,0.616587233987217,0.6233998092447118,23.077126656511556,0.4975843741435972,0.005208333333333333
gamma,thompson,0,30.0,2.0,0.2752763000316918,1.4400051441043615e-05,6.160333539771457,0.535806831566549,0.6759030356831832,0.7334264814829892,0.616587233987217,0.6233998092447118,22.93760137649836,0.4948415305628244,0.010416666666666666
gamma,thompson,0,60.0,3.0,0.40439189999597147,2.2300053387880325e-05,6.150564927002583,0.535806831566549,0.6759030356831832,0.7334264814829892,0.616587233987217,0.6233998092447118,22.91884543959588,0.4880478180016237,0.015625
gamma,thompson,0,90.0,4.0,0.5307484999648295,2.8300040867179632e-05,6.143200328690479,0.535806831566549,0.6759030356831832,0.7334264814829892,0.616587233987217,0.6233998092447118,22.907994496867666,0.486551915626619,0.020833333333333332
gamma,thompson,0,120.0,44.0,4.5989425998413935,0.0003032000968232751,5.98521525613566,0.05890372115342679,0.2536191658753927,0.3221463287553019,0.28927263574706696,0.2899443336537283,19.030030344804445,0.44400244949152107,0.1875
gamma,thompson,1,15.0,1.0,0.12658450001617894,7.599999662488699e-06,6.121959116820833,0.9347333076207546,0.6541398008031399,0.7344440590085584,0.7679990010724181,0.7386161171583465,17.710030688266446,0.4971417854675291,0.005208333333333333
gamma,thompson,1,30.0,2.0,0.24958850000984967,1.5400000847876072e-05,6.097931259654854,0.0,0.46736665381037734,0.37520876380656487,0.48440992503960323,0.5353508081245575,16.5060356282765,0.4959084679410081,0.010416666666666666
gamma,thompson,1,60.0,3.0,0.3654971999931149,2.2199994418770075e-05,6.0840151311057555,0.0,0.29380515915329997,0.4542675293727283,0.3689141629966739,0.4415816313389146,16.487481865281367,0.49585879557251805,0.015625
gamma,thompson,1,90.0,4.0,0.475059499964118,2.8999987989664078e-05,6.069878348496926,0.0,0.1867731469927626,0.24700826341023618,0.3689141629966739,0.4415816313389146,16.240846529991426,0.49544362501461786,0.020833333333333332
gamma,thompson,1,120.0,44.0,4.528207099705469,0.0003103999770246446,5.91367350940975,0.0,0.1867731469927626,0.2442085465101015,0.24141453044959904,0.2108789610229045,13.864564019196619,0.42812093345669167,0.19791666666666666
gamma,thompson,2,15.0,1.0,0.14969799999380484,8.90000956133008e-06,6.30123839349649,0.8515129353207654,0.6641372408955473,0.629289472994355,0.6504461266072528,0.6527893134880027,22.885240022043355,0.507789607673473,0.005208333333333333
gamma,thompson,2,30.0,2.0,0.2609559999546036,1.2999982573091984e-05,6.284206662175669,0.6641131005308822,0.7037775675553926,0.5839828843974694,0.5707470361319574,0.5956892899152144,22.837501904220467,0.5076443818540335,0.010416666666666666
gamma,thompson,2,60.0,3.0,0.37317569996230304,2.0199979189783335e-05,6.275105055368866,0.6641131005308822,0.7037775675553926,0.5839828843974694,0.5707470361319574,0.5956892899152144,22.76020069512502,0.5068292735674004,0.015625
gamma,thompson,2,90.0,4.0,0.4828725999686867,2.6899971999228e-05,6.252186854214202,0.3648302387128344,0.40614321292738953,0.47377683339590193,0.41971789631643297,0.43156931716923275,22.06357623093228,0.5058090283296881,0.020833333333333332
gamma,thompson,2,120.0,44.0,4.618126900168136,0.0002546999021433294,6.031585309243144,0.3648302387128344,0.343457793565908,0.2639764148540321,0.2206228019016312,0.21100993677156132,19.169048097530727,0.46325731457209485,0.20833333333333334
gamma,thompson,3,15.0,1.0,0.11525380000239238,6.599992047995329e-06,6.219250887006056,0.9178758398619391,0.8896831047563467,0.8626243845124248,0.8810302355944184,0.8527883041595266,25.323097495804014,0.48380087234261404,0.005208333333333333
gamma,thompson,3,30.0,2.0,0.21234920003917068,1.4699995517730713e-05,6.2126648174573775,0.9178758398619391,0.8896831047563467,0.8626243845124248,0.8810302355944184,0.8527883041595266,25.319814589574353,0.48237439928249903,0.010416666666666666
gamma,thompson,3,60.0,3.0,0.3339315000339411,2.269999822601676e-05,6.20154267775082,0.9178758398619391,0.8896831047563467,0.8626243845124248,0.8810302355944184,0.8527883041595266,25.282225584523836,0.4820292070779014,0.015625
gamma,thompson,3,90.0,4.0,0.4304372000042349,3.069994272664189e-05,6.176332216531399,0.19689468118130493,0.5090528158739422,0.6155267402728233,0.659422850775798,0.7055548064685231,24.01916591394294,0.48040848890783533,0.020833333333333332
gamma,thompson,3,120.0,44.0,4.557023799978197,0.0003188998089171946,5.960353828434106,0.19689468118130493,0.10919754887656852,0.13998493960701663,0.13850470232014056,0.16856906290493956,19.32862154370463,0.4372042228140764,0.17708333333333334
gamma,thompson,4,15.0,1.0,0.17553709994535893,6.999995093792677e-06,6.173465389592496,0.5482888365397199,0.7182046961566986,0.6406537498841198,0.6653422236480637,0.4763180278547595,24.220636138488313,0.4840369563746841,0.005208333333333333
gamma,thompson,4,30.0,2.0,0.28313709993381053,1.7900019884109497e-05,6.164727436130806,0.5482888365397199,0.7182046961566986,0.6406537498841198,0.6653422236480637,0.4763180278547595,24.19669091196726,0.4838573529678051,0.010416666666666666
gamma,thompson,4,60.0,3.0,0.39258289989084005,2.5500019546598196e-05,6.14143707764497,0.16765366662304237,0.3579712515813812,0.5253684991193103,0.49933828427908533,0.5151180722769928,22.87547213631515,0.48224345217093917,0.015625
gamma,thompson,4,90.0,4.0,0.49711979989660904,3.2800016924738884e-05,6.134758679590953,0.16765366662304237,0.3579712515813812,0.5253684991193103,0.49933828427908533,0.5151180722769928,22.862871474665916,0.48018692857858014,0.020833333333333332
gamma,thompson,4,120.0,44.0,4.586882499919739,0.00032730004750192165,6.011043554588839,0.0,0.08382683331152119,0.21915527950310554,0.24629495555565184,0.23725990540083497,18.66692962936331,0.4585306206784852,0.11979166666666667
gamma,thompson,5,15.0,1.0,0.1035219999612309,5.999987479299307e-06,6.538045605042403,0.0,0.22437363235819996,0.4271489827111229,0.5177805102981863,0.5720447523964196,24.007587086311588,0.4944427198037156,0.005208333333333333
gamma,thompson,5,30.0,2.0,0.21102089993655682,1.1899974197149277e-05,6.537369894902817,0.0,0.22437363235819996,0.4271489827111229,0.5177805102981863,0.5720447523964196,24.00713020970568,0.4944425817568362,0.005208333333333333
gamma,thompson,5,60.0,3.0,0.3256098999409005,2.6099965907633305e-05,6.525996265586879,0.0,0.22437363235819996,0.4271489827111229,0.5212189188002284,0.6017439992153764,23.96747909604972,0.4941060265531155,0.010416666666666666
gamma,thompson,5,90.0,4.0,0.4272613999200985,3.250001464039087e-05,6.514289129289488,0.0,0.22437363235819996,0.4271489827111229,0.5212189188002284,0.6017439992153764,23.825637824681355,0.4909110941660339,0.015625
gamma,thompson,5,120.0,44.0,4.544550499937031,0.0002826000563800335,6.352575846774989,0.0,0.0,0.0,0.014369153748188368,0.054422017925189636,18.69838736355662,0.4574504547993386,0.14583333333333334
gamma,thompson,6,15.0,1.0,0.1175793000147678,5.900044925510883e-06,6.191660089164668,0.5472048049633688,0.691238988832769,0.676247262496603,0.5763278840805128,0.5908147311386627,22.513712288704824,0.4848109207201043,0.005208333333333333
gamma,thompson,6,30.0,2.0,0.21648740000091493,1.1400028597563505e-05,6.178345435691003,0.5472048049633688,0.691238988832769,0.676247262496603,0.5763278840805128,0.5908147311386627,22.383635350608575,0.4825718498142919,0.010416666666666666
gamma,thompson,6,60.0,3.0,0.321392800018657,1.7300015315413475e-05,6.1594941099311,0.5472048049633688,0.691238988832769,0.676247262496603,0.5763278840805128,0.5908147311386627,22.217721290859362,0.47829402981724584,0.015625
gamma,thompson,6,90.0,4.0,0.4192721000290476,2.300000051036477e-05,6.143149145088047,0.5472048049633688,0.691238988832769,0.676247262496603,0.5763278840805128,0.5908147311386627,22.06035432241785,0.47471465608486796,0.020833333333333332
gamma,thompson,6,120.0,44.0,4.480101799941622,0.00026049988809973,6.00498636890146,0.0,0.188985679965193,0.2967255006291405,0.2973995884706988,0.37464425652232325,18.425924090984413,0.44073808143457666,0.140625
gamma,thompson,7,15.0,1.0,0.10918600001605228,6.199989002197981e-06,6.151147855608662,0.8428563571161419,0.8687440891852389,0.885461389810704,0.8990351375417137,0.8436195812444707,20.093046101028104,0.46640374333980056,0.005208333333333333
gamma,thompson,7,30.0,2.0,0.21188650000840425,1.1699972674250603e-05,6.136991833240235,0.8428563571161419,0.8687440891852389,0.885461389810704,0.8990351375417137,0.8436195812444707,20.091460975460468,0.46639627370938447,0.010416666666666666
gamma,thompson,7,60.0,3.0,0.3088971999823116,1.6799953300505877e-05,6.122744573788979,0.8428563571161419,0.8687440891852389,0.8935079486348595,0.829400118853424,0.836727628690324,19.922012578737107,0.463006191880826,0.015625
gamma,thompson,7,90.0,4.0,0.41748780000489205,2.679991303011775e-05,6.112646257596893,0.9304259344817724,0.9476129383555755,0.8588461765895496,0.8625731379662455,0.8752842819227367,19.893948667192177,0.4628256198369183,0.020833333333333332
gamma,thompson,7,120.0,44.0,4.533408299961593,0.0002682000631466508,5.896389373312995,0.27270477196224674,0.23270061743137094,0.21607632392490606,0.17660230770509655,0.20121711065238046,14.870427690237078,0.4119181272007952,0.19270833333333334
gamma,thompson,8,15.0,1.0,0.12078609998570755,6.700051017105579e-06,6.356853111730423,0.5076622768479593,0.6211585613066394,0.5090637826221637,0.40954805372812353,0.4655383287461524,23.20799033432679,0.47455851415498346,0.005208333333333333
gamma,thompson,8,30.0,2.0,0.212681699951645,1.1700030881911516e-05,6.354640595861376,0.5076622768479593,0.6211585613066394,0.5090637826221637,0.40954805372812353,0.4655383287461524,23.19656903666634,0.47285763689750676,0.010416666666666666
gamma,thompson,8,60.0,3.0,0.31497339997440577,1.8900027498602867e-05,6.340611111514163,0.5076622768479593,0.6211585613066394,0.5090637826221637,0.40954805372812353,0.4655383287461524,23.04909086226373,0.46945785916855376,0.015625
gamma,thompson,8,90.0,4.0,0.4257506999420002,2.7300033252686262e-05,6.331267852768114,0.5076622768479593,0.6211585613066394,0.5090637826221637,0.40954805372812353,0.4908111004348321,23.011172329322093,0.4691422321723096,0.020833333333333332
gamma,thompson,8,120.0,44.0,4.6154143997700885,0.00030179996974766254,6.111147940608727,0.3648302387128344,0.2884787407250098,0.23840751568187102,0.1878552946421792,0.16826474276501147,18.97786515951714,0.4279205715427297,0.203125
gamma,thompson,9,15.0,1.0,0.12498419999610633,6.200000643730164e-05,6.318067800622807,0.8871532132092491,0.8614889078257533,0.8421490117608624,0.8403921140893845,0.8394323952630931,26.080369572217403,0.49249999529181454,0.005208333333333333
gamma,thompson,9,30.0,2.0,0.21253209997667,6.78999931551516e-05,6.303210559352369,0.694828724176622,0.7855474415481075,0.786484604704345,0.7870000529320337,0.7926534330802203,26.06556059612689,0.4924387120182016,0.010416666666666666
gamma,thompson,9,60.0,3.0,0.3161295999889262,7.35999783501029e-05,6.289527864189847,0.694828724176622,0.7855474415481075,0.786484604704345,0.7870000529320337,0.7926534330802203,25.935180723180228,0.48923030997007916,0.015625
gamma,thompson,9,90.0,4.0,0.41824099997757,8.149998029693961e-05,6.282462613271804,0.694828724176622,0.7855474415481075,0.786484604704345,0.7870000529320337,0.7926534330802203,25.922101447392404,0.48622048045579064,0.020833333333333332
gamma,thompson,9,120.0,44.0,4.527204199926928,0.00034260028041899204,6.124898910206011,0.050766726068686485,0.13105752354723843,0.1974158771643254,0.2179333730056252,0.2133970664568985,21.310620250414225,0.45878363455158033,0.15104166666666666
gamma,thompson,10,15.0,1.0,0.10119650000706315,5.89998671784997e-06,6.2993565904615325,0.8229288106523276,0.7515584547808127,0.8083837165011201,0.4751488839792145,0.5173055892877556,20.083944808684166,0.5232974464780024,0.005208333333333333
gamma,thompson,10,30.0,2.0,0.21077290002722293,1.479999627918005e-05,6.283701719849513,0.7060684196497897,0.7044295604619367,0.6828838403614057,0.7367053824040333,0.46930838324860147,20.07677755253665,0.5232738726906978,0.010416666666666666
gamma,thompson,10,60.0,3.0,0.3129490000428632,2.139998832717538e-05,6.276769573015057,0.7060684196497897,0.7044295604619367,0.6828838403614057,0.7367053824040333,0.46930838324860147,20.059068455070943,0.520072597691597,0.015625
gamma,thompson,10,90.0,4.0,0.40536370006157085,2.7999980375170708e-05,6.250920092859268,0.7060684196497897,0.7044295604619367,0.6828838403614057,0.37401716182328226,0.43261762352276334,19.85361939087457,0.514218483846092,0.020833333333333332
gamma,thompson,10,120.0,44.0,4.553692000219598,0.00028939993353560567,6.033933363194431,0.0,0.0,0.026495712835921226,0.07092340156721788,0.10724125485222424,14.107788396153902,0.4636368485704012,0.17708333333333334
gamma,thompson,11,15.0,1.0,0.1047715000458993,7.399998139590025e-06,6.270539943059991,0.6300946796305524,0.480119672468875,0.461870527964774,0.4437388442514675,0.5042184712984032,23.605974257876635,0.5191128957931128,0.005208333333333333
gamma,thompson,11,30.0,2.0,0.21671720000449568,1.379998866468668e-05,6.258044563642927,0.6300946796305524,0.480119672468875,0.461870527964774,0.4437388442514675,0.5042184712984032,23.586740705292193,0.5189877041895438,0.010416666666666666
gamma,thompson,11,60.0,3.0,0.3099896999774501,1.999997766688466e-05,6.24136376817722,0.6111743982570604,0.5973713259598858,0.5000205343155935,0.4437388442514676,0.5042184712984035,23.524060496758153,0.5188058857068573,0.015625
gamma,thompson,11,90.0,4.0,0.40449849993456155,2.9099988751113415e-05,6.229388474851265,0.6111743982570604,0.5973713259598858,0.5000205343155935,0.4437388442514676,0.5042184712984035,23.40956477444454,0.5170669133380613,0.020833333333333332
gamma,thompson,11,120.0,44.0,4.5579144999501295,0.0003187998663634062,6.061240847295482,0.0,0.0,0.11443075490071553,0.15193978016574994,0.15797578984673144,17.825158057371596,0.4794466324708997,0.171875
gamma,thompson,12,15.0,1.0,0.09659969998756424,8.000002708286047e-06,6.188756904467951,0.5847047724992366,0.7042068548879095,0.6845889045007478,0.5776333746555968,0.6337144797205772,20.813048841552405,0.4864678186895924,0.005208333333333333
gamma,thompson,12,30.0,2.0,0.21398839994799346,1.4899997040629387e-05,6.1711411768581685,0.5847047724992366,0.7042068548879095,0.6845889045007478,0.5776333746555968,0.6337144797205772,20.81188556402586,0.486427891243502,0.010416666666666666
gamma,thompson,12,60.0,3.0,0.31574809999438,2.1499989088624716e-05,6.1489347394463865,0.5847047724992366,0.7042068548879095,0.6845889045007478,0.5776333746555968,0.6337144797205772,20.62234986052974,0.48118672321176764,0.015625
gamma,thompson,12,90.0,4.0,0.4111050999490544,2.8999987989664078e-05,6.123635831163468,0.0,0.2276049556131574,0.35915945247699765,0.4067208760810309,0.35140802847746744,17.97794069171784,0.47905549325002866,0.020833333333333332
gamma,thompson,12,120.0,44.0,4.796985199966002,0.0002832998870871961,6.031140920113347,0.0,0.0,0.03348841952590309,0.05901389384469946,0.0769964487964947,14.973715417432524,0.46168896770790613,0.13020833333333334
gamma,thompson,13,15.0,1.0,0.10381739999866113,6.399990525096655e-06,6.3027864918091625,0.6044686004334172,0.7698093144138537,0.8130130869899923,0.5186914206765637,0.5324023377619831,22.586429962446537,0.4737380832184881,0.005208333333333333
gamma,thompson,13,30.0,2.0,0.2136744000017643,1.0499963536858559e-05,6.278423051458671,0.6044686004334172,0.7698093144138537,0.8130130869899923,0.5186914206765637,0.5324023377619831,22.50086336111194,0.47251383120809554,0.010416666666666666
gamma,thompson,13,60.0,3.0,0.31650250003440306,1.7199956346303225e-05,6.262595380208887,0.6428515140628803,0.5937368057271354,0.6796617516432759,0.7309922653286949,0.49732563496305715,22.46207780908253,0.47238451974223183,0.015625
gamma,thompson,13,90.0,4.0,0.4167920000036247,2.359994687139988e-05,6.2459198648878145,0.6428515140628803,0.5937368057271354,0.6796617516432759,0.7309922653286949,0.49732563496305715,22.457493173256594,0.4722373824463559,0.020833333333333332
gamma,thompson,13,120.0,44.0,4.742323199927341,0.00023319979663938284,6.013856460034681,0.0,0.16758814165214964,0.14572156096405497,0.14696526095426166,0.13276253673820892,17.01620920628581,0.4187423961405346,0.203125
gamma,thompson,14,15.0,1.0,0.12382979999529198,5.999987479299307e-06,6.199079664132089,0.9506920451075339,0.8928575614190736,0.9086513078490253,0.9098443745357101,0.8950312725403137,25.841031577819127,0.4925150447985596,0.005208333333333333
gamma,thompson,14,30.0,2.0,0.22929589997511357,1.2399978004395962e-05,6.2051917192313795,0.9506920451075339,0.8928575614190736,0.9086513078490253,0.9098443745357101,0.8950312725403137,25.827529759514896,0.48945373117404767,0.010416666666666666
gamma,thompson,14,60.0,3.0,0.3323467999580316,1.899997005239129e-05,6.194486505903377,0.9506920451075339,0.8928575614190736,0.9086513078490253,0.9098443745357101,0.8950312725403137,25.80352940956455,0.4892598280116628,0.015625
gamma,thompson,14,90.0,4.0,0.4291834000032395,2.519995905458927e-05,6.187853920409353,0.9506920451075339,0.8928575614190736,0.9086513078490253,0.9098443745357101,0.8950312725403137,25.798915317049605,0.48610865188273816,0.020833333333333332
gamma,thompson,14,120.0,44.0,4.74381109996466,0.00023250014055520296,6.0556251980098,0.008572176416699384,0.08418766908728459,0.23984145528981238,0.39446222071176584,0.45995007125546905,21.444299438268217,0.458638831544525,0.13020833333333334
gamma,thompson,15,15.0,1.0,0.10790689999703318,5.999987479299307e-06,6.250954940021468,0.44142346115255426,0.06013383535292094,0.27086055181242097,0.3570884527605829,0.3755272626626073,21.04758400682545,0.5007635566331855,0.005208333333333333
gamma,thompson,15,30.0,2.0,0.20148709998466074,1.2199976481497288e-05,6.238100915488843,0.44142346115255426,0.06013383535292094,0.27086055181242097,0.3570884527605829,0.3755272626626073,21.02753384067884,0.500644704551367,0.010416666666666666
gamma,thompson,15,60.0,3.0,0.2956154000130482,1.829996472224593e-05,6.223795360878667,0.44142346115255426,0.3263247891353316,0.05152171045238463,0.21664673607203155,0.2975355334494717,20.59288598711413,0.4999188417796937,0.015625
gamma,thompson,15,90.0,4.0,0.3896729000261985,2.4799956008791924e-05,6.216327662288581,0.44142346115255426,0.3263247891353316,0.05152171045238463,0.21664673607203155,0.2975355334494717,20.530820875667832,0.4994165077668305,0.020833333333333332
gamma,thompson,15,120.0,44.0,4.70410969981458,0.0001975996419787407,6.043501341130032,0.0,0.06013383535292094,0.05152171045238474,0.06460658569374123,0.04926832842187534,14.58955298277897,0.44651394649583737,0.17708333333333334
gamma,thompson,16,15.0,1.0,0.10263069998472929,5.499983672052622e-06,6.276422643881458,0.9321103674801285,0.7126816641286208,0.7753371357338983,0.8185806403128624,0.84211841961011,27.342448937846214,0.5362382838806365,0.005208333333333333
gamma,thompson,16,30.0,2.0,0.20202839997364208,1.209997572004795e-05,6.262089993115883,0.7019525233063014,0.8155769298390347,0.7017149527281579,0.738644813059117,0.7774340839778344,27.328641285299526,0.5361830015753253,0.010416666666666666
gamma,thompson,16,60.0,3.0,0.29715169995324686,1.8199963960796595e-05,6.244612146036718,0.5912555079083097,0.6437946806525168,0.7338301164139416,0.6494220032211624,0.6841564842130441,27.22583269451907,0.5358911574996696,0.015625
gamma,thompson,16,90.0,4.0,0.40264129993738607,2.41999514400959e-05,6.239918922595493,0.5912555079083097,0.6437946806525168,0.7338301164139416,0.6494220032211624,0.6841564842130441,27.21673593016089,0.5345579358500129,0.020833333333333332
gamma,thompson,16,120.0,44.0,4.713928299839608,0.00022630009334534407,6.134085790434909,0.0,0.029217731879569553,0.22450501485370344,0.26809045189106984,0.2982649547520331,21.512958947720232,0.5027462078082124,0.11458333333333333
gamma,thompson,17,15.0,1.0,0.10307209996972233,4.299974534660578e-06,6.2451768075765814,0.905986890895607,0.8015813811455743,0.8166920048124249,0.81199702762099,0.7874177135829857,29.121030493325733,0.4959271493854324,0.005208333333333333
gamma,thompson,17,30.0,2.0,0.19033129996387288,9.499955922365189e-06,6.230183854113238,0.905986890895607,0.8015813811455743,0.8166920048124249,0.81199702762099,0.7874177135829857,29.004341107022313,0.49273226678289106,0.010416666666666666
gamma,thompson,17,60.0,3.0,0.2906965999864042,1.4499935787171125e-05,6.218687409126218,0.905986890895607,0.8015813811455743,0.8166920048124249,0.81199702762099,0.7874177135829857,28.98877644798624,0.49260147809718463,0.015625
gamma,thompson,17,90.0,4.0,0.3916247999877669,2.0699924789369106e-05,6.203728756617861,0.7517831435675959,0.8288850172316015,0.7843658172007729,0.7900389370151738,0.7874177135829857,28.988403872545252,0.49259935227302204,0.020833333333333332
gamma,thompson,17,120.0,44.0,4.785787399974652,0.00022789969807490706,6.04552114888081,0.008572176416699384,0.004286088208349748,0.09060301141128002,0.1415119750366156,0.20933652431819816,22.371997075333315,0.45779913870426936,0.125
gamma,thompson,18,15.0,1.0,0.09240830002818257,5.700043402612209e-06,6.141767560476649,0.0,0.32525896135242627,0.5029723252155192,0.5793269254126252,0.5474630703233232,17.931843028002245,0.49875374421595836,0.005208333333333333
gamma,thompson,18,30.0,2.0,0.1823763000429608,1.2500095181167126e-05,6.1343328318379,0.0,0.32525896135242627,0.5029723252155192,0.5793269254126252,0.5474630703233232,17.910270969097244,0.49436643801618424,0.010416666666666666
gamma,thompson,18,60.0,3.0,0.27468090003822,1.6700068954378366e-05,6.120091396852534,0.0,0.32525896135242627,0.5029723252155192,0.5793269254126252,0.5474630703233232,17.71709494966398,0.49103243261766266,0.015625
gamma,thompson,18,90.0,4.0,0.37260890001198277,2.3600063286721706e-05,6.120419338892653,0.0,0.32525896135242627,0.5029723252155192,0.5793269254126252,0.5474630703233232,17.716751615217316,0.4910323591979316,0.015625
gamma,thompson,18,120.0,44.0,4.734313699940685,0.0002536000683903694,5.990327363553463,0.0,0.15574459548533148,0.21668675419307937,0.2921963260341087,0.3370639172133485,16.285789329083922,0.43917122086974725,0.14583333333333334
gamma,thompson,19,15.0,1.0,0.1045404999749735,5.199981387704611e-06,6.204683113962606,0.8018730468622043,0.5809038037534071,0.6780568294512376,0.6621632321579332,0.6928392117506033,21.170546632841088,0.4868770306306238,0.005208333333333333
gamma,thompson,19,30.0,2.0,0.18940819997806102,9.000010322779417e-06,6.1978151997189,0.8018730468622043,0.5809038037534071,0.6780568294512376,0.6621632321579332,0.6928392117506033,21.153736865022488,0.48342187247779145,0.010416666666666666
gamma,thompson,19,60.0,3.0,0.286489799967967,1.5000056009739637e-05,6.18566764552494,0.8018730468622043,0.5809038037534071,0.6780568294512376,0.6621632321579332,0.6928392117506033,21.10803490646899,0.4830700873360395,0.015625
gamma,thompson,19,90.0,4.0,0.3852752999518998,2.110004425048828e-05,6.178457427709591,0.8018730468622043,0.5809038037534071,0.6780568294512376,0.6621632321579332,0.6928392117506033,21.090335202919672,0.4790290876412071,0.020833333333333332
gamma,thompson,19,120.0,44.0,4.796153999923263,0.00023400021018460393,5.986308207269242,0.11316242899914175,0.21589590458498975,0.24174591108851373,0.2621136381012491,0.3034077240745049,18.22702556720529,0.44107532777674463,0.21354166666666666
gamma,thompson,20,15.0,1.0,0.10207849997095764,6.00004568696022e-06,6.389777759895741,0.9464385903995702,0.9482432323675739,0.9128959553298098,0.8507745879750136,0.7792619650001622,20.971200248429344,0.4585850498164979,0.005208333333333333
gamma,thompson,20,30.0,2.0,0.19688060000771657,9.90001717582345e-06,6.377574128675996,0.9608706162907252,0.9092706687152473,0.8348849304141344,0.7529163790355439,0.5245981639822364,20.81763581476475,0.4556141451038203,0.010416666666666666
gamma,thompson,20,60.0,3.0,0.2941963000339456,1.6400066670030355e-05,6.365075853237395,0.9608706162907252,0.9092706687152473,0.8348849304141344,0.7529163790355439,0.5245981639822364,20.81374886601304,0.4553294706284466,0.015625
gamma,thompson,20,90.0,4.0,0.39172250003321096,2.050003968179226e-05,6.354535760748109,0.9608706162907252,0.9092706687152473,0.8348849304141344,0.7529163790355439,0.5245981639822364,20.68435540257629,0.45335478206205904,0.020833333333333332
gamma,thompson,20,120.0,44.0,4.733730000327341,0.0003085000207647681,6.125572931699481,0.20910776407078147,0.2556566432543168,0.1845928520299951,0.1745054327977591,0.17771570282432814,16.728527168080145,0.4043766782549293,0.203125
gamma,thompson,21,15.0,1.0,0.09831249999115244,6.299989763647318e-06,6.266504363431021,0.906829727187206,0.9249622047790834,0.9287022065695942,0.9388375927042274,0.9021330902236651,17.057841507232496,0.5154592269456156,0.005208333333333333
gamma,thompson,21,30.0,2.0,0.1997887000325136,1.3199984095990658e-05,6.244938633410203,0.906829727187206,0.9249622047790834,0.9287022065695942,0.9388375927042274,0.9021330902236651,16.815264753692126,0.5095252801126992,0.010416666666666666
gamma,thompson,21,60.0,3.0,0.3009486999944784,1.9899976905435324e-05,6.2217817496851024,0.906829727187206,0.9249622047790834,0.9287022065695942,0.9388375927042274,0.9021330902236651,16.57535964344973,0.5041135656281962,0.015625
gamma,thompson,21,90.0,4.0,0.39885810000123456,2.4399952962994576e-05,6.209612715234026,0.906829727187206,0.9249622047790834,0.9287022065695942,0.9388375927042274,0.9021330902236651,16.539645933365385,0.5039351989979436,0.020833333333333332
gamma,thompson,21,120.0,44.0,4.790401199890766,0.00031590001890435815,6.003111644087938,0.0,0.10820742816803919,0.15928876552988724,0.17435055438818803,0.16844198323282478,12.600239009668568,0.42174601191203986,0.20833333333333334
gamma,thompson,22,15.0,1.0,0.09709699999075383,6.999995093792677e-06,6.361198107603883,0.5317932809715531,0.15839812345118498,0.39445050647008906,0.38580925997178395,0.3086878001840143,25.145944971630204,0.4762741689886816,0.005208333333333333
gamma,thompson,22,30.0,2.0,0.1837697000009939,1.279998105019331e-05,6.362025890364106,0.5317932809715531,0.15839812345118498,0.39445050647008906,0.38580925997178395,0.3086878001840143,25.132758138310262,0.4734729724551901,0.010416666666666666
gamma,thompson,22,60.0,3.0,0.29637320002075285,1.999997766688466e-05,6.355680824692821,0.5317932809715531,0.15839812345118498,0.39445050647008906,0.38580925997178395,0.3086878001840143,25.120176730969405,0.4708769507947905,0.015625
gamma,thompson,22,90.0,4.0,0.4114211000269279,2.3800006601959467e-05,6.333460331616339,0.25546168569731365,0.304833248207631,0.11101771319473897,0.2998951904578684,0.3042773636985202,24.22653422062676,0.4695199102191397,0.020833333333333332
gamma,thompson,22,120.0,44.0,4.775534799788147,0.00021989998640492558,6.195331923285694,0.0,0.0,0.11101771319473897,0.16646710273181986,0.12382817445914118,18.871300966337415,0.4206428875549038,0.16666666666666666
gamma,thompson,23,15.0,1.0,0.09121469996171072,5.799985956400633e-06,6.173219806631292,0.9751008266806265,0.8825575146935348,0.716313074429966,0.7643814639728259,0.7802844835710754,20.92453050206113,0.5188647497095864,0.005208333333333333
gamma,thompson,23,30.0,2.0,0.198940199916251,1.3299984857439995e-05,6.155859908907577,0.9751008266806265,0.8825575146935348,0.716313074429966,0.7643814639728259,0.7802844835710754,20.75246199670624,0.5152682648150496,0.010416666666666666
gamma,thompson,23,60.0,3.0,0.30884249991504475,1.9499973859637976e-05,6.142943799179554,0.9751008266806265,0.8825575146935348,0.716313074429966,0.7643814639728259,0.7802844835710754,20.725263813679987,0.5151037336031813,0.015625
gamma,thompson,23,90.0,4.0,0.4423824999248609,2.340000355616212e-05,6.129717428176768,0.9751008266806265,0.8825575146935348,0.716313074429966,0.7643814639728259,0.7802844835710754,20.587479846982234,0.513116179035362,0.020833333333333332
gamma,thompson,23,120.0,44.0,4.814535099896602,0.00023179984418675303,5.953978676242492,0.0,0.08552825436053413,0.11858658150608758,0.1384191648181201,0.14680733017548897,15.545654093314221,0.4841949061817574,0.171875
gamma,thompson,24,15.0,1.0,0.09800600004382432,7.90000194683671e-06,6.3581859402776,0.0,0.4695559590803996,0.4003186392124358,0.48846892494334015,0.35545402633725665,28.10707790029361,0.4813833119764447,0.005208333333333333
gamma,thompson,24,30.0,2.0,0.2148482000338845,1.5400000847876072e-05,6.3452509344698855,0.0,0.4695559590803996,0.4003186392124358,0.48846892494334015,0.35545402633725665,28.011298683471267,0.4795064931962529,0.010416666666666666
gamma,thompson,24,60.0,3.0,0.32530940003925934,2.1299987565726042e-05,6.335197389457228,0.0,0.4695559590803996,0.4003186392124358,0.48846892494334015,0.35545402633725665,27.963259484533584,0.47894133069002814,0.015625
gamma,thompson,24,90.0,4.0,0.4173050000099465,2.859998494386673e-05,6.323980847736354,0.0,0.4695559590803996,0.4003186392124358,0.48846892494334015,0.35545402633725665,27.900055542835826,0.4780739133788597,0.020833333333333332
gamma,thompson,24,120.0,44.0,4.377348399721086,0.00027679995400831103,6.145338254028428,0.0,0.0,0.019634573717808967,0.1081269180639074,0.15228574758186697,20.128794485898215,0.45127507138735923,0.15625
gamma,thompson,25,15.0,1.0,0.1023202000069432,1.4899997040629387e-05,6.285903519423272,0.8140999214762465,0.8645863527199031,0.8766379784000051,0.8834617805904377,0.8869806297749615,25.318826681249256,0.5248329453710279,0.005208333333333333
gamma,thompson,25,30.0,2.0,0.19561950000934303,2.0599982235580683e-05,6.26844650265303,0.545650111241984,0.6505846325995541,0.726717000184561,0.7656273814651602,0.7869340414026429,25.153844832789773,0.5244320863396442,0.010416666666666666
gamma,thompson,25,60.0,3.0,0.30533790006302297,2.559996210038662e-05,6.263170863595967,0.545650111241984,0.6505846325995541,0.726717000184561,0.7656273814651602,0.7869340414026429,25.13920573358748,0.5208826386547977,0.015625
gamma,thompson,25,90.0,4.0,0.4103230000473559,3.0999945010989904e-05,6.254016863200661,0.545650111241984,0.6505846325995541,0.726717000184561,0.7656273814651602,0.7869340414026429,25.131460976390848,0.5199873833540618,0.020833333333333332
gamma,thompson,25,120.0,44.0,4.408224800019525,0.00025329983327537775,6.070851799505841,0.0,0.0,0.0,0.08102862728206484,0.1252644860720178,19.03366104814336,0.49035031156554065,0.16145833333333334
gamma,thompson,26,15.0,1.0,0.11060959997121245,4.099973011761904e-06,6.292461292353583,0.48469441172621386,0.7134234838303417,0.74187486129549,0.7765226427246872,0.8113791344458011,23.994938828651694,0.4948835558327669,0.005208333333333333
gamma,thompson,26,30.0,2.0,0.22152149997418746,8.200004231184721e-06,6.27263010304565,0.5067186886533177,0.4607916762628309,0.619170698344423,0.6456698070505322,0.6903993352326685,23.75227293656167,0.49434426179345337,0.010416666666666666
gamma,thompson,26,60.0,3.0,0.31619859993224964,1.2699980288743973e-05,6.250986337263387,0.34170374732801123,0.38434634816147206,0.3832850473511977,0.4979029298532234,0.5399230904897572,23.086119158020814,0.4932985130795932,0.015625
gamma,thompson,26,90.0,4.0,0.42286059993784875,1.6000005416572094e-05,6.227092017503228,0.34170374732801123,0.38434634816147206,0.4871048182416101,0.4342451640954672,0.5217449599782933,22.990133235202325,0.49202128628576935,0.020833333333333332
gamma,thompson,26,120.0,44.0,4.4638068998465315,0.00017299974570050836,6.0773387781190875,0.0,0.1134456108845282,0.20395736576429713,0.25057488979994447,0.2980413783747117,19.65921164183291,0.4660604849238912,0.125
gamma,thompson,27,15.0,1.0,0.11211589997401461,4.500034265220165e-06,6.2451985483333,0.6274478219049495,0.5117332521577636,0.2196778459515516,0.33164780690231166,0.394506702196725,20.84848528130435,0.49996512096218465,0.005208333333333333
gamma,thompson,27,30.0,2.0,0.2189115000073798,9.200070053339005e-06,6.229937270865001,0.6274478219049495,0.6584049000525796,0.515872458946599,0.27157155371739095,0.3573396781731353,20.846951315283203,0.49995916850289457,0.010416666666666666
gamma,thompson,27,60.0,3.0,0.3134842000436038,1.4100049156695604e-05,6.213940893853831,0.6274478219049495,0.6459893426316259,0.6186893994909888,0.5060751375477401,0.299848189948288,20.839844087666975,0.4999338262952914,0.015625
gamma,thompson,27,90.0,4.0,0.4006088000605814,1.890008570626378e-05,6.200552264631985,0.6274478219049495,0.6459893426316259,0.6186893994909888,0.5060751375477401,0.299848189948288,20.83770577432242,0.49981069107066695,0.020833333333333332
gamma,thompson,27,120.0,44.0,4.364364300156012,0.00021410034969449043,6.007709321288476,0.0,0.0,0.05656557712124155,0.04805040861752674,0.04071241379287838,13.908935663757596,0.44610680028856187,0.16145833333333334
gamma,thompson,28,15.0,1.0,0.09498749999329448,3.89997148886323e-06,6.636079995669799,0.9929890830170571,0.9813872954158543,0.9844453357713746,0.9820594875180215,0.9600363927467307,27.266916483674972,0.5421989607000491,0.005208333333333333
gamma,thompson,28,30.0,2.0,0.20164959999965504,8.599949069321156e-06,6.6235619388557865,0.9929890830170571,0.9813872954158543,0.9844453357713746,0.9820594875180215,0.9600363927467307,27.231954361522348,0.5418909283613844,0.010416666666666666
gamma,thompson,28,60.0,3.0,0.3062144999857992,1.2899981811642647e-05,6.611388071927268,0.9929890830170571,0.9813872954158543,0.9844453357713746,0.9820594875180215,0.9600363927467307,27.18939101524938,0.5414867629131969,0.015625
gamma,thompson,28,90.0,4.0,0.40010159998200834,1.7600017599761486e-05,6.595908125740952,0.7448081621079266,0.8649202732845271,0.894960548952527,0.9148209987451074,0.9232104617296825,27.18821331527401,0.5414812604288588,0.020833333333333332
gamma,thompson,28,120.0,44.0,4.322441800031811,0.00020480010425671935,6.452679894066402,0.05890372115342679,0.3234084154104606,0.3424803137995105,0.3730528144782854,0.40818665634397744,24.31718442340229,0.5081535052421634,0.140625
gamma,thompson,29,15.0,1.0,0.10519420000491664,5.699985194951296e-06,6.123249224505798,0.0,0.36922591608312527,0.4478018320985059,0.5098624330715806,0.548307350812622,22.39683831893996,0.5272187410162684,0.005208333333333333
gamma,thompson,29,30.0,2.0,0.20986780000384897,1.1399970389902592e-05,6.11227800070846,0.0,0.36922591608312527,0.4478018320985059,0.5136983278794123,0.5779082768426385,22.350233773091215,0.5268608789024054,0.010416666666666666
gamma,thompson,29,60.0,3.0,0.30728790001012385,1.5600002370774746e-05,6.103497607353016,0.0,0.36922591608312527,0.4478018320985059,0.5136983278794123,0.5779082768426385,22.338528963736685,0.5253278932400541,0.015625
gamma,thompson,29,90.0,4.0,0.40883560001384467,1.9400031305849552e-05,6.090618154894674,0.0,0.36922591608312527,0.4897936261888497,0.5785692220911383,0.6298119302376097,22.337804904877288,0.5253247612190187,0.020833333333333332
gamma,thompson,29,120.0,44.0,4.347136099881027,0.0001936997869051993,5.925244251009578,0.0,0.09498754549539767,0.15282609076419185,0.14496077269516228,0.18344951360270334,17.378594024640613,0.47799779761740474,0.16145833333333334
gamma,thompson,30,15.0,1.0,0.10352840000996366,5.299982149153948e-06,6.241718152429638,0.9241235670261418,0.7789352198351698,0.824959247526639,0.8174552798918895,0.8341795164867726,20.43170243811534,0.5290669087510856,0.005208333333333333
gamma,thompson,30,30.0,2.0,0.20540400000754744,1.0800024028867483e-05,6.233321367292215,0.9241235670261418,0.7789352198351698,0.824959247526639,0.8174552798918895,0.8341795164867726,20.41176173675747,0.5240629666196369,0.010416666666666666
gamma,thompson,30,60.0,3.0,0.307201299990993,1.5500059816986322e-05,6.216346479633525,0.9241235670261418,0.7789352198351698,0.824959247526639,0.8174552798918895,0.8341795164867726,20.233308217141428,0.5203745198955646,0.015625
gamma,thompson,30,90.0,4.0,0.4028839999809861,2.010003663599491e-05,6.199408394628867,0.9241235670261418,0.7789352198351698,0.824959247526639,0.8174552798918895,0.8341795164867726,20.04416268887598,0.5160113820065434,0.020833333333333332
gamma,thompson,30,120.0,44.0,4.411568999930751,0.00020690006203949451,5.993992133735554,0.4405805964976658,0.3860221841855783,0.3605632424998345,0.2541911528967321,0.22796785732594993,16.938628395072637,0.44041152309170084,0.22916666666666666
gamma,thompson,31,15.0,1.0,0.106366700027138,4.499976057559252e-06,6.538592917124458,0.8359415216158443,0.9004166533049189,0.9229587549288377,0.9301871992565582,0.8050358746265233,29.834452765836833,0.5751718178639764,0.005208333333333333
gamma,thompson,31,30.0,2.0,0.20298030000412837,9.199953638017178e-06,6.530805596715688,0.8359415216158443,0.9004166533049189,0.9229587549288377,0.9301871992565582,0.8050358746265233,29.82592098753472,0.5738474103384599,0.010416666666666666
gamma,thompson,31,60.0,3.0,0.31070010003168136,1.3699987903237343e-05,6.515350696632559,0.8359415216158443,0.9004166533049189,0.9229587549288377,0.9301871992565582,0.8050358746265233,29.71134000695131,0.571043437464922,0.015625
gamma,thompson,31,90.0,4.0,0.4055523000424728,1.799996243789792e-05,6.507897899601592,0.8359415216158443,0.9004166533049189,0.9229587549288377,0.9301871992565582,0.8050358746265233,29.697962484655342,0.5668599791333325,0.020833333333333332
gamma,thompson,31,120.0,44.0,4.435099100053776,0.00021289981668815017,6.371874107543722,0.27893927496401005,0.4181196959935164,0.4688970942238597,0.4824284712979515,0.5643469696890692,27.58644834514859,0.5142572273111032,0.19270833333333334
gamma,thompson,32,15.0,1.0,0.11121539998566732,4.799978341907263e-06,6.422065789813188,0.6488735617010979,0.8072795250483925,0.8193379205125091,0.7974932239652438,0.7713922153463506,27.015220825802317,0.5065301579258544,0.005208333333333333
gamma,thompson,32,30.0,2.0,0.2182535999454558,1.1199968867003918e-05,6.410773133390518,0.6488735617010979,0.8072795250483925,0.8193379205125091,0.7974932239652438,0.7713922153463506,27.011184983036223,0.5061478838627839,0.010416666666666666
gamma,thompson,32,60.0,3.0,0.31793499999912456,1.4599994756281376e-05,6.396891891415304,0.6294799023166788,0.6297792852023454,0.742561369018703,0.7632289899229695,0.7443327156609671,26.956311598131574,0.5059605803270616,0.015625
gamma,thompson,32,90.0,4.0,0.4221244999789633,1.9899976905435324e-05,6.3845229742491165,0.6294799023166788,0.6297792852023454,0.742561369018703,0.7632289899229695,0.7443327156609671,26.946743200066,0.5058944983517094,0.020833333333333332
gamma,thompson,32,120.0,44.0,4.360802299983334,0.0002052999916486442,6.227152400601727,0.0,0.0,0.0,0.10074860437715105,0.16190414847918833,19.929398123333005,0.46492563968131967,0.15104166666666666
gamma,thompson,33,15.0,1.0,0.10661439999239519,5.400041118264198e-06,6.098187334714016,0.4064618558134684,0.6342797387250544,0.6492821020177001,0.7061692518995951,0.731687305059183,20.197269998871892,0.5068269107421476,0.005208333333333333
gamma,thompson,33,30.0,2.0,0.19963500002631918,1.1900090612471104e-05,6.093623084867759,0.4064618558134684,0.6342797387250544,0.6492821020177001,0.7061692518995951,0.731687305059183,20.180959591691852,0.5041657034393218,0.010416666666666666
gamma,thompson,33,60.0,3.0,0.30046920001041144,1.6800069715827703e-05,6.081086674748071,0.4064618558134684,0.6342797387250544,0.6492821020177001,0.7061692518995951,0.5875050891891251,20.069485414153835,0.5029132326176244,0.015625
gamma,thompson,33,90.0,4.0,0.4005794000113383,2.3000058718025684e-05,6.066070750633675,0.4064618558134684,0.4697742550350543,0.5989462886631856,0.6073107046164918,0.6602324049873263,20.036789340019958,0.5028179438741688,0.020833333333333332
gamma,thompson,33,120.0,44.0,4.396213700005319,0.0002545001916587353,5.8726730928804365,0.0,0.08855921499411101,0.06343558916561298,0.056139088232024625,0.06179167884018588,13.391860530400766,0.464247828092925,0.16666666666666666
gamma,thompson,34,15.0,1.0,0.08738369995262474,4.200031980872154e-06,6.3391212950204485,0.6428515140628803,0.72369865414595,0.7994565981668271,0.8385337010843792,0.7786684594541448,25.932714664258857,0.48228859429876464,0.005208333333333333
gamma,thompson,34,30.0,2.0,0.18358539993641898,7.6000578701496124e-06,6.317090791769554,0.6428515140628803,0.72369865414595,0.7994565981668271,0.8385337010843792,0.7786684594541448,25.895452117355422,0.4815153237061706,0.010416666666666666
gamma,thompson,34,60.0,3.0,0.27114029991207644,1.1600088328123093e-05,6.307473425404418,0.6428515140628803,0.72369865414595,0.7994565981668271,0.8385337010843792,0.7786684594541448,25.808865545800646,0.4802129356131392,0.015625
gamma,thompson,34,90.0,4.0,0.3810642999014817,1.6800127923488617e-05,6.289542085568859,0.5587112213324681,0.5763007308876118,0.652581299962332,0.7272157925706464,0.7727567299760707,25.699845408465023,0.47988683074409283,0.020833333333333332
gamma,thompson,34,120.0,44.0,4.358337500074413,0.0002274001599289477,6.084832745427025,0.0,0.0,0.10376888628468584,0.19994877073556028,0.26454813838684876,19.784961539347762,0.4184590256751467,0.16666666666666666
gamma,thompson,35,15.0,1.0,0.08404869999503717,4.599976819008589e-06,6.50706207335062,0.9799938440816369,0.9717192697506944,0.8558612185761186,0.8079936980247495,0.7591144745489933,29.68671571990037,0.49855887398627563,0.005208333333333333
gamma,thompson,35,30.0,2.0,0.1877972999936901,8.999952115118504e-06,6.495322428903815,0.9799938440816369,0.9717192697506944,0.8558612185761186,0.8079936980247495,0.7591144745489933,29.666040680200762,0.49837008688770656,0.010416666666666666
gamma,thompson,35,60.0,3.0,0.28845240001101047,1.3199984095990658e-05,6.481947199628934,0.9799938440816369,0.8168778319480038,0.7708540321213335,0.7207004147323188,0.7031632573932566,29.548398866556226,0.49494448432429666,0.015625
gamma,thompson,35,90.0,4.0,0.3848776000086218,1.799996243789792e-05,6.466981476413795,0.9799938440816369,0.8168778319480038,0.7708540321213335,0.7207004147323188,0.7031632573932566,29.548037400446315,0.4949197701805306,0.020833333333333332
gamma,thompson,35,120.0,44.0,4.413575900020078,0.0002074999501928687,6.2455099246662025,0.04340185519385875,0.282180744501483,0.2922505741457174,0.30041885824834424,0.3133636059692688,24.8157418862627,0.4455746700555062,0.21875
gamma,thompson,36,15.0,1.0,0.10432029998628423,4.599976819008589e-06,6.181765690272339,0.943723186588344,0.9030387112013419,0.915295615101199,0.8040088725439332,0.7880336861801427,23.85156676019214,0.5032694414187213,0.005208333333333333
gamma,thompson,36,30.0,2.0,0.2126058000139892,9.499955922365189e-06,6.126544076650636,0.943723186588344,0.9030387112013419,0.915295615101199,0.8040088725439332,0.7880336861801427,23.65817569892255,0.49121117276664394,0.010416666666666666
gamma,thompson,36,60.0,3.0,0.30991710000671446,1.3499986380338669e-05,6.114834510714769,0.943723186588344,0.9030387112013419,0.915295615101199,0.8040088725439332,0.7880336861801427,23.56315533394425,0.4899254823626561,0.015625
gamma,thompson,36,90.0,4.0,0.41183599998475984,1.650000922381878e-05,6.091787337353909,0.25546168569731365,0.5646662739833339,0.6428507269851879,0.7020458902396913,0.6404299307077168,22.607362494416268,0.4886210384924623,0.020833333333333332
gamma,thompson,36,120.0,44.0,4.501798500248697,0.00020110007608309388,5.863163147284932,0.0,0.0,0.0,0.025535780200414582,0.08131547718979537,15.270930477202347,0.45012980796001634,0.16145833333333334
gamma,thompson,37,15.0,1.0,0.10438189998967573,4.8999791033566e-06,6.2243120938140315,0.8532827291366749,0.8275831008469593,0.8516095928509966,0.7717665707636203,0.795450704792884,22.880821316839196,0.49339961830544704,0.005208333333333333
gamma,thompson,37,30.0,2.0,0.19860439997864887,9.699957445263863e-06,6.208480739548183,0.6772581032151115,0.7307391815645603,0.7404651574628848,0.7717665707636203,0.795450704792884,22.852056568119654,0.4933022676940857,0.010416666666666666
gamma,thompson,37,60.0,3.0,0.2832580999820493,1.4299934264272451e-05,6.195461675462735,0.6772581032151115,0.7307391815645603,0.7404651574628848,0.7717665707636203,0.795450704792884,22.85069739786263,0.49317681549411757,0.015625
gamma,thompson,37,90.0,4.0,0.38870710000628605,1.8799910321831703e-05,6.181531967056536,0.6772581032151115,0.7307391815645603,0.7404651574628848,0.7717665707636203,0.795450704792884,22.849402378789243,0.49309964000082906,0.020833333333333332
gamma,thompson,37,120.0,44.0,4.519403200072702,0.00021169980755075812,5.981768131418765,0.0,0.135250146998111,0.21991109153530586,0.2321347285088604,0.20736560410340799,17.551568073953025,0.4569708008754755,0.16145833333333334
gamma,thompson,38,15.0,1.0,0.09356409998144954,3.900029696524143e-06,6.3035665649402,0.63407767307944,0.7436802011080574,0.800748702176853,0.8290706920012461,0.6860138389763544,28.04739595315472,0.5101584762035992,0.005208333333333333
gamma,thompson,38,30.0,2.0,0.19789459998719394,8.700008038431406e-06,6.274876183404788,0.0,0.31703883653972,0.49578680073870496,0.5997036739511779,0.6512581350051944,26.1618323888869,0.5081480210062436,0.010416666666666666
gamma,thompson,38,60.0,3.0,0.28964129998348653,1.1699972674250603e-05,6.2654056775194755,0.0,0.31703883653972,0.49578680073870496,0.5997036739511779,0.6512581350051944,26.112859224362634,0.5076514691406925,0.015625
gamma,thompson,38,90.0,4.0,0.37407099996926263,1.629994949325919e-05,6.264857745925137,0.0,0.31703883653972,0.49578680073870496,0.5997036739511779,0.6512581350051944,26.112981695155565,0.5076515047955347,0.015625
gamma,thompson,38,120.0,44.0,4.470696099917404,0.00020469981245696545,6.098219525338261,0.0,0.0,0.13696760168098998,0.2141608057226858,0.27259165976149746,21.7031335407183,0.4584351826207814,0.15104166666666666
gamma,thompson,39,15.0,1.0,0.09105669998098165,4.400033503770828e-06,6.438848047245533,0.8203676438511539,0.7324841246070859,0.7912432041450155,0.8210628871513431,0.8369478975621312,24.842908261664824,0.48357687964550894,0.005208333333333333
gamma,thompson,39,30.0,2.0,0.17743290000362322,9.00006853044033e-06,6.431931329050291,0.8203676438511539,0.7324841246070859,0.7912432041450155,0.8210628871513431,0.8369478975621312,24.831246391553638,0.48150529733026615,0.010416666666666666
gamma,thompson,39,60.0,3.0,0.2731332000112161,1.4100049156695604e-05,6.414606678651747,0.4922992191248964,0.6186701881449614,0.6103752020244297,0.6638522132519653,0.7051361938866901,24.570680487930048,0.48090787075485386,0.015625
gamma,thompson,39,90.0,4.0,0.3676182000199333,1.830008113756776e-05,6.397559422914246,0.4922992191248964,0.5118160118350714,0.5829496747218877,0.5589188721491182,0.6077956513919349,24.504554016396828,0.4806961107808613,0.020833333333333332
gamma,thompson,39,120.0,44.0,4.474492600071244,0.00021460000425577164,6.24870201308568,0.0,0.03567765767237552,0.11602008117465001,0.1083451641839539,0.081973224356791,20.070800853969903,0.44022939095004715,0.14583333333333334
gamma,thompson,40,15.0,1.0,0.10213179996935651,4.399975296109915e-06,6.1711450899519456,0.914885704314444,0.8780948180444199,0.7424857178557016,0.7612387120645256,0.7406115614094337,23.62863023270484,0.4926763408694202,0.005208333333333333
gamma,thompson,40,30.0,2.0,0.20037360000424087,8.700008038431406e-06,6.155739236383319,0.6277668717009117,0.7643870482012327,0.7712896638037514,0.6795864903213231,0.7005397951142631,23.560443033921896,0.49247072835470573,0.010416666666666666
gamma,thompson,40,60.0,3.0,0.2964985999860801,1.1500029359012842e-05,6.142396545546501,0.6277668717009117,0.6803610457178495,0.7349651882334385,0.7403800443671404,0.6629822413599009,23.56025063821001,0.49246983153922996,0.015625
gamma,thompson,40,90.0,4.0,0.3960263999761082,1.5700061339884996e-05,6.129929683567617,0.6277668717009117,0.6803610457178495,0.7349651882334385,0.7403800443671404,0.6629822413599009,23.530555243566567,0.4922441696747436,0.020833333333333332
gamma,thompson,40,120.0,44.0,4.406786500010639,0.00019850017270073295,5.99998377112576,0.05890372115342679,0.14370192658849446,0.20700741708777404,0.24777677018448874,0.272436676798379,19.027606081187123,0.4489754404375869,0.140625
gamma,thompson,41,15.0,1.0,0.09752750000916421,4.200031980872154e-06,6.301510203594262,0.8477102691619771,0.8477102691619771,0.7218696835838604,0.7244407025129842,0.7411413673573879,23.124035408482317,0.509837727713538,0.005208333333333333
gamma,thompson,41,30.0,2.0,0.2042667000205256,7.700000423938036e-06,6.29559931393415,0.8477102691619771,0.8477102691619771,0.7218696835838604,0.7244407025129842,0.7411413673573879,23.108584362249907,0.5065139835800913,0.010416666666666666
gamma,thompson,41,60.0,3.0,0.299263900029473,1.0500021744519472e-05,6.2833428070003,0.8477102691619771,0.8477102691619771,0.7218696835838604,0.7244407025129842,0.7411413673573879,22.949700799037995,0.5026083510472406,0.015625
gamma,thompson,41,90.0,4.0,0.39206420007394627,1.4500052202492952e-05,6.257396126215909,0.8477102691619771,0.8477102691619771,0.7218696835838604,0.7244407025129842,0.7411413673573879,22.769898558741424,0.4964768672437727,0.020833333333333332
gamma,thompson,41,120.0,44.0,4.608878400118556,0.00016600015806034207,6.071065061867485,0.0,0.21306929721240675,0.16556392411097332,0.17507457877285437,0.20066928948498985,18.156430552344332,0.4450804078749227,0.18229166666666666
gamma,thompson,42,15.0,1.0,0.09288509999169037,4.699977580457926e-06,6.287015447596577,0.4922992191248964,0.7348345347589376,0.6944569083602625,0.7243236319409228,0.7468154445312697,25.51887415099346,0.5259158318241136,0.005208333333333333
gamma,thompson,42,30.0,2.0,0.1952072000131011,8.90000956133008e-06,6.260112131595451,0.0,0.22327357107139445,0.4744585354594095,0.49885685929469337,0.5297575180862595,23.431329480162645,0.5239659996890287,0.010416666666666666
gamma,thompson,42,60.0,3.0,0.284595699980855,1.2100033927708864e-05,6.259669732152692,0.0,0.22327357107139445,0.4744585354594095,0.49885685929469337,0.5297575180862595,23.431022359622343,0.5239659212554827,0.010416666666666666
gamma,thompson,42,90.0,4.0,0.37302970001474023,1.560006057843566e-05,6.245412607435445,0.0,0.32993179123848904,0.3725722167144706,0.5162458386795372,0.49583361901641,23.415770306703777,0.5239120775138549,0.015625
gamma,thompson,42,120.0,44.0,4.555217100307345,0.00022070022532716393,6.116449279697927,0.0,0.0,0.132718315082074,0.23638872218581397,0.24261021905170022,20.333675506186843,0.4991051211546973,0.13541666666666666
gamma,thompson,43,15.0,1.0,0.08842370001366362,4.700035788118839e-06,6.311758002678879,0.9690593457023328,0.9207090904915473,0.6595104033990233,0.5964283065971279,0.6368278497763387,20.291594903934495,0.5004379152848936,0.005208333333333333
gamma,thompson,43,30.0,2.0,0.18893629999365658,7.499998901039362e-06,6.304106546619895,0.9690593457023328,0.9207090904915473,0.6595104033990233,0.5964283065971279,0.6368278497763387,20.272429240248684,0.4959813518225308,0.010416666666666666
gamma,thompson,43,60.0,3.0,0.2896319999708794,1.0400020983070135e-05,6.280568743787076,0.23380769721060135,0.5486714805470896,0.6324620359360239,0.4730950810071852,0.4341350601599008,19.230070268897034,0.49474536598301644,0.015625
gamma,thompson,43,90.0,4.0,0.39519720000680536,1.7700018361210823e-05,6.2600382212050825,0.23380769721060135,0.17014038115172248,0.3930172442155033,0.4730950810071852,0.4341350601599008,18.401544050681792,0.4937007755424666,0.020833333333333332
gamma,thompson,43,120.0,44.0,4.476369100098964,0.00019930012058466673,6.090073996026859,0.0,0.0,0.0,0.10192949399267226,0.13455619917684225,13.641940963851845,0.4543041748102962,0.171875
gamma,thompson,44,15.0,1.0,0.09537799999816343,5.300040356814861e-06,6.34037032129422,0.5229884924267885,0.7482654332433278,0.5188283116011756,0.4646305220217565,0.5313972066604442,22.18880183879483,0.5159453306076472,0.005208333333333333
gamma,thompson,44,30.0,2.0,0.1905038999975659,9.300012607127428e-06,6.336858191374335,0.5229884924267885,0.7482654332433278,0.5188283116011756,0.4646305220217565,0.5313972066604442,22.179971729226096,0.5150406662719782,0.010416666666666666
gamma,thompson,44,60.0,3.0,0.27404359995853156,1.4399993233382702e-05,6.312108078224071,0.5229884924267885,0.7482654332433278,0.5188283116011756,0.4646305220217565,0.5313972066604442,21.994103723808117,0.5090965806703067,0.015625
gamma,thompson,44,90.0,4.0,0.37114749994361773,1.910002902150154e-05,6.287724396693743,0.5229884924267885,0.7482654332433278,0.5188283116011756,0.4646305220217565,0.5313972066604442,21.80689999756917,0.50312083283851,0.020833333333333332
gamma,thompson,44,120.0,44.0,4.589590999705251,0.00020979985129088163,6.057458939474704,0.0,0.19511015053713587,0.25393539211294425,0.24761740514725383,0.2523535983044848,16.361869909741397,0.44409051697100266,0.171875
gamma,thompson,45,15.0,1.0,0.10368060000473633,5.699985194951296e-06,6.180386533199105,0.8484846006194652,0.8897184,0.8124436883581362,0.7920760556135241,0.8002337565648081,20.22203110713643,0.5225212021785963,0.005208333333333333
gamma,thompson,45,30.0,2.0,0.186178200005088,1.0499963536858559e-05,6.166646276248401,0.8484846006194652,0.8897184,0.8124436883581362,0.7920760556135241,0.8002337565648081,20.199990064586856,0.5147687757750794,0.010416666666666666
gamma,thompson,45,60.0,3.0,0.28638649999629706,1.599994720891118e-05,6.142586824562734,0.7509199275836496,0.7695284705882353,0.7989666986262359,0.7467987930468458,0.7378997563274752,20.06954871854626,0.5134133740778313,0.015625
gamma,thompson,45,90.0,4.0,0.3911978999967687,2.189993392676115e-05,6.125120502306326,0.7509199275836496,0.7695284705882353,0.7989666986262359,0.7467987930468458,0.7378997563274752,20.068952907527105,0.513393618638536,0.020833333333333332
gamma,thompson,45,120.0,44.0,4.464552399876993,0.0002728996332734823,5.906864754642267,0.0,0.0,0.06171057065862828,0.0951148926560289,0.08083060704640044,13.036606585520943,0.43338718402849663,0.21354166666666666
gamma,thompson,46,15.0,1.0,0.09571460000006482,3.3999676816165447e-06,6.437442217365574,0.3421930175119071,0.6593493471524315,0.6371126613012559,0.6121104881845434,0.5597852155255172,20.917194558854547,0.5021736598592997,0.005208333333333333
gamma,thompson,46,30.0,2.0,0.19472039997344837,7.499998901039362e-06,6.4297196797395415,0.3421930175119071,0.6593493471524315,0.6371126613012559,0.6121104881845434,0.5597852155255172,20.90348188993714,0.5002193092272108,0.010416666666666666
gamma,thompson,46,60.0,3.0,0.31593009998323396,1.379998866468668e-05,6.372834677412848,0.3421930175119071,0.6593493471524315,0.6371126613012559,0.6121104881845434,0.5597852155255172,20.68253176269066,0.4880544338249245,0.015625
gamma,thompson,46,90.0,4.0,0.43078709999099374,1.9000028260052204e-05,6.357590632792127,0.6365031217447704,0.48934806962833877,0.6068946350000617,0.594745471564653,0.579795388020035,20.664140219223036,0.4879933067666723,0.020833333333333332
gamma,thompson,46,120.0,44.0,4.405244999856222,0.0002166999038308859,6.129482297187209,0.0,0.1904500160509437,0.16131481321715135,0.16385396728162727,0.1685996651834586,16.41987100055935,0.42727812188199793,0.203125
gamma,thompson,47,15.0,1.0,0.12252110004192218,4.400033503770828e-06,6.470617554306148,0.5024536334235363,0.5891651664531568,0.7018760420131938,0.754031759125593,0.784735927772974,27.212832094826876,0.5287735590108079,0.005208333333333333
gamma,thompson,47,30.0,2.0,0.2269682000624016,9.400071576237679e-06,6.463477719378852,0.5024536334235363,0.5891651664531568,0.7018760420131938,0.754031759125593,0.784735927772974,27.199158516596516,0.5251304837793679,0.010416666666666666
gamma,thompson,47,60.0,3.0,0.34705410001333803,1.5100114978849888e-05,6.438460446323042,0.5024536334235363,0.5891651664531568,0.7018760420131938,0.754031759125593,0.784735927772974,27.047801126334246,0.5192998172786932,0.015625
gamma,thompson,47,90.0,4.0,0.439879400015343,1.8500140868127346e-05,6.416691997453882,0.4211768200118804,0.4477984954598554,0.5120228625233206,0.5961657823856215,0.6568988983602103,26.67580150185264,0.518553014472143,0.020833333333333332
gamma,thompson,47,120.0,44.0,4.412483500083908,0.00019690004410222173,6.2318784623771135,0.050766726068686485,0.2160730712145239,0.29837499440693027,0.33169616353262465,0.36484157233805214,23.919500622943254,0.4818586390642724,0.15625
gamma,thompson,48,15.0,1.0,0.10271609999472275,5.00003807246685e-06,6.2089331690208995,0.8871532132092491,0.8923235391731524,0.9206112379926652,0.7605352019114726,0.7555813762051827,23.09704985793651,0.5302800647897226,0.005208333333333333
gamma,thompson,48,30.0,2.0,0.20122230000561103,8.600007276982069e-06,6.1964058718855215,0.8871532132092491,0.8923235391731524,0.9206112379926652,0.7605352019114726,0.7555813762051827,23.04139843286772,0.5298009153889465,0.010416666666666666
gamma,thompson,48,60.0,3.0,0.28703399997903034,1.2899981811642647e-05,6.179819297301307,0.6609827734142961,0.7543607284774152,0.7921533277850737,0.8279542616867286,0.7069745300173014,23.00333080446167,0.5296851813397102,0.015625
gamma,thompson,48,90.0,4.0,0.38569169997936115,1.729995710775256e-05,6.169210316319766,0.6609827734142961,0.7543607284774152,0.7921533277850737,0.8279542616867286,0.7069745300173014,22.896851786594965,0.5282830468265493,0.020833333333333332
gamma,thompson,48,120.0,44.0,4.422853999887593,0.00019929988775402308,6.039520539954597,0.0,0.0,0.11290012919924142,0.13208463900781486,0.11165192542603086,17.03765348195302,0.49591084650469636,0.16145833333333334
gamma,thompson,49,15.0,1.0,0.0934523000032641,4.600035026669502e-06,6.0997010745462275,0.9147713022242756,0.7787296195855298,0.7926220605362682,0.7706422224255598,0.5799357003075203,20.94132075664779,0.4465508320026838,0.005208333333333333
gamma,thompson,49,30.0,2.0,0.20566700003109872,8.800067007541656e-06,6.087424689354414,0.7496369876575804,0.8175678948485727,0.7393182581537268,0.7572572221752244,0.7375508732692788,20.941107340600848,0.4465497201996552,0.010416666666666666
gamma,thompson,49,60.0,3.0,0.30444870004430413,1.290004001930356e-05,6.075663841823183,0.7496369876575804,0.8175678948485727,0.7393182581537268,0.7572572221752244,0.7375508732692788,20.92014580941542,0.44641024352616887,0.015625
gamma,thompson,49,90.0,4.0,0.40075050003360957,1.7200014553964138e-05,6.054944224867992,0.44774272325259057,0.5636849643146529,0.6479369773741445,0.6203015073641758,0.6453817518355576,20.510565196967395,0.4456312839372739,0.020833333333333332
gamma,thompson,49,120.0,44.0,4.346689399913885,0.00019260001135990024,5.93062127134989,0.0,0.1561723540967136,0.2375518536451312,0.29544838516426297,0.30560525580095044,16.732008778492617,0.410510409372043,0.16145833333333334
gamma,lucb,0,15.0,30.0,1.2273837000248022,0.00015190010890364647,6.013552186802905,0.0,0.10454931088924224,0.16175986909055384,0.15355893423439548,0.14088049997621854,17.701736697202012,0.47551357299099595,0.09895833333333333
gamma,lucb,0,30.0,60.0,2.4536342001520097,0.0003097002045251429,5.92281576888945,0.05890372115342679,0.0,0.0,0.0,0.00790388327921876,13.378006606963604,0.45864316098596825,0.17708333333333334
gamma,lucb,0,60.0,120.0,4.934571400692221,0.0006119999452494085,5.811952735331115,0.05890372115342679,0.0,0.0,0.0,0.0,11.291714869123084,0.3943508656959571,0.328125
gamma,lucb,0,90.0,180.0,7.486724800779484,0.0009130997350439429,5.747565141999502,0.05890372115342679,0.0,0.0,0.0,0.0,10.84409930377647,0.3712434747411947,0.4010416666666667
gamma,lucb,0,120.0,240.0,9.902459700708278,0.0012256999034434557,5.731780925190454,0.05890372115342679,0.0,0.0,0.0,0.0,10.81986489126159,0.3670123866536409,0.4166666666666667
gamma,lucb,1,15.0,30.0,1.1730395998456515,0.0001411999692209065,5.964300516917345,0.0,0.2586080419871286,0.2210100542905996,0.24141453044959904,0.2108789610229045,13.332519378637986,0.4560811124873334,0.11979166666666667
gamma,lucb,1,30.0,60.0,2.3290860998095013,0.0003005000180564821,5.848821284302468,0.0,0.0,0.029990263554355745,0.06744621124278938,0.05891520665853267,10.607446832937644,0.44378565184798796,0.19791666666666666
gamma,lucb,1,60.0,120.0,4.655755699961446,0.000581699947360903,5.705734382849983,0.0,0.0,0.0,0.0,0.0,9.226135661605696,0.38770594786908685,0.3541666666666667
gamma,lucb,1,90.0,180.0,7.2075606001890264,0.0008916002116166055,5.635901274265823,0.0,0.0,0.0,0.0,0.0,8.219113248518742,0.3431507505082576,0.46875
gamma,lucb,1,120.0,240.0,9.531043800408952,0.0011788999545387924,5.5302898950959785,0.0,0.0,0.0,0.0,0.0,7.760122812572521,0.29939673731608724,0.6041666666666666
gamma,lucb,2,15.0,30.0,1.2525328001356684,0.00017269985983148217,6.194619743515852,0.5076622768479593,0.397814545243933,0.34882437811019085,0.3182472891793712,0.3293517925091559,21.14314402688206,0.4913341362650624,0.11458333333333333
gamma,lucb,2,30.0,60.0,2.437383900163695,0.00033679994521662593,6.082796764823207,0.5616117983173823,0.343457793565908,0.2639764148540321,0.2143683133225045,0.1814110463751697,18.762246815096574,0.46562259812497525,0.19270833333333334
gamma,lucb,2,60.0,120.0,4.862022800196428,0.0006277000647969544,5.964351159394034,0.5616117983173823,0.343457793565908,0.2639764148540321,0.2143683133225045,0.1814110463751697,18.014231396902474,0.4081451531988753,0.34375
gamma,lucb,2,90.0,180.0,7.29778349987464,0.0009335000067949295,5.941645939972337,0.3648302387128344,0.3104645700201427,0.23861832710862363,0.20003016485838188,0.1814110463751697,17.52132982746541,0.3938397000352107,0.4010416666666667
gamma,lucb,2,120.0,240.0,9.648133399954531,0.0012267997954040766,5.827681558404179,0.0,0.0,0.0,0.0,0.0,10.338233100578089,0.34509677565622476,0.5260416666666666
gamma,lucb,3,15.0,30.0,1.1616552998893894,0.00014949997421354055,6.046591326768508,0.19689468118130493,0.20233440326816465,0.13998493960701663,0.13850470232014056,0.16856906290493956,19.27815137539669,0.4462371094219881,0.13020833333333334
gamma,lucb,3,30.0,60.0,2.3280112000647932,0.0003085997886955738,5.937057449589093,0.19689468118130493,0.10919754887656852,0.07554826088799793,0.10700980588847153,0.10362607967865023,15.552936002031982,0.43569004965029084,0.203125
gamma,lucb,3,60.0,120.0,4.813004600233398,0.0006097996956668794,5.862205743301064,0.19689468118130493,0.10919754887656852,0.07554826088799793,0.10700980588847153,0.08887362232427465,15.275057978483783,0.41101441980963477,0.28125
gamma,lucb,3,90.0,180.0,7.318273100419901,0.0009094997076317668,5.72141454060689,0.19689468118130493,0.10919754887656852,0.07554826088799793,0.0892468571463847,0.08887362232427465,14.598411060063986,0.36140811589217897,0.4010416666666667
gamma,lucb,3,120.0,240.0,9.639836100162938,0.0011913995258510113,5.719223652667388,0.19689468118130493,0.10919754887656852,0.07554826088799793,0.0892468571463847,0.08887362232427465,14.595992075815484,0.36140690151766236,0.4010416666666667
gamma,lucb,4,15.0,30.0,1.2524589000968263,0.00018079986330121756,6.03625568911955,0.05890372115342679,0.02945186057671345,0.1864232872902568,0.2313363362712414,0.21457617151020447,18.377688045205186,0.4612248366484973,0.10416666666666667
gamma,lucb,4,30.0,60.0,2.5199551000841893,0.00034209986915811896,5.909292449200485,0.0,0.02945186057671345,0.0,0.08603431557438057,0.07513263570235085,13.124149579846925,0.439527960812828,0.18229166666666666
gamma,lucb,4,60.0,120.0,4.868181400001049,0.0006234999164007604,5.776187331959327,0.0,0.02945186057671345,0.05700380087141932,0.0,0.0,8.725915906391526,0.37023956399634733,0.3333333333333333
gamma,lucb,4,90.0,180.0,7.458684199955314,0.0009345997823402286,5.728209293459098,0.0,0.02945186057671345,0.05700380087141932,0.0,0.0,8.436331522575859,0.3476667396708104,0.4010416666666667
gamma,lucb,4,120.0,240.0,9.772192199947312,0.0012123998021706939,5.724660026693141,0.0,0.02945186057671345,0.05700380087141932,0.0,0.0,8.434677728659334,0.34766576462556315,0.4010416666666667
gamma,lucb,5,15.0,30.0,1.1803478997317143,0.0001604999997653067,6.375947809507548,0.0,0.0,0.0,0.0,0.05614299766632158,19.31453096766493,0.4679568018018269,0.11979166666666667
gamma,lucb,5,30.0,60.0,2.4291902997065336,0.00032459991052746773,6.257533149542596,0.0,0.0,0.0,0.0,0.004802935415663123,16.256339136722147,0.4420374742129687,0.19791666666666666
gamma,lucb,5,60.0,120.0,4.855013899737969,0.00063959980616346,6.085935950299728,0.0,0.0,0.0,0.0,0.004802935415663123,13.59022560031378,0.3861568118070695,0.3385416666666667
gamma,lucb,5,90.0,180.0,7.377098899509292,0.0009627994731999934,5.974733585711956,0.0,0.0,0.0,0.0,0.0,10.32124332260888,0.3566713361170151,0.4010416666666667
gamma,lucb,5,120.0,240.0,9.718058599857613,0.0012777994270436466,5.9701549430165874,0.0,0.0,0.0,0.0,0.0,10.315485847522082,0.35666935773025155,0.4010416666666667
gamma,lucb,6,15.0,30.0,1.2306177003192715,0.000150499923620373,6.009571662173118,0.0,0.0,0.061993290690319,0.1123572203950034,0.12412273565964005,16.493807839208795,0.4606849843283541,0.11979166666666667
gamma,lucb,6,30.0,60.0,2.456415700202342,0.0003386999014765024,5.922261474325025,0.0,0.0,0.0,0.04323361938760262,0.06496455198815776,14.04098269675333,0.4455971402987182,0.19791666666666666
gamma,lucb,6,60.0,120.0,4.834243800141849,0.0006231998559087515,5.791484275307975,0.0,0.0,0.007150050582440337,2.220446049250313e-16,2.220446049250313e-16,11.077507901490605,0.38618120204101675,0.34375
gamma,lucb,6,90.0,180.0,7.349340200482402,0.0009184997761622071,5.756110584735622,0.0,0.0,0.007150050582440337,2.220446049250313e-16,2.220446049250313e-16,10.794839736662077,0.36654608305555736,0.4010416666666667
gamma,lucb,6,120.0,240.0,9.626688300515525,0.0011999995913356543,5.757573196986666,0.0,0.0,0.007150050582440337,2.220446049250313e-16,2.220446049250313e-16,10.789295254126207,0.3665404782447375,0.4010416666666667
gamma,lucb,7,15.0,30.0,1.1533394003636204,0.00014329975238069892,6.007453859902445,0.0,0.133010766041593,0.1324724381884539,0.17179945398566865,0.19279153969658236,14.915020060679542,0.4366690530134222,0.11458333333333333
gamma,lucb,7,30.0,60.0,2.3844603004981764,0.0006644997047260404,5.917071891232972,0.0,0.12459058154456559,0.15265802065864498,0.13257763073393336,0.11007012025295704,13.348233660779451,0.425216567982412,0.19270833333333334
gamma,lucb,7,60.0,120.0,4.85083430056693,0.0009599996847100556,5.761016065193497,0.0,0.0,0.0,0.0,0.0,8.476123372073454,0.36090038256428597,0.3333333333333333
gamma,lucb,7,90.0,180.0,7.41601940052351,0.001268899708520621,5.706779987164842,0.0,0.0,0.0,0.0026960472537086444,0.0,8.107218059403403,0.3244112852742434,0.4010416666666667
gamma,lucb,7,120.0,240.0,9.739640700689051,0.0015647999825887382,5.709195576505986,0.0,0.0,0.0,0.0,0.0,8.089784199520608,0.3198330859580769,0.4166666666666667
gamma,lucb,8,15.0,30.0,1.1706157001317479,0.0001471999567002058,6.197610998900384,0.3648302387128344,0.2884787407250098,0.25885348098815153,0.22155394131493333,0.1853251469797893,19.897305479639908,0.45667307671481105,0.109375
gamma,lucb,8,30.0,60.0,2.4200191001291387,0.00030369998421519995,6.099108803424866,0.3648302387128344,0.2884787407250098,0.22187185394563624,0.1918017690017777,0.16043808934416892,17.772774246547044,0.43777784971701017,0.1875
gamma,lucb,8,60.0,120.0,4.969306900224183,0.0006162998615764081,5.9494077187230685,0.3648302387128344,0.2884787407250098,0.22187185394563624,0.1784986264244398,0.16043808934416892,17.153515566024392,0.4051784205512977,0.328125
gamma,lucb,8,90.0,180.0,7.308036700356752,0.0009128998499363661,5.883403942592666,0.3648302387128344,0.2884787407250098,0.22187185394563624,0.1918017690017777,0.16043808934416892,16.846090092040303,0.36306092456305744,0.4010416666666667
gamma,lucb,8,120.0,240.0,9.647035000438336,0.001213899813592434,5.860043417336581,0.3648302387128344,0.2884787407250098,0.21696642917989617,0.17455215206484131,0.15790238261974177,16.73546285780081,0.36291523753243893,0.4010416666666667
gamma,lucb,9,15.0,30.0,1.2352207999792881,0.00015499995788559318,6.173369085901046,0.0,0.24677731564304128,0.2648607481215288,0.27091641390283916,0.25758723839184894,22.074516130933564,0.4700290754736259,0.11458333333333333
gamma,lucb,9,30.0,60.0,2.4461123998626135,0.0003095999709330499,6.0497220889484025,0.0,0.0,0.0,0.06508522859420551,0.08591503320436877,17.208680892619583,0.45165425420824123,0.19270833333333334
gamma,lucb,9,60.0,120.0,4.971764099609572,0.0005998999695293605,5.934946653195323,0.0,0.0,0.0,0.05337152994429306,0.08404932761822215,16.739650180441014,0.41918677433191714,0.3177083333333333
gamma,lucb,9,90.0,180.0,7.413248199329246,0.0008963000727817416,5.802690493460588,0.0,0.0,0.003440460633779674,0.0,0.0,11.400160290903518,0.37412222993397637,0.4010416666666667
gamma,lucb,9,120.0,240.0,9.798047699441668,0.0012124000350013375,5.790654956969846,0.0,0.0,0.0,0.0,0.0,11.391346480308982,0.37411629711046557,0.4010416666666667
gamma,lucb,10,15.0,30.0,1.3446540997247212,0.00016769993817433715,6.116772933656782,0.0,0.0073704802629662725,0.031894955823164706,0.11098647321032806,0.1963266173301783,14.748206264589173,0.48514400478979397,0.13020833333333334
gamma,lucb,10,30.0,60.0,2.5413236996973865,0.0003293000045232475,6.000093366038578,0.0,0.0073704802629662725,0.0,0.0,0.0,12.013723328576875,0.45600737833079674,0.21875
gamma,lucb,10,60.0,120.0,4.9544480997137725,0.0006488997605629265,5.883446096388518,0.0,0.0073704802629662725,0.0,0.0,0.0,10.772851666794626,0.3774348853805828,0.375
gamma,lucb,10,90.0,180.0,7.4008511996944435,0.0009613995207473636,5.781516567983078,0.0,0.0073704802629662725,0.0,0.0,0.0,9.791324012324637,0.35190486715076535,0.4635416666666667
gamma,lucb,10,120.0,240.0,9.748375399969518,0.0012501994497142732,5.6250877981365575,0.0,0.0073704802629662725,0.0,0.0,0.0,7.244485952580348,0.3040470303051346,0.6041666666666666
gamma,lucb,11,15.0,30.0,1.3347468001302332,0.00018169998656958342,6.148183295321182,0.39022030107427186,0.1457531955193545,0.2316681485244929,0.21504301293071348,0.23774511096076156,20.260180955244454,0.5041156140202602,0.09895833333333333
gamma,lucb,11,30.0,60.0,2.5365817999700084,0.000333799805957824,6.021224887942805,0.1155566629196555,0.20707457390512907,0.08874634827892791,0.09276873776221961,0.10011202980432132,16.865860657487307,0.47845368116773246,0.17708333333333334
gamma,lucb,11,60.0,120.0,4.900516400113702,0.0006388001493178308,5.905637687776146,0.1155566629196555,0.0,0.113435793217325,0.09276873776221961,0.09042708983179415,14.241483044094721,0.41027129030047815,0.3333333333333333
gamma,lucb,11,90.0,180.0,7.291900000302121,0.0009524000925011933,5.809978363118663,0.1155566629196555,0.0,0.08874634827892791,0.07257750377845518,0.0733475969973082,13.70366970700925,0.38146156579305346,0.4010416666666667
gamma,lucb,11,120.0,240.0,9.662537100433838,0.0012549998355098069,5.80450632562538,0.1155566629196555,0.0,0.08874634827892791,0.07257750377845518,0.0733475969973082,13.696773468584405,0.38145544079198546,0.4010416666666667
gamma,lucb,12,15.0,30.0,1.156548900064081,0.00013339996803551912,6.059142737499254,0.4261385944248135,0.38197385298030206,0.32436454697910533,0.31158077889401037,0.32035313542029487,18.31300664239087,0.466975994065325,0.109375
gamma,lucb,12,30.0,60.0,2.3913446001242846,0.00027860002592206,5.981952081532498,0.16765366662304237,0.23256443755338174,0.1834519331006662,0.1709124985745658,0.14592393634278478,14.788036094886268,0.4474829884067773,0.1875
gamma,lucb,12,60.0,120.0,4.728851500200108,0.000555599806830287,5.860226469045276,0.0,0.0,0.0,0.0,0.0,9.378253090967707,0.4101499199649227,0.3385416666666667
gamma,lucb,12,90.0,180.0,7.239577500266023,0.0008567000040784478,5.7895117827936255,0.0,0.0,0.0,0.0,0.0,8.679311055405094,0.3775961531151466,0.4010416666666667
gamma,lucb,12,120.0,240.0,9.540351400268264,0.0011433000909164548,5.791493414970122,0.0,0.0,0.0,0.0,0.0,8.735638377775304,0.37741660148534506,0.4114583333333333
gamma,lucb,13,15.0,30.0,1.1883679000311531,0.00014439987717196345,6.120467453899445,0.0,0.13987883943566837,0.12473547699413745,0.11474371486197388,0.14784915945546406,18.125162628660725,0.43288705180209247,0.109375
gamma,lucb,13,30.0,60.0,2.4121593000600114,0.0003280998207628727,6.007315759186547,0.0,0.14621834547336732,0.1328401729140758,0.10343792935845475,0.11129602609355871,15.686025831674446,0.41804046463378836,0.1875
gamma,lucb,13,60.0,120.0,4.86037520004902,0.0006259999354369938,5.83274926069751,0.0,0.13987883943566837,0.12473547699413745,0.10076925726488861,0.08452829825245711,13.326184487440973,0.3719881479693203,0.3125
gamma,lucb,13,90.0,180.0,7.296160700090695,0.0009275997872464359,5.761021890000447,0.0,0.14621834547336732,0.11074080653757323,0.08946347176136937,0.08676686105212128,12.968472795816442,0.3586418200966204,0.4010416666666667
gamma,lucb,13,120.0,240.0,9.63303100032499,0.0012062998139299452,5.7499665148982215,0.0,0.14621834547336732,0.11074080653757323,0.08946347176136937,0.08676686105212128,12.946993113005293,0.3586236837263604,0.4010416666666667
gamma,lucb,14,15.0,30.0,1.1559431001078337,0.00014940014807507396,6.039796871992674,0.008572176416699384,0.0,0.09153881062500602,0.15047083131577121,0.18878905635795962,19.604476248316672,0.4662833501082566,0.11979166666666667
gamma,lucb,14,30.0,60.0,2.3996457003522664,0.00029860023641958833,5.912240691843697,0.008572176416699384,0.0,0.0,0.06304117029627343,0.10453863643737649,16.03347733537886,0.4357825782404115,0.19791666666666666
gamma,lucb,14,60.0,120.0,4.749194600328337,0.0006208006525412202,5.794261839299296,0.008572176416699384,0.0,0.0,0.06304117029627343,0.10453863643737649,15.506862685962444,0.39153237451668993,0.3489583333333333
gamma,lucb,14,90.0,180.0,7.168181300163269,0.0009115007123909891,5.790389396564362,0.008572176416699384,0.0,0.0,0.06304117029627343,0.10453863643737649,15.338730609604742,0.36876000702628564,0.4010416666666667
gamma,lucb,14,120.0,240.0,9.477304400410503,0.001213200856000185,5.710191472835597,0.008572176416699384,0.0,0.0,0.0,0.0388236233717939,11.403217355314784,0.34095205465341655,0.4427083333333333
gamma,lucb,15,15.0,30.0,1.2204618000541814,0.00014169997302815318,6.109867324809642,0.0,0.0,0.006847574888479646,0.039297270680923035,0.11073525341495594,15.988259645788409,0.47352283434257725,0.109375
gamma,lucb,15,30.0,60.0,2.421260799979791,0.0002805999247357249,5.985193903202581,0.0,0.0,0.036099642841438295,0.02887415588069786,0.01949512381758689,12.212629637412606,0.43994280110923367,0.1875
gamma,lucb,15,60.0,120.0,4.9090224001556635,0.0005718001048080623,5.907793091817143,0.0,0.0,0.0,0.0,0.019495123817586668,10.919077182391387,0.3885501160524858,0.328125
gamma,lucb,15,90.0,180.0,7.283867499791086,0.0008770002750679851,5.8591951013241745,0.0,0.0,0.0,0.0,0.0,10.704453449039,0.37021535770821007,0.4010416666666667
gamma,lucb,15,120.0,240.0,9.51424089941429,0.0011356999166309834,5.857062086094679,0.0,0.0,0.0,0.0,0.0,10.700793172586778,0.37021357348640804,0.4010416666666667
gamma,lucb,16,15.0,30.0,1.2110721000935882,0.00015690026339143515,6.099602946269016,0.01577368333485396,0.0371672702978304,0.17103205117566456,0.24675842902759493,0.2998356771248605,22.186032452269988,0.5058436252762424,0.11458333333333333
gamma,lucb,16,30.0,60.0,2.384035900060553,0.00030740030342713,6.0297639140496,0.01577368333485396,0.0371672702978304,0.17103205117566456,0.24675842902759493,0.2599687549832561,21.195606252668806,0.4927848574272976,0.19270833333333334
gamma,lucb,16,60.0,120.0,4.819642000016756,0.0006014005048200488,5.88399381697175,0.01577368333485396,0.0,0.0,0.04026600376931999,0.07201154122149589,12.929901189898676,0.4161075202199573,0.3489583333333333
gamma,lucb,16,90.0,180.0,7.227825600421056,0.0009063004981726408,5.779521735841693,0.01577368333485396,0.0,0.0,0.018120143758739826,0.0340431151331525,11.647500359185866,0.38846908637271915,0.4010416666666667
gamma,lucb,16,120.0,240.0,9.494939600117505,0.0011824003886431456,5.768390628117278,0.01577368333485396,0.0,0.0,0.018120143758739826,0.0340431151331525,11.629760634129221,0.3884605396222922,0.4010416666666667
gamma,lucb,17,15.0,30.0,1.181622399832122,0.00018429988995194435,6.090593856507486,0.0,0.24614960956244825,0.34410897225564185,0.37443121630381504,0.3843209712811362,25.935880191507774,0.47605527534625225,0.11979166666666667
gamma,lucb,17,30.0,60.0,2.289449099742342,0.0003293000045232475,5.974188430647991,0.008572176416699384,0.004286088208349748,0.09324619927813627,0.15121733868591525,0.16113886812471379,21.833344497442162,0.4587458797856018,0.19791666666666666
gamma,lucb,17,60.0,120.0,4.612922799773514,0.0006320001557469368,5.852363276848614,0.008572176416699384,0.004286088208349748,0.0,0.021456321982812554,0.052291963058522906,18.102083847457102,0.4059049921942512,0.3333333333333333
gamma,lucb,17,90.0,180.0,7.093275399820413,0.0009550995891913772,5.7796698632473165,0.008572176416699384,0.004286088208349748,0.0,0.01937220710640042,0.01799811916761107,15.58402034146908,0.3610619394384421,0.4010416666666667
gamma,lucb,17,120.0,240.0,9.41836189996684,0.0012540998286567628,5.783134385706421,0.008572176416699384,0.004286088208349748,0.0,0.01937220710640042,0.01799811916761107,15.587645146216017,0.36106373475838816,0.4010416666666667
gamma,lucb,18,15.0,30.0,1.1684480999829248,0.00012500013690441847,5.964302746091529,0.0,0.133010766041593,0.18210247398588664,0.18076838991649413,0.1883209778135443,14.609758159885615,0.462278472427169,0.13020833333333334
gamma,lucb,18,30.0,60.0,2.28071139997337,0.0002897004596889019,5.864807419946582,0.0,0.0,0.0,0.0,0.015572316080596504,10.036644003853645,0.4507804942629178,0.203125
gamma,lucb,18,60.0,120.0,4.690532899985556,0.0005688004894182086,5.762521005184138,0.0,0.0,0.0,0.0,0.004208824413250656,9.135303373471451,0.3981776853641884,0.34375
gamma,lucb,18,90.0,180.0,7.125791799975559,0.0008721004705876112,5.688470047040792,0.0,0.0,0.0,0.0,0.004208824413250656,8.475769027062851,0.34895278952253894,0.4010416666666667
gamma,lucb,18,120.0,240.0,9.572802999988198,0.0011693004635162652,5.655250796770299,0.0,0.0,0.0,0.0,0.0,8.092146777015579,0.34845328409590776,0.4010416666666667
gamma,lucb,19,15.0,30.0,1.2697343998588622,0.00014309986727312207,6.064338366334592,0.4073605041961753,0.3577934410860921,0.30676375681485235,0.2866050499315972,0.29645947511443105,19.01764400437521,0.4654755567058273,0.13020833333333334
gamma,lucb,19,30.0,60.0,2.420879599871114,0.0002813999308273196,5.983680151125044,0.0,0.15592125136716373,0.047393366121813885,0.03828665242760754,0.03211558889808408,14.838553744390667,0.452381080791719,0.203125
gamma,lucb,19,60.0,120.0,4.942722299951129,0.0005783999222330749,5.890766393125823,0.0,0.0,0.047393366121813996,0.03828665242760765,0.03211558889808419,14.062977875702202,0.38256528008523516,0.359375
gamma,lucb,19,90.0,180.0,7.375371200032532,0.0009250003495253623,5.821935845422832,0.0,0.0,0.0,0.0,0.0,11.935609950919291,0.3620956854821669,0.4010416666666667
gamma,lucb,19,120.0,240.0,9.715786199783906,0.0012054000981152058,5.814688626716041,0.0,0.0,0.0,0.0,0.0,11.810903690823709,0.3620562428916984,0.4010416666666667
gamma,lucb,20,15.0,30.0,1.2855076000560075,0.00015490007353946567,6.236253186694334,0.0,0.0,0.030805315414543677,0.10898380188179368,0.1734644734299925,17.000375537403382,0.4351426438341992,0.11979166666666667
gamma,lucb,20,30.0,60.0,2.5086708999588154,0.00029660004656761885,6.13978310788213,0.0,0.0,0.030805315414543677,0.0032210463650814702,0.022522560637663225,14.710274681063572,0.41772503054473215,0.19791666666666666
gamma,lucb,20,60.0,120.0,4.983899799990468,0.0006139999604783952,5.99945882557784,0.0,0.0,0.0,0.0032210463650814702,0.022522560637663225,11.550944889742608,0.36619944913818697,0.3489583333333333
gamma,lucb,20,90.0,180.0,7.364759699907154,0.00090560014359653,5.909825818708213,0.0,0.0,0.0,0.0032210463650814702,0.0,9.816747740996872,0.33171451566904814,0.4010416666666667
gamma,lucb,20,120.0,240.0,9.698864399862941,0.001189200149383396,5.874592800474548,0.0,0.0,0.0,0.0032210463650814702,0.0,9.753504833733775,0.3292936575129669,0.4322916666666667
gamma,lucb,21,15.0,30.0,1.239119999925606,0.00013639969984069467,6.129085046521557,0.414299153339605,0.33995709703245713,0.3115047543402948,0.25882174174888095,0.21781878884570138,14.405054594697647,0.47566248760726465,0.13541666666666666
gamma,lucb,21,30.0,60.0,2.430292199831456,0.00029549968894571066,6.020023439096003,0.0,0.10820742816803919,0.15128206806711142,0.1298346658109767,0.11039158314905051,12.037623842861517,0.4472772902004593,0.21354166666666666
gamma,lucb,21,60.0,120.0,4.890211500111036,0.0005791997537016869,5.8823821441403945,0.0,0.10820742816803919,0.15128206806711142,0.1298346658109767,0.11039158314905051,10.995274637251779,0.37635249149062877,0.3697916666666667
gamma,lucb,21,90.0,180.0,7.158111699915025,0.0008893997292034328,5.745611663491672,0.0,0.0,0.07647167070711036,0.06960864770036723,0.059706666830929955,9.171415461764306,0.34598575272974896,0.5052083333333334
gamma,lucb,21,120.0,240.0,9.425773700291757,0.001177899888716638,5.6326514979198015,0.0,0.0,0.0,0.0,0.001125532059060852,5.529150208839582,0.301771914050857,0.6041666666666666
gamma,lucb,22,15.0,30.0,1.3083741997834295,0.0001693996600806713,6.211752777350988,0.0,0.00988403987666231,0.11794521637675004,0.2006665811636954,0.15196352350966635,20.035742147998427,0.44640143189040504,0.11458333333333333
gamma,lucb,22,30.0,60.0,2.46026050002547,0.00033059949055314064,6.083215823612027,0.0,0.00988403987666231,0.006927503182010963,0.05152238040271906,0.08872053729949048,16.606150636933865,0.4257161217818072,0.19270833333333334
gamma,lucb,22,60.0,120.0,4.8884569000802,0.000631599104963243,5.932827845314722,0.0,0.00988403987666231,0.006927503182010963,0.0,0.029265039799441284,10.643515640168395,0.3860578656838017,0.3125
gamma,lucb,22,90.0,180.0,7.258314399863593,0.000932598952203989,5.7947641703119075,0.0,0.00988403987666231,0.006927503182010963,0.0,0.0,7.385998251598974,0.3383749564365096,0.4010416666666667
gamma,lucb,22,120.0,240.0,9.66903429996455,0.0012219991185702384,5.783019438065971,0.0,0.0,0.0,0.0,0.0,7.199687598603322,0.33834125202706267,0.4010416666666667
gamma,lucb,23,15.0,30.0,1.2902244001743384,0.00015059986617416143,6.014726444723,0.0,0.08552825436053413,0.11858658150608758,0.1384191648181201,0.16905570639018097,15.071347141863734,0.48129019130809697,0.11979166666666667
gamma,lucb,23,30.0,60.0,2.497434600314591,0.0002936996752396226,5.895962941567812,0.0,0.0,0.0,0.0,0.0,11.414614519469723,0.47281424514239795,0.19791666666666666
gamma,lucb,23,60.0,120.0,4.897855300223455,0.0006116997101344168,5.790159804331311,0.0,0.0,0.0,0.0,0.0,10.529363999750148,0.42155847382222633,0.3489583333333333
gamma,lucb,23,90.0,180.0,7.292451000248548,0.0008871998870745301,5.737231105305849,0.0,0.0,0.0,0.0,0.0,10.298642452079545,0.39643071396131185,0.4010416666666667
gamma,lucb,23,120.0,240.0,9.747746800014284,0.0011939996620640159,5.688658257157173,0.0,0.0,0.0,0.0,0.0,8.694633514440653,0.37519555913512287,0.4635416666666667
gamma,lucb,24,15.0,30.0,1.241751899884548,0.00014129991177469492,6.213956023852976,0.0,0.0,0.0,0.05149335716875092,0.10191865749912599,19.727971053969217,0.46353604508208035,0.09895833333333333
gamma,lucb,24,30.0,60.0,2.4626750998431817,0.000294199853669852,6.11130210415741,0.0,0.0,0.0,0.0,0.0,15.241490294264144,0.4478964228664663,0.17708333333333334
gamma,lucb,24,60.0,120.0,4.826235699758399,0.0005790995783172548,6.015662366622195,0.0,0.0,0.0,0.0,0.0,13.777350953696367,0.4074621536942929,0.3020833333333333
gamma,lucb,24,90.0,180.0,7.25210549950134,0.000867799564730376,5.958023104346747,0.0,0.0,0.0,0.0,0.0,13.447434181134712,0.3735662074159007,0.4010416666666667
gamma,lucb,24,120.0,240.0,9.54967109952122,0.0011839998187497258,5.955334049516703,0.0,0.0,0.0,0.0,0.0,13.39486238028992,0.37346754829063283,0.4010416666666667
gamma,lucb,25,15.0,30.0,1.1834942999994382,0.00014150020433589816,6.16382729572758,0.27893927496401005,0.3076723914732028,0.380928065780067,0.37551886948742574,0.384293617670304,22.568924667445913,0.4985700719399059,0.11979166666666667
gamma,lucb,25,30.0,60.0,2.401939500006847,0.0002843004185706377,6.0078432008753255,0.0,0.0,0.0066505582438283195,0.0,0.037617476185854426,15.585892166563575,0.4816015825723674,0.19791666666666666
gamma,lucb,25,60.0,120.0,4.942064899660181,0.0006145003135316074,5.874911493195969,0.0,0.0,0.0066505582438283195,0.029448991087107745,0.0,13.05594368384393,0.43254694123037596,0.328125
gamma,lucb,25,90.0,180.0,7.31816650001565,0.0009198002517223358,5.816535902192929,0.0,0.0,0.0066505582438283195,0.0,0.0,12.74133471809643,0.3912866257937114,0.4010416666666667
gamma,lucb,25,120.0,240.0,9.684901999717113,0.0012157003511674702,5.811849102746088,0.0,0.0,0.0066505582438283195,0.0,0.0,12.734927448727179,0.39128272506289713,0.4010416666666667
gamma,lucb,26,15.0,30.0,1.196725400048308,0.0001552001340314746,6.130704320163686,0.34170374732801123,0.38434634816147206,0.3914336094645905,0.3573116540310426,0.3470828924162257,21.212404390351892,0.46548633503103654,0.11458333333333333
gamma,lucb,26,30.0,60.0,2.3917574998922646,0.0003029999206773937,5.987543101138274,0.0,0.1134456108845282,0.14290498690629427,0.15745864151763778,0.1830668837335505,16.57809338355506,0.44827553982261426,0.19270833333333334
gamma,lucb,26,60.0,120.0,4.943156799999997,0.0006088000372983515,5.81084340897218,0.0,0.020395371684950314,0.07850977892014244,0.06313323458456566,0.08836819970153309,13.786689973654948,0.4000354993312051,0.3385416666666667
gamma,lucb,26,90.0,180.0,7.343373499927111,0.0009390003979206085,5.814073294891524,0.0,0.020395371684950314,0.07850977892014244,0.06313323458456566,0.08836819970153309,13.595423561761612,0.37571492843432597,0.4010416666666667
gamma,lucb,26,120.0,240.0,9.62528729980113,0.0012516002752818167,5.80824900629784,0.0,0.020395371684950314,0.07850977892014244,0.06313323458456566,0.08836819970153309,13.584976540702502,0.3757018231276299,0.4010416666666667
gamma,lucb,27,15.0,30.0,1.2043745999690145,0.0001441999338567257,6.067054561955158,0.0,0.0,0.011648201976892869,0.01130892440402409,0.009581887503888331,13.488382148300113,0.4701741016649168,0.11458333333333333
gamma,lucb,27,30.0,60.0,2.4086473998613656,0.0002832998870871961,5.960453675984982,0.0,0.0,0.011648201976892869,0.01130892440402409,0.023370130923521693,11.217069275582768,0.4427754553855309,0.19270833333333334
gamma,lucb,27,60.0,120.0,4.904149300069548,0.0005637999274767935,5.864066831534835,0.0,0.0,0.011648201976892869,0.01130892440402409,0.009581887503888331,10.169618041114761,0.3883746278352534,0.3333333333333333
gamma,lucb,27,90.0,180.0,7.207574600237422,0.0008559997659176588,5.801675815159219,0.0,0.0,0.011648201976892869,0.0,0.0,7.658175881495904,0.3627398465845513,0.4010416666666667
gamma,lucb,27,120.0,240.0,9.5583817998413,0.0011412998428568244,5.785148064759521,0.0,0.0,0.011648201976892869,0.0,0.0,7.56762434512986,0.3626861231972177,0.4010416666666667
gamma,lucb,28,15.0,30.0,1.2239210999105126,0.00015050009824335575,6.447665613239013,0.05890372115342679,0.3234084154104606,0.3424803137995105,0.3730528144782854,0.37992631917123565,23.344120976193576,0.48747156842599343,0.13020833333333334
gamma,lucb,28,30.0,60.0,2.4194354999926873,0.0002975999959744513,6.314817418865041,0.05890372115342679,0.08637060842889488,0.0,0.06244383343245852,0.09742340933150051,18.52578937702338,0.46987831202527447,0.203125
gamma,lucb,28,60.0,120.0,4.910414200276136,0.0005918001406826079,6.110141264976659,0.05890372115342679,0.08637060842889488,0.0,0.0,0.031115271786931298,15.158463847455703,0.40875195245269996,0.359375
gamma,lucb,28,90.0,180.0,7.338349400029983,0.0008950002957135439,6.05918093289331,0.05890372115342679,0.08637060842889488,0.0,0.0,0.031115271786931298,14.899696536818132,0.38657955149848483,0.4010416666666667
gamma,lucb,28,120.0,240.0,9.634861999889836,0.001182700099889189,6.002859985109086,0.05890372115342679,0.08637060842889488,0.0,0.0,0.031115271786931298,14.432191285811417,0.3675428096586339,0.46875
gamma,lucb,29,15.0,30.0,1.1839833998237737,0.0001281000440940261,5.9467668175939155,0.0,0.09498754549539767,0.0,0.0,0.0,15.02220650684435,0.5037866664396133,0.11458333333333333
gamma,lucb,29,30.0,60.0,2.421581599744968,0.0002695001312531531,5.8176694752337825,0.0,0.0,0.0,0.0,0.0,12.039937791862407,0.4806492334827607,0.19270833333333334
gamma,lucb,29,60.0,120.0,4.88404719933169,0.0005532999057322741,5.727168415705722,0.0,0.0,0.0,0.0,0.0,11.38605665657548,0.42310524557892903,0.3229166666666667
gamma,lucb,29,90.0,180.0,7.28305009950418,0.0008499001851305366,5.6795644798332665,0.0,0.0,0.0,0.0,0.0,10.942069165977433,0.3676148167724304,0.4010416666666667
gamma,lucb,29,120.0,240.0,9.630472199583892,0.0011536001111380756,5.671909095906991,0.0,0.0,0.0,0.0,0.0,10.811226128793335,0.3674962159235722,0.4010416666666667
gamma,lucb,30,15.0,30.0,1.1815947000868618,0.00014929997269064188,6.0611993080401945,0.4405805964976658,0.3860221841855783,0.3605632424998345,0.3195018049135131,0.40265140248737374,16.920011925069353,0.4753191015189939,0.15625
gamma,lucb,30,30.0,60.0,2.346542400016915,0.00029549974715337157,5.982763255518077,0.4405805964976658,0.3860221841855783,0.28124177797470673,0.2541911528967321,0.22796785732594993,15.778563354394773,0.4434087282806511,0.23958333333333334
gamma,lucb,30,60.0,120.0,4.7854870004812256,0.0006099998136050999,5.885050753751916,0.4405805964976658,0.28130658041170686,0.2834067181559261,0.2559736925366548,0.22796785732594993,15.293208654420518,0.37449723812305413,0.3958333333333333
gamma,lucb,30,90.0,180.0,7.097010000725277,0.0008924001012928784,5.724417272747204,0.4405805964976658,0.28130658041170686,0.2926598233841031,0.24096635127402088,0.21662112571628467,13.645161266508934,0.3351310224967377,0.546875
gamma,lucb,30,120.0,240.0,9.315111100382637,0.0011820000363513827,5.615691350193707,0.0,0.004325330452383036,0.0,0.0,0.0,7.908948675426218,0.3034586230123806,0.6041666666666666
gamma,lucb,31,15.0,30.0,1.2554708002135158,0.00014060013927519321,6.3927748744060295,0.0,0.1585859675411565,0.23780612508803256,0.2904466163163406,0.3249393833527132,25.90291731468262,0.5366178248242575,0.13020833333333334
gamma,lucb,31,30.0,60.0,2.424227900162805,0.00028160022338852286,6.26487311354396,0.0,0.1134456108845282,0.1319356853819924,0.1044567126329965,0.12164001272297797,22.772252888330097,0.5209998571965104,0.203125
gamma,lucb,31,60.0,120.0,4.871748800273053,0.0005704001523554325,6.15741135564367,0.0,0.07989061830394228,0.10903723038113688,0.1044567126329965,0.12164001272297797,21.761885417052728,0.47305028187813775,0.328125
gamma,lucb,31,90.0,180.0,7.223068100051023,0.000853799981996417,6.076031770938402,0.0,0.07989061830394228,0.10903723038113688,0.1044567126329965,0.12164001272297797,20.67849876524131,0.4352755118010102,0.4010416666666667
gamma,lucb,31,120.0,240.0,9.52533230005065,0.0011503001442179084,6.071924173736915,0.0,0.07989061830394228,0.10903723038113688,0.1044567126329965,0.12164001272297797,20.677541508558612,0.4352748327856464,0.4010416666666667
gamma,lucb,32,15.0,30.0,1.227890899812337,0.00014340004418045282,6.279884708852415,0.0,0.0,0.1979604384260384,0.2850140763838622,0.3128524572294916,22.36801030955891,0.4885982019556821,0.125
gamma,lucb,32,30.0,60.0,2.3968994996976107,0.0002901997650042176,6.147480171633901,0.050766726068686485,0.0,0.0,0.056675468351075065,0.08182606412231896,18.006484895601943,0.4733945472337656,0.203125
gamma,lucb,32,60.0,120.0,4.898921299842186,0.000576199556235224,6.013872530981224,0.050766726068686485,0.0,0.0,0.056675468351075065,0.08182606412231896,17.103940912244564,0.42933992290582246,0.3385416666666667
gamma,lucb,32,90.0,180.0,7.292087999521755,0.0008773995214141905,5.924771367418582,0.050766726068686485,0.0,0.0,0.056675468351075065,0.08182606412231896,16.574923739383024,0.398024551395362,0.4010416666666667
gamma,lucb,32,120.0,240.0,9.701653199561406,0.0011786995455622673,5.925303435470148,0.050766726068686485,0.0,0.0,0.056675468351075065,0.08568358494398842,16.563674974394665,0.3979945360550354,0.4010416666666667
gamma,lucb,33,15.0,30.0,1.2801072000875138,0.00015069992514327168,5.94768471566431,0.0,0.037760856656376185,0.06343558916561298,0.0,0.014734248781990034,12.777282404214516,0.47989046469764596,0.13020833333333334
gamma,lucb,33,30.0,60.0,2.4407517001382075,0.00028360000578686595,5.830341362266868,0.0,0.037760856656376185,0.0,0.0,0.018910305509274083,9.45628551628819,0.4614656009716025,0.203125
gamma,lucb,33,60.0,120.0,4.924677400209475,0.0005993994418531656,5.706521233063012,0.0,0.0,0.0,0.0,0.0,8.537148641413332,0.40277433212037544,0.3229166666666667
gamma,lucb,33,90.0,180.0,7.327982700080611,0.000897899386473,5.649925536032254,0.0,0.0,0.0,0.0,0.0,8.100897039406291,0.36527044818096316,0.4010416666666667
gamma,lucb,33,120.0,240.0,9.624817299714778,0.0011816992773674428,5.6470644527593565,0.0,0.0,0.0,0.0,0.0,8.098205876794406,0.3652711538878288,0.4010416666666667
gamma,lucb,34,15.0,30.0,1.2757684000534937,0.00016270013293251395,6.183063413711056,0.23380769721060135,0.12407255374037962,0.24448897166534134,0.3139445106177805,0.36895579067801587,22.475401714456762,0.44694913270179915,0.13020833333333334
gamma,lucb,34,30.0,60.0,2.440514500136487,0.0003023003228008747,6.032143110271192,0.0,0.0,0.0,0.0,0.026059264139909,13.254033584095708,0.4158554175034226,0.203125
gamma,lucb,34,60.0,120.0,4.83475900022313,0.0006040003499947488,5.95948212981875,0.1155566629196555,0.0,0.0,0.0,0.0,10.880791233629894,0.3981796026449009,0.2604166666666667
gamma,lucb,34,90.0,180.0,7.17560460040113,0.0008950003539212048,5.841988690176422,0.0,0.0,0.0,0.0,0.0,10.279901618366216,0.34894970551648546,0.4010416666666667
gamma,lucb,34,120.0,240.0,9.682856900210027,0.0012110001989640296,5.837217899916863,0.0,0.0,0.0,0.0,0.0,10.259941301242453,0.3489457813341753,0.4010416666666667
gamma,lucb,35,15.0,30.0,1.2134532999480143,0.00013919989578425884,6.3945225620749255,0.5521143211916174,0.5010861234883952,0.46825532915118917,0.45092588913780307,0.4620691583961436,28.039424081465164,0.47528659503863885,0.10416666666666667
gamma,lucb,35,30.0,60.0,2.378747100068722,0.00028419983573257923,6.246464965001661,0.2877760298009586,0.28040755849443233,0.32042224756855076,0.3075626759250487,0.315744525055649,25.400406151031657,0.4533157656441708,0.18229166666666666
gamma,lucb,35,60.0,120.0,4.772342700220179,0.000580399704631418,6.057368911677604,0.04340185519385875,0.14707978261395704,0.1341400915550487,0.15981405811142457,0.19283219916885852,21.326101693568123,0.4088875810910981,0.3333333333333333
gamma,lucb,35,90.0,180.0,7.212598700134549,0.0008864999981597066,5.989004886831945,0.04340185519385875,0.14707978261395704,0.1341400915550487,0.14664928682544875,0.16245396495679654,20.95810292725314,0.382361559953718,0.4010416666666667
gamma,lucb,35,120.0,240.0,9.62470890005352,0.0011960999108850956,5.979035757035253,0.04340185519385875,0.14707978261395704,0.1341400915550487,0.14664928682544875,0.16245396495679654,20.95265034281927,0.38235482763682554,0.4010416666666667
gamma,lucb,36,15.0,30.0,1.243082600121852,0.0001461998326703906,6.003397379090324,0.1604569555364882,0.3513704548648382,0.37771791995606796,0.388101163330674,0.40421048553385486,20.912662490747955,0.47538247289650315,0.11979166666666667
gamma,lucb,36,30.0,60.0,2.4324485001852736,0.00029409979470074177,5.859028385474068,0.0,0.0,0.0,0.07253185593683065,0.12536364458181415,16.09629591809683,0.45109354442250477,0.19791666666666666
gamma,lucb,36,60.0,120.0,4.905397700320464,0.0005927998572587967,5.689477786312305,0.0,0.0,0.0,0.015380663773790992,0.02154101790349594,11.40811503440062,0.38282209976805637,0.3541666666666667
gamma,lucb,36,90.0,180.0,7.298922200279776,0.0008988998015411198,5.639812617750194,0.0,0.0,0.0,0.015380663773790992,0.02154101790349594,11.218644126944637,0.3690078729103248,0.4010416666666667
gamma,lucb,36,120.0,240.0,9.544454600370955,0.0011845999397337437,5.552737930068396,0.0,0.0,0.0,0.015380663773790992,0.02154101790349594,9.833540164555673,0.33431528790803366,0.5416666666666666
gamma,lucb,37,15.0,30.0,1.2485002999310382,0.00016959983622655272,6.034390220450283,0.4261385944248135,0.379664218783231,0.39733524348795435,0.34778830471513134,0.35989111388282435,19.605796810120946,0.44925940131129816,0.15104166666666666
gamma,lucb,37,30.0,60.0,2.4464906997745857,0.00031059980392456055,5.917169801545428,0.0,0.048875308070509105,0.07063409716814273,0.07924609210357536,0.07128331689130352,14.703513734583218,0.43779438937289294,0.203125
gamma,lucb,37,60.0,120.0,4.971472599718254,0.0006299000233411789,5.813580865016377,0.0,0.048875308070509105,0.07063409716814273,0.07669042863164066,0.07539727299302879,12.861814261401307,0.39707586256545807,0.34375
gamma,lucb,37,90.0,180.0,7.277842799667269,0.0009363002027384937,5.781135185439663,0.0,0.048875308070509105,0.07063409716814273,0.07669042863164066,0.07128331689130352,12.698383304575243,0.37357954341480554,0.4010416666666667
gamma,lucb,37,120.0,240.0,9.577775099663995,0.0012380004045553505,5.779908524989355,0.0,0.048875308070509105,0.07063409716814273,0.07669042863164066,0.07128331689130352,12.6882639369171,0.3709887921960106,0.4114583333333333
gamma,lucb,38,15.0,30.0,1.246269200113602,0.00015860027633607388,6.176742937435665,0.008572176416699384,0.08811292151987093,0.26799757158021786,0.358142067096196,0.4065649788662258,24.16289231808533,0.500629084048764,0.09895833333333333
gamma,lucb,38,30.0,60.0,2.4090887001366355,0.0003159002517350018,6.035816432344874,0.008572176416699384,0.08811292151987093,0.05874194767991392,0.15536556442666571,0.223941587356136,20.41529074629835,0.47245387489929447,0.17708333333333334
gamma,lucb,38,60.0,120.0,4.862112300179433,0.0006512004183605313,5.879994108387446,0.008572176416699384,0.004286088208349748,0.0028573921388997947,0.0,0.0,11.918013434084381,0.41682338679231845,0.3020833333333333
gamma,lucb,38,90.0,180.0,7.229395300266333,0.0009747006697580218,5.832718716252439,0.008572176416699384,0.004286088208349748,0.0028573921388997947,0.0,0.0,11.445112763347495,0.3668210509753719,0.4010416666666667
gamma,lucb,38,120.0,240.0,9.557102500228211,0.0012778009986504912,5.825361672762081,0.008572176416699384,0.004286088208349748,0.0028573921388997947,0.0,0.0,11.433872204027164,0.3668149874910007,0.4010416666666667
gamma,lucb,39,15.0,30.0,1.2294401000253856,0.0001433001016266644,6.281835435605106,0.0,0.1715332044544885,0.21240392437149735,0.1923095939369539,0.16515720931812528,20.562949319178735,0.4567526519373461,0.109375
gamma,lucb,39,30.0,60.0,2.4451314001344144,0.0002962000435218215,6.18802756580903,0.0,0.03567765767237552,0.12169565301378593,0.1130144654221319,0.0970578395990902,18.437240631315483,0.44845555594476266,0.1875
gamma,lucb,39,60.0,120.0,4.936218800023198,0.0006050999509170651,6.062527177168069,0.0,0.03567765767237552,0.11602008117465001,0.1083451641839539,0.0970578395990902,17.4367534585832,0.3876104112837687,0.34375
gamma,lucb,39,90.0,180.0,7.281633700069506,0.0008851998136378825,5.9895808027549124,0.0,0.03567765767237552,0.11602008117465001,0.09544989016732708,0.081973224356791,16.939699970403314,0.3686902390073161,0.4010416666666667
gamma,lucb,39,120.0,240.0,9.532119000039529,0.0011612999369390309,5.9882062218698,0.0,0.03567765767237552,0.11602008117465001,0.09544989016732708,0.081973224356791,16.92992398513779,0.3686787180977095,0.4010416666666667
gamma,lucb,40,15.0,30.0,1.2587320999591611,0.0001419999753125012,6.039362644206896,0.05890372115342679,0.28110409421124494,0.26025866607127857,0.2921995761501017,0.28117176066644145,19.04340169020059,0.46114388300681436,0.140625
gamma,lucb,40,30.0,60.0,2.453318399959244,0.00029159989207983017,5.920432316091381,0.05890372115342679,0.0,0.0,0.019770301765931197,0.047683074411797755,13.293689218543983,0.43979785914673447,0.203125
gamma,lucb,40,60.0,120.0,4.9007800002000295,0.0007178993546403944,5.784086450374928,0.05890372115342679,0.0,0.0,0.019770301765931197,0.047683074411797755,12.455734411756543,0.3927705570204757,0.359375
gamma,lucb,40,90.0,180.0,7.2551369002321735,0.0010180994868278503,5.77188479340617,0.05890372115342679,0.0,0.0,0.019770301765931197,0.047683074411797755,12.295056579600644,0.36813221228315846,0.4010416666666667
gamma,lucb,40,120.0,240.0,9.581997400382534,0.0013179999077692628,5.694951352873615,0.05890372115342679,0.0,0.0,0.019770301765931197,0.047683074411797755,11.640674201215148,0.33077159388821775,0.5208333333333334
gamma,lucb,41,15.0,30.0,1.2665642000501975,0.00016639981186017394,6.126606863597072,0.0,0.0,0.06316267836145806,0.10329497853586544,0.15680471283376196,16.180324128792257,0.4795770429370389,0.13541666666666666
gamma,lucb,41,30.0,60.0,2.4928245001356117,0.00030549970688298345,6.006720273131865,0.0,0.0,0.005938496414233052,0.004855849019995251,2.220446049250313e-16,12.373375807417618,0.4606061255200018,0.203125
gamma,lucb,41,60.0,120.0,5.048178199853282,0.0006058995495550334,5.9260620304851015,0.0,0.0,0.005938496414233052,0.004855849019995251,2.220446049250313e-16,11.709250846523771,0.39801959987132485,0.34375
gamma,lucb,41,90.0,180.0,7.433651400147937,0.0008984998567029834,5.86269514686552,0.0,0.0,0.005938496414233052,0.004855849019995251,2.220446049250313e-16,9.914974281771297,0.3681777585953927,0.4010416666666667
gamma,lucb,41,120.0,240.0,9.779640200431459,0.0011858001817017794,5.849633521724598,0.0,0.0,0.005938496414233052,0.004855849019995251,2.220446049250313e-16,9.826658797670511,0.36810121212590263,0.4010416666666667
gamma,lucb,42,15.0,30.0,1.2544884002418257,0.00014120014384388924,6.114265205453482,0.0,0.0,0.15037007045717699,0.19860821903476256,0.20049809684656306,20.035965530596286,0.5102113580320881,0.10416666666666667
gamma,lucb,42,30.0,60.0,2.447558600222692,0.0002873000339604914,6.033735649167251,0.0,0.0,0.0,0.08311887971658705,0.08738599984875606,16.440718228606972,0.49384165722840906,0.18229166666666666
gamma,lucb,42,60.0,120.0,5.001163900422398,0.00062479980988428,5.886765628651986,0.0,0.0,0.0,0.08311887971658705,0.07209422500063023,14.791994438164693,0.40739337255308145,0.3385416666666667
gamma,lucb,42,90.0,180.0,7.3586668004863895,0.0009199997875839472,5.835372704352577,0.0,0.0,0.0,0.07904583519209285,0.07209422500063023,14.387172643225803,0.38421001416697426,0.4010416666666667
gamma,lucb,42,120.0,240.0,9.692969100666232,0.001206199754960835,5.833390667525666,0.0,0.0,0.0,0.07904583519209285,0.07209422500063023,14.386204609846706,0.38420938335708477,0.4010416666666667
gamma,lucb,43,15.0,30.0,1.236172999953851,0.00013889995170757174,6.122154265720677,0.0,0.037760856656376185,0.0,0.03340754951601044,0.05427597861682165,12.992837253129704,0.4616332307927498,0.125
gamma,lucb,43,30.0,60.0,2.4202910001040436,0.00029430020367726684,6.018218658955905,0.0,0.037760856656376185,0.0,0.0,0.0,10.45242106478674,0.4351096934052641,0.203125
gamma,lucb,43,60.0,120.0,4.91735360014718,0.0005950002232566476,5.957040006867704,0.0,0.037760856656376185,0.0,0.0,0.0,9.622505959802213,0.38522635601964833,0.359375
gamma,lucb,43,90.0,180.0,7.2825404003378935,0.0008959003607742488,5.880318947915299,0.0,0.037760856656376185,0.0,0.0,0.0,9.45387497590002,0.3636121474631981,0.4739583333333333
gamma,lucb,43,120.0,240.0,9.49755070055835,0.0011747005046345294,5.737246649731474,0.0,0.037760856656376185,0.0,0.0,0.0,7.192840267665174,0.31989794312208036,0.6041666666666666
gamma,lucb,44,15.0,30.0,1.174888699897565,0.0001384999486617744,6.163011707801057,0.0,0.0,0.0,0.0,0.016150402905941497,12.913738659787183,0.47340429714611915,0.11979166666666667
gamma,lucb,44,30.0,60.0,2.403566999884788,0.0002848997828550637,6.042277018099928,0.0,0.0,0.0,0.0,0.016150402905941497,9.808394509149341,0.4497670403440395,0.19791666666666666
gamma,lucb,44,60.0,120.0,4.968738899915479,0.0005711997509934008,5.926706721152647,0.0,0.0,0.0,0.0,0.016150402905941497,8.911771568620246,0.4047912951337801,0.34375
gamma,lucb,44,90.0,180.0,7.229745799850207,0.0008457999210804701,5.8752385675110945,0.0,0.0,0.0,0.0,0.0,8.09059824703252,0.3873545511155009,0.4010416666666667
gamma,lucb,44,120.0,240.0,9.600050499779172,0.0011586001492105424,5.812448425608026,0.0,0.0,0.0,0.0,0.0,7.8618329142117815,0.3693362927426061,0.46875
gamma,lucb,45,15.0,30.0,1.2124212000635453,0.00014159997226670384,6.036124421040349,0.5887105745321294,0.5492219607843137,0.4354074720726838,0.4093001470007047,0.3840937164783207,18.43406308977752,0.4974861946709422,0.125
gamma,lucb,45,30.0,60.0,2.3714171002502553,0.00027799978852272034,5.910854967942531,0.0,0.0,0.019639839281917038,0.0015360841772456002,0.014263268556888198,11.504313149728203,0.4659668678175122,0.203125
gamma,lucb,45,60.0,120.0,4.820466600416694,0.0005801000515930355,5.79350417823127,0.0,0.0,0.019639839281917038,0.0015360841772456002,0.014263268556888198,10.5866446940347,0.40236469587038937,0.359375
gamma,lucb,45,90.0,180.0,7.1854458001907915,0.0008990995120257139,5.712845459218755,0.0,0.0,0.019639839281917038,0.0015360841772456002,0.0,9.351048272161561,0.3546885949367494,0.46875
gamma,lucb,45,120.0,240.0,9.547754800179973,0.0011807996779680252,5.566641092429923,0.0,0.0,0.019639839281917038,0.0015360841772456002,0.0,6.824071514552906,0.3130380876046563,0.5989583333333334
gamma,lucb,46,15.0,30.0,1.2326886999071576,0.00016189977759495378,6.280861834097782,0.0,0.1710965087559536,0.190332647250946,0.15622197280279781,0.175743147881797,17.25251794213092,0.48069305012200864,0.109375
gamma,lucb,46,30.0,60.0,2.447117699950468,0.000313299591653049,6.155502035235764,0.0,0.0,0.0,0.0,0.0007915682820271996,13.063649306896112,0.46644943255201404,0.1875
gamma,lucb,46,60.0,120.0,4.829427200194914,0.0005984996096231043,6.004480182497303,0.0,0.0,0.0,0.0027881750668454774,0.0007915682820274217,10.392432021821135,0.3893526921664746,0.3385416666666667
gamma,lucb,46,90.0,180.0,7.209345600567758,0.0008928995230235159,5.929421258233638,0.0,0.0,0.0,0.0027881750668454774,0.002348768353436892,9.86601596064404,0.356272863161614,0.4010416666666667
gamma,lucb,46,120.0,240.0,9.76976260059746,0.0012007991899736226,5.926738524752838,0.0,0.0,0.0,0.0027881750668454774,0.0007915682820274217,9.86052733531385,0.35626950317601136,0.4010416666666667
gamma,lucb,47,15.0,30.0,1.243377399921883,0.00015489995712414384,6.2720857611930185,0.0,0.0,0.10582671405698896,0.09329633726416575,0.12033892991773631,20.93671231534362,0.49701129816783696,0.109375
gamma,lucb,47,30.0,60.0,2.436603599751834,0.0002994998940266669,6.177890288653463,0.0,0.0,0.10582671405698896,0.09329633726416575,0.12033892991773631,20.085592826684078,0.4788647329968102,0.1875
gamma,lucb,47,60.0,120.0,4.758586799434852,0.0006087995716370642,6.0372027668651524,0.0,0.0,0.10582671405698896,0.09329633726416575,0.12033892991773631,19.529829653157627,0.4329516754561842,0.34375
gamma,lucb,47,90.0,180.0,7.194965699163731,0.0009126993245445192,5.944075976128214,0.0,0.0,0.06535818018049566,0.060796665354306056,0.07731985694618249,17.623456307756154,0.40616004132672723,0.4010416666666667
gamma,lucb,47,120.0,240.0,9.854760399379302,0.001237299176864326,5.942644552927729,0.0,0.0,0.06535818018049566,0.060796665354306056,0.07731985694618249,17.62334375837587,0.40615992623910524,0.4010416666666667
gamma,lucb,48,15.0,30.0,1.214393000002019,0.0001406000810675323,6.115327237440666,0.44774272325259057,0.45364014459517243,0.3870643250457093,0.3162301279532008,0.36591399856825957,20.68668079124661,0.5088345791940797,0.11458333333333333
gamma,lucb,48,30.0,60.0,2.4376515998737887,0.0002840001252479851,5.974832616476806,0.1604569555364882,0.1388723609736554,0.17326959220292149,0.14156061865494352,0.11966202698551043,16.29158956834987,0.4880312068700783,0.19270833333333334
gamma,lucb,48,60.0,120.0,5.242537499871105,0.0005910003092139959,5.859078168753295,0.0,0.0,0.0,0.0,0.007099902835698169,11.761995320405228,0.42619088686383916,0.3333333333333333
gamma,lucb,48,90.0,180.0,7.7416738999891095,0.0009059000294655561,5.801775017212061,0.0,0.0,0.0,0.0,0.007099902835698169,11.179034735761682,0.3875676867603484,0.4010416666666667
gamma,lucb,48,120.0,240.0,10.274069399631117,0.0012176999589428306,5.799382181201121,0.0,0.0,0.0,0.0,0.0,11.176637821774225,0.38756646094821423,0.4010416666666667
gamma,lucb,49,15.0,30.0,1.3015262000262737,0.00014979991829022765,5.96400965438433,0.1604569555364882,0.18266053921202208,0.22424853108601484,0.2624388189004925,0.2853156864764651,17.223484675774372,0.4307824713451927,0.11458333333333333
gamma,lucb,49,30.0,60.0,2.553663600003347,0.00029989989707246423,5.857387324631129,0.0,0.0,0.007262781841736787,0.07204030226700253,0.10388829215896878,12.63547718536554,0.412606471509648,0.19270833333333334
gamma,lucb,49,60.0,120.0,5.222416200267617,0.000612800067756325,5.714126548967308,0.0,0.0,0.0,0.0,0.0,8.055097570107193,0.35591937025389725,0.3489583333333333
gamma,lucb,49,90.0,180.0,7.739759800257161,0.0009129999671131372,5.688489874134549,0.0,0.0,0.0,0.0,0.0,7.613330932822508,0.341646426191714,0.40625
gamma,lucb,49,120.0,240.0,10.148810700222384,0.00120310002239421,5.613958056085255,0.0,0.0,0.0,0.0,0.0,6.576362398068622,0.30206014101775036,0.5625
gamma,lucb@gamma-poisson,0,15.0,30.0,0.4435200000880286,0.0001356002758257091,6.222279880796763,0.0,0.10454931088924224,0.16175986909055384,0.15355893423439548,0.14088049997621854,17.712080524512995,0.47588152419835716,0.09895833333333333
gamma,lucb@gamma-poisson,0,30.0,60.0,0.8571078002569266,0.0002670001704245806,6.12655306063039,0.05890372115342679,0.0,0.0,0.0,0.00790388327921876,13.364941555250843,0.4588849172401628,0.17708333333333334
gamma,lucb@gamma-poisson,0,60.0,120.0,1.7226317001623102,0.0005383000243455172,6.068499949212014,0.05890372115342679,0.0,0.0,0.0,0.0,11.926423743629861,0.4462003192703222,0.203125
gamma,lucb@gamma-poisson,0,90.0,180.0,2.5577332001994364,0.0007885996601544321,5.976114031444923,0.05890372115342679,0.0,0.0,0.0,0.0,11.143679760363918,0.3999695435355095,0.3333333333333333
gamma,lucb@gamma-poisson,0,120.0,240.0,3.597888700198382,0.0010791998356580734,5.928645547297118,0.05890372115342679,0.0,0.0,0.0,0.0,10.831755671372788,0.37801856969475084,0.4010416666666667
gamma,lucb@gamma-poisson,1,15.0,30.0,0.45923449977999553,0.0001412997953593731,6.224748022522836,0.0,0.2586080419871286,0.2210100542905996,0.24141453044959904,0.2108789610229045,13.351159972748308,0.45657422671467046,0.11979166666666667
gamma,lucb@gamma-poisson,1,30.0,60.0,0.8767588997143321,0.0002970995847135782,6.111469772270354,0.0,0.0,0.029990263554355745,0.06744621124278938,0.05891520665853267,10.581801322143878,0.4440129160311191,0.19791666666666666
gamma,lucb@gamma-poisson,1,60.0,120.0,1.7162147994386032,0.0005787000409327447,5.981238914500724,0.0,0.0,0.0,0.0,0.0,9.4604204627017,0.3964652328172441,0.3333333333333333
gamma,lucb@gamma-poisson,1,90.0,180.0,2.6136217990424484,0.0008957999525591731,5.917706084760712,0.0,0.0,0.0,0.0,0.0,8.920629263549241,0.3590173048937781,0.4010416666666667
gamma,lucb@gamma-poisson,1,120.0,240.0,3.496987299178727,0.0012151999399065971,5.912022082807943,0.0,0.0,0.0,0.0,0.0,8.90383963501935,0.35897933452991987,0.4010416666666667
gamma,lucb@gamma-poisson,2,15.0,30.0,0.44445379986427724,0.0001301998272538185,6.581640748505046,0.5076622768479593,0.397814545243933,0.34882437811019085,0.3182472891793712,0.3293517925091559,21.14566004481988,0.49356079756738397,0.11458333333333333
gamma,lucb@gamma-poisson,2,30.0,60.0,0.8545059998286888,0.00026379991322755814,6.471468731530422,0.5616117983173823,0.343457793565908,0.2639764148540321,0.2143683133225045,0.1814110463751697,18.73380192971835,0.46719292885349717,0.19270833333333334
gamma,lucb@gamma-poisson,2,60.0,120.0,1.6699947997112758,0.0005128998891450465,6.408879682260165,0.5616117983173823,0.343457793565908,0.2639764148540321,0.2143683133225045,0.1814110463751697,18.37825776780807,0.4442724861802695,0.265625
gamma,lucb@gamma-poisson,2,90.0,180.0,2.542318199761212,0.0007858002791181207,6.313723590952558,0.3648302387128344,0.3104645700201427,0.23861832710862363,0.20003016485838188,0.1814110463751697,17.478602364770623,0.3964926024988148,0.4010416666666667
gamma,lucb@gamma-poisson,2,120.0,240.0,3.6344139999710023,0.0010707004112191498,6.311525232481434,0.3648302387128344,0.3104645700201427,0.23861832710862363,0.20003016485838188,0.1814110463751697,17.472263174790466,0.39648140941073906,0.4010416666666667
gamma,lucb@gamma-poisson,3,15.0,30.0,0.40542510035447776,0.00012230017455294728,6.2957801547668275,0.19689468118130493,0.20233440326816465,0.13998493960701663,0.13850470232014056,0.16856906290493956,19.267961088719808,0.4467734353342996,0.13020833333333334
gamma,lucb@gamma-poisson,3,30.0,60.0,0.842053500295151,0.000264400034211576,6.218091299074882,0.19689468118130493,0.10919754887656852,0.07554826088799793,0.10700980588847153,0.08887362232427465,16.157854877581727,0.44301523489505507,0.16145833333333334
gamma,lucb@gamma-poisson,3,60.0,120.0,1.671748100197874,0.000514600018505007,6.168047161115408,0.19689468118130493,0.10919754887656852,0.07554826088799793,0.10700980588847153,0.08887362232427465,15.450568033771674,0.43640845949666573,0.203125
gamma,lucb@gamma-poisson,3,90.0,180.0,2.473582200182136,0.00075300014577806,6.154173311384741,0.19689468118130493,0.10919754887656852,0.07554826088799793,0.0892468571463847,0.08887362232427465,15.422741035273546,0.43639711133313436,0.203125
gamma,lucb@gamma-poisson,3,120.0,240.0,3.367092199914623,0.0010333000682294369,6.15238806020506,0.19689468118130493,0.10919754887656852,0.07554826088799793,0.0892468571463847,0.08887362232427465,15.421138693271406,0.4363964027279875,0.203125
gamma,lucb@gamma-poisson,4,15.0,30.0,0.4071986002381891,0.00011710013495758176,6.234488452171312,0.05890372115342679,0.02945186057671345,0.1864232872902568,0.2313363362712414,0.21457617151020447,18.425718930081068,0.46297721065819963,0.10416666666666667
gamma,lucb@gamma-poisson,4,30.0,60.0,0.834724300308153,0.0002472003106959164,6.1087648243698744,0.0,0.02945186057671345,0.0,0.08603431557438057,0.07513263570235085,13.173175237037904,0.44133312838068695,0.18229166666666666
gamma,lucb@gamma-poisson,4,60.0,120.0,1.7218020003056154,0.0005115005187690258,6.05087496280872,0.0,0.02945186057671345,0.05700380087141932,0.0,0.0,9.687181047661278,0.435949466676728,0.203125
gamma,lucb@gamma-poisson,4,90.0,180.0,2.5877685003215447,0.0007682004361413419,6.040102853006547,0.0,0.02945186057671345,0.05700380087141932,0.0,0.0,9.612423215759561,0.4292345453698375,0.21875
gamma,lucb@gamma-poisson,4,120.0,240.0,3.695397400530055,0.0010760005679912865,5.914184096038729,0.0,0.02945186057671345,0.05700380087141932,0.0,0.0,8.615961149363672,0.3645173230799262,0.375
gamma,lucb@gamma-poisson,5,15.0,30.0,0.4153674998669885,0.00012479996075853705,6.499603982627153,0.0,0.0,0.0,0.0,0.05614299766632158,19.306950845869792,0.4682490191645538,0.11979166666666667
gamma,lucb@gamma-poisson,5,30.0,60.0,0.8655662997043692,0.0002617000718601048,6.378669717315094,0.0,0.0,0.0,0.0,0.004802935415663123,16.21470577381761,0.4413644682960433,0.19791666666666666
gamma,lucb@gamma-poisson,5,60.0,120.0,1.717751499672886,0.0005316004389896989,6.3519958061754584,0.0,0.0,0.0,0.0,0.004802935415663123,15.895434219971014,0.43507204425578205,0.203125
gamma,lucb@gamma-poisson,5,90.0,180.0,2.500196899578441,0.0007974001346156001,6.334198235991487,0.0,0.0,0.0,0.0,0.004802935415663123,15.858601172204276,0.43505045032881495,0.203125
gamma,lucb@gamma-poisson,5,120.0,240.0,3.4910183995962143,0.001093500293791294,6.311903076236573,0.0,0.0,0.0,0.0,0.004802935415663123,15.332660372349006,0.42682739489803934,0.21875
gamma,lucb@gamma-poisson,6,15.0,30.0,0.42866209999192506,0.00014710036339238286,6.276260346396264,0.0,0.0,0.061993290690319,0.1123572203950034,0.12412273565964005,16.520461721181245,0.46172337209140846,0.11979166666666667
gamma,lucb@gamma-poisson,6,30.0,60.0,0.8576307999901474,0.00028360035503283143,6.194297170229389,0.0,0.0,0.0,0.04323361938760262,0.06496455198815776,14.065848441640734,0.4465225141110763,0.19791666666666666
gamma,lucb@gamma-poisson,6,60.0,120.0,1.7101024003932253,0.000542600464541465,6.1676888546696444,0.0,0.0,0.0,0.04323361938760262,0.03700071117881898,13.750198035948161,0.4428960100681514,0.203125
gamma,lucb@gamma-poisson,6,90.0,180.0,2.5606247006217018,0.0008330001728609204,6.038718898255723,0.0,0.0,0.0,0.0,0.0,10.995700259803968,0.39240497272335145,0.3333333333333333
gamma,lucb@gamma-poisson,6,120.0,240.0,3.526922700868454,0.001131300232373178,5.991288254247131,0.0,0.0,0.0,0.0,0.0,10.711771385315092,0.36971364437463683,0.4010416666666667
gamma,lucb@gamma-poisson,7,15.0,30.0,0.44934939994709566,0.00013839988969266415,6.109424218093245,0.0,0.133010766041593,0.1324724381884539,0.17179945398566865,0.19279153969658236,14.931210160533828,0.4374971161484504,0.11458333333333333
gamma,lucb@gamma-poisson,7,30.0,60.0,0.8848856998956762,0.0002775999018922448,6.0257358552612175,0.0,0.12459058154456559,0.15265802065864498,0.13257763073393336,0.11007012025295704,13.341536281453982,0.42657251140490454,0.19270833333333334
gamma,lucb@gamma-poisson,7,60.0,120.0,1.685746000148356,0.00050359993474558,5.971555779911671,0.0,0.0,0.033670705833098724,0.030215602585699886,0.029938890527212547,11.35407994248663,0.41297227458453806,0.22916666666666666
gamma,lucb@gamma-poisson,7,90.0,180.0,2.5640919000143185,0.0008158994605764747,5.85247813709663,0.0,0.0,0.0,0.0026960472537086444,0.0,8.349501973314833,0.36464878811384194,0.3385416666666667
gamma,lucb@gamma-poisson,7,120.0,240.0,3.5257820999249816,0.0010884996154345572,5.807827655710029,0.0,0.0,0.0,0.0,0.0,8.102311550868098,0.33081213699981554,0.4010416666666667
gamma,lucb@gamma-poisson,8,15.0,30.0,0.5221610001754016,0.00016120000509545207,6.45940354611048,0.3648302387128344,0.3376495421227741,0.25885348098815153,0.22155394131493333,0.1853251469797893,19.863325513847077,0.4576765823702008,0.109375
gamma,lucb@gamma-poisson,8,30.0,60.0,0.9684992003603838,0.00030869978945702314,6.359668771038295,0.3648302387128344,0.2884787407250098,0.22187185394563624,0.1918017690017777,0.16043808934416892,17.750631550561867,0.43892362447603156,0.1875
gamma,lucb@gamma-poisson,8,60.0,120.0,1.8448450002470054,0.000627300119958818,6.316421304662172,0.3648302387128344,0.2884787407250098,0.22187185394563624,0.1784986264244398,0.16043808934416892,17.350531176551677,0.43822311306061773,0.203125
gamma,lucb@gamma-poisson,8,90.0,180.0,2.761666900245473,0.0010068000410683453,6.295745529161391,0.3648302387128344,0.2884787407250098,0.21696642917989617,0.17455215206484131,0.14600915264726477,17.24910244862847,0.43810878728099084,0.203125
gamma,lucb@gamma-poisson,8,120.0,240.0,3.6611172002740204,0.0013065001112408936,6.213289862120374,0.3648302387128344,0.2884787407250098,0.21696642917989617,0.17455215206484131,0.14600915264726477,17.094832234183766,0.42362984653019575,0.3020833333333333
gamma,lucb@gamma-poisson,9,15.0,30.0,0.5459966001217254,0.00013580004451796412,6.457389173833701,0.0,0.24677731564304128,0.2648607481215288,0.27091641390283916,0.25758723839184894,22.071549744282276,0.4704729722668123,0.11458333333333333
gamma,lucb@gamma-poisson,9,30.0,60.0,0.9888023003586568,0.0002782001974992454,6.342628905339564,0.0,0.0,0.0,0.06508522859420551,0.08591503320436877,17.230057756063587,0.4521995709107132,0.19270833333333334
gamma,lucb@gamma-poisson,9,60.0,120.0,1.8548228002618998,0.000585900095757097,6.302909520196468,0.0,0.0,0.0,0.05337152994429306,0.07343356183076222,17.078237069266596,0.4517449796309202,0.203125
gamma,lucb@gamma-poisson,9,90.0,180.0,2.736746600421611,0.0008570000645704567,6.289078142987971,0.0,0.0,0.0,0.05012021987645998,0.07343356183076222,16.999035200648624,0.45158286480995813,0.203125
gamma,lucb@gamma-poisson,9,120.0,240.0,3.5810350999818183,0.0010977995698340237,6.23914319530354,0.0,0.0,0.0,0.05012021987645998,0.07343356183076222,16.741682976383764,0.43162265245126,0.265625
gamma,lucb@gamma-poisson,10,15.0,30.0,0.5215225000283681,0.00013809988740831614,6.264970757058265,0.0,0.0073704802629662725,0.031894955823164706,0.11098647321032806,0.1963266173301783,14.727462518322145,0.483508501732072,0.13020833333333334
gamma,lucb@gamma-poisson,10,30.0,60.0,0.9212884001899511,0.0002551996149122715,6.148932571790691,0.0,0.0073704802629662725,0.0,0.0,0.0,11.954692413635568,0.4568197919072686,0.203125
gamma,lucb@gamma-poisson,10,60.0,120.0,1.7969067000085488,0.0005202995962463319,6.065591997867846,0.0,0.0073704802629662725,0.0,0.0,0.0,11.114664957367735,0.38801874185534085,0.328125
gamma,lucb@gamma-poisson,10,90.0,180.0,2.674976299807895,0.0007889993721619248,5.995549150907092,0.0,0.0073704802629662725,0.0,0.0,0.0,10.538673204696872,0.36937961856932483,0.4010416666666667
gamma,lucb@gamma-poisson,10,120.0,240.0,3.5371856996789575,0.0010494995512999594,5.993295063467284,0.0,0.0073704802629662725,0.0,0.0,0.0,10.540982530185122,0.3693812074322649,0.4010416666666667
gamma,lucb@gamma-poisson,11,15.0,30.0,0.5299569998751394,0.0001360000460408628,6.334167567127143,0.39022030107427186,0.1457531955193545,0.2316681485244929,0.21504301293071348,0.23774511096076156,20.287366140150855,0.5050726988635138,0.09895833333333333
gamma,lucb@gamma-poisson,11,30.0,60.0,0.9881009998498484,0.00028850033413618803,6.216987918514859,0.1155566629196555,0.20707457390512907,0.08874634827892791,0.09276873776221961,0.10011202980432132,16.855088547974674,0.47788513867330196,0.17708333333333334
gamma,lucb@gamma-poisson,11,60.0,120.0,1.8487354998942465,0.0005496004596352577,6.154817278253186,0.1155566629196555,0.0,0.08874634827892791,0.07257750377845518,0.0784718256025444,15.479373339519908,0.47132962015151314,0.203125
gamma,lucb@gamma-poisson,11,90.0,180.0,2.7514943000278436,0.0008259005844593048,6.098902903716119,0.1155566629196555,0.0,0.08874634827892791,0.07257750377845518,0.0733475969973082,14.160470960372235,0.46040959591720815,0.2552083333333333
gamma,lucb@gamma-poisson,11,120.0,240.0,3.6276053001056425,0.001089900906663388,5.98063631884362,0.1155566629196555,0.0,0.08874634827892791,0.07257750377845518,0.0733475969973082,13.693353789072736,0.3815184647987936,0.4010416666666667
gamma,lucb@gamma-poisson,12,15.0,30.0,0.4704611998749897,0.00012880016583949327,6.272756356456614,0.4261385944248135,0.38197385298030206,0.32436454697910533,0.31158077889401037,0.32035313542029487,18.346424874348408,0.46743676318218563,0.109375
gamma,lucb@gamma-poisson,12,30.0,60.0,0.9152809997904114,0.0002624003682285547,6.188073167955646,0.16765366662304237,0.23256443755338174,0.1834519331006662,0.1709124985745658,0.14592393634278478,14.816807270918854,0.448102826356387,0.1875
gamma,lucb@gamma-poisson,12,60.0,120.0,1.777895699837245,0.0005300004268065095,6.108556308467122,0.0,0.0,0.0,0.0,0.0,9.827136371877579,0.43998839286132996,0.203125
gamma,lucb@gamma-poisson,12,90.0,180.0,2.701514699438121,0.0008034002385102212,6.032753764096467,0.0,0.0,0.0,0.0,0.0,9.325779664881873,0.4150221954580032,0.3177083333333333
gamma,lucb@gamma-poisson,12,120.0,240.0,3.543407899327576,0.0010464004008099437,5.986243600346807,0.0,0.0,0.0,0.0,0.0,8.790673391821787,0.3831799443814765,0.4010416666666667
gamma,lucb@gamma-poisson,13,15.0,30.0,0.40410580014577135,0.00012269988656044006,6.26159534742276,0.0,0.13987883943566837,0.12473547699413745,0.11474371486197388,0.14784915945546406,18.158104382926368,0.4308492357484101,0.109375
gamma,lucb@gamma-poisson,13,30.0,60.0,0.8608234001439996,0.00024779996601864696,6.14902991635025,0.0,0.13987883943566837,0.11074080653757323,0.11870558113367846,0.1112960260935586,15.711036864693074,0.4156530709025251,0.1875
gamma,lucb@gamma-poisson,13,60.0,120.0,1.7540401999722235,0.0005136000108905137,6.093855388766656,0.0,0.13987883943566837,0.12473547699413745,0.10076925726488861,0.08452829825245711,14.092889357786742,0.4136045374515055,0.203125
gamma,lucb@gamma-poisson,13,90.0,180.0,2.6875793999643065,0.0007812998373992741,6.075438421272108,0.0,0.14621834547336732,0.11074080653757323,0.08946347176136937,0.08676686105212128,14.057243669100144,0.41357907868897953,0.203125
gamma,lucb@gamma-poisson,13,120.0,240.0,3.49988800031133,0.0010485998936928809,5.95708107110197,0.0,0.14621834547336732,0.11074080653757323,0.08946347176136937,0.08676686105212128,13.07132898859494,0.36787816701788223,0.3385416666666667
gamma,lucb@gamma-poisson,14,15.0,30.0,0.4312539000529796,0.0001224001171067357,6.252687146812934,0.008572176416699384,0.0,0.09153881062500602,0.15047083131577121,0.18878905635795962,19.64763249021222,0.46560487745725526,0.11979166666666667
gamma,lucb@gamma-poisson,14,30.0,60.0,0.8720877001760527,0.00025660014944151044,6.137875965704033,0.008572176416699384,0.0,0.0,0.06304117029627343,0.10453863643737649,16.103036980419493,0.43567781485629237,0.19791666666666666
gamma,lucb@gamma-poisson,14,60.0,120.0,1.7494799000560306,0.0005348999984562397,6.1239701865032785,0.008572176416699384,0.0,0.0,0.06304117029627343,0.10453863643737649,16.007999443438045,0.4348976816478604,0.203125
gamma,lucb@gamma-poisson,14,90.0,180.0,2.638166700140573,0.000785200041718781,6.024289024810149,0.008572176416699384,0.0,0.0,0.06304117029627343,0.10453863643737649,15.61932830931406,0.3953279215672873,0.3385416666666667
gamma,lucb@gamma-poisson,14,120.0,240.0,3.4545932998298667,0.0010304999887011945,5.990610161496034,0.008572176416699384,0.0,0.0,0.06304117029627343,0.10453863643737649,15.3892890664075,0.37503599332019655,0.4010416666666667
gamma,lucb@gamma-poisson,15,15.0,30.0,0.4538545999675989,0.00013260019477456808,6.2992785300680625,0.0,0.0,0.006847574888479646,0.039297270680923035,0.11073525341495594,16.037680238875172,0.47426998450961494,0.109375
gamma,lucb@gamma-poisson,15,30.0,60.0,0.8986154999001883,0.00027080014115199447,6.187630333153301,0.0,0.0,0.036099642841438295,0.02887415588069786,0.01949512381758689,12.269931395854929,0.4391172181178207,0.1875
gamma,lucb@gamma-poisson,15,60.0,120.0,1.8144090998684987,0.0005865001585334539,6.152641121413981,0.0,0.0,0.0,0.0,0.0,11.937026746348955,0.43703498784700934,0.203125
gamma,lucb@gamma-poisson,15,90.0,180.0,2.6828313000150956,0.000851999968290329,6.133426184083153,0.0,0.0,0.0,0.0,0.0,11.813889958949751,0.42638567429203494,0.22395833333333334
gamma,lucb@gamma-poisson,15,120.0,240.0,3.515338600089308,0.00110179977491498,6.047041774995904,0.0,0.0,0.006847574888479646,1.1102230246251565e-16,0.0,10.801908468578114,0.3791179683459481,0.3802083333333333
gamma,lucb@gamma-poisson,16,15.0,30.0,0.45519659999990836,0.0001449999981559813,6.328619094455552,0.01577368333485396,0.0371672702978304,0.17103205117566456,0.24675842902759493,0.2998356771248605,22.316852237113856,0.5073169681228258,0.109375
gamma,lucb@gamma-poisson,16,30.0,60.0,0.8939574001706205,0.00027890008641406894,6.250880941325991,0.01577368333485396,0.0371672702978304,0.17103205117566456,0.24675842902759493,0.2599687549832561,21.238045791311876,0.4912308205862014,0.1875
gamma,lucb@gamma-poisson,16,60.0,120.0,1.749913500098046,0.0005244002677500248,6.103115944533329,0.01577368333485396,0.0,0.0,0.018120143758739826,0.05328820164248116,14.333542471465082,0.43462915057069756,0.296875
gamma,lucb@gamma-poisson,16,90.0,180.0,2.6188085000612773,0.0007810001843608916,6.025538329082569,0.01577368333485396,0.0,0.0,0.018120143758739826,0.0340431151331525,11.885804097841648,0.41306474515850744,0.3541666666666667
gamma,lucb@gamma-poisson,16,120.0,240.0,3.5017146997270174,0.0010239000548608601,5.965654833799391,0.01577368333485396,0.0,0.0,0.018120143758739826,0.0340431151331525,11.621273322924816,0.38733806750782307,0.4010416666666667
gamma,lucb@gamma-poisson,17,15.0,30.0,0.478069499891717,0.0001430999836884439,6.480318706638695,0.0,0.24614960956244825,0.34410897225564185,0.37443121630381504,0.3843209712811362,25.940966760146708,0.4773347571624671,0.11979166666666667
gamma,lucb@gamma-poisson,17,30.0,60.0,0.9065890998463146,0.00028139998903498054,6.358453249986048,0.008572176416699384,0.004286088208349748,0.09324619927813627,0.15121733868591525,0.16113886812471379,21.772609474799363,0.4598238630933444,0.19791666666666666
gamma,lucb@gamma-poisson,17,60.0,120.0,1.7645308999344707,0.0005567001062445343,6.331874028651466,0.008572176416699384,0.004286088208349748,0.0,0.021456321982812554,0.052291963058522906,19.407674712417837,0.45760373966415296,0.203125
gamma,lucb@gamma-poisson,17,90.0,180.0,2.6208318998105824,0.0008409001166000962,6.304004869625193,0.008572176416699384,0.004286088208349748,0.0,0.021456321982812554,0.052291963058522906,19.250781217618457,0.4552867713270087,0.22395833333333334
gamma,lucb@gamma-poisson,17,120.0,240.0,3.5104332000482827,0.001107300107832998,6.194375761461352,0.008572176416699384,0.004286088208349748,0.0,0.021456321982812554,0.052291963058522906,17.80151296931166,0.3913813348728148,0.3541666666666667
gamma,lucb@gamma-poisson,18,15.0,30.0,0.4260680999723263,0.0001205999287776649,6.173418002223539,0.0,0.133010766041593,0.18210247398588664,0.18076838991649413,0.1883209778135443,14.6525570652871,0.4629831379330899,0.13020833333333334
gamma,lucb@gamma-poisson,18,30.0,60.0,0.8270285999169573,0.00027349963784217834,6.082354464357942,0.0,0.0,0.0,0.0,0.015572316080596504,10.091557905303317,0.45129737328720054,0.203125
gamma,lucb@gamma-poisson,18,60.0,120.0,1.7194558999617584,0.0005476994556374848,6.060818749934099,0.0,0.0,0.0,0.0,0.004208824413250656,9.852422961817277,0.45103402724053987,0.203125
gamma,lucb@gamma-poisson,18,90.0,180.0,2.5907499999157153,0.0008202992030419409,5.949639519981203,0.0,0.0,0.0,0.0,0.004208824413250656,8.90078717728096,0.3934651619340189,0.3489583333333333
gamma,lucb@gamma-poisson,18,120.0,240.0,3.50385269994149,0.0010970989242196083,5.868995820397157,0.0,0.0,0.0,0.0,0.0,8.150072056126344,0.3483574446462716,0.4010416666666667
gamma,lucb@gamma-poisson,19,15.0,30.0,0.43558640009723604,0.00013220024993643165,6.36698029254491,0.4073605041961753,0.3577934410860921,0.30676375681485235,0.2866050499315972,0.29645947511443105,19.001161911119425,0.4663879830134383,0.13020833333333334
gamma,lucb@gamma-poisson,19,30.0,60.0,0.8632660002331249,0.0002816002815961838,6.2854370117346265,0.0,0.15592125136716373,0.047393366121813885,0.03828665242760754,0.03211558889808408,14.850251876281831,0.4534854025392939,0.203125
gamma,lucb@gamma-poisson,19,60.0,120.0,1.762600400543306,0.0005617999704554677,6.261303330450495,0.0,0.0,0.03722734297522734,0.03007404744437081,0.03211558889808408,14.665026450531236,0.45337624792018316,0.203125
gamma,lucb@gamma-poisson,19,90.0,180.0,2.640146500431001,0.0008505998412147164,6.16966266299979,0.0,0.0,0.03722734297522734,0.03007404744437081,0.03211558889808408,14.110746750540217,0.40248607581866996,0.3385416666666667
gamma,lucb@gamma-poisson,19,120.0,240.0,3.557885200192686,0.0011541997664608061,6.082297559917273,0.0,0.0,0.0,0.0,0.0,11.763522691894613,0.3711877965770158,0.4010416666666667
gamma,lucb@gamma-poisson,20,15.0,30.0,0.4319382003159262,0.00012360000982880592,6.319088857691663,0.0,0.0,0.030805315414543677,0.10898380188179368,0.1734644734299925,17.018035098536902,0.4357397510090737,0.11979166666666667
gamma,lucb@gamma-poisson,20,30.0,60.0,0.8557725003920496,0.0002484001452103257,6.216668155275438,0.0,0.0,0.030805315414543677,0.0032210463650814702,0.022522560637663225,14.7215233564237,0.4181602000500291,0.19791666666666666
gamma,lucb@gamma-poisson,20,60.0,120.0,1.698621800460387,0.0005023999256081879,6.155613967417783,0.0,0.0,0.0,0.0032210463650814702,0.022522560637663225,13.56844516451806,0.39734540189091166,0.265625
gamma,lucb@gamma-poisson,20,90.0,180.0,2.541296200302895,0.0007637000526301563,6.033431124798443,0.0,0.0,0.0,0.0032210463650814702,0.021766132319074205,10.243021159555957,0.3437082411446478,0.390625
gamma,lucb@gamma-poisson,20,120.0,240.0,3.418554300093092,0.001031199935823679,5.999140054482791,0.0,0.0,0.0,0.0032210463650814702,0.0,9.622434327380542,0.33838060074777687,0.4010416666666667
gamma,lucb@gamma-poisson,21,15.0,30.0,0.39404079993255436,0.00012409983901306987,6.172313522267942,0.414299153339605,0.33995709703245713,0.3115047543402948,0.25882174174888095,0.21781878884570138,14.392366094222677,0.47449119966734105,0.13541666666666666
gamma,lucb@gamma-poisson,21,30.0,60.0,0.8050903999246657,0.00025949993869289756,6.075807156396915,0.0,0.10820742816803919,0.15128206806711142,0.1298346658109767,0.11039158314905051,12.003815731202572,0.4437935489560835,0.203125
gamma,lucb@gamma-poisson,21,60.0,120.0,1.6604756001615897,0.0005260996986180544,5.942839752982402,0.0,0.10820742816803919,0.15128206806711142,0.1298346658109767,0.11039158314905051,10.974974316210941,0.3756618456690325,0.359375
gamma,lucb@gamma-poisson,21,90.0,180.0,2.4927053001592867,0.0007843993953429163,5.884697303472965,0.0,0.11061033100933493,0.15294334141422072,0.1298346658109767,0.11039158314905051,10.704531275208481,0.3613210348137085,0.4010416666666667
gamma,lucb@gamma-poisson,21,120.0,240.0,3.443549500196241,0.0010703994194045663,5.864800202780509,0.0,0.11061033100933493,0.15128206806711142,0.1298346658109767,0.11039158314905051,10.593527628692545,0.36062613381566194,0.4010416666666667
gamma,lucb@gamma-poisson,22,15.0,30.0,0.40201710001565516,0.00011529994662851095,6.323464846592446,0.0,0.00988403987666231,0.11794521637675004,0.2006665811636954,0.15196352350966635,20.05490338056186,0.44647678551396,0.11458333333333333
gamma,lucb@gamma-poisson,22,30.0,60.0,0.8530707998434082,0.00025599991204217076,6.192560403164855,0.0,0.00988403987666231,0.006927503182010963,0.05152238040271906,0.08872053729949048,16.616884803113045,0.42552857496826973,0.19270833333333334
gamma,lucb@gamma-poisson,22,60.0,120.0,1.672789499454666,0.0005025998689234257,6.13899245846703,0.0,0.00988403987666231,0.006927503182010963,0.0,0.029265039799441284,14.738945455985663,0.42328754573119803,0.203125
gamma,lucb@gamma-poisson,22,90.0,180.0,2.516617799352389,0.0007455997983925045,6.135991251760935,0.0,0.00988403987666231,0.006927503182010963,0.0,0.029265039799441284,14.73854554092847,0.4232874121163753,0.203125
gamma,lucb@gamma-poisson,22,120.0,240.0,3.4225110994884744,0.001024999946821481,6.110859169216607,0.0,0.00988403987666231,0.006927503182010963,0.0,0.029265039799441284,14.51192993486839,0.42308646242245357,0.203125
gamma,lucb@gamma-poisson,23,15.0,30.0,0.438095300050918,0.00012800010154023767,6.293110739406141,0.0,0.08552825436053413,0.11858658150608758,0.1384191648181201,0.16905570639018097,15.102118296630664,0.4821314156439392,0.11979166666666667
gamma,lucb@gamma-poisson,23,30.0,60.0,0.8716158999595791,0.0002549998462200165,6.175844896080417,0.0,0.0,0.0,0.0,0.0,11.460871717109939,0.473681365113758,0.19791666666666666
gamma,lucb@gamma-poisson,23,60.0,120.0,1.7533031001221389,0.0005085997399874032,6.140692049351923,0.0,0.0,0.0,0.0,0.0,11.056094848593274,0.46506539363171606,0.22395833333333334
gamma,lucb@gamma-poisson,23,90.0,180.0,2.599860100308433,0.0007798996521160007,6.0222615674777655,0.0,0.0,0.0,0.0,0.0,10.406898450285993,0.4162886369973283,0.3802083333333333
gamma,lucb@gamma-poisson,23,120.0,240.0,3.4990825004060753,0.001045199518557638,6.005694020107977,0.0,0.0,0.0,0.0,0.0,10.34061635873028,0.4010726456126739,0.4010416666666667
gamma,lucb@gamma-poisson,24,15.0,30.0,0.4301551000098698,0.00011870008893311024,6.445821705126375,0.0,0.0,0.0,0.05149335716875092,0.10191865749912599,19.715064450351697,0.46463011705737506,0.09895833333333333
gamma,lucb@gamma-poisson,24,30.0,60.0,0.9227039000834338,0.0002532999496906996,6.339094057403184,0.0,0.0,0.0,0.0,0.0,15.216200954410132,0.4490416410734807,0.17708333333333334
gamma,lucb@gamma-poisson,24,60.0,120.0,1.7274619001545943,0.0005067000747658312,6.32886631062728,0.0,0.0,0.0,0.0,0.0,14.340663614157354,0.44619216509426707,0.203125
gamma,lucb@gamma-poisson,24,90.0,180.0,2.6068527000024915,0.0007758003193885088,6.318080215261024,0.0,0.0,0.0,0.0,0.0,14.321559104912824,0.44617958293568283,0.203125
gamma,lucb@gamma-poisson,24,120.0,240.0,3.473715899977833,0.0010675006196834147,6.314362853958485,0.0,0.0,0.0,0.0,0.0,14.268895067129183,0.44612636376725123,0.203125
gamma,lucb@gamma-poisson,25,15.0,30.0,0.4605277998489328,0.00012109993258491158,6.604339169645655,0.27893927496401005,0.3076723914732028,0.380928065780067,0.37551886948742574,0.384293617670304,22.554360815568337,0.5005898126482405,0.11979166666666667
gamma,lucb@gamma-poisson,25,30.0,60.0,0.8710884999018162,0.0002468000166118145,6.445160129790023,0.0,0.0,0.0066505582438283195,0.0,0.037617476185854426,15.585312065346441,0.48356167652488774,0.19791666666666666
gamma,lucb@gamma-poisson,25,60.0,120.0,1.7091513999039307,0.0005084002623334527,6.42230906433267,0.0,0.0,0.0066505582438283195,0.0,0.02382523814145676,15.498768407343366,0.4831564581072293,0.203125
gamma,lucb@gamma-poisson,25,90.0,180.0,2.62528439972084,0.0007818004232831299,6.375096437220006,0.0,0.0,0.0066505582438283195,0.0,0.02382523814145676,15.310835641426012,0.45721647601359205,0.2708333333333333
gamma,lucb@gamma-poisson,25,120.0,240.0,3.463325199612882,0.0010291000944562256,6.287664714769956,0.0,0.0,0.0066505582438283195,0.0,0.0,13.038560015331143,0.43613800533935926,0.3333333333333333
gamma,lucb@gamma-poisson,26,15.0,30.0,0.42586220003431663,0.0001250002533197403,6.424498661676277,0.34170374732801123,0.38434634816147206,0.3914336094645905,0.3573116540310426,0.3470828924162257,21.214935813890552,0.46382847070698097,0.11458333333333333
gamma,lucb@gamma-poisson,26,30.0,60.0,0.8631776997353882,0.00025700038531795144,6.28657473624203,0.0,0.1134456108845282,0.14290498690629427,0.15745864151763778,0.1830668837335505,16.489050232470067,0.44553826476159125,0.19270833333333334
gamma,lucb@gamma-poisson,26,60.0,120.0,1.777801399875898,0.0005321003845892847,6.242013495355387,0.0,0.020395371684950314,0.07850977892014244,0.06313323458456566,0.08836819970153309,14.398134819943822,0.4435634695348256,0.203125
gamma,lucb@gamma-poisson,26,90.0,180.0,2.593483699951321,0.0008066005539149046,6.2185349024467085,0.0,0.020395371684950314,0.07850977892014244,0.06313323458456566,0.08836819970153309,14.362825200629098,0.43993941826518024,0.22395833333333334
gamma,lucb@gamma-poisson,26,120.0,240.0,3.435735200124327,0.001056400767993182,6.125002586368407,0.0,0.020395371684950314,0.07850977892014244,0.06313323458456566,0.08836819970153309,13.512780197946986,0.38358662145888794,0.3802083333333333
gamma,lucb@gamma-poisson,27,15.0,30.0,0.42249240016099066,0.00012340000830590725,6.224162156824796,0.0,0.0,0.011648201976892869,0.01130892440402409,0.009581887503888331,13.498485393959816,0.4716475732990941,0.11458333333333333
gamma,lucb@gamma-poisson,27,30.0,60.0,0.8227382999029942,0.000259899883531034,6.129034138705111,0.0,0.0,0.011648201976892869,0.01130892440402409,0.023370130923521693,11.216226394239467,0.4426754627652524,0.19270833333333334
gamma,lucb@gamma-poisson,27,60.0,120.0,1.7475773998303339,0.0005583998281508684,6.092851113816162,0.0,0.0,0.011648201976892869,0.01130892440402409,0.009581887503888331,10.500657839005115,0.441884443945004,0.203125
gamma,lucb@gamma-poisson,27,90.0,180.0,2.5703612997895107,0.0008260999456979334,6.021919444248894,0.0,0.0,0.011648201976892869,0.01130892440402409,0.009581887503888331,10.043885647784599,0.40350683180768454,0.296875
gamma,lucb@gamma-poisson,27,120.0,240.0,3.3953142003156245,0.0010812003165483475,5.9490463204772155,0.0,0.0,0.011648201976892869,0.0,0.0,7.565269316180695,0.3683459831743389,0.4010416666666667
gamma,lucb@gamma-poisson,28,15.0,30.0,0.41800749994581565,0.00013439985923469067,6.828083503950206,0.05890372115342679,0.3234084154104606,0.3424803137995105,0.3730528144782854,0.37992631917123565,23.310694571851855,0.4838325531391051,0.13020833333333334
gamma,lucb@gamma-poisson,28,30.0,60.0,0.8285908999387175,0.000265000038780272,6.695126701081596,0.05890372115342679,0.08637060842889488,0.0,0.06244383343245852,0.09742340933150051,18.48949710052674,0.4657204556224337,0.203125
gamma,lucb@gamma-poisson,28,60.0,120.0,1.6664043995551765,0.0005211998359300196,6.651858359625375,0.05890372115342679,0.08637060842889488,0.0,0.0,0.031115271786931298,16.320238340550983,0.4533311907428928,0.22395833333333334
gamma,lucb@gamma-poisson,28,90.0,180.0,2.514371099183336,0.0007752999663352966,6.496369906600353,0.05890372115342679,0.08637060842889488,0.0,0.0,0.031115271786931298,15.067636936034635,0.40204063153193503,0.3645833333333333
gamma,lucb@gamma-poisson,28,120.0,240.0,3.4659772992599756,0.001052799983881414,6.4515267111548615,0.05890372115342679,0.08637060842889488,0.0,0.0,0.031115271786931298,14.832923587509557,0.38398309629349636,0.4010416666666667
gamma,lucb@gamma-poisson,29,15.0,30.0,0.42516099993372336,0.00012710003647953272,6.2398273409591996,0.0,0.09498754549539767,0.0,0.0,0.0,15.067872964346298,0.5047381635395825,0.11458333333333333
gamma,lucb@gamma-poisson,29,30.0,60.0,0.8318671997403726,0.0002558999112807214,6.118939778399917,0.0,0.0,0.0,0.0,0.0,12.0648093548258,0.4812273285811381,0.19270833333333334
gamma,lucb@gamma-poisson,29,60.0,120.0,1.6947263996116817,0.0005200995365157723,6.094027345111319,0.0,0.0,0.0,0.0,0.0,11.970712019087255,0.48113487430384233,0.203125
gamma,lucb@gamma-poisson,29,90.0,180.0,2.5675110995653085,0.000770599755924195,6.076072785319199,0.0,0.0,0.0,0.0,0.0,11.757762542968743,0.4721894592506937,0.21875
gamma,lucb@gamma-poisson,29,120.0,240.0,3.5144660994410515,0.0010619998211041093,5.965396447872851,0.0,0.0,0.0,0.0,0.0,10.949957892154831,0.390395934132289,0.375
gamma,lucb@gamma-poisson,30,15.0,30.0,0.4220414999872446,0.00011399999493733048,6.408519921534843,0.4405805964976658,0.3860221841855783,0.3605632424998345,0.3195018049135131,0.40265140248737374,16.91506343064796,0.47513972345450006,0.15625
gamma,lucb@gamma-poisson,30,30.0,60.0,0.8255243997555226,0.00023779971525073051,6.331259880115906,0.4405805964976658,0.3860221841855783,0.28124177797470673,0.2541911528967321,0.22796785732594993,15.759926135741178,0.4447092286439882,0.23958333333333334
gamma,lucb@gamma-poisson,30,60.0,120.0,1.6257650998304598,0.000499200017657131,6.228453673699707,0.4405805964976658,0.28130658041170686,0.2834067181559261,0.2559736925366548,0.22796785732594993,15.280673550624847,0.3790628143860394,0.3958333333333333
gamma,lucb@gamma-poisson,30,90.0,180.0,2.4759295997791924,0.0007451000274159014,6.206260757977245,0.4405805964976658,0.28130658041170686,0.2559268114670218,0.23334765261218915,0.2100843676312133,15.229736658710483,0.37896161263592487,0.4010416666666667
gamma,lucb@gamma-poisson,30,120.0,240.0,3.370671699754894,0.0010345999035052955,6.213455957626657,0.4405805964976658,0.28130658041170686,0.2559268114670218,0.23334765261218915,0.20855496859334355,15.237280280192538,0.3790495572368352,0.4010416666666667
gamma,lucb@gamma-poisson,31,15.0,30.0,0.4096399999107234,0.00012700003571808338,7.0961697731811855,0.0,0.1585859675411565,0.23780612508803256,0.2904466163163406,0.3249393833527132,25.878662632939374,0.5365492485047285,0.13020833333333334
gamma,lucb@gamma-poisson,31,30.0,60.0,0.8490452996920794,0.00028259993996471167,6.9696719750904235,0.0,0.1134456108845282,0.1319356853819924,0.1044567126329965,0.12164001272297797,22.733880479943664,0.520925095253643,0.203125
gamma,lucb@gamma-poisson,31,60.0,120.0,1.6586983997840434,0.0005654999404214323,6.957644766623034,0.0,0.07989061830394228,0.10903723038113688,0.1044567126329965,0.12164001272297797,22.699888134315472,0.5209056725666633,0.203125
gamma,lucb@gamma-poisson,31,90.0,180.0,2.472838099463843,0.0008307999232783914,6.9500036237734095,0.0,0.07989061830394228,0.10903723038113688,0.1044567126329965,0.12164001272297797,22.679926633715137,0.517920379909172,0.20833333333333334
gamma,lucb@gamma-poisson,31,120.0,240.0,3.409633099392522,0.0011452998733147979,6.850363999850789,0.0,0.07989061830394228,0.10903723038113688,0.1044567126329965,0.12164001272297797,21.736145133392636,0.47884709220128374,0.3177083333333333
gamma,lucb@gamma-poisson,32,15.0,30.0,0.4436766000580974,0.00013150001177564263,6.739702101317309,0.0,0.0,0.1979604384260384,0.2850140763838622,0.3128524572294916,22.38734926925139,0.48906811313605253,0.125
gamma,lucb@gamma-poisson,32,30.0,60.0,0.8632047001156025,0.0002780001377686858,6.609399071461411,0.050766726068686485,0.0,0.0,0.056675468351075065,0.08182606412231896,18.019986311582937,0.4741701383438536,0.203125
gamma,lucb@gamma-poisson,32,60.0,120.0,1.730554700421635,0.0005225997883826494,6.589707311417996,0.050766726068686485,0.0,0.0,0.056675468351075065,0.08182606412231896,17.929854439645776,0.47411397995769805,0.203125
gamma,lucb@gamma-poisson,32,90.0,180.0,2.5894454007502645,0.0007807001238688827,6.5303721177819645,0.050766726068686485,0.0,0.0,0.056675468351075065,0.08568358494398842,17.39953294577735,0.45246433637481,0.265625
gamma,lucb@gamma-poisson,32,120.0,240.0,3.5123051006812602,0.0010455003357492387,6.403014506078268,0.050766726068686485,0.0,0.0,0.056675468351075065,0.08568358494398842,16.594264419697346,0.4007108624948176,0.4010416666666667
gamma,lucb@gamma-poisson,33,15.0,30.0,0.42114380007842556,0.00011860002996399999,6.178614937520375,0.0,0.037760856656376185,0.06343558916561298,0.0,0.014734248781990034,12.799645857220199,0.4806946124329083,0.13020833333333334
gamma,lucb@gamma-poisson,33,30.0,60.0,0.8572616000892594,0.0002603001776151359,6.072821786055809,0.0,0.037760856656376185,0.0,0.0,0.018910305509274083,9.511554075835749,0.46347548572957037,0.203125
gamma,lucb@gamma-poisson,33,60.0,120.0,1.7367749002878554,0.0005163004389032722,6.049502544449312,0.0,0.0,0.0,0.0,0.0,9.363095433618746,0.4634150451327551,0.203125
gamma,lucb@gamma-poisson,33,90.0,180.0,2.5496808004681952,0.0007458003237843513,6.0338971886310615,0.0,0.0,0.0,0.0,0.0,9.272769710911,0.4603705643492235,0.21875
gamma,lucb@gamma-poisson,33,120.0,240.0,3.457360700413119,0.0010187000734731555,5.896524606225896,0.0,0.0,0.0,0.0,0.0,8.341851643533248,0.3916808078535364,0.375
gamma,lucb@gamma-poisson,34,15.0,30.0,0.42678110010456294,0.00013679993571713567,6.357742504853995,0.23380769721060135,0.12407255374037962,0.24448897166534134,0.3139445106177805,0.36895579067801587,22.482568780351453,0.4473031046562574,0.13020833333333334
gamma,lucb@gamma-poisson,34,30.0,60.0,0.8701364999287762,0.0002739998744800687,6.202140166521958,0.0,0.0,0.0,0.0,0.026059264139909,13.259167878669462,0.4159552308264919,0.203125
gamma,lucb@gamma-poisson,34,60.0,120.0,1.7378836999996565,0.0005404998664744198,6.178934420570809,0.0,0.0,0.0,0.0,0.0,13.168634941168937,0.41592488268654537,0.203125
gamma,lucb@gamma-poisson,34,90.0,180.0,2.5938384998007677,0.0008002992835827172,6.175042927376164,0.0,0.0,0.0,0.0,0.0,13.157766307252226,0.41592226027478996,0.203125
gamma,lucb@gamma-poisson,34,120.0,240.0,3.478317999804858,0.0010716990800574422,6.168253108881495,0.0,0.0,0.0,0.0,0.0,13.137440323393543,0.41591763267061294,0.203125
gamma,lucb@gamma-poisson,35,15.0,30.0,0.43528540013357997,0.0002148000057786703,6.76801015785411,0.5521143211916174,0.5010861234883952,0.46825532915118917,0.45092588913780307,0.4620691583961436,28.02927830332643,0.4763725258506674,0.10416666666666667
gamma,lucb@gamma-poisson,35,30.0,60.0,0.8396582001587376,0.000332500203512609,6.6216295965251675,0.2877760298009586,0.28040755849443233,0.32042224756855076,0.3075626759250487,0.315744525055649,25.379553240744034,0.4536130969218295,0.18229166666666666
gamma,lucb@gamma-poisson,35,60.0,120.0,1.74713679990964,0.0006035999394953251,6.570278747482369,0.04340185519385875,0.14707978261395704,0.1341400915550487,0.15981405811142457,0.19283219916885852,23.19974738655913,0.4486595296770589,0.203125
gamma,lucb@gamma-poisson,35,90.0,180.0,2.6494407001300715,0.0008426003623753786,6.458296028420739,0.04340185519385875,0.14707978261395704,0.1341400915550487,0.15981405811142457,0.16245396495679676,21.594214953315593,0.4197162410612482,0.3072916666666667
gamma,lucb@gamma-poisson,35,120.0,240.0,3.535254800110124,0.0010889001423493028,6.376206814017091,0.04340185519385875,0.14707978261395704,0.1341400915550487,0.14664928682544875,0.16245396495679654,20.983529493286664,0.38715823162444535,0.4010416666666667
gamma,lucb@gamma-poisson,36,15.0,30.0,0.4350161997717805,0.00012489990331232548,6.286187692511231,0.1604569555364882,0.3513704548648382,0.37771791995606796,0.388101163330674,0.40421048553385486,20.92942543506958,0.47627926038965823,0.11979166666666667
gamma,lucb@gamma-poisson,36,30.0,60.0,0.8713442998705432,0.00024990004021674395,6.144087422384378,0.0,0.0,0.0,0.07253185593683065,0.12536364458181415,16.08000891899062,0.449674274035222,0.19791666666666666
gamma,lucb@gamma-poisson,36,60.0,120.0,1.77430039976025,0.0005122998263686895,6.00797719936985,0.0,0.0,0.0,0.015380663773790992,0.061185129063872745,13.120544625586058,0.3966238037581357,0.3333333333333333
gamma,lucb@gamma-poisson,36,90.0,180.0,2.698151400021743,0.0007847999804653227,5.924356748514487,0.0,0.0,0.0,0.015380663773790992,0.02154101790349594,11.198772857710315,0.3740311145215579,0.4010416666666667
gamma,lucb@gamma-poisson,36,120.0,240.0,3.58221629972104,0.001055800064932555,5.918798960008406,0.0,0.0,0.0,0.015380663773790992,0.02154101790349594,11.168139848914016,0.3740202693169523,0.4010416666666667
gamma,lucb@gamma-poisson,37,15.0,30.0,0.4180938000208698,0.00011239986633881927,6.249981317074886,0.4261385944248135,0.379664218783231,0.39733524348795435,0.34778830471513134,0.35989111388282435,19.60076761569927,0.4494626905134164,0.15104166666666666
gamma,lucb@gamma-poisson,37,30.0,60.0,0.8076531001133844,0.0002311997814103961,6.132183530557113,0.0,0.048875308070509105,0.07063409716814273,0.07924609210357536,0.07128331689130352,14.663046407346803,0.4377705704224656,0.203125
gamma,lucb@gamma-poisson,37,60.0,120.0,1.633890799654182,0.0004908997216261923,6.120594425408197,0.0,0.048875308070509105,0.07063409716814273,0.07669042863164066,0.07128331689130352,14.639462015823725,0.4377530271290316,0.203125
gamma,lucb@gamma-poisson,37,90.0,180.0,2.5814365997794084,0.000768199737649411,6.065899143687846,0.0,0.048875308070509105,0.07063409716814273,0.07669042863164066,0.07128331689130352,13.21868217391624,0.40599030902184663,0.2916666666666667
gamma,lucb@gamma-poisson,37,120.0,240.0,3.485245799703989,0.0010309998178854585,5.983930809642231,0.0,0.048875308070509105,0.07063409716814273,0.07669042863164066,0.07128331689130352,12.66821473369456,0.37664776671999023,0.4010416666666667
gamma,lucb@gamma-poisson,38,15.0,30.0,0.43051989999366924,0.00011539994738996029,6.447865360623298,0.008572176416699384,0.08811292151987093,0.26799757158021786,0.358142067096196,0.4065649788662258,24.14164132312075,0.502296158983047,0.09895833333333333
gamma,lucb@gamma-poisson,38,30.0,60.0,0.8782243999303319,0.0002466002479195595,6.309738208840848,0.008572176416699384,0.08811292151987093,0.05874194767991392,0.15536556442666571,0.223941587356136,20.409139077841374,0.4716585658280667,0.17708333333333334
gamma,lucb@gamma-poisson,38,60.0,120.0,1.8357508000335656,0.0005101003916934133,6.233859587324638,0.008572176416699384,0.004286088208349748,0.0028573921388997947,0.0,0.0,14.395752725268487,0.4660971157627601,0.203125
gamma,lucb@gamma-poisson,38,90.0,180.0,2.7224430001806468,0.0008422004175372422,6.232225419322487,0.008572176416699384,0.004286088208349748,0.0028573921388997947,0.0,0.0,14.390959720848757,0.4660962997013088,0.203125
gamma,lucb@gamma-poisson,38,120.0,240.0,3.547328800545074,0.0010851002298295498,6.1886915550347465,0.008572176416699384,0.004286088208349748,0.0028573921388997947,0.0,0.0,12.580545120360211,0.4495759656156728,0.22395833333333334
gamma,lucb@gamma-poisson,39,15.0,30.0,0.41261750005651265,0.00012609991244971752,6.6426013732531315,0.0,0.1715332044544885,0.21240392437149735,0.1923095939369539,0.16515720931812528,20.537022875750814,0.45798167098336945,0.109375
gamma,lucb@gamma-poisson,39,30.0,60.0,0.9109356999397278,0.0002583997556939721,6.5502417522984375,0.0,0.03567765767237552,0.12169565301378593,0.1130144654221319,0.0970578395990902,18.414057364590793,0.44977878440574054,0.1875
gamma,lucb@gamma-poisson,39,60.0,120.0,1.8207350999582559,0.0005442997789941728,6.505064730281144,0.0,0.03567765767237552,0.11602008117465001,0.1083451641839539,0.081973224356791,18.16412809778262,0.4490529065173234,0.203125
gamma,lucb@gamma-poisson,39,90.0,180.0,2.736417700187303,0.000842399662360549,6.467441670169772,0.0,0.03567765767237552,0.11602008117465001,0.09544989016732708,0.081973224356791,18.035435263725912,0.43040267686110756,0.2552083333333333
gamma,lucb@gamma-poisson,39,120.0,240.0,3.608486899873242,0.0011105997837148607,6.3576307018604465,0.0,0.03567765767237552,0.10034577567722447,0.09544989016732708,0.081973224356791,16.9654688154894,0.37506079606146453,0.4010416666666667
gamma,lucb@gamma-poisson,40,15.0,30.0,0.4472495999070816,0.00013710011262446642,6.352270129081695,0.05890372115342679,0.28110409421124494,0.26025866607127857,0.2921995761501017,0.28117176066644145,19.022467179739845,0.4622887694399454,0.140625
gamma,lucb@gamma-poisson,40,30.0,60.0,0.9182746998849325,0.00028340023709461093,6.230894699698296,0.05890372115342679,0.0,0.0,0.019770301765931197,0.047683074411797755,13.296790150812825,0.44086393603360013,0.203125
gamma,lucb@gamma-poisson,40,60.0,120.0,1.7681319998810068,0.0005495003424584866,6.192279603229257,0.05890372115342679,0.0,0.0,0.019770301765931197,0.047683074411797755,12.98107485051648,0.4317115637573799,0.23958333333333334
gamma,lucb@gamma-poisson,40,90.0,180.0,2.618239500094205,0.0008001003880053759,6.088762112484326,0.05890372115342679,0.0,0.0,0.019770301765931197,0.047683074411797755,12.281436565455682,0.37325211880132314,0.3958333333333333
gamma,lucb@gamma-poisson,40,120.0,240.0,3.580268899910152,0.0010596003266982734,6.080584786979737,0.05890372115342679,0.0,0.0,0.019770301765931197,0.047683074411797755,12.281530909231464,0.3732923934276233,0.4010416666666667
gamma,lucb@gamma-poisson,41,15.0,30.0,0.4177182000130415,0.00012049998622387648,6.392290225246048,0.0,0.0,0.06316267836145806,0.10329497853586544,0.15680471283376196,16.25151676567299,0.4801512026391626,0.13541666666666666
gamma,lucb@gamma-poisson,41,30.0,60.0,0.8556730000418611,0.00025209994055330753,6.279615728095308,0.0,0.0,0.005938496414233052,0.004855849019995251,2.220446049250313e-16,12.467812831220133,0.4607514805501824,0.203125
gamma,lucb@gamma-poisson,41,60.0,120.0,1.7011017997283489,0.0005566999898292124,6.253569982455254,0.0,0.0,0.005938496414233052,0.004855849019995251,2.220446049250313e-16,12.370535752129571,0.46066484183161144,0.203125
gamma,lucb@gamma-poisson,41,90.0,180.0,2.556089999503456,0.0008153003291226923,6.166279439991873,0.0,0.0,0.005938496414233052,0.004855849019995251,2.220446049250313e-16,11.69404323019991,0.3987697140760805,0.3489583333333333
gamma,lucb@gamma-poisson,41,120.0,240.0,3.4473437993437983,0.0010722006554715335,6.103847264016406,0.0,0.0,0.005938496414233052,0.004855849019995251,2.220446049250313e-16,9.927575571918723,0.37378918077233547,0.4010416666666667
gamma,lucb@gamma-poisson,42,15.0,30.0,0.44454669998958707,0.0001595997018739581,6.523927567842981,0.0,0.0,0.15037007045717699,0.19860821903476256,0.20049809684656306,20.094963138972638,0.5098756583990486,0.10416666666666667
gamma,lucb@gamma-poisson,42,30.0,60.0,0.9144040999235585,0.000309799681417644,6.460693390359996,0.0,0.0,0.0,0.08311887971658705,0.08738599984875606,16.576818033435895,0.4942652933924659,0.18229166666666666
gamma,lucb@gamma-poisson,42,60.0,120.0,1.7629478998132981,0.0005955997039563954,6.420568153480969,0.0,0.0,0.0,0.08311887971658705,0.07209422500063023,16.058765396401864,0.4860977788754385,0.203125
gamma,lucb@gamma-poisson,42,90.0,180.0,2.602980799798388,0.0008908995660021901,6.352031448528707,0.0,0.0,0.0,0.07904583519209285,0.07209422500063023,15.637583374703379,0.46462596719215604,0.2604166666666667
gamma,lucb@gamma-poisson,42,120.0,240.0,3.498563199711498,0.0011849997099488974,6.23309662129266,0.0,0.0,0.0,0.07904583519209285,0.07209422500063023,14.377491058681294,0.3867890498082791,0.4010416666666667
gamma,lucb@gamma-poisson,43,15.0,30.0,0.4337473000632599,0.00013399991439655423,6.280811981182647,0.0,0.037760856656376185,0.0,0.03340754951601044,0.05427597861682165,12.987636267616066,0.4618783956373997,0.125
gamma,lucb@gamma-poisson,43,30.0,60.0,0.8909483001916669,0.00027079973369836807,6.179835353657673,0.0,0.037760856656376185,0.0,0.0,0.0,10.40469331781652,0.43371166811661954,0.203125
gamma,lucb@gamma-poisson,43,60.0,120.0,1.7256492002634332,0.0005296996096149087,6.119850236444942,0.0,0.037760856656376185,0.0,0.0,0.0,9.623068029280919,0.3943099824759711,0.3333333333333333
gamma,lucb@gamma-poisson,43,90.0,180.0,2.5550644003087655,0.0007818996673449874,6.065415958078785,0.0,0.037760856656376185,0.0,0.0,0.0,9.463739074334937,0.3857184903468284,0.4010416666666667
gamma,lucb@gamma-poisson,43,120.0,240.0,3.497787900327239,0.0010483996011316776,6.06337831312365,0.0,0.037760856656376185,0.0,0.0,0.0,9.463300069606015,0.3857178485618496,0.4010416666666667
gamma,lucb@gamma-poisson,44,15.0,30.0,0.43230309995124117,0.00014430016744881868,6.272418854331572,0.0,0.0,0.0,0.0,0.016150402905941497,12.903904936558236,0.47223505595772347,0.11979166666666667
gamma,lucb@gamma-poisson,44,30.0,60.0,0.900514199922327,0.0002814001636579633,6.162434678531813,0.0,0.0,0.0,0.0,0.016150402905941497,9.767891430550534,0.4475635225355828,0.19791666666666666
gamma,lucb@gamma-poisson,44,60.0,120.0,1.7764945000526495,0.0005538001423701644,6.130042887241402,0.0,0.0,0.0,0.0,0.0,9.311951961933698,0.44346869739784955,0.20833333333333334
gamma,lucb@gamma-poisson,44,90.0,180.0,2.63642769982107,0.0008045000140555203,6.0100223509541735,0.0,0.0,0.0,0.0,0.0,8.376391422581818,0.39727562699355057,0.3645833333333333
gamma,lucb@gamma-poisson,44,120.0,240.0,3.5411356998374686,0.001083600043784827,5.980989234196227,0.0,0.0,0.0,0.0,0.0,7.905960574651711,0.3909452425062056,0.4010416666666667
gamma,lucb@gamma-poisson,45,15.0,30.0,0.4190997998812236,0.00011459976667538285,6.2560935241428055,0.5887105745321294,0.5492219607843137,0.4354074720726838,0.4093001470007047,0.3840937164783207,18.442862236514944,0.4979145960718079,0.125
gamma,lucb@gamma-poisson,45,30.0,60.0,0.8682434999500401,0.0002587998751550913,6.131461379561912,0.0,0.0,0.019639839281917038,0.0015360841772456002,0.014263268556888198,11.501847142199436,0.4656828417445465,0.203125
gamma,lucb@gamma-poisson,45,60.0,120.0,1.6937546001863666,0.0005067996680736542,6.034307998184606,0.0,0.0,0.019639839281917038,0.0015360841772456002,0.0,10.679861972961483,0.425613759063389,0.3229166666666667
gamma,lucb@gamma-poisson,45,90.0,180.0,2.541118199878838,0.0007643995922990143,5.972274303447139,0.0,0.0,0.019639839281917038,0.0015360841772456002,0.0,10.26680181671669,0.3849642687104205,0.4010416666666667
gamma,lucb@gamma-poisson,45,120.0,240.0,3.4929805001593195,0.0010292997467331588,5.970815859558765,0.0,0.0,0.019639839281917038,0.0015360841772456002,0.0,10.274089983671267,0.384971106890755,0.4010416666666667
gamma,lucb@gamma-poisson,46,15.0,30.0,0.4859956000582315,0.00012550002429634333,6.461225820910944,0.0,0.1710965087559536,0.190332647250946,0.15622197280279781,0.175743147881797,17.256524894739233,0.48188822107957613,0.109375
gamma,lucb@gamma-poisson,46,30.0,60.0,0.9295980002498254,0.00026420026551932096,6.351088347099932,0.0,0.0,0.0,0.0,0.0007915682820271996,12.998054323936435,0.468501349815993,0.1875
gamma,lucb@gamma-poisson,46,60.0,120.0,1.8001553998910822,0.00053390022367239,6.307363020788837,0.0,0.0,0.0,0.0027881750668454774,0.002348768353436892,12.043468313942979,0.45147077139717534,0.203125
gamma,lucb@gamma-poisson,46,90.0,180.0,2.630795799952466,0.000773400126490742,6.270347217232934,0.0,0.0,0.0,0.0027881750668454774,0.0031403366354643136,11.650961095667716,0.44681276422065147,0.22916666666666666
gamma,lucb@gamma-poisson,46,120.0,240.0,3.5356386001221836,0.0010294002713635564,6.16445645155103,0.0,0.0,0.0,0.0027881750668454774,0.0031403366354643136,10.071074298429894,0.3838504293656696,0.359375
gamma,lucb@gamma-poisson,47,15.0,30.0,0.47788500000024214,0.00015380018157884479,6.778701951406234,0.0,0.0,0.10582671405698896,0.09329633726416575,0.12033892991773631,20.802215602533515,0.49504926274217576,0.109375
gamma,lucb@gamma-poisson,47,30.0,60.0,0.9226385998772457,0.0002917001838795841,6.69320106001073,0.0,0.0,0.10582671405698896,0.09329633726416575,0.12033892991773631,19.944915271506723,0.4760425152941261,0.1875
gamma,lucb@gamma-poisson,47,60.0,120.0,1.7692064997390844,0.000555800215806812,6.655190213094095,0.0,0.0,0.10582671405698896,0.09329633726416575,0.12033892991773631,19.597041675668187,0.47086977619500847,0.203125
gamma,lucb@gamma-poisson,47,90.0,180.0,2.671977099846117,0.0008137002005241811,6.635448611146376,0.0,0.0,0.10582671405698896,0.09329633726416575,0.12379288544983857,19.533088104447344,0.4564809104547249,0.23958333333333334
gamma,lucb@gamma-poisson,47,120.0,240.0,3.5536444999161176,0.0010573002509772778,6.494994768320424,0.0,0.0,0.10582671405698896,0.09329633726416575,0.12379288544983857,19.193612115851334,0.4110331396022683,0.3958333333333333
gamma,lucb@gamma-poisson,48,15.0,30.0,0.4391091999714263,0.00012880004942417145,6.398337701156243,0.44774272325259057,0.45364014459517243,0.3870643250457093,0.3162301279532008,0.36591399856825957,20.71787578832784,0.5097611212216943,0.11458333333333333
gamma,lucb@gamma-poisson,48,30.0,60.0,0.8530345999752171,0.0002561998553574085,6.258674948296572,0.1604569555364882,0.1388723609736554,0.17326959220292149,0.14156061865494352,0.11966202698551043,16.333174473427206,0.4882489785866435,0.19270833333333334
gamma,lucb@gamma-poisson,48,60.0,120.0,1.7064371000160463,0.0005065997247584164,6.199240720948211,0.0,0.0,0.0,0.0,0.0,12.355487361433394,0.48554253568235867,0.203125
gamma,lucb@gamma-poisson,48,90.0,180.0,2.627927800058387,0.0007709997007623315,6.201445510414177,0.0,0.0,0.0,0.0,0.007099902835698169,12.35842037823673,0.4855438759461517,0.203125
gamma,lucb@gamma-poisson,48,120.0,240.0,3.435893100046087,0.0010084995301440358,6.190933536037423,0.0,0.0,0.0,0.0,0.0,12.331135392967724,0.48552790526783596,0.203125
gamma,lucb@gamma-poisson,49,15.0,30.0,0.43748880026396364,0.00013049988774582744,6.169978566010852,0.1604569555364882,0.18266053921202208,0.22424853108601484,0.2624388189004925,0.2853156864764651,17.245750039280075,0.431860198652457,0.11458333333333333
gamma,lucb@gamma-poisson,49,30.0,60.0,0.8291759001440369,0.00025309977354481816,6.0602392076113984,0.0,0.0,0.007262781841736787,0.07204030226700253,0.11001486102732372,12.674583809205947,0.4136483436560455,0.19270833333333334
gamma,lucb@gamma-poisson,49,60.0,120.0,1.671318499778863,0.0005097996909171343,5.918342090650685,0.0,0.08547739429692247,0.0,0.0,0.0,8.255572057656956,0.3689710634051849,0.3125
gamma,lucb@gamma-poisson,49,90.0,180.0,2.5925487000495195,0.0007759997970424592,5.871611729357135,0.0,0.0,0.0,0.0,0.0,7.553952943376372,0.34493684078101994,0.4010416666666667
gamma,lucb@gamma-poisson,49,120.0,240.0,3.4140035997261293,0.0010181998368352652,5.859701654740519,0.0,0.0,0.0,0.0,0.0,7.511630247517878,0.3448965366608744,0.4010416666666667
gamma,dad,0,15.0,30.0,0.005311200045980513,0.006236300163436681,6.098536794353444,0.7456833747764254,0.6298432996409769,0.6702736642433222,0.6960939448993748,0.5988747008613622,22.749779546546627,0.44323629107493645,0.15625
gamma,dad,0,30.0,60.0,0.00934040010906756,0.010425900225527585,5.897516105350374,0.0,0.10454931088924224,0.16175986909055384,0.14964233906113267,0.14016350072255557,16.515979834059817,0.39747395550280884,0.3125
gamma,dad,0,60.0,120.0,0.019886100315488875,0.02247990050818771,5.599202140029789,0.05890372115342679,0.0,0.0,0.004524531505748719,0.0,5.737196822926965,0.29071746093189316,0.625
gamma,dad,0,90.0,180.0,0.030434700311161578,0.036101300502195954,5.464285542481494,0.05890372115342679,0.0,0.0,0.004524531505748719,0.0,4.942820478628197,0.23091004494220016,0.9375
gamma,dad,0,120.0,240.0,0.041237200377509,0.04918490053387359,5.398084554512297,0.05890372115342679,0.0,0.0,0.0,0.0,4.126881920498843,0.22276478491556187,1.0
gamma,dad,1,15.0,30.0,0.005559800018090755,0.006357999984174967,6.01600058312775,0.9347333076207546,0.6541398008031399,0.7344440590085584,0.7679990010724181,0.7386161171583465,17.295458374956382,0.4438891205888345,0.15625
gamma,dad,1,30.0,60.0,0.010914700105786324,0.012075000035110861,5.849803024090456,0.0,0.1867731469927626,0.2442085465101015,0.24141453044959904,0.2108789610229045,12.792535645901934,0.3745387457520878,0.3125
gamma,dad,1,60.0,120.0,0.021409100212622434,0.023885599919594824,5.577944957155616,0.0,0.0,0.0,0.04808461760398908,0.004362093376853782,8.11219306480183,0.2992922847836558,0.625
gamma,dad,1,90.0,180.0,0.03213930025231093,0.03672160004498437,5.419833506812355,0.0,0.0,0.0,0.04808461760398908,0.004362093376853782,5.588362231030307,0.2201241106181848,0.9375
gamma,dad,1,120.0,240.0,0.04371460055699572,0.04946759989252314,5.349162811810509,0.0,0.0,0.0,0.0,0.0,4.40709957316545,0.21041867798239872,1.0
gamma,dad,2,15.0,30.0,0.0047728000790812075,0.00555999978678301,6.21967549759889,0.7165047011222713,0.6893153400132568,0.6914186056748974,0.5964590633550392,0.581138064308674,22.453463071383577,0.4586732203391817,0.15625
gamma,dad,2,30.0,60.0,0.009091900137718767,0.009771999903023243,6.105190483999053,0.5076622768479593,0.397814545243933,0.34882437811019085,0.3629866744428538,0.3314865999660429,20.508849761920914,0.43028151957880456,0.3125
gamma,dad,2,60.0,120.0,0.0167209004284814,0.01758099952712655,5.80867976674734,0.0,0.12034319876955546,0.025358087745408597,0.02059263704324943,0.012133782626939982,10.481034892290246,0.31707162629261865,0.625
gamma,dad,2,90.0,180.0,0.02455390040995553,0.026857799501158297,5.556869627230481,0.0,0.12034319876955546,0.025358087745408597,0.02059263704324943,0.012133782626939982,6.56382685358958,0.22801124024237462,0.9375
gamma,dad,2,120.0,240.0,0.03231320047052577,0.03549069951986894,5.459790532199839,0.0,0.0,0.0,0.0,0.012133782626939982,4.932387076444159,0.21801020158181966,1.0
gamma,dad,3,15.0,30.0,0.005356999987270683,0.005997300031594932,6.085479222631771,0.8200156791766854,0.8546349576889408,0.8546175447521799,0.8421929448222008,0.8573487488608822,24.97522704131745,0.4361583276911545,0.15625
gamma,dad,3,30.0,60.0,0.009406099852640182,0.010459699959028512,5.891858077855513,0.3648302387128344,0.20233440326816465,0.1811850066318219,0.23446336141041835,0.3158025605959429,20.48114947404008,0.3809836815089003,0.3125
gamma,dad,3,60.0,120.0,0.019480700080748647,0.021917000005487353,5.639137599235629,0.0,0.0,0.0644366787190187,0.09851569034751184,0.055662008513103545,7.161069680496973,0.2837262235955244,0.625
gamma,dad,3,90.0,180.0,0.028937600320205092,0.03274400002555922,5.493961658552952,0.0,0.0,0.0644366787190187,0.09851569034751184,0.055662008513103545,5.75511894618482,0.23230053295489567,0.9375
gamma,dad,3,120.0,240.0,0.036669600231107324,0.041548100009094924,5.4025070822899375,0.0,0.0,0.0,0.049257845173755865,0.014752457354375581,4.463826275056419,0.21863962522083363,1.0
gamma,dad,4,15.0,30.0,0.0030029001645743847,0.0032381999189965427,6.1034635626368585,0.8336125289011037,0.8608665423373905,0.7376664503569111,0.7409558533444895,0.5423504157012403,24.004558377553813,0.41716529072724745,0.15625
gamma,dad,4,30.0,60.0,0.008166400075424463,0.008859299879986793,5.921393301696352,0.05890372115342679,0.02945186057671345,0.1864232872902568,0.2313363362712414,0.21457617151020447,17.67539389640639,0.3780390488694725,0.3125
gamma,dad,4,60.0,120.0,0.01828780013602227,0.020006599952466786,5.605832747607717,0.0,0.02945186057671345,0.05700380087141932,0.0,0.019285054442475857,6.666563447012279,0.2731298732015621,0.625
gamma,dad,4,90.0,180.0,0.028923200035933405,0.032745199860073626,5.452283077908123,0.0,0.02945186057671345,0.05700380087141932,0.0,0.019285054442475857,5.787906270227017,0.2217485396507493,0.9375
gamma,dad,4,120.0,240.0,0.03924200002802536,0.04503149993252009,5.330834863296292,0.0,0.0,0.0,0.0,0.019285054442475857,4.075502100074568,0.20677839315442173,1.0
gamma,dad,5,15.0,30.0,0.0057592999073676765,0.006023099820595235,6.4042362736312475,0.5967632777462308,0.5158470931357915,0.5390452677533613,0.5675243072328839,0.54453027868564,24.31175111244838,0.44301517711093963,0.15625
gamma,dad,5,30.0,60.0,0.010889599856454879,0.01164129952667281,6.147276064372996,0.0,0.0,0.0,0.0,0.0,15.13065789713477,0.3951779325310815,0.3125
gamma,dad,5,60.0,120.0,0.02153639984317124,0.02339909947477281,5.834151679367433,0.0,0.0,0.0,0.0,0.004802935415663123,7.132278100186167,0.2857068364278367,0.625
gamma,dad,5,90.0,180.0,0.03178960003424436,0.03559269942343235,5.634998124175495,0.0,0.0,0.0,0.0,0.004802935415663123,5.319112853748344,0.22515178542977415,0.9375
gamma,dad,5,120.0,240.0,0.04176260018721223,0.0473213994409889,5.552630754904605,0.0,0.0,0.0,0.0,0.0,5.022708375286354,0.20326543411231865,1.0
gamma,dad,6,15.0,30.0,0.00565840007038787,0.006396399985533208,6.070974881422146,0.3532330099223374,0.3697116445655122,0.5078266906295745,0.5330942646929102,0.45623908426791104,20.94951876565162,0.4357425121071032,0.15625
gamma,dad,6,30.0,60.0,0.010984600055962801,0.012215700058732182,5.890857680816379,0.0,0.0,0.007150050582440337,0.04887009463733771,0.0697884273827265,14.48999414333766,0.39337421192993594,0.3125
gamma,dad,6,60.0,120.0,0.02151800034334883,0.0240635002264753,5.56988472769141,0.0,0.0,0.007150050582440337,2.220446049250313e-16,2.220446049250313e-16,6.98420218240688,0.28217868769943144,0.625
gamma,dad,6,90.0,180.0,0.03020960051799193,0.03365990018937737,5.440205377078264,0.0,0.0,0.007150050582440337,2.220446049250313e-16,2.220446049250313e-16,5.633024945136392,0.21597859087135263,0.9375
gamma,dad,6,120.0,240.0,0.04035120067419484,0.0452106001903303,5.3636595583037945,0.0,0.0,0.0,0.0,0.0,4.669673532561356,0.20716547735446786,1.0
gamma,dad,7,15.0,30.0,0.003893599903676659,0.004215100081637502,6.018874569149432,0.40194266605064577,0.5627840773397275,0.6453118310598731,0.6961808574845373,0.73629430846358,18.620811989737323,0.4028230753749713,0.15625
gamma,dad,7,30.0,60.0,0.009080700110644102,0.009641400072723627,5.847534722468918,0.0,0.07482096400811356,0.09880173235535517,0.0807520862178358,0.11998738490776228,12.605065230464428,0.34415077489252827,0.3125
gamma,dad,7,60.0,120.0,0.019723300414625555,0.02142500033369288,5.5477604136810585,0.0,0.0,0.0,0.02160994193039778,0.022645892722566452,5.110352680121165,0.245003219592296,0.625
gamma,dad,7,90.0,180.0,0.030101200623903424,0.03354220069013536,5.479496110137501,0.0,0.0,0.0,0.02160994193039778,0.022645892722566452,4.977850128634868,0.22265189243546593,0.9375
gamma,dad,7,120.0,240.0,0.040954600321128964,0.04582880059024319,5.410862758652002,0.0,0.0,0.0,0.0026960472537086444,0.01831367344932655,4.556387230802357,0.20872036619018738,1.0
gamma,dad,8,15.0,30.0,0.005319999880157411,0.005605199665296823,6.2285527268652965,0.5076622768479593,0.6211585613066394,0.5090637826221637,0.40954805372812353,0.4655383287461524,23.00743062114067,0.43325842048964813,0.15625
gamma,dad,8,30.0,60.0,0.01030879985773936,0.01083719969028607,6.023819511407974,0.3648302387128344,0.2884787407250098,0.25885348098815153,0.22155394131493333,0.1964529420386627,19.034243788249004,0.3855734908941104,0.3125
gamma,dad,8,60.0,120.0,0.02028549980605021,0.021165199810639024,5.767150664898838,0.0,0.0,0.004905424765740074,0.03369864667275424,0.03931599433252464,7.786021973783471,0.2922014409358513,0.625
gamma,dad,8,90.0,180.0,0.031260799849405885,0.03424780006753281,5.617245275251871,0.0,0.0,0.004905424765740074,0.03369864667275424,0.03931599433252464,6.425274687281644,0.2326701514218752,0.9375
gamma,dad,8,120.0,240.0,0.04195129993604496,0.0473779002786614,5.540528268363492,0.0,0.0,0.004905424765740074,0.003946474359598495,0.014428936696904149,5.212412051767621,0.22442598529361238,1.0
gamma,dad,9,15.0,30.0,0.005406200070865452,0.005762000160757452,6.194314991854379,0.317696301674257,0.5339881600704302,0.6208986033975825,0.6563599442449246,0.6756341204989484,24.588203339425636,0.4481572733676746,0.15625
gamma,dad,9,30.0,60.0,0.010672300064470619,0.01138650020584464,5.980878050207497,0.0,0.10976765972335867,0.10253185233583784,0.15842942636111512,0.173537910773627,18.120895133200268,0.3966992843189122,0.3125
gamma,dad,9,60.0,120.0,0.02095160010503605,0.023185300175100565,5.7220905111569165,0.0,0.0,0.003440460633779674,0.01814927154293655,0.0,9.587178715016769,0.3089815691919563,0.625
gamma,dad,9,90.0,180.0,0.028067500330507755,0.03165869996882975,5.493886445905602,0.0,0.0,0.003440460633779674,0.01814927154293655,0.0,6.4712727984671226,0.22022486494220372,0.9375
gamma,dad,9,120.0,240.0,0.038484200660604984,0.04489570000441745,5.35449281348352,0.0,0.0,0.0,0.0,0.0,4.603446436061253,0.2023169899066639,1.0
gamma,dad,10,15.0,30.0,0.005494399927556515,0.006510799925308675,6.234390982463185,0.8229288106523276,0.7515584547808127,0.8083837165011201,0.4751488839792145,0.5173055892877556,19.689749865049784,0.4582395055135865,0.15625
gamma,dad,10,30.0,60.0,0.009140199690591544,0.01010299992049113,6.003945732009275,0.0,0.0073704802629662725,0.031894955823164706,0.11098647321032806,0.171570118279593,14.0637935685846,0.4094681284662716,0.3125
gamma,dad,10,60.0,120.0,0.019462699652649462,0.02103509963490069,5.6302526221395555,0.0,0.0073704802629662725,0.0,0.0,0.0,7.25284553546537,0.2963026847354865,0.625
gamma,dad,10,90.0,180.0,0.02986149932257831,0.033714099787175655,5.513000593261652,0.0,0.0073704802629662725,0.0,0.0,0.0,5.299754656323359,0.2410154541120859,0.9375
gamma,dad,10,120.0,240.0,0.04007739917142317,0.04536779981572181,5.411270270018996,0.0,0.0073704802629662725,0.0,0.0,0.0,3.9521891903725916,0.22956586537320267,1.0
gamma,dad,11,15.0,30.0,0.005250300164334476,0.006015300052240491,6.1721164187149915,0.43752361196416767,0.37792977698242114,0.3915155171683814,0.38620192965234745,0.4555487703081478,22.593279026713628,0.45703391761274104,0.15625
gamma,dad,11,30.0,60.0,0.010456300049554557,0.011948799947276711,5.981001121948441,0.39022030107427186,0.1457531955193545,0.2063755874507811,0.19435854554142262,0.19385725206266635,18.546209083108085,0.41098037214695365,0.3125
gamma,dad,11,60.0,120.0,0.019319600251037627,0.021901099768001586,5.700135482495592,0.1155566629196555,0.07817145879263643,0.1425653075913459,0.0,0.017079492834485732,7.803733314765847,0.30008733149488964,0.625
gamma,dad,11,90.0,180.0,0.029334900144021958,0.033498699543997645,5.579040769740609,0.1155566629196555,0.07817145879263643,0.1425653075913459,0.0,0.017079492834485732,7.354568517533153,0.25143800050776743,0.9375
gamma,dad,11,120.0,240.0,0.03916610014857724,0.045215199468657374,5.474059585654153,0.1155566629196555,0.07817145879263643,0.0,0.020191233983764212,0.017079492834485732,5.48758266363639,0.24049877065725936,1.0
gamma,dad,12,15.0,30.0,0.0031550999265164137,0.0032202000729739666,6.124512426537785,0.5847047724992366,0.7042068548879095,0.6845889045007478,0.5776333746555968,0.6337144797205772,20.522958837065087,0.4488611502711141,0.15625
gamma,dad,12,30.0,60.0,0.008477499824948609,0.00865699996938929,5.963172987459089,0.4261385944248135,0.4176086160768756,0.4315496532656484,0.35024407111353073,0.32564680616245456,17.91127599094768,0.4090165070806586,0.3125
gamma,dad,12,60.0,120.0,0.01842029980616644,0.019453099695965648,5.755474580503827,0.0,0.0,0.0,0.02202360151114413,0.01880360214586041,8.491394401057944,0.31904789239701065,0.625
gamma,dad,12,90.0,180.0,0.02830659970641136,0.03097829985199496,5.558106638441502,0.0,0.0,0.0,0.02202360151114413,0.01880360214586041,7.051652624128269,0.24823405419514522,0.9375
gamma,dad,12,120.0,240.0,0.03974729968467727,0.04624660004628822,5.395072158817546,0.0,0.0,0.0,0.0,0.0,4.7981540854475275,0.2226065463941552,1.0
gamma,dad,13,15.0,30.0,0.005291100067552179,0.005742800130974501,6.14493831969223,0.7618477013825312,0.7419064180070745,0.6428383963995974,0.7012440152932937,0.7408231927048472,21.978139028705762,0.4287319810403854,0.15625
gamma,dad,13,30.0,60.0,0.010646999988239259,0.011554800206795335,5.949575934279701,0.0,0.13987883943566837,0.12473547699413745,0.11474371486197388,0.10573413013712929,16.963130901517385,0.37820514016996887,0.3125
gamma,dad,13,60.0,120.0,0.021057000034488738,0.02285980008309707,5.657673541817001,0.1473096846716344,0.0,0.0,0.0,0.02742664798254868,6.97277812273373,0.2833042537517718,0.625
gamma,dad,13,90.0,180.0,0.03183450037613511,0.035772800096310675,5.585852135243445,0.1473096846716344,0.0,0.0,0.0,0.02742664798254868,6.405379857323949,0.24685747478589226,0.9375
gamma,dad,13,120.0,240.0,0.04285950004123151,0.049133700027596205,5.475285172588638,0.0,0.0,0.004801326464143885,0.0038788171043011577,0.0,4.390182099911766,0.23258896573161067,1.0
gamma,dad,14,15.0,30.0,0.005084299948066473,0.005410000099800527,6.097755223057997,0.9506920451075339,0.8928575614190736,0.9086513078490253,0.9098443745357101,0.8950312725403137,25.7014109782738,0.4568448079226274,0.15625
gamma,dad,14,30.0,60.0,0.010468299791682512,0.011583299899939448,5.937839830053882,0.008572176416699384,0.0,0.09153881062500602,0.1645659960841751,0.18878905635795962,19.34459869441024,0.40754649892180994,0.3125
gamma,dad,14,60.0,120.0,0.020982599817216396,0.023549799981992692,5.64621796783517,0.008572176416699384,0.0,0.0,0.0,0.0,6.627632679050114,0.2907941295631128,0.625
gamma,dad,14,90.0,180.0,0.031124799919780344,0.03517879999708384,5.528645958082239,0.008572176416699384,0.0,0.0,0.0,0.0,5.789698156946383,0.23931671100067564,0.9375
gamma,dad,14,120.0,240.0,0.041430999990552664,0.04631510010221973,5.407330339272967,0.008572176416699384,0.0,0.0,0.0,0.0,4.077155407855187,0.22315753224361534,1.0
gamma,dad,15,15.0,30.0,0.005023899953812361,0.0055782998679205775,6.207811656181037,0.6309841643763905,0.17444435310172468,0.3557831837436666,0.2845717657725255,0.3541324628384429,20.93279783800273,0.46018370081811877,0.15625
gamma,dad,15,30.0,60.0,0.010261499788612127,0.011285799846518785,6.022262903589753,0.0,0.0,0.006847574888479646,0.039297270680923035,0.11073525341495594,14.974677862254579,0.4065075050079218,0.3125
gamma,dad,15,60.0,120.0,0.018041799718048424,0.01951180014293641,5.754876762790719,0.0,0.0,0.036099642841438295,0.02887415588069786,0.02405870956187628,7.421732033702074,0.30012088807210174,0.625
gamma,dad,15,90.0,180.0,0.0290730997803621,0.032504400005564094,5.590583764688444,0.0,0.0,0.036099642841438295,0.02887415588069786,0.02405870956187628,6.583391314890247,0.2476446495711297,0.9375
gamma,dad,15,120.0,240.0,0.039945199445355684,0.05421360005857423,5.48146859449341,0.0,0.0,0.036099642841438295,0.02887415588069786,0.02405870956187628,5.09308309094502,0.232301134490022,1.0
gamma,dad,16,15.0,30.0,0.004399599973112345,0.005042399920057505,6.158478749114972,0.0,0.20113765765863234,0.22661901679731655,0.2839037659308289,0.34129686752511557,21.719657830751906,0.4658374201644762,0.15625
gamma,dad,16,30.0,60.0,0.0073528000502847135,0.008086699759587646,5.912095617718388,0.01577368333485396,0.0,0.0,0.06302898309405458,0.07201154122149589,14.37271208107608,0.408787259349726,0.3125
gamma,dad,16,60.0,120.0,0.017593800323083997,0.01939459959976375,5.666397351640058,0.01577368333485396,0.0,0.0,0.0,0.037968426088343166,7.633239071531917,0.3199061722664133,0.625
gamma,dad,16,90.0,180.0,0.03441050066612661,0.03845689963782206,5.575815124561814,0.01577368333485396,0.0,0.0,0.0,0.037968426088343166,6.729246261333606,0.2613045627705017,0.9375
gamma,dad,16,120.0,240.0,0.04726040054811165,0.05209219956304878,5.502320580632914,0.01577368333485396,0.0371672702978304,0.0,0.0,0.01872333957901462,5.641017945604059,0.2466044846865418,1.0
gamma,dad,17,15.0,30.0,0.005012000037822872,0.0056887000682763755,6.130561455987959,0.2710323692361384,0.3672086986869084,0.545502752561158,0.5618167157511653,0.5989405849870995,27.00830169329415,0.4335462561100213,0.15625
gamma,dad,17,30.0,60.0,0.010093900025822222,0.010963400069158524,5.963999548275737,0.0,0.13551618461806914,0.25230741186335626,0.2906970861199386,0.314082611945697,23.43156148254735,0.3859237428867898,0.3125
gamma,dad,17,60.0,120.0,0.021109100081957877,0.02630010014399886,5.666623457848977,0.008572176416699384,0.004286088208349748,0.0,0.021456321982812554,0.001748209592245198,11.46704327942964,0.28593438368724716,0.625
gamma,dad,17,90.0,180.0,0.03536790021462366,0.04108520061708987,5.5197982983110885,0.008572176416699384,0.004286088208349748,0.0,0.021456321982812554,0.001748209592245198,7.415355514600588,0.2200085743097372,0.9375
gamma,dad,17,120.0,240.0,0.04569210018962622,0.05361120053566992,5.445408024230001,0.008572176416699384,0.004286088208349748,0.0,0.01937220710640042,0.0,5.684348124784224,0.20994849242041355,1.0
gamma,dad,18,15.0,30.0,0.0055924999178387225,0.0064094000845216215,6.058479624408155,0.7721696037665281,0.772298697949007,0.41733906211185845,0.5188228809109612,0.5757363492940674,20.069546355290775,0.4401699085484704,0.15625
gamma,dad,18,30.0,60.0,0.010659100022166967,0.011761600035242736,5.835389358765327,0.0,0.133010766041593,0.18210247398588664,0.18076838991649413,0.24214850434968627,14.186111982637854,0.36489362693799665,0.3125
gamma,dad,18,60.0,120.0,0.020928699988871813,0.02299599995603785,5.580987541725297,0.0,0.0,0.0,0.0,0.004208824413250656,7.954059275583772,0.30326992003047853,0.625
gamma,dad,18,90.0,180.0,0.03139369987184182,0.03566449991194531,5.3779361616690595,0.0,0.0,0.0,0.0,0.004208824413250656,6.365319378164881,0.21247166364030684,0.9375
gamma,dad,18,120.0,240.0,0.041350599902216345,0.04697379993740469,5.262527488626391,0.0,0.0,0.0,0.0,0.015572316080596504,4.914365120377088,0.19452408986646338,1.0
gamma,dad,19,15.0,30.0,0.004244200012180954,0.00468029995681718,6.137308932944543,0.8619022661311985,0.821805176993455,0.6431335484553,0.6970569922943158,0.6806626770705908,20.81661361771562,0.42349342557845726,0.15625
gamma,dad,19,30.0,60.0,0.009337299969047308,0.009921299992129207,5.944687979205935,0.4073605041961753,0.3064394715369525,0.25937039069303836,0.21774454607712834,0.21518319552932363,17.23402302046975,0.382654363828956,0.3125
gamma,dad,19,60.0,120.0,0.020172599935904145,0.02306519990088418,5.6432112654870545,0.0,0.15592125136716373,0.047393366121813885,0.008212604983236726,0.006888892830802962,8.053210539693145,0.2811875445816311,0.625
gamma,dad,19,90.0,180.0,0.030547899776138365,0.03481039998587221,5.493809607219738,0.0,0.15592125136716373,0.047393366121813885,0.008212604983236726,0.006888892830802962,6.353236780968552,0.2245750329613106,0.9375
gamma,dad,19,120.0,240.0,0.03925919975154102,0.04458270000759512,5.354373887643177,0.0,0.09054356695196264,0.0,0.008212604983236838,0.006888892830802962,4.443859136930161,0.20325648966541515,1.0
gamma,dad,20,15.0,30.0,0.00613540003541857,0.006814899912569672,6.254245862261733,0.3769613270527191,0.4090419227392449,0.42711088571753075,0.5248657686242472,0.5927127448035436,19.08118224535041,0.4165844766966114,0.15625
gamma,dad,20,30.0,60.0,0.011076400114689022,0.01179039990529418,6.032837016229176,0.0,0.0,0.05938847904235911,0.05068662035013949,0.039635891968426984,13.409486149777598,0.3586580488664081,0.3125
gamma,dad,20,60.0,120.0,0.02190870011691004,0.023476799833588302,5.717454605821334,0.0,0.0,0.05938847904235911,0.0874521054598193,0.07302644660966395,6.011872242202656,0.26434609706786105,0.625
gamma,dad,20,90.0,180.0,0.03216870018513873,0.03590920002898201,5.582566936922749,0.0,0.0,0.05938847904235911,0.0874521054598193,0.07302644660966395,5.655891083158918,0.21513890015896914,0.9375
gamma,dad,20,120.0,240.0,0.039824000210501254,0.04532599990488961,5.494850130179494,0.0,0.0,0.030805315414543677,0.0032210463650814702,0.021766132319074205,4.6273663148134245,0.2038112547190143,1.0
gamma,dad,21,15.0,30.0,0.005967599921859801,0.005769499926827848,6.14497932796674,0.6423786310898258,0.5858264502370816,0.6779982383519936,0.7277150762962635,0.7576938912535958,16.547249078184624,0.46063159704030904,0.15625
gamma,dad,21,30.0,60.0,0.014157799887470901,0.01139479991979897,5.946202143215686,0.414299153339605,0.33995709703245713,0.3098434809931855,0.257484335690092,0.21781878884570138,13.579289941951439,0.39960765089665673,0.3125
gamma,dad,21,60.0,120.0,0.025162499863654375,0.023579399741720408,5.636870841668734,0.0,0.0,0.07481039736000106,0.0067078174721796335,0.0,5.742095163392576,0.2960606402590163,0.625
gamma,dad,21,90.0,180.0,0.03531039983499795,0.03531059972010553,5.507692828156933,0.0,0.0,0.07481039736000106,0.0067078174721796335,0.0,5.206084308852601,0.23534846638850562,0.9375
gamma,dad,21,120.0,240.0,0.04247149988077581,0.042812899802811444,5.418028284134554,0.0,0.0,0.0,0.0,0.0,4.292133764437979,0.22630369781621018,1.0
gamma,dad,22,15.0,30.0,0.0049902000464499,0.005058300099335611,6.19791449183301,0.3067619299056168,0.2923670620282617,0.28953007884316206,0.1392742507802145,0.28190625114305556,22.069733663945,0.4201724732378628,0.15625
gamma,dad,22,30.0,60.0,0.010818500129971653,0.012017299945000559,6.003685645079142,0.0,0.00988403987666231,0.027537653797199857,0.07915249454918549,0.10586749838917064,15.615144878042324,0.36675728797708346,0.3125
gamma,dad,22,60.0,120.0,0.020889100502245128,0.022925699944607913,5.727151189645769,0.0,0.00988403987666231,0.006927503182010963,0.05152238040271906,0.04238661590795911,8.296273812942934,0.27709473247450706,0.625
gamma,dad,22,90.0,180.0,0.03068460081703961,0.03381529985927045,5.553626740221332,0.0,0.00988403987666231,0.006927503182010963,0.05152238040271906,0.04238661590795911,7.311399808553525,0.21643121080509603,0.9375
gamma,dad,22,120.0,240.0,0.03821710107149556,0.04254620004212484,5.417518284960605,0.0,0.00988403987666231,0.006927503182010963,0.0,0.0,4.6161497063954835,0.20285045460329593,1.0
gamma,dad,23,15.0,30.0,0.005198399885557592,0.005711400066502392,6.086527792964152,0.9751008266806265,0.8825575146935348,0.716313074429966,0.7643814639728259,0.7802844835710754,20.758931656270498,0.47570289999385734,0.15625
gamma,dad,23,30.0,60.0,0.009956899681128561,0.010898300213739276,5.901278247395198,0.0,0.08552825436053413,0.11858658150608758,0.1384191648181201,0.18666220617909857,14.555296050502474,0.40711848820956614,0.3125
gamma,dad,23,60.0,120.0,0.020451099786441773,0.023112600028980523,5.633154119312405,0.0,0.0,0.0,0.022168872567189357,2.220446049250313e-16,7.502659420308982,0.32757517599971864,0.625
gamma,dad,23,90.0,180.0,0.030717499612364918,0.034651200112421066,5.381920011377379,0.0,0.0,0.0,0.022168872567189357,2.220446049250313e-16,4.9813210640474574,0.23813155976153752,0.9375
gamma,dad,23,120.0,240.0,0.04120699979830533,0.047237500199116766,5.293721069143831,0.0,0.0,0.0,0.0,0.0,4.331015715627099,0.22127288912299076,1.0
gamma,dad,24,15.0,30.0,0.0052417999249883,0.005881399963982403,6.2716490243276395,0.8282292893600314,0.4141146446800157,0.5891137358402769,0.4999323402524304,0.5324543759468593,27.839133145141748,0.4329984130200944,0.15625
gamma,dad,24,30.0,60.0,0.010420899838209152,0.011445100128185004,6.106797058931686,0.0,0.0,0.0,0.05149335716875092,0.10191865749912599,18.796284064160368,0.38844065253959176,0.3125
gamma,dad,24,60.0,120.0,0.018845599668566138,0.020180900290142745,5.77324372692664,0.0,0.0,0.0,0.0,0.035111292390164306,8.447127288116622,0.2877312381938833,0.625
gamma,dad,24,90.0,180.0,0.027910799719393253,0.030345700564794242,5.631315028622559,0.0,0.0,0.0,0.0,0.035111292390164306,7.707068294176654,0.23480982122163113,0.9375
gamma,dad,24,120.0,240.0,0.03676069981884211,0.04108030063798651,5.53671256678568,0.0,0.0,0.0,0.0,0.0,5.743100323001192,0.2204114505796154,1.0
gamma,dad,25,15.0,30.0,0.005181799933779985,0.006182999815791845,6.171545548597098,0.3587772106617808,0.5281510491841332,0.5913286054617313,0.6619492395878201,0.6995277381067928,24.03685004256814,0.4748756926048774,0.15625
gamma,dad,25,30.0,60.0,0.010674599499907345,0.012393300072290003,6.0066952169292405,0.27893927496401005,0.2565360109278235,0.25702975674018713,0.3217360259766079,0.3392798214112396,20.83490789313719,0.41257069928517426,0.3125
gamma,dad,25,60.0,120.0,0.02096729929326102,0.023946300148963928,5.697557114104934,0.0,0.0,0.0066505582438283195,0.029448991087107745,0.0,10.77971186795677,0.3241117422139531,0.625
gamma,dad,25,90.0,180.0,0.03188399982172996,0.03669790009735152,5.437048368903717,0.0,0.0,0.0066505582438283195,0.029448991087107745,0.0,5.623881022645141,0.22794444188920288,0.9375
gamma,dad,25,120.0,240.0,0.04209489980712533,0.04900010005803779,5.339438868168281,0.0,0.0,0.0,0.024255326198601712,0.0,4.485081814169281,0.21051546669212182,1.0
gamma,dad,26,15.0,30.0,0.005045899888500571,0.005534400115720928,6.152113439814187,0.48469441172621386,0.7134234838303417,0.74187486129549,0.7765226427246872,0.8113791344458011,23.523983537110052,0.4477804187274413,0.15625
gamma,dad,26,30.0,60.0,0.009171799989417195,0.009799300052691251,6.026695737375264,0.34170374732801123,0.38434634816147206,0.3914336094645905,0.3573116540310426,0.3470828924162257,20.77840802921624,0.3988838570017845,0.3125
gamma,dad,26,60.0,120.0,0.019420100084971637,0.021679600002244115,5.7299184614068395,0.0,0.020395371684950314,0.07850977892014244,0.06313323458456566,0.08836819970153309,13.429671368245772,0.31930765800376476,0.625
gamma,dad,26,90.0,180.0,0.027648899995256215,0.03132140019442886,5.5101452682913346,0.0,0.0,0.0,0.0,0.0,6.395256710582186,0.237741855881562,0.9375
gamma,dad,26,120.0,240.0,0.037341499875765294,0.042816400120500475,5.403897200128757,0.0,0.020395371684950314,0.0,0.0,0.0,4.624155576220603,0.22658669772757478,1.0
gamma,dad,27,15.0,30.0,0.00414229987654835,0.004688700195401907,6.1709853455789725,0.4524411584058592,0.178771358553107,0.3343259556206942,0.40921733583067577,0.4903023862999507,20.597231440803405,0.44452363689292496,0.15625
gamma,dad,27,30.0,60.0,0.009021700010634959,0.009810900373850018,5.9602936292318605,0.0,0.0,0.011648201976892869,0.0,0.018361149944005506,11.5667511965543,0.39676303733123175,0.3125
gamma,dad,27,60.0,120.0,0.01946649985620752,0.020770900591742247,5.697835188812328,0.0,0.0,0.011648201976892869,0.0,0.01378824341963325,6.845706849963894,0.29763882335296565,0.625
gamma,dad,27,90.0,180.0,0.027136699995025992,0.029373100376687944,5.517419840118884,0.0,0.0,0.011648201976892869,0.0,0.01378824341963325,5.797885127937365,0.2286561915582,0.9375
gamma,dad,27,120.0,240.0,0.03781260020332411,0.04234160057967529,5.388779645208128,0.0,0.0,0.0,0.0,0.01378824341963325,4.716397382904859,0.2148077579453493,1.0
gamma,dad,28,15.0,30.0,0.004814300104044378,0.005425199982710183,6.441081975796322,0.2710323692361384,0.4458380856598664,0.5062097305374504,0.6069821076592048,0.6606024948254886,25.108488086970482,0.49103942134979817,0.15625
gamma,dad,28,30.0,60.0,0.009921400167513639,0.010854599880985916,6.227454100908936,0.05890372115342679,0.1396285038458729,0.26362383381995846,0.2711988117443008,0.29379058633929,20.984301988199547,0.4163214356010311,0.3125
gamma,dad,28,60.0,120.0,0.018222800048533827,0.01998969999840483,5.919313556674673,0.05890372115342679,0.08637060842889488,0.0,0.0,0.04461600648854758,13.011337506594963,0.32659318011712984,0.625
gamma,dad,28,90.0,180.0,0.027941899781581014,0.030888899811543524,5.613760069090792,0.05890372115342679,0.08637060842889488,0.0,0.0,0.04461600648854758,6.64253931528751,0.22575058572834386,0.9375
gamma,dad,28,120.0,240.0,0.040044699620921165,0.045361599943134934,5.498851209200308,0.05890372115342679,0.0,0.0,0.0,0.0,4.560719102428525,0.20969250757811125,1.0
gamma,dad,29,15.0,30.0,0.003013300069142133,0.0031889999518170953,6.059658503082491,0.0,0.36922591608312527,0.4478018320985059,0.5098624330715806,0.548307350812622,22.04094582898728,0.45688393927731935,0.15625
gamma,dad,29,30.0,60.0,0.006044899928383529,0.006399500009138137,5.844140245609716,0.0,0.09498754549539767,0.0,0.0,0.0,14.2499441761027,0.3975192668490127,0.3125
gamma,dad,29,60.0,120.0,0.01603469980182126,0.017271100252401084,5.49760586984393,0.0,0.09498754549539767,0.0,0.039859710559609685,0.017764750720433375,7.225658765814461,0.2761148250345444,0.625
gamma,dad,29,90.0,180.0,0.026021899713668972,0.029051100194919854,5.369529904028568,0.0,0.09498754549539767,0.0,0.039859710559609685,0.017764750720433375,5.879274583514416,0.22233509567943954,0.9375
gamma,dad,29,120.0,240.0,0.035669799777679145,0.040000200271606445,5.256682850932273,0.0,0.0,0.0,0.0,0.0,4.174562188086826,0.20862585885842605,1.0
gamma,dad,30,15.0,30.0,0.005257799930404872,0.005722100147977471,6.183537522106896,0.9241235670261418,0.7789352198351698,0.824959247526639,0.8174552798918895,0.8341795164867726,20.243943679044648,0.4792591128736577,0.15625
gamma,dad,30,30.0,60.0,0.010827899968717247,0.011572300223633647,5.999356488307346,0.4405805964976658,0.3889604064569734,0.362728182681054,0.45516312659348035,0.46978486107243567,17.17764306855656,0.40404840494821,0.3125
gamma,dad,30,60.0,120.0,0.020188900118228048,0.021411599940620363,5.636891979383667,0.0,0.004325330452383036,0.0771565243439083,0.06352811237685796,0.07091786300586511,7.744480426545255,0.2954695601903209,0.625
gamma,dad,30,90.0,180.0,0.029493400070350617,0.03135329997166991,5.425995369371314,0.0,0.004325330452383036,0.0771565243439083,0.06352811237685796,0.07091786300586511,5.0186820648129125,0.22058659432676875,0.9375
gamma,dad,30,120.0,240.0,0.03993570012971759,0.04310750018339604,5.320584963338649,0.0,0.09531737095923942,0.07023172084931384,0.07866996010080352,0.021336832974132247,4.159467675917761,0.2079426130381114,1.0
gamma,dad,31,15.0,30.0,0.005250200047157705,0.006256499909795821,6.4210583604182645,0.47650885573441526,0.43713555225803824,0.5680183585528018,0.6106019200327619,0.6724142372209678,28.556699902896877,0.5212128543886443,0.15625
gamma,dad,31,30.0,60.0,0.010430799913592637,0.011873199895489961,6.242693541876453,0.0,0.18551479655645886,0.23481977662567077,0.24534411743859108,0.287611391236788,24.227637539778613,0.4539644429954906,0.3125
gamma,dad,31,60.0,120.0,0.02113329980056733,0.02427770005306229,5.936718538775892,0.0,0.1134456108845282,0.20401528685736103,0.20404183434795264,0.16887028819630912,18.783110659406034,0.3560005492341618,0.625
gamma,dad,31,90.0,180.0,0.032566400070209056,0.03845410008216277,5.549808223422358,0.0,0.0,0.07741707019142385,0.018129267505138658,0.06223452515656036,7.280962136801411,0.23312471895571443,0.9375
gamma,dad,31,120.0,240.0,0.04077550012152642,0.048394499986898154,5.43354948989646,0.0,0.0,0.05451861519056844,0.0,0.01500424968322911,5.403045009250513,0.21922688279088254,1.0
gamma,dad,32,15.0,30.0,0.00515129987616092,0.005677799985278398,6.288740677099619,0.633833850350912,0.690702720700689,0.670853890879281,0.7408837318365129,0.7463030327052563,26.56007424500102,0.4666172496625869,0.15625
gamma,dad,32,30.0,60.0,0.010219999821856618,0.011286500026471913,6.098649103569959,0.0,0.0,0.1979604384260384,0.2874728193984658,0.30946549870437445,21.392261233844135,0.41635685040038223,0.3125
gamma,dad,32,60.0,120.0,0.02198609960032627,0.024470399715937674,5.796575084845471,0.050766726068686485,0.0,0.0,0.056675468351075065,0.08182606412231896,15.36554658060602,0.3247519483390427,0.625
gamma,dad,32,90.0,180.0,0.03289479942759499,0.03660599980503321,5.508425744702822,0.050766726068686485,0.0,0.0,0.0,0.0,6.513905012318419,0.22567231130913862,0.9375
gamma,dad,32,120.0,240.0,0.042272399354260415,0.04774709977209568,5.383580760062376,0.050766726068686485,0.0,0.0,0.0,0.03362532390639783,5.176737811730725,0.20884719171182722,1.0
gamma,dad,33,15.0,30.0,0.00546849996317178,0.006473299930803478,5.985242034674774,0.9476058337485949,0.8464357163244349,0.8742219423124826,0.8728963338238147,0.7272606185990318,20.254698660792425,0.445824857415891,0.15625
gamma,dad,33,30.0,60.0,0.010402299812994897,0.011883199971634895,5.845652046074345,0.3005006315838269,0.2586995961458336,0.25020750398323044,0.14974028347441726,0.1444270023136266,15.735138727984916,0.3921665877230331,0.3125
gamma,dad,33,60.0,120.0,0.0211408999748528,0.02414349967148155,5.5457158527720765,0.0,0.037760856656376185,0.06343558916561298,0.07371691369724409,0.014734248781990034,7.430508933676488,0.2979335399823397,0.625
gamma,dad,33,90.0,180.0,0.032855800120159984,0.03810799965867773,5.3130589027923225,0.0,0.037760856656376185,0.06343558916561298,0.07371691369724409,0.014734248781990034,5.492292770298032,0.20679761750698317,0.9375
gamma,dad,33,120.0,240.0,0.041391000151634216,0.04818749945843592,5.243353006585908,0.0,0.037760856656376185,0.06343558916561298,0.0,0.018910305509274083,4.338875173032383,0.19518748732665508,1.0
gamma,dad,34,15.0,30.0,0.005102700088173151,0.005568200023844838,6.221029696759108,0.4028809493458182,0.48762902764581617,0.5922332900849621,0.681477575697979,0.7359332071742145,24.70114871956325,0.4402226200600405,0.15625
gamma,dad,34,30.0,60.0,0.009899299999233335,0.010717500059399754,6.042090387351048,0.23380769721060135,0.12407255374037962,0.1882099359645084,0.27129020030166584,0.33122055116722715,21.12247290399784,0.3867203985084258,0.3125
gamma,dad,34,60.0,120.0,0.019864599860738963,0.021957699907943606,5.730871946384039,0.0,0.0,0.04270706901602983,0.03236801327202743,0.026059264139909,7.996440896594001,0.28324017808499624,0.625
gamma,dad,34,90.0,180.0,0.02984779980033636,0.03363499970873818,5.607242020679681,0.0,0.0,0.04270706901602983,0.03236801327202743,0.026059264139909,6.812238967992731,0.2346721096408417,0.9375
gamma,dad,34,120.0,240.0,0.03999340021982789,0.04557919973740354,5.493421484111913,0.0,0.0,0.0,0.0,0.026059264139909,4.562008968739399,0.21640500803351584,1.0
gamma,dad,35,15.0,30.0,0.0053443999495357275,0.0056883001816459,6.380970844304284,0.4263841608746666,0.6102806603329631,0.5866969666610151,0.5876098337708856,0.6046826394653643,28.281986442158605,0.4555595108424082,0.15625
gamma,dad,35,30.0,60.0,0.012745400017593056,0.014529800158925354,6.213184700082266,0.5521143211916174,0.5010861234883952,0.46825532915118917,0.45092588913780307,0.4046303912009347,26.28149794149648,0.411932008653571,0.3125
gamma,dad,35,60.0,120.0,0.022665500175207853,0.025571199890691787,5.807496047113008,0.04340185519385875,0.0,0.0,0.0,0.0,11.154057068950623,0.29837798176307034,0.625
gamma,dad,35,90.0,180.0,0.03347120020771399,0.03886319976300001,5.625647946560368,0.04340185519385875,0.0,0.0,0.0,0.0,7.258268991633029,0.22761062170407614,0.9375
gamma,dad,35,120.0,240.0,0.04439290036680177,0.05250469961902127,5.582505014413665,0.0,0.0,0.02272114243437784,0.0,0.0,5.95748585009255,0.21569395077717418,1.0
gamma,dad,36,15.0,30.0,0.0051346998661756516,0.0055906998459249735,6.035727142050206,0.40035861219281466,0.3659041234739918,0.41326984762152075,0.5136981804140633,0.5579232690919683,21.15229944317543,0.45012754415260886,0.15625
gamma,dad,36,30.0,60.0,0.010519299772568047,0.011208599898964167,5.833472160596204,0.1604569555364882,0.21764025223425854,0.22371263704804223,0.27024550886999243,0.27617946830477136,17.77222111544633,0.4035919185715219,0.3125
gamma,dad,36,60.0,120.0,0.019608600006904453,0.021480899886228144,5.558843117831681,0.0,0.0,0.0,0.015380663773790992,0.02154101790349594,9.95982658445205,0.3146990077206855,0.625
gamma,dad,36,90.0,180.0,0.02994759997818619,0.033559599542059004,5.324789827364141,0.0,0.0,0.0,0.015380663773790992,0.02154101790349594,4.715995204294523,0.22295254135372894,0.9375
gamma,dad,36,120.0,240.0,0.040240799833554775,0.04554479965008795,5.255758763233501,0.0,0.0,0.0,0.025535780200414582,0.02154101790349583,4.035417827205703,0.20429793261003631,1.0
gamma,dad,37,15.0,30.0,0.0050888999830931425,0.00546529988059774,6.125214172962681,0.4706555642804171,0.6122411894962031,0.6544455367542054,0.7023359416518536,0.6552105572922412,21.732600910688053,0.4535700988215562,0.15625
gamma,dad,37,30.0,60.0,0.010699000325985253,0.012173200084362179,5.951999399532884,0.63407767307944,0.48651495627588115,0.5011710670605037,0.48891055361102465,0.5073419717647228,19.622671150436638,0.3939734771080505,0.3125
gamma,dad,37,60.0,120.0,0.021664600411895663,0.024518600082956254,5.6315443803127225,0.0,0.09730336656950189,0.03515471571314077,0.0,0.004005362471690699,6.640445288655037,0.29780209776306454,0.625
gamma,dad,37,90.0,180.0,0.0307309003546834,0.034991499851457775,5.4804226771613385,0.0,0.09730336656950189,0.03515471571314077,0.0,0.004005362471690699,5.661411747595491,0.2325158280172187,0.9375
gamma,dad,37,120.0,240.0,0.04093720024684444,0.04739769996376708,5.408975807171049,0.0,0.0,0.0,0.0,0.004005362471690699,4.655275917131574,0.21871371983081722,1.0
gamma,dad,38,15.0,30.0,0.005177400074899197,0.006156499905046076,6.202387163135153,0.41090280504297005,0.5577784866727741,0.627618367287586,0.6284369176626173,0.6621349916290133,26.720028155818582,0.446480695199438,0.15625
gamma,dad,38,30.0,60.0,0.01029549987288192,0.011487299983855337,6.021143560469674,0.008572176416699384,0.08811292151987093,0.1957095493609039,0.2583118841910258,0.3091244320898754,22.025028453455846,0.4033284536479156,0.3125
gamma,dad,38,60.0,120.0,0.02064289979171008,0.023197100148536265,5.65632360298916,0.008572176416699384,0.08811292151987093,0.05874194767991392,0.042003431862769225,0.0,6.692995859321249,0.2933008204606893,0.625
gamma,dad,38,90.0,180.0,0.031630000041332096,0.035444400273263454,5.508791861930701,0.008572176416699384,0.08811292151987093,0.05874194767991392,0.042003431862769225,0.0,5.9304843238511,0.24180033607564805,0.9375
gamma,dad,38,120.0,240.0,0.04215370025485754,0.04760760010685772,5.467495620576448,0.16765366662304237,0.08811292151987093,0.05874194767991392,0.042003431862769225,0.0,5.286304579939868,0.22905110052397984,1.0
gamma,dad,39,15.0,30.0,0.00559650018112734,0.006424700084608048,6.335553999825798,0.5747464337128648,0.6644115894149929,0.6428268181125498,0.6905502051857974,0.7280646695384825,24.20870536774916,0.42137654162332144,0.15625
gamma,dad,39,30.0,60.0,0.010321200010366738,0.01159660005941987,6.144976330633145,0.0,0.1715332044544885,0.21240392437149735,0.1923095939369539,0.16515720931812528,19.185422797102635,0.3789687450222573,0.3125
gamma,dad,39,60.0,120.0,0.020614999870304018,0.02229269966483116,5.733851229270222,0.0,0.03567765767237552,0.0,0.017564575254804926,0.015084615242299315,8.58017249681169,0.2843343258895755,0.625
gamma,dad,39,90.0,180.0,0.03102469997247681,0.034341099788434803,5.561846340071731,0.0,0.03567765767237552,0.0,0.017564575254804926,0.015084615242299315,5.837891214284113,0.2113542419148037,0.9375
gamma,dad,39,120.0,240.0,0.04238039976917207,0.047190599725581706,5.471844843446687,0.0,0.0,0.0,0.017564575254804926,0.019094653151359386,4.1823503942839055,0.20306140144099105,1.0
gamma,dad,40,15.0,30.0,0.005306300125084817,0.005696100299246609,6.048429798931866,0.914885704314444,0.8780948180444199,0.7424857178557016,0.7612387120645256,0.7406115614094337,23.28244010968792,0.4528483221525212,0.15625
gamma,dad,40,30.0,60.0,0.008264300180599093,0.008586000185459852,5.945113960604953,0.05890372115342679,0.21953501177078705,0.2623006696067366,0.27932121248160313,0.37694140493076655,19.167452469171277,0.4021615143652908,0.3125
gamma,dad,40,60.0,120.0,0.01877240015892312,0.019842800276819617,5.653065658175212,0.05890372115342679,0.0,0.0,0.05341830152807303,0.07634822132162555,10.402721866168813,0.3010073434106478,0.625
gamma,dad,40,90.0,180.0,0.029381600383203477,0.03208970028208569,5.4634754118003945,0.05890372115342679,0.0,0.0,0.05341830152807303,0.07634822132162555,5.681210917736227,0.22308459813146683,0.9375
gamma,dad,40,120.0,240.0,0.03984710056101903,0.0443023003754206,5.39312902317268,0.05890372115342679,0.0,0.0,0.0,0.03084050996285026,4.876718706173479,0.21453429846619093,1.0
gamma,dad,41,15.0,30.0,0.0044685000902973115,0.005127300100866705,6.238077200941016,0.8477102691619771,0.8477102691619771,0.7218696835838604,0.7244407025129842,0.7411413673573879,22.91916749557242,0.4494826646534146,0.15625
gamma,dad,41,30.0,60.0,0.008511899970471859,0.00911930005531758,6.058687452841256,0.0,0.23825442786720752,0.26592260675204715,0.2690897405247713,0.297612538915601,18.04699929077708,0.4041439523866886,0.3125
gamma,dad,41,60.0,120.0,0.01884669973514974,0.020856400078628212,5.774825334231281,0.0,0.0,0.005938496414233052,0.004855849019995251,0.03295746797003296,8.88773475772335,0.30593548968441064,0.625
gamma,dad,41,90.0,180.0,0.03177329956088215,0.035296399786602706,5.555440359042874,0.0,0.0,0.005938496414233052,0.004855849019995251,0.03295746797003296,6.695039123137067,0.22504110463362192,0.9375
gamma,dad,41,120.0,240.0,0.04213059967150912,0.04727630002889782,5.423372158329559,0.0,0.0,0.005938496414233052,0.004855849019995251,0.03295746797003296,4.199272032330715,0.21568537057315795,1.0
gamma,dad,42,15.0,30.0,0.005267099884804338,0.0061611998826265335,6.175387565866316,0.5747464337128648,0.5193672991240736,0.6738714553834277,0.652012778577791,0.6625992664666884,24.804600373485272,0.452813615842523,0.15625
gamma,dad,42,30.0,60.0,0.010606899973936379,0.012038199929520488,5.980981789008268,0.0,0.0,0.132718315082074,0.19860821903476256,0.231160419449976,18.92402996421548,0.4127728620081599,0.3125
gamma,dad,42,60.0,120.0,0.02078860002802685,0.02395309996791184,5.729307317807991,0.0,0.0,0.0,0.0,0.0,8.369145236060108,0.3072630161494428,0.625
gamma,dad,42,90.0,180.0,0.03127149969805032,0.03612849995261058,5.530578761677028,0.0,0.0,0.0,0.0,0.0,7.315610520302743,0.24200279474978464,0.9375
gamma,dad,42,120.0,240.0,0.03733459982322529,0.04301379976095632,5.411788094369631,0.0,0.0,0.0,0.0,0.003532807340374533,5.338409657890688,0.22352391193175136,1.0
gamma,dad,43,15.0,30.0,0.00517039984697476,0.005898000090382993,6.259862191248023,0.9690593457023328,0.9207090904915473,0.6595104033990233,0.5964283065971279,0.6368278497763387,19.888659104285523,0.4617882622594345,0.15625
gamma,dad,43,30.0,60.0,0.008364899666048586,0.009242300176993012,6.023786219216024,0.0,0.037760856656376185,0.0,0.06282453735304916,0.08548212023569846,12.608408095091331,0.40943947335295866,0.3125
gamma,dad,43,60.0,120.0,0.018016599758993834,0.01913130033062771,5.723986325494562,0.0,0.037760856656376185,0.0,0.0,0.0,6.38394962074194,0.30742658624869457,0.625
gamma,dad,43,90.0,180.0,0.025823299947660416,0.028250700037460774,5.602972659836381,0.0,0.037760856656376185,0.0,0.0,0.0,5.521159329601445,0.25472571228446755,0.9375
gamma,dad,43,120.0,240.0,0.03263800032436848,0.0356293999357149,5.503201665846913,0.0,0.037760856656376185,0.0,0.0,0.0,4.785273251580568,0.24003208942635249,1.0
gamma,dad,44,15.0,30.0,0.0055896000703796744,0.005999700166285038,6.2411727830684525,0.729318237127858,0.8514303055938626,0.590360222819067,0.5236793413372247,0.582514166377889,22.017218269770883,0.4740718597395552,0.15625
gamma,dad,44,30.0,60.0,0.010555099986959249,0.011046500178053975,6.043165854204182,0.0,0.0,0.0,0.0,0.016150402905941497,12.19637757594207,0.4189437794235077,0.3125
gamma,dad,44,60.0,120.0,0.02071780012920499,0.02254320023348555,5.732688468244771,0.0,0.0,0.0,0.0,0.016150402905941497,7.191496980705626,0.3108640386048449,0.625
gamma,dad,44,90.0,180.0,0.02901030011707917,0.03165350016206503,5.522705311385785,0.0,0.0,0.0,0.0,0.016150402905941497,5.128537874956877,0.2424279564114119,0.9375
gamma,dad,44,120.0,240.0,0.037407899915706366,0.04146840039175004,5.448154527862144,0.0,0.0,0.0,0.0,0.0,4.427153479015558,0.22598652433722805,1.0
gamma,dad,45,15.0,30.0,0.005250299931503832,0.006040699838194996,6.079449837686276,0.7509199275836496,0.7695284705882353,0.7989666986262359,0.7467987930468458,0.7378997563274752,19.87162620978347,0.4692593389996648,0.15625
gamma,dad,45,30.0,60.0,0.010288099991157651,0.01127039990387857,5.915050146027468,0.6277668717009117,0.5492219607843137,0.4971180427313121,0.4029753528121466,0.3840937164783207,17.927382297267084,0.4199148660786963,0.3125
gamma,dad,45,60.0,120.0,0.0205126999062486,0.02293110016034916,5.613084381148492,0.0,0.0,0.03745338193177572,0.05150356837414716,0.04448725907513551,7.193496148447673,0.3137247776354661,0.625
gamma,dad,45,90.0,180.0,0.02652619977016002,0.029589000216219574,5.441948898483868,0.0,0.0,0.03745338193177572,0.05150356837414716,0.04448725907513551,5.1682961421188045,0.24504630993536725,0.9375
gamma,dad,45,120.0,240.0,0.03250669944100082,0.036002400040160865,5.366467065378327,0.0,0.0,0.019639839281917038,0.03302497339140886,0.01426326855688842,4.379828552205274,0.22789272956085396,1.0
gamma,dad,46,15.0,30.0,0.005612799839582294,0.006556600332260132,6.305087642428172,0.48909059938809873,0.5671276672410066,0.42676362202201223,0.5278944460016499,0.5294979604485329,19.967945150692668,0.4408286537220839,0.15625
gamma,dad,46,30.0,60.0,0.009816299716476351,0.010963900538627058,6.128654807458041,0.0,0.24454529969404937,0.18402036062462257,0.18738951561406036,0.23001980604892902,15.986157843058775,0.39381127786708753,0.3125
gamma,dad,46,60.0,120.0,0.019511499733198434,0.0215249007451348,5.8166898407160765,0.0,0.0,0.014563516028445744,0.014600232954366077,0.013090855196898343,8.58815542549697,0.3013894509603108,0.625
gamma,dad,46,90.0,180.0,0.02555099973687902,0.027960900508332998,5.543295596309226,0.0,0.0,0.014563516028445744,0.014600232954366077,0.013090855196898343,6.318618554110405,0.21348399296455095,0.9375
gamma,dad,46,120.0,240.0,0.03161999967414886,0.03481260052649304,5.453339383973668,0.0,0.0,0.0,0.0,0.0007915682820271996,5.266175612692824,0.2035554908803063,1.0
gamma,dad,47,15.0,30.0,0.0050884001539088786,0.005562099977396429,6.36204688688066,0.5024536334235363,0.5891651664531568,0.7018760420131938,0.754031759125593,0.784735927772974,27.033119561982257,0.49132001147481535,0.15625
gamma,dad,47,30.0,60.0,0.008101100276689976,0.008733100024983287,6.100218304761568,0.0,0.0,0.06535818018049566,0.0849878450414644,0.07731985694618249,19.09524616501589,0.43335441286833626,0.3125
gamma,dad,47,60.0,120.0,0.014730800117831677,0.015735399967525154,5.820122451553456,0.0,0.0,0.06535818018049566,0.0849878450414644,0.07731985694618249,16.64828844609666,0.34695514294645285,0.625
gamma,dad,47,90.0,180.0,0.02055910025956109,0.022158799809403718,5.495938708643318,0.0,0.0,0.06535818018049566,0.0,0.026490818797627047,6.9190142785823605,0.23749548164180484,0.9375
gamma,dad,47,120.0,240.0,0.028983600612264127,0.03208799986168742,5.382528540303139,0.0,0.0,0.0,0.0,0.0062657885593520035,5.042009651666289,0.21681093844530466,1.0
gamma,dad,48,15.0,30.0,0.0031253997585736215,0.0032404001685790718,6.133571713058777,0.8871532132092491,0.8923235391731524,0.9206112379926652,0.7605352019114726,0.7555813762051827,22.77368264439528,0.46545562455941386,0.15625
gamma,dad,48,30.0,60.0,0.0068545996909961104,0.006929500261321664,6.013148975664138,0.44774272325259057,0.45364014459517243,0.3870643250457093,0.3162301279532008,0.33140082699903417,20.107483504675525,0.4169170697304772,0.3125
gamma,dad,48,60.0,120.0,0.01303859957261011,0.013386200123932213,5.679346769401096,0.0,0.0,0.0,0.008399211204512813,0.04078166549314899,7.526832784335681,0.31667242114466176,0.625
gamma,dad,48,90.0,180.0,0.018922999792266637,0.019731200067326427,5.4779338178049555,0.0,0.0,0.0,0.008399211204512813,0.04078166549314899,5.506647176841784,0.24509033795469498,0.9375
gamma,dad,48,120.0,240.0,0.024881299817934632,0.026472600060515106,5.387535401587833,0.0,0.051645831526890396,0.0,0.008399211204512813,0.007099902835698169,4.773264722630962,0.22745641952358145,1.0
gamma,dad,49,15.0,30.0,0.004777700174599886,0.005429500248283148,5.979297246709456,0.317696301674257,0.5827592083743209,0.5680387435605515,0.62167558953978,0.6219997645777849,19.048826561004024,0.3952785299884017,0.15625
gamma,dad,49,30.0,60.0,0.007800200080964714,0.008343000488821417,5.846968919518425,0.317696301674257,0.17270392374368748,0.13324042207013276,0.17176182575622856,0.18887718317319713,14.742949063468808,0.36474634774788733,0.3125
gamma,dad,49,60.0,120.0,0.013793800142593682,0.014546900463756174,5.6260421397454365,0.0,0.08547739429692247,0.0,0.0,0.0,6.893463276259012,0.2885959601689086,0.625
gamma,dad,49,90.0,180.0,0.01960050006164238,0.02085070067550987,5.451775654599156,0.0,0.08547739429692247,0.0,0.0,0.0,5.105872796056119,0.2232271972921533,0.9375
gamma,dad,49,120.0,240.0,0.025632500124629587,0.027217200549785048,5.369062158136107,0.0,0.0,0.0,0.0,0.0,4.214896807698367,0.20782239460284102,1.0
