setting,agent,episode,spent,rounds,act_seconds,observe_seconds,nlpd,regret_top1,regret_top2,regret_top3,regret_top4,regret_top5,rate_rmse,rate_dex,touched
gamma,eig,0,15.0,30.0,1.4173262999975123,0.0001976999919861555,5.9077548778850675,0.0,0.10454931088924224,0.16175986909055384,0.14964233906113267,0.1638049175273053,16.315862107856248,0.4749067781664643,0.15625
gamma,eig,0,30.0,60.0,1.7689179998706095,0.0003128000535070896,5.731870690189932,0.05890372115342679,0.0,0.0,0.004524531505748719,0.0,8.428868467941827,0.4244889679253442,0.3125
gamma,eig,0,60.0,120.0,2.0814719001064077,0.0005028000450693071,5.559233780103294,0.05890372115342679,0.0,0.0,0.004524531505748719,0.0,5.543297302646924,0.29698125755602195,0.625
gamma,eig,0,90.0,180.0,2.765917500189971,0.0007686001481488347,5.39733276370765,0.05890372115342679,0.0,0.0,0.0,0.0,4.2676024383763504,0.23453415711518671,0.8020833333333334
gamma,eig,0,120.0,240.0,3.6420685001066886,0.0010554003529250622,5.367699049078756,0.05890372115342679,0.0,0.0,0.0,0.0,3.920590127673045,0.22425696029838124,0.8541666666666666
gamma,eig,1,15.0,30.0,1.326906600035727,0.0001499998616054654,5.876811994508681,0.0,0.2669328674819066,0.2271591531806001,0.24640826106759128,0.21524105439975838,13.097573296359936,0.4689372198834327,0.15625
gamma,eig,1,30.0,60.0,1.5758217000984587,0.00026700005400925875,5.730427041156375,0.0,0.0,0.0,0.04808461760398908,0.004362093376853782,9.092190986175284,0.42386816994523874,0.3125
gamma,eig,1,60.0,120.0,1.9443194001796655,0.0004949002177454531,5.520688792606943,0.0,0.0,0.0,0.04808461760398908,0.004362093376853782,7.882447566464881,0.3053598725657393,0.625
gamma,eig,1,90.0,180.0,2.5518084001960233,0.0007327003986574709,5.392319714751039,0.0,0.0,0.0,0.0,0.0,5.122481046848961,0.23625555113796154,0.8020833333333334
gamma,eig,1,120.0,240.0,3.3559670001268387,0.0010033005964942276,5.330213275228391,0.0,0.0,0.0,0.0,0.0,4.953705277906141,0.2249238464189858,0.8802083333333334
gamma,eig,2,15.0,30.0,1.388163100287784,0.0001790003152564168,6.043191350242442,0.5616117983173823,0.343457793565908,0.2639764148540321,0.2143683133225045,0.1814110463751697,18.922297126697654,0.49180069711195024,0.15625
gamma,eig,2,30.0,60.0,1.6356796004110947,0.0002928001922555268,5.915516707807426,0.5616117983173823,0.343457793565908,0.2639764148540321,0.2143683133225045,0.1814110463751697,17.40216691404931,0.43295808763690846,0.3125
gamma,eig,2,60.0,120.0,2.037412300647702,0.000502800103276968,5.724390868253688,0.0,0.12034319876955546,0.025358087745408597,0.02059263704324943,0.012133782626939982,10.143061876140756,0.31985954655098986,0.625
gamma,eig,2,90.0,180.0,2.7005510005401447,0.000749900471419096,5.5300367077501535,0.0,0.0,0.0,0.0,0.012133782626939982,5.760295826486485,0.23522388852610435,0.8020833333333334
gamma,eig,2,120.0,240.0,3.5306645006057806,0.0010835001012310386,5.385644633106828,0.0,0.0,0.0,0.0,0.012133782626939982,4.66278883291341,0.21583850954063155,0.8697916666666666
gamma,eig,3,15.0,30.0,1.392323900014162,0.00016619986854493618,5.958249675665956,0.19689468118130493,0.20233440326816465,0.20442161832603534,0.1562676510622275,0.10362607967865023,16.3478425590374,0.45650018721863084,0.15625
gamma,eig,3,30.0,60.0,1.6575670999009162,0.00027099973522126675,5.830887943374097,0.0,0.0,0.0644366787190187,0.09851569034751184,0.055662008513103545,8.848123411316678,0.3998242513311369,0.3125
gamma,eig,3,60.0,120.0,1.9854280998115428,0.00047999981325119734,5.597651589416486,0.0,0.0,0.0644366787190187,0.09851569034751184,0.055662008513103545,6.891409383320618,0.27288737820615366,0.625
gamma,eig,3,90.0,180.0,2.667341299878899,0.0009575998410582542,5.443177919625341,0.0,0.0,0.0,0.049257845173755865,0.014752457354375581,4.671740303421079,0.23300295935531518,0.8020833333333334
gamma,eig,3,120.0,240.0,3.4704050997970626,0.001238399592693895,5.381326925690648,0.0,0.0,0.0,0.049257845173755865,0.014752457354375581,4.287079877515864,0.22449622736995448,0.8645833333333334
gamma,eig,4,15.0,30.0,1.4403665999416262,0.00014970003394410014,5.95279753470687,0.0,0.02945186057671345,0.0,0.10087212368982745,0.09730639730639745,14.281293719216979,0.4606502280908948,0.15625
gamma,eig,4,30.0,60.0,1.7381527000688948,0.0002498000976629555,5.795566192159636,0.0,0.02945186057671345,0.05700380087141932,0.0,0.019285054442475857,8.513319654005448,0.4134023820691336,0.3125
gamma,eig,4,60.0,120.0,2.084821200114675,0.00045249989489093423,5.602447501642018,0.0,0.02945186057671345,0.05700380087141932,0.0,0.019285054442475857,6.654722878291579,0.2912865121094553,0.625
gamma,eig,4,90.0,180.0,2.672296400181949,0.000694899819791317,5.42864788094976,0.0,0.0,0.0,0.0,0.019285054442475857,4.497814140459359,0.23059807274187805,0.8020833333333334
gamma,eig,4,120.0,240.0,3.548129600356333,0.0009789998293854296,5.334296433477484,0.0,0.0,0.0,0.0,0.019285054442475857,4.058768216240152,0.21591830464407602,0.8697916666666666
gamma,eig,5,15.0,30.0,1.3992865001782775,0.00019670004257932305,6.225780720743664,0.0,0.0,0.0,0.0,0.05614299766632158,18.164658546803523,0.45905796220177275,0.15625
gamma,eig,5,30.0,60.0,1.6874653002014384,0.00031990004936233163,6.079991984324874,0.0,0.0,0.0,0.0,0.004802935415663123,15.210296768577644,0.40241178844667774,0.3125
gamma,eig,5,60.0,120.0,2.1585381000186317,0.0005402002716436982,5.75237918632364,0.0,0.0,0.0,0.0,0.004802935415663123,6.740750342450155,0.2672191815422419,0.625
gamma,eig,5,90.0,180.0,2.917872000252828,0.0007991003221832216,5.5699488795029835,0.0,0.0,0.0,0.0,0.0,5.052218291301821,0.2214934060955387,0.8020833333333334
gamma,eig,5,120.0,240.0,3.8204945002216846,0.0011229004012420774,5.47423497497979,0.0,0.0,0.0,0.0,0.0,4.635297237399731,0.20611700042613912,0.8177083333333334
gamma,eig,6,15.0,30.0,1.417185299913399,0.00015480013098567724,5.912964769990707,0.0,0.0,0.0,0.04323361938760262,0.06496455198815776,14.783852695415387,0.4558021937817789,0.15625
gamma,eig,6,30.0,60.0,1.7328031000797637,0.00028929999098181725,5.770340231718194,0.0,0.0,0.0,0.04323361938760262,0.03700071117881898,11.61138138984622,0.40643973037350234,0.3125
gamma,eig,6,60.0,120.0,2.10320490016602,0.0004889999981969595,5.519959311626678,0.0,0.0,0.007150050582440337,2.220446049250313e-16,2.220446049250313e-16,6.6568495421442195,0.27553696335564926,0.625
gamma,eig,6,90.0,180.0,2.8518137999344617,0.0007683998555876315,5.414011981793704,0.0,0.0,0.0,0.0,0.0,4.858421748885236,0.22945169783807987,0.8020833333333334
gamma,eig,6,120.0,240.0,3.651522299973294,0.0010814001434482634,5.290506550085213,0.0,0.0,0.0,0.0,0.0,4.228303581492827,0.20930781307364815,0.84375
gamma,eig,7,15.0,30.0,1.427219100005459,0.00016540009528398514,5.959468614261145,0.0,0.133010766041593,0.13577110391530278,0.11096768880353569,0.14559405616173537,14.104575674057704,0.45157926473906373,0.15625
gamma,eig,7,30.0,60.0,1.757040700118523,0.00028080010088160634,5.816786701901776,0.0,0.0,0.0601108858807361,0.05693751766465771,0.04825256397653899,10.476272175885757,0.4052811783957541,0.3125
gamma,eig,7,60.0,120.0,2.123369700508192,0.0004997995565645397,5.544591895056873,0.0,0.0,0.0,0.02160994193039778,0.022645892722566452,5.2613366323367075,0.27388885842220306,0.625
gamma,eig,7,90.0,180.0,2.700329800194595,0.0007451996789313853,5.473568140152378,0.0,0.0,0.0,0.0026960472537086444,0.01831367344932655,4.893148095253273,0.22463129312908042,0.8020833333333334
gamma,eig,7,120.0,240.0,3.5748123004450463,0.001082799572031945,5.378744055234185,0.0,0.0,0.0,0.0026960472537086444,0.01831367344932655,4.316081766342169,0.20720475006133188,0.859375
gamma,eig,8,15.0,30.0,1.4591220999718644,0.00015400006668642163,6.088793809514672,0.3648302387128344,0.2884787407250098,0.25885348098815153,0.22155394131493333,0.1964529420386627,18.204419940998093,0.44837313451722394,0.15625
gamma,eig,8,30.0,60.0,1.7549772998318076,0.0002643002080731094,5.972514840433903,0.0,0.0,0.004905424765740074,0.03369864667275424,0.03931599433252464,10.470759980917073,0.40453908379966647,0.3125
gamma,eig,8,60.0,120.0,2.1507702998933382,0.00047720008296892047,5.725176576151152,0.0,0.0,0.004905424765740074,0.03369864667275424,0.03931599433252464,7.519608335170344,0.2898443423405202,0.625
gamma,eig,8,90.0,180.0,2.784680099983234,0.0007318999851122499,5.549635065425082,0.0,0.0,0.004905424765740074,0.003946474359598495,0.014428936696904149,4.84547515621931,0.2351665324122476,0.8020833333333334
gamma,eig,8,120.0,240.0,3.642607400077395,0.001033900014590472,5.476728250671765,0.0,0.0,0.004905424765740074,0.003946474359598495,0.014428936696904149,4.399520768810957,0.2224078585443873,0.8020833333333334
gamma,eig,9,15.0,30.0,1.341238300083205,0.00016820011660456657,6.05113940179402,0.0,0.0,0.0,0.07788291113353163,0.10635859647996249,18.336290556890198,0.48252234398262384,0.15625
gamma,eig,9,30.0,60.0,1.6482504001469351,0.0002872001496143639,5.914688146865827,0.0,0.0,0.0,0.07788291113353163,0.10635859647996249,16.362702308753867,0.4412915057304306,0.3125
gamma,eig,9,60.0,120.0,2.0255309001076967,0.000497200177051127,5.659284223345533,0.0,0.0,0.003440460633779674,0.01814927154293655,0.0,9.324507475288529,0.31726317761381634,0.625
gamma,eig,9,90.0,180.0,2.703687199682463,0.0007533004973083735,5.461100868395275,0.0,0.0,0.0,0.0,0.0,5.560455495824398,0.22927475753395707,0.8020833333333334
gamma,eig,9,120.0,240.0,3.541911199572496,0.0010311005753464997,5.33417539874399,0.0,0.0,0.0,0.0,0.0,4.508585373420782,0.21287878502798693,0.8645833333333334
gamma,eig,10,15.0,30.0,1.3846659999690019,0.00016549986321479082,5.977326217594139,0.0,0.0073704802629662725,0.031894955823164706,0.11098647321032806,0.14079017469085597,13.981289982229379,0.48732830530108096,0.15625
gamma,eig,10,30.0,60.0,1.6789259998477064,0.0002882996341213584,5.786291850126797,0.0,0.0073704802629662725,0.0,0.0,0.0,9.625914156797755,0.42683117540577886,0.3125
gamma,eig,10,60.0,120.0,2.098503999877721,0.0005313992733135819,5.545515376499729,0.0,0.0073704802629662725,0.0,0.0,0.0,7.089766483476794,0.3063392846566988,0.625
gamma,eig,10,90.0,180.0,2.766477399796713,0.000790699094068259,5.4173096212935805,0.0,0.0073704802629662725,0.0,0.0,0.0,4.12601693892962,0.23957084538315682,0.8020833333333334
gamma,eig,10,120.0,240.0,3.5375442996737547,0.0010734988609328866,5.334210363248272,0.0,0.0073704802629662725,0.0,0.0,0.0,3.798191300089261,0.22735722109931317,0.8802083333333334
gamma,eig,11,15.0,30.0,1.4172685000230558,0.0003628000267781317,6.007961025680998,0.1155566629196555,0.20707457390512907,0.08874634827892791,0.0981603727037118,0.13239623697012814,16.946573089871478,0.4979904478773559,0.15625
gamma,eig,11,30.0,60.0,1.6712369999149814,0.0004717003903351724,5.877972597715818,0.1155566629196555,0.07817145879263643,0.1425653075913459,0.0,0.017079492834485732,11.412096240861876,0.44181423097279604,0.3125
gamma,eig,11,60.0,120.0,2.011361300072167,0.0006512004765681922,5.661232250579769,0.1155566629196555,0.07817145879263643,0.1425653075913459,0.0,0.017079492834485732,7.747695387771906,0.31890951607169576,0.625
gamma,eig,11,90.0,180.0,2.65033470018534,0.0009047003113664687,5.511206567211825,0.1155566629196555,0.07817145879263643,0.0,0.020191233983764212,0.017079492834485732,5.717471308305282,0.25323566570535205,0.8020833333333334
gamma,eig,11,120.0,240.0,3.4093175003654324,0.0011844002874568105,5.441438917363054,0.1155566629196555,0.07817145879263643,0.0,0.020191233983764212,0.017079492834485732,5.3843146277873855,0.24080753720498618,0.90625
gamma,eig,12,15.0,30.0,1.2507298001437448,0.0003174000303260982,6.005064569070385,0.16765366662304237,0.23256443755338174,0.2105880886552146,0.2579035266160745,0.20554517899076974,16.01844471036666,0.47441474907042885,0.15625
gamma,eig,12,30.0,60.0,1.5126801002770662,0.0004320999141782522,5.884646074777759,0.0,0.0,0.0,0.02202360151114413,0.01880360214586041,10.385999417822479,0.41600557311659214,0.3125
gamma,eig,12,60.0,120.0,1.9187822006060742,0.0006391996867023408,5.710195549774457,0.0,0.0,0.0,0.02202360151114413,0.01880360214586041,8.302478654802252,0.3241036519478655,0.625
gamma,eig,12,90.0,180.0,2.58623970055487,0.0008997997501865029,5.516657245695509,0.0,0.0,0.0,0.0,0.0,5.4129561010529725,0.2617533842005849,0.8020833333333334
gamma,eig,12,120.0,240.0,3.6060037004644983,0.0012757997028529644,5.359489211695055,0.0,0.0,0.0,0.0,0.0,4.475562581814377,0.2295496978626211,0.8489583333333334
gamma,eig,13,15.0,30.0,1.295429099991452,0.00021480006398633122,5.990047504176611,0.0,0.13987883943566837,0.15121335938887892,0.13346556138558152,0.1364841112764431,16.542255489967985,0.4530232772185198,0.15625
gamma,eig,13,30.0,60.0,1.606000900210347,0.0003402999718673527,5.8648983920838305,0.0,0.13987883943566837,0.11074080653757323,0.1221597758820624,0.10247131169250168,13.635948926921492,0.40319834129402193,0.3125
gamma,eig,13,60.0,120.0,2.05180110008223,0.0005551999201998115,5.61653851231857,0.1473096846716344,0.0,0.0,0.0,0.02742664798254868,7.0539002144345,0.3106740276165485,0.625
gamma,eig,13,90.0,180.0,2.6143371003563516,0.0008072999771684408,5.5150415099739005,0.0,0.0,0.004801326464143885,0.0038788171043011577,0.0,4.7315544353952,0.24465344967692368,0.8020833333333334
gamma,eig,13,120.0,240.0,3.644256400584709,0.0011632000096142292,5.3908605530295075,0.0,0.0,0.004801326464143885,0.0038788171043011577,0.0,3.926298500873863,0.22379620793039975,0.8541666666666666
gamma,eig,14,15.0,30.0,1.3524727000040002,0.00021070020738989115,5.9003506461064,0.008572176416699384,0.0,0.0,0.06304117029627343,0.11623551492371564,16.737804810015565,0.4696057999211879,0.15625
gamma,eig,14,30.0,60.0,1.6273539999965578,0.0003212999436073005,5.7515168069852365,0.008572176416699384,0.0,0.0,0.0,0.0,8.008058490996344,0.406952255343343,0.3125
gamma,eig,14,60.0,120.0,1.9500756997731514,0.0005037999944761395,5.5951870005554865,0.008572176416699384,0.0,0.0,0.0,0.0,6.512573400170535,0.3041305244853541,0.625
gamma,eig,14,90.0,180.0,2.606857100094203,0.0007475998136214912,5.448171356388843,0.008572176416699384,0.0,0.0,0.0,0.0,4.308233902776446,0.24372328947327387,0.8020833333333334
gamma,eig,14,120.0,240.0,3.595909899799153,0.001145499642007053,5.354773518012827,0.008572176416699384,0.0,0.0,0.0,0.0,3.9119524516466404,0.2211899357042538,0.875
gamma,eig,15,15.0,30.0,1.3506254999665543,0.00015579984756186604,5.997591003584475,0.0,0.0,0.036099642841438295,0.02887415588069786,0.01949512381758689,13.961734956107293,0.47784762949279097,0.15625
gamma,eig,15,30.0,60.0,1.6171887998934835,0.0002610997762531042,5.870200090408271,0.0,0.0,0.036099642841438295,0.02887415588069786,0.02405870956187628,10.003256531436529,0.41759472339358433,0.3125
gamma,eig,15,60.0,120.0,1.957434500043746,0.00046879990259185433,5.713284118036497,0.0,0.0,0.036099642841438295,0.02887415588069786,0.02405870956187628,7.36582803464066,0.3167089394707612,0.625
gamma,eig,15,90.0,180.0,2.65685080003459,0.0007182001136243343,5.572027984686149,0.0,0.0,0.036099642841438295,0.02887415588069786,0.02405870956187628,5.6450445113455965,0.25571122499591326,0.8020833333333334
gamma,eig,15,120.0,240.0,3.689818800194189,0.0010700999991968274,5.4415222198717315,0.0,0.0,0.036099642841438295,0.02887415588069786,0.02405870956187628,4.884553358492654,0.23048321432288252,0.875
gamma,eig,16,15.0,30.0,1.3053792000282556,0.00019069976406171918,5.98847466119807,0.01577368333485396,0.0371672702978304,0.17103205117566456,0.24675842902759493,0.2998356771248605,21.816068013093712,0.511276057244884,0.15625
gamma,eig,16,30.0,60.0,1.5460107999970205,0.0002963996957987547,5.845459558483621,0.01577368333485396,0.0371672702978304,0.09215565869859055,0.13666923554123922,0.16689323871790784,18.927578223568307,0.4668495773129466,0.3125
gamma,eig,16,60.0,120.0,1.904769400076475,0.0005224000778980553,5.583262431119597,0.01577368333485396,0.0,0.0,0.0,0.037968426088343166,7.424742302791963,0.3228464975514633,0.625
gamma,eig,16,90.0,180.0,2.57735079980921,0.0007782001048326492,5.4880593225749665,0.01577368333485396,0.0371672702978304,0.0,0.0,0.01872333957901462,5.85809671321971,0.2541216112206761,0.8020833333333334
gamma,eig,16,120.0,240.0,3.529789700114634,0.0011314002331346273,5.347983271540211,0.01577368333485396,0.0371672702978304,0.0,0.0,0.01872333957901462,5.384437300641928,0.23594783887959633,0.8333333333333334
gamma,eig,17,15.0,30.0,1.3887573999818414,0.00017269980162382126,6.008488896835594,0.0,0.24614960956244825,0.34410897225564185,0.37443121630381504,0.3843209712811362,25.5936704515601,0.47532552543688406,0.15625
gamma,eig,17,30.0,60.0,1.6514861999312416,0.0002767998375929892,5.835756602545672,0.008572176416699384,0.004286088208349748,0.0,0.021456321982812554,0.0669200163970004,18.994625368871304,0.4244384015412494,0.3125
gamma,eig,17,60.0,120.0,2.0134347997955047,0.0004926997935399413,5.6027154266793,0.008572176416699384,0.004286088208349748,0.0,0.0,0.001748209592245198,11.172629263443067,0.2830773192261493,0.625
gamma,eig,17,90.0,180.0,2.662493299576454,0.0008699996978975832,5.4386205081828125,0.008572176416699384,0.004286088208349748,0.0,0.01937220710640042,0.03611318752863446,5.666696870849169,0.21718955937381734,0.8020833333333334
gamma,eig,17,120.0,240.0,3.5740644995239563,0.0012325996649451554,5.371585055074895,0.008572176416699384,0.004286088208349748,0.0,0.01937220710640042,0.03611318752863446,5.491662857677508,0.20190085084435128,0.859375
gamma,eig,18,15.0,30.0,1.3556543000158854,0.0001656000385992229,5.924583762592673,0.0,0.10133644118799001,0.14280184191883405,0.1479370145243296,0.1423567252057697,13.875262920226143,0.47110907912424976,0.15625
gamma,eig,18,30.0,60.0,1.685376099892892,0.0002853999030776322,5.776384432169277,0.0,0.0,0.0,0.0,0.004208824413250656,9.498178296108774,0.4460763340333765,0.3125
gamma,eig,18,60.0,120.0,2.0103825998376124,0.00047399982577189803,5.5495190945914885,0.0,0.0,0.0,0.0,0.004208824413250656,7.848146020192024,0.3249141260229948,0.625
gamma,eig,18,90.0,180.0,2.6408164995955303,0.0007183996494859457,5.344895765570693,0.0,0.0,0.0,0.0,0.015572316080596504,5.0539460732764185,0.22354190841347218,0.8020833333333334
gamma,eig,18,120.0,240.0,3.588163599895779,0.0010567998397164047,5.2387631591482675,0.0,0.0,0.0,0.0,0.015572316080596504,4.596718154058384,0.20446937136201918,0.859375
gamma,eig,19,15.0,30.0,1.3685893997899257,0.00016920006601139903,6.003454773764033,0.4073605041961753,0.21589590458498975,0.19373385955992284,0.16472018297136515,0.1707053282018709,17.374488830295963,0.46015894000036417,0.15625
gamma,eig,19,30.0,60.0,1.6140629999572411,0.0002797000342980027,5.841340097009005,0.0,0.15592125136716373,0.047393366121813885,0.03828665242760754,0.03211558889808408,12.80879151091013,0.4251442069890532,0.3125
gamma,eig,19,60.0,120.0,2.008060499734711,0.0004946999833919108,5.610125024656763,0.0,0.15592125136716373,0.047393366121813885,0.03828665242760754,0.006888892830802962,7.884092096425734,0.2832511191674072,0.625
gamma,eig,19,90.0,180.0,2.6816762998350896,0.0007405001670122147,5.459316733516094,0.0,0.09054356695196264,0.0,0.008212604983236838,0.006888892830802962,5.729299879443792,0.23619330267096458,0.8020833333333334
gamma,eig,19,120.0,240.0,3.7415887997485697,0.0011022004182450473,5.354312945039474,0.0,0.09054356695196264,0.0,0.008212604983236838,0.006888892830802962,4.953064844402002,0.22486929375428155,0.8229166666666666
gamma,eig,20,15.0,30.0,1.4021437999908812,0.00017990003107115626,6.154503756827396,0.0,0.0,0.030805315414543677,0.051592473669877625,0.07507784636343262,16.048613571304546,0.4431446075790867,0.15625
gamma,eig,20,30.0,60.0,1.6386831998825073,0.00028419995214790106,6.044157563910346,0.0,0.0,0.07680594405132635,0.06460733337977653,0.03339055464123686,14.096014463027819,0.40377899706389303,0.3125
gamma,eig,20,60.0,120.0,2.097036699648015,0.0004932002048008144,5.706251946891581,0.0,0.0,0.07680594405132635,0.0874521054598193,0.07302644660966395,6.031299671400215,0.2793619776400564,0.625
gamma,eig,20,90.0,180.0,2.754465699545108,0.0007418999448418617,5.5924367324271484,0.0,0.0,0.030805315414543677,0.0032210463650814702,0.021766132319074205,5.022421577933965,0.2280282562953255,0.8020833333333334
gamma,eig,20,120.0,240.0,3.629056299570948,0.001087199489120394,5.475645588728341,0.0,0.0,0.030805315414543677,0.0032210463650814702,0.021766132319074205,4.3466277756332925,0.2152451572131526,0.8072916666666666
gamma,eig,21,15.0,30.0,1.3546012999722734,0.00017859996296465397,5.972110340113972,0.38903807596187656,0.3375541941911613,0.3098434809931855,0.2561469296313029,0.21669325678664053,13.314148269336403,0.4759377714216724,0.15625
gamma,eig,21,30.0,60.0,1.5890741001348943,0.00029060005908831954,5.831766610401687,0.0,0.0,0.07481039736000106,0.07471702355714294,0.06400576564145843,10.318590526273297,0.43921459326208256,0.3125
gamma,eig,21,60.0,120.0,2.076765300007537,0.0005015001515857875,5.5356118886576295,0.0,0.0,0.07481039736000106,0.0067078174721796335,0.0,5.834621792406596,0.31980644157868193,0.625
gamma,eig,21,90.0,180.0,2.6235807997290976,0.0007329004001803696,5.390665330040851,0.0,0.0,0.0,0.0,0.0,4.488902244015484,0.23807861214018575,0.8020833333333334
gamma,eig,21,120.0,240.0,3.5164417994674295,0.0010627001756802201,5.316878192754368,0.0,0.0,0.0,0.0,0.0,4.029592068674219,0.22599132080203638,0.84375
gamma,eig,22,15.0,30.0,1.3900501999887638,0.0001547001302242279,6.138945133774233,0.0,0.00988403987666231,0.1003146655352849,0.1581842589029968,0.11701401491810781,19.154056867358175,0.4630871136063097,0.15625
gamma,eig,22,30.0,60.0,1.6950484999106266,0.00027080008294433355,5.9871990296193145,0.0,0.00988403987666231,0.006927503182010963,0.05152238040271906,0.08872053729949048,15.39083049358299,0.4085480773967765,0.3125
gamma,eig,22,60.0,120.0,2.1673969001858495,0.000479899812489748,5.697031170021031,0.0,0.00988403987666231,0.006927503182010963,0.05152238040271906,0.04238661590795911,8.237454461718311,0.2907190836746255,0.625
gamma,eig,22,90.0,180.0,2.954229900497012,0.000735399778932333,5.494331044553817,0.0,0.00988403987666231,0.006927503182010963,0.0,0.0,5.447064326403733,0.22833863254087344,0.8020833333333334
gamma,eig,22,120.0,240.0,3.8696441006613895,0.0010104000102728605,5.406296318445375,0.0,0.00988403987666231,0.006927503182010963,0.0,0.0,5.197875307144641,0.22009537639466328,0.8125
gamma,eig,23,15.0,30.0,1.374058900109958,0.00013920001219958067,5.94773827127307,0.0,0.0,0.0,0.022168872567189357,0.0369771837346482,12.84475055550863,0.5091469343089893,0.15625
gamma,eig,23,30.0,60.0,1.6079097999026999,0.00025219994131475687,5.816788171732959,0.0,0.0,0.0,0.022168872567189357,2.220446049250313e-16,9.523378549149713,0.4608779697545224,0.3125
gamma,eig,23,60.0,120.0,2.0395463001332246,0.00047910003922879696,5.604901420331436,0.0,0.0,0.0,0.022168872567189357,2.220446049250313e-16,7.477383566872361,0.3519682577019469,0.625
gamma,eig,23,90.0,180.0,2.6837163002346642,0.0007321001030504704,5.443263983580546,0.0,0.0,0.0,0.0,0.0,5.712582838974795,0.2761594782331395,0.8020833333333334
gamma,eig,23,120.0,240.0,3.6086778002791107,0.0010148000437766314,5.319878842687159,0.0,0.0,0.0,0.0,0.0,4.89225794863411,0.24914010865931793,0.875
gamma,eig,24,15.0,30.0,1.324917400314007,0.0002475002547726035,6.133116384888841,0.0,0.0,0.0,0.0,0.06121594219787907,16.138628488481874,0.4664774981557308,0.15625
gamma,eig,24,30.0,60.0,1.612555100233294,0.0003703004913404584,5.9905302267502,0.0,0.0,0.0,0.0,0.035111292390164306,12.94315280688388,0.41651532471735186,0.3125
gamma,eig,24,60.0,120.0,1.8904428000678308,0.0005281004123389721,5.765398708913456,0.0,0.0,0.0,0.0,0.035111292390164306,8.428342210852103,0.30947000707921135,0.625
gamma,eig,24,90.0,180.0,2.5268109999597073,0.0007638005772605538,5.655275442773243,0.0,0.0,0.0,0.0,0.0,7.128613311186368,0.2575674280362825,0.8020833333333334
gamma,eig,24,120.0,240.0,3.4207146998960525,0.0011091004125773907,5.566039938498952,0.0,0.0,0.0,0.0,0.0,6.3392507193491845,0.2467580967572811,0.8333333333333334
gamma,eig,25,15.0,30.0,1.2961450999137014,0.00022509985137730837,6.021856010582989,0.0,0.06073393785544445,0.04329333098566157,0.08653126138961598,0.15340372429666815,18.326360107982072,0.4999191597474144,0.15625
gamma,eig,25,30.0,60.0,1.6397354999789968,0.00034519971814006567,5.845459803290382,0.0,0.0,0.0066505582438283195,0.0,0.02382523814145676,13.83537262222539,0.45191852641385244,0.3125
gamma,eig,25,60.0,120.0,1.995926299947314,0.0005215997225604951,5.62858817364292,0.0,0.0,0.0066505582438283195,0.029448991087107745,0.0,10.343502904702994,0.32237638623948534,0.625
gamma,eig,25,90.0,180.0,2.7492181996349245,0.0007584995473735034,5.414908145948392,0.0,0.0,0.0,0.024255326198601712,0.0,5.174862488015377,0.23069948249597844,0.8020833333333334
gamma,eig,25,120.0,240.0,3.5583758997381665,0.0011243997141718864,5.323718474213046,0.0,0.0,0.0,0.024255326198601712,0.0,4.451363136640668,0.21441903745826602,0.8697916666666666
gamma,eig,26,15.0,30.0,1.355669699900318,0.00023389974376186728,5.969918046857423,0.0,0.1134456108845282,0.14290498690629427,0.164011265795882,0.17820404287070934,17.937295884091903,0.47637859311740083,0.15625
gamma,eig,26,30.0,60.0,1.707396699814126,0.0003492996911518276,5.818218456229299,0.0,0.020395371684950314,0.07850977892014244,0.06313323458456566,0.08836819970153309,14.317790976831914,0.42736423818776054,0.3125
gamma,eig,26,60.0,120.0,2.0522025996469893,0.0005413996404968202,5.6238711749024075,0.0,0.020395371684950314,0.07850977892014244,0.06313323458456566,0.08836819970153309,13.171792096580786,0.3234772726257354,0.625
gamma,eig,26,90.0,180.0,2.6959021994262002,0.0007704999297857285,5.422300000869444,0.0,0.020395371684950314,0.0,0.0,0.0,4.844011655402791,0.24254441119382433,0.8020833333333334
gamma,eig,26,120.0,240.0,3.559687699598726,0.001071999839041382,5.329719903156209,0.0,0.020395371684950314,0.0,0.0,0.0,4.419283663987638,0.2264027909337921,0.859375
gamma,eig,27,15.0,30.0,1.344631799729541,0.00019089982379227877,5.963382952360946,0.0,0.0,0.011648201976892869,0.04626947260717784,0.057564602504751594,12.666118841413011,0.46817904872330823,0.15625
gamma,eig,27,30.0,60.0,1.6902565995696932,0.0003230999573133886,5.866588796557694,0.0,0.0,0.011648201976892869,0.027582357215005904,0.05299169598037923,10.571096941335144,0.41813290045410456,0.3125
gamma,eig,27,60.0,120.0,2.039640999806579,0.0005379999056458473,5.643757126620507,0.0,0.0,0.011648201976892869,0.0,0.01378824341963325,6.659305818641864,0.29832283062930054,0.625
gamma,eig,27,90.0,180.0,2.7235715994029306,0.0007795001147314906,5.479466266924199,0.0,0.0,0.0,0.0,0.01378824341963325,5.244084743104102,0.24054905017391667,0.8020833333333334
gamma,eig,27,120.0,240.0,3.600191399396863,0.001090100093279034,5.339340911640299,0.0,0.0,0.0,0.0,0.01378824341963325,4.322175830081826,0.21875890449147445,0.8697916666666666
gamma,eig,28,15.0,30.0,1.3045737999491394,0.0002486002049408853,6.205412917722519,0.05890372115342679,0.08637060842889488,0.0,0.10185400273398448,0.11725100461887683,19.2912917461222,0.4769716394193185,0.15625
gamma,eig,28,30.0,60.0,1.604522799840197,0.0003630000283010304,6.071145477807215,0.05890372115342679,0.08637060842889488,0.0,0.07840821690025934,0.1307517393204931,18.106386872800158,0.4340222946431757,0.3125
gamma,eig,28,60.0,120.0,1.9483615997596644,0.000564399641007185,5.750378205691376,0.05890372115342679,0.08637060842889488,0.0,0.0,0.04461600648854758,12.530457128074447,0.3020644449560988,0.625
gamma,eig,28,90.0,180.0,2.6378010997432284,0.0008235998102463782,5.502585668036924,0.05890372115342679,0.0,0.0,0.0,0.0,4.737990362458781,0.2336245999789557,0.8020833333333334
gamma,eig,28,120.0,240.0,3.579741999739781,0.0011498996173031628,5.400471490974891,0.05890372115342679,0.0,0.0,0.0,0.0,4.187373305693788,0.21823675651899185,0.8489583333333334
gamma,eig,29,15.0,30.0,1.4061791998101398,0.00018769979942589998,5.850003533910418,0.0,0.09498754549539767,0.0,0.039859710559609685,0.017764750720433375,13.152220633537592,0.4954293859507652,0.15625
gamma,eig,29,30.0,60.0,1.687519599974621,0.00029949971940368414,5.683484583401963,0.0,0.09498754549539767,0.0,0.039859710559609685,0.017764750720433375,10.496563381679733,0.4442341124466629,0.3125
gamma,eig,29,60.0,120.0,2.0119721001246944,0.0004964998224750161,5.460760723149835,0.0,0.09498754549539767,0.0,0.039859710559609685,0.017764750720433375,7.089145914375673,0.29115018316496494,0.625
gamma,eig,29,90.0,180.0,2.5794159999932162,0.0007176996441558003,5.329267350398155,0.0,0.0,0.0,0.0,0.0,4.367859064654436,0.2262929990586676,0.8020833333333334
gamma,eig,29,120.0,240.0,3.4894544000853784,0.0010212998604401946,5.217454549981447,0.0,0.0,0.0,0.0,0.0,3.905613683394534,0.213183825009303,0.90625
gamma,eig,30,15.0,30.0,1.2192069998127408,0.00022510008420795202,5.944474524686768,0.4405805964976658,0.3860221841855783,0.3605632424998345,0.3195018049135131,0.3133393542692975,16.086182455739408,0.46045105929677566,0.15625
gamma,eig,30,30.0,60.0,1.5525877996115014,0.0003437999403104186,5.804617869169804,0.4405805964976658,0.3860221841855783,0.3330833358109302,0.2968757649890472,0.20855496859334355,14.46216232817236,0.4143343740429049,0.3125
gamma,eig,30,60.0,120.0,1.9098126996541396,0.0005269002285785973,5.557424341833084,0.0,0.004325330452383036,0.0771565243439083,0.06352811237685796,0.07091786300586511,7.382718847734309,0.2879081732950922,0.625
gamma,eig,30,90.0,180.0,2.6127540998277254,0.0007694002706557512,5.388512035572994,0.0,0.09531737095923942,0.07023172084931384,0.07866996010080352,0.021336832974132247,4.791729121190243,0.22518062874228623,0.8020833333333334
gamma,eig,30,120.0,240.0,3.5747940999572165,0.0010804002522490919,5.275449727453708,0.0,0.09531737095923942,0.07023172084931384,0.07866996010080352,0.021336832974132247,3.983715987064692,0.20438704354478704,0.8333333333333334
gamma,eig,31,15.0,30.0,1.2984065999626182,0.00017550005577504635,6.16721538808083,0.0,0.1585859675411565,0.16274017515030215,0.1288453814470336,0.15582284817420045,23.6342765017288,0.5179604851829086,0.15625
gamma,eig,31,30.0,60.0,1.5889861999312416,0.0002861000830307603,6.0262503093936415,0.0,0.1134456108845282,0.18563863015115756,0.14697464895217227,0.12164001272297786,21.430956675399443,0.4705566262487414,0.3125
gamma,eig,31,60.0,120.0,1.9712114996509627,0.00046790001215413213,5.7672381706319875,0.0,0.1134456108845282,0.18563863015115756,0.20404183434795276,0.16887028819630923,18.291458435952812,0.3308157084089868,0.625
gamma,eig,31,90.0,180.0,2.7244050997542217,0.0007204000721685588,5.470002437043363,0.12950420974567045,0.0,0.0,0.0,0.01500424968322911,5.964488529609753,0.24168411343536594,0.8020833333333334
gamma,eig,31,120.0,240.0,3.6107179998070933,0.0010162999969907105,5.393011214879742,0.12950420974567045,0.0,0.0,0.0,0.01500424968322911,5.299414703829967,0.2263365944172126,0.8489583333333334
gamma,eig,32,15.0,30.0,1.3761255000135861,0.0001488000270910561,6.1677884661741915,0.050766726068686485,0.0,0.0,0.1330788466832019,0.17815818027775432,19.848624883264133,0.5035096643998102,0.15625
gamma,eig,32,30.0,60.0,1.7137032999307849,0.0002624002518132329,6.018640701721391,0.050766726068686485,0.0,0.0,0.056675468351075065,0.08182606412231896,17.703157563195827,0.455294502338862,0.3125
gamma,eig,32,60.0,120.0,2.152251599705778,0.00047500000800937414,5.722329028482473,0.050766726068686485,0.0,0.0,0.056675468351075065,0.08182606412231896,15.064461861740483,0.3325000911443731,0.625
gamma,eig,32,90.0,180.0,2.912032699852716,0.0007338002324104309,5.501909246359015,0.050766726068686485,0.0,0.0,0.0,0.004353846992315447,5.732793439581491,0.2443036486284318,0.8020833333333334
gamma,eig,32,120.0,240.0,3.8078097997931764,0.001033500418998301,5.352676229152408,0.050766726068686485,0.0,0.0,0.0,0.004353846992315447,4.558916706429779,0.2204980202277758,0.8072916666666666
gamma,eig,33,15.0,30.0,1.327550599933602,0.00016590009909123182,5.8886678309103715,0.0,0.037760856656376185,0.06343558916561298,0.07371691369724409,0.014734248781990034,12.464476972380787,0.49552986453680303,0.15625
gamma,eig,33,30.0,60.0,1.6094698997912928,0.0002914002980105579,5.758851673882241,0.0,0.037760856656376185,0.06343558916561298,0.07371691369724409,0.014734248781990034,8.946974099269129,0.43287110749100055,0.3125
gamma,eig,33,60.0,120.0,1.9674927997984923,0.0004912003059871495,5.5126493338686196,0.0,0.037760856656376185,0.06343558916561298,0.07371691369724409,0.014734248781990034,7.266037247190261,0.31051876486452673,0.625
gamma,eig,33,90.0,180.0,2.547082399541978,0.0007328002247959375,5.318447896001314,0.0,0.037760856656376185,0.06343558916561298,0.0,0.018910305509274083,4.701568613528355,0.22664941525515964,0.8020833333333334
gamma,eig,33,120.0,240.0,3.429275199363474,0.0010222005075775087,5.2263593666615655,0.0,0.037760856656376185,0.06343558916561298,0.0,0.018910305509274083,4.2320289695413384,0.21157059544235754,0.8645833333333334
gamma,eig,34,15.0,30.0,1.2445969001855701,0.00013500009663403034,6.094584162254932,0.23380769721060135,0.12407255374037962,0.24448897166534134,0.3139445106177805,0.3619750286667228,22.28769327449111,0.455516080690939,0.15625
gamma,eig,34,30.0,60.0,1.518922200310044,0.0002505002194084227,5.940440555213804,0.0,0.0,0.04270706901602983,0.03236801327202743,0.026059264139909,12.711903689291256,0.39089815536704886,0.3125
gamma,eig,34,60.0,120.0,1.9332545004435815,0.0004965002299286425,5.682217756373845,0.0,0.0,0.04270706901602983,0.03236801327202743,0.026059264139909,7.858633871462159,0.2900258568296655,0.625
gamma,eig,34,90.0,180.0,2.6734913004911505,0.0007747001945972443,5.503934541669007,0.0,0.0,0.0,0.0,0.026059264139909,5.06275786037802,0.23283639164739245,0.8020833333333334
gamma,eig,34,120.0,240.0,3.485836000472773,0.0010972998570650816,5.455682603060396,0.0,0.0,0.0,0.0,0.026059264139909,4.659395879095689,0.2187596595876162,0.8645833333333334
gamma,eig,35,15.0,30.0,1.1535352000501007,0.0001520000514574349,6.225181468335401,0.3042707341327259,0.4155085203819584,0.38777647620955935,0.37618467660353483,0.37639331883263905,26.314763532426735,0.46441595198467,0.15625
gamma,eig,35,30.0,60.0,1.4928556999657303,0.0002627001376822591,6.044214742766905,0.04340185519385875,0.11536734315209773,0.105378859106953,0.0883712969782916,0.13339884494469445,20.658526294294614,0.4198285099648259,0.3125
gamma,eig,35,60.0,120.0,1.950759299856145,0.0004376999568194151,5.7422252203747846,0.04340185519385875,0.0,0.0,0.0,0.0,10.947400143616509,0.30485570495012165,0.625
gamma,eig,35,90.0,180.0,2.6559544996125624,0.0007285999599844217,5.593157005879788,0.0,0.0,0.02272114243437784,0.0,0.01800976063684412,5.875683136278965,0.236990268585245,0.8020833333333334
gamma,eig,35,120.0,240.0,3.659650199871976,0.001006099977530539,5.552055090996672,0.0,0.0,0.02272114243437784,0.0,0.01800976063684412,5.727502231488307,0.2252818612397132,0.8020833333333334
gamma,eig,36,15.0,30.0,1.1748627001070417,0.0002568998606875539,5.8663779801621,0.1604569555364882,0.3513704548648382,0.37771791995606796,0.388101163330674,0.40421048553385486,20.80292540836992,0.48810760579617335,0.15625
gamma,eig,36,30.0,60.0,1.4566221002023667,0.00038209976628422737,5.735322930036074,0.0,0.0,0.0,0.0914610269765479,0.12536364458181415,15.838391982068176,0.43882546913284587,0.3125
gamma,eig,36,60.0,120.0,1.8417702002916485,0.0006154998554848135,5.465299728200613,0.0,0.0,0.0,0.015380663773790992,0.02154101790349594,9.689545671989498,0.3188961881649522,0.625
gamma,eig,36,90.0,180.0,2.825260600191541,0.0008855999330990016,5.262019488311659,0.0,0.0,0.0,0.025535780200414582,0.02154101790349583,3.97112576249931,0.2227013305350639,0.8020833333333334
gamma,eig,36,120.0,240.0,3.583309500128962,0.001155699894297868,5.194542821738255,0.0,0.0,0.0,0.025535780200414582,0.02154101790349583,3.7738528671582587,0.20496152882525245,0.90625
gamma,eig,37,15.0,30.0,1.2818128999206237,0.0001916001783683896,5.977023162005577,0.4261385944248135,0.379664218783231,0.39733524348795435,0.34778830471513134,0.35989111388282435,19.646743875659425,0.4665235930373741,0.15625
gamma,eig,37,30.0,60.0,1.5949522998998873,0.00032959989039227366,5.80990368052597,0.0,0.09730336656950189,0.07063409716814273,0.07669042863164066,0.07128331689130352,13.535074153788027,0.414028867560723,0.3125
gamma,eig,37,60.0,120.0,2.0208105997298844,0.0005513998912647367,5.58601408668396,0.0,0.09730336656950189,0.03515471571314077,0.0,0.004005362471690699,6.469724220511453,0.30722863753603663,0.625
gamma,eig,37,90.0,180.0,2.881322999484837,0.000893999997060746,5.429167446046656,0.0,0.0,0.0,0.0,0.004005362471690699,4.8263227328203255,0.23593463052342278,0.8020833333333334
gamma,eig,37,120.0,240.0,3.611641399329528,0.001207399822305888,5.325814374896899,0.0,0.0,0.0,0.0,0.004005362471690699,4.305830579901504,0.22123335162460983,0.8645833333333334
gamma,eig,38,15.0,30.0,1.3004192999214865,0.00028210016898810863,5.997342785893707,0.008572176416699384,0.08811292151987093,0.05874194767991392,0.15536556442666571,0.223941587356136,20.955107670726722,0.4871247500859278,0.15625
gamma,eig,38,30.0,60.0,1.6652086998219602,0.000433900102507323,5.844010693797842,0.008572176416699384,0.08811292151987093,0.05874194767991392,0.042003431862769225,0.0,13.86329970653448,0.4357984910483411,0.3125
gamma,eig,38,60.0,120.0,2.089158399903681,0.0006522000185213983,5.611539210139388,0.008572176416699384,0.08811292151987093,0.05874194767991392,0.042003431862769225,0.0,6.518371317981052,0.3030687063503388,0.625
gamma,eig,38,90.0,180.0,3.0288259997032583,0.000934499897994101,5.508347100113915,0.16765366662304237,0.08811292151987093,0.05874194767991392,0.042003431862769225,0.0,5.5830712175703585,0.24859023305408495,0.8020833333333334
gamma,eig,38,120.0,240.0,3.8798506996245123,0.0012568997917696834,5.4670450930997125,0.16765366662304237,0.08811292151987093,0.05874194767991392,0.042003431862769225,0.0,5.444682123509213,0.24184634243020536,0.828125
gamma,eig,39,15.0,30.0,1.3445660999859683,0.00018899980932474136,6.14845193035893,0.0,0.03567765767237552,0.12169565301378593,0.1130144654221319,0.10106787750815038,17.98013508519454,0.4365753057480032,0.15625
gamma,eig,39,30.0,60.0,1.7360675998497754,0.00034689990570768714,5.943853724238526,0.0,0.03567765767237552,0.0,0.017564575254804926,0.015084615242299315,13.152320678578915,0.3885655446103114,0.3125
gamma,eig,39,60.0,120.0,2.4225113998982124,0.0005780997453257442,5.687126090840529,0.0,0.03567765767237552,0.0,0.017564575254804926,0.015084615242299315,8.28331104062593,0.28487468602939064,0.625
gamma,eig,39,90.0,180.0,3.3793257999932393,0.0008465998689644039,5.523708438212076,0.0,0.0,0.0,0.017564575254804926,0.019094653151359386,4.590333040652993,0.22156546028871946,0.8020833333333334
gamma,eig,39,120.0,240.0,4.315018100081943,0.0011618994758464396,5.42500210963165,0.0,0.0,0.0,0.017564575254804926,0.019094653151359386,3.836790402884927,0.20768091207822087,0.8020833333333334
gamma,eig,40,15.0,30.0,1.2375131000881083,0.00017149996710941195,5.9388194754675006,0.05890372115342679,0.28110409421124494,0.26025866607127857,0.26749107619222245,0.2799100810536981,18.830002906276395,0.4770613100146124,0.15625
gamma,eig,40,30.0,60.0,1.55505339987576,0.0003355001099407673,5.786345013705078,0.05890372115342679,0.0,0.0,0.05597180720941253,0.047683074411797755,12.584856120343023,0.416325121460224,0.3125
gamma,eig,40,60.0,120.0,1.8969782998319715,0.0005529000773094594,5.579964470934375,0.05890372115342679,0.0,0.0,0.05341830152807303,0.07634822132162555,10.12620627870381,0.304005152220725,0.625
gamma,eig,40,90.0,180.0,2.6767674000002444,0.0008228003862313926,5.390939946232083,0.05890372115342679,0.0,0.0,0.0,0.03084050996285026,4.864011279930406,0.2264780289677726,0.8020833333333334
gamma,eig,40,120.0,240.0,3.5031306000892073,0.001099900109693408,5.325049559177949,0.05890372115342679,0.0,0.0,0.0,0.03084050996285026,4.650884724093736,0.2112169756361705,0.8385416666666666
gamma,eig,41,15.0,30.0,1.2852269998984411,0.0001642999704927206,6.060606502627519,0.0,0.0,0.005938496414233052,0.04366175711400089,0.07682116184770404,14.845924742660781,0.48525994769780906,0.15625
gamma,eig,41,30.0,60.0,1.6304402996320277,0.000316399906296283,5.933994517935935,0.0,0.0,0.005938496414233052,0.004855849019995251,0.03295746797003296,12.268245486221023,0.43243900492024634,0.3125
gamma,eig,41,60.0,120.0,2.0557980993762612,0.0005823002429679036,5.7140921299330785,0.0,0.0,0.005938496414233052,0.004855849019995251,0.03295746797003296,8.610880544398887,0.30438153514176236,0.625
gamma,eig,41,90.0,180.0,2.794134099385701,0.0008626001654192805,5.518905903762082,0.0,0.0,0.005938496414233052,0.004855849019995251,0.03295746797003296,5.303595266386239,0.24688645956449243,0.8020833333333334
gamma,eig,41,120.0,240.0,3.629237699264195,0.0011396999470889568,5.398629859813037,0.0,0.0,0.005938496414233052,0.004855849019995251,0.03295746797003296,4.318957934339608,0.2243463593082738,0.8645833333333334
gamma,eig,42,15.0,30.0,1.2532244999310933,0.00014100002590566874,5.998589670463692,0.0,0.0,0.0,0.08311887971658705,0.08738599984875606,16.886919556023056,0.496669665928206,0.15625
gamma,eig,42,30.0,60.0,1.5204095998196863,0.0002869001473300159,5.854605521022184,0.0,0.0,0.0,0.07904583519209285,0.07209422500063023,14.983294663435117,0.4436788242859029,0.3125
gamma,eig,42,60.0,120.0,1.9000431994209066,0.0005029001040384173,5.653482675268527,0.0,0.0,0.02449541006682454,0.0,0.0,7.855851064798337,0.3000247125130655,0.625
gamma,eig,42,90.0,180.0,2.9378705993294716,0.0008220000308938324,5.4552501438494,0.0,0.0,0.0,0.0,0.003532807340374533,5.395115432841841,0.24947040173938695,0.8020833333333334
gamma,eig,42,120.0,240.0,3.7251552994712256,0.0011199999134987593,5.36221782856249,0.0,0.0,0.0,0.0,0.003532807340374533,5.0174747072446815,0.23291197215358989,0.890625
gamma,eig,43,15.0,30.0,1.30362010007957,0.00015130022075027227,5.961854456038224,0.0,0.037760856656376185,0.0,0.0,0.0,11.44618164465257,0.46865615093926394,0.15625
gamma,eig,43,30.0,60.0,1.6508342999732122,0.00030470005003735423,5.830712173135935,0.0,0.037760856656376185,0.0,0.0,0.0,9.298309259211651,0.41304205373460473,0.3125
gamma,eig,43,60.0,120.0,2.2519549000426196,0.0005668001831509173,5.626638175926846,0.0,0.037760856656376185,0.0,0.0,0.0,6.153528499754235,0.31625836681594655,0.625
gamma,eig,43,90.0,180.0,3.0224985000677407,0.0008553004008717835,5.50272129811916,0.0,0.037760856656376185,0.0,0.0,0.0,5.155852211246629,0.24946449217703046,0.8020833333333334
gamma,eig,43,120.0,240.0,3.902130199887324,0.0011572004877962172,5.406773962190516,0.0,0.037760856656376185,0.0,0.0,0.0,4.338234801769452,0.23906291526372084,0.859375
gamma,eig,44,15.0,30.0,1.3100417000241578,0.00015249999705702066,6.003091617326663,0.0,0.0,0.0,0.0,0.016150402905941497,11.837329819904756,0.47790869628406246,0.15625
gamma,eig,44,30.0,60.0,1.510243599943351,0.0002609998336993158,5.838665640203575,0.0,0.0,0.0,0.0,0.016150402905941497,8.734539415605633,0.41298729110412213,0.3125
gamma,eig,44,60.0,120.0,2.0379951000213623,0.0005452997284010053,5.6227158660791225,0.0,0.0,0.0,0.0,0.016150402905941497,6.873314681905051,0.2990513664652483,0.625
gamma,eig,44,90.0,180.0,2.871528899704572,0.0008892995538190007,5.477852256541893,0.0,0.0,0.0,0.0,0.0,5.02535818005478,0.26104823556464307,0.8020833333333334
gamma,eig,44,120.0,240.0,3.6612210998428054,0.001176699297502637,5.398564810729766,0.0,0.0,0.0,0.0,0.0,4.608949779590198,0.2433558326928018,0.8645833333333334
gamma,eig,45,15.0,30.0,1.226677599886898,0.00016989960568025708,5.881667955211906,0.0,0.0,0.03745338193177572,0.03302497339140886,0.05907835035272113,12.47428979059828,0.4999085629320649,0.15625
gamma,eig,45,30.0,60.0,1.4895787998684682,0.00028499955078586936,5.757169817967095,0.0,0.0,0.03745338193177572,0.03302497339140886,0.05907835035272113,9.747802850892134,0.438205845585185,0.3125
gamma,eig,45,60.0,120.0,2.011233900266234,0.0005021996330469847,5.546923600031022,0.0,0.0,0.03745338193177572,0.05150356837414716,0.04448725907513551,7.13728488962614,0.33292282331818424,0.625
gamma,eig,45,90.0,180.0,2.7431259005097672,0.0007653998327441514,5.391206158450881,0.0,0.0,0.019639839281917038,0.03302497339140886,0.01426326855688842,4.8587350413636905,0.2542142253775186,0.8020833333333334
gamma,eig,45,120.0,240.0,3.537059600406792,0.0010503996745683253,5.318536741604225,0.0,0.0,0.019639839281917038,0.03302497339140886,0.01426326855688842,4.5002251412264505,0.2370956495329904,0.875
gamma,eig,46,15.0,30.0,1.2946978996624239,0.00015190005069598556,6.136203691730395,0.0,0.0,0.01800115853433093,0.0027881750668454774,0.032917282798715974,14.507932217704205,0.47285042245537606,0.15625
gamma,eig,46,30.0,60.0,1.6394693996408023,0.0002987000625580549,5.9998796716353775,0.0,0.0,0.014563516028445744,0.014600232954366077,0.013090855196898343,11.611069813244674,0.42710451498869634,0.3125
gamma,eig,46,60.0,120.0,2.1136621996411122,0.0005427999421954155,5.744462226683087,0.0,0.0,0.014563516028445744,0.014600232954366077,0.013090855196898343,8.261698781548803,0.30378419130219464,0.625
gamma,eig,46,90.0,180.0,2.926364399609156,0.0008345000678673387,5.532764973226183,0.0,0.0,0.0,0.0,0.0007915682820271996,6.046568029435552,0.226410020536651,0.8020833333333334
gamma,eig,46,120.0,240.0,3.7537010998348705,0.0011430002632550895,5.418629689077228,0.0,0.0,0.0,0.0,0.0007915682820271996,5.175608798865463,0.21143456479495712,0.828125
gamma,eig,47,15.0,30.0,1.005001700075809,0.00016360008157789707,6.052434685450237,0.0,0.0,0.10582671405698896,0.09329633726416575,0.12379288544983857,19.764763516740583,0.48943841855591375,0.15625
gamma,eig,47,30.0,60.0,1.344232099945657,0.0003025000332854688,5.883679537153789,0.0,0.0,0.10582671405698896,0.09329633726416575,0.12379288544983857,18.477198294386987,0.44382579919974097,0.3125
gamma,eig,47,60.0,120.0,1.8178175002103671,0.0005662000039592385,5.667201724045427,0.0,0.0,0.06535818018049566,0.0849878450414644,0.07731985694618249,16.198930812105008,0.33868393024360516,0.625
gamma,eig,47,90.0,180.0,2.5429297998780385,0.0008393996395170689,5.426573799972211,0.0,0.0,0.0,0.0,0.0,5.524960526991993,0.23351764206714684,0.8020833333333334
gamma,eig,47,120.0,240.0,3.3671816996647976,0.0011812995071522892,5.333683839891695,0.0,0.0,0.0,0.0,0.0,4.903387428122933,0.22139336671337514,0.8385416666666666
gamma,eig,48,15.0,30.0,1.0720116001321003,0.0001520998775959015,5.955587913070603,0.1604569555364882,0.24339888354347872,0.286169721402163,0.23379960838460379,0.2313139524115414,18.002328907489346,0.4940900574950382,0.15625
gamma,eig,48,30.0,60.0,1.4365438000531867,0.0002785000251606107,5.7580263910916445,0.0,0.0,0.0,0.008399211204512813,0.04078166549314899,9.366826346849985,0.4435338027745396,0.3125
gamma,eig,48,60.0,120.0,1.7522067998652346,0.0004670001217164099,5.578791124133606,0.0,0.0,0.0,0.008399211204512813,0.04078166549314899,7.193000056094998,0.312467259320433,0.625
gamma,eig,48,90.0,180.0,2.495610199868679,0.0007344995392486453,5.398402186092105,0.0,0.051645831526890396,0.0,0.008399211204512813,0.007099902835698169,5.083543622947549,0.2438587540284417,0.8020833333333334
gamma,eig,48,120.0,240.0,3.2458161999238655,0.0010041994391940534,5.29933235009764,0.0,0.051645831526890396,0.0,0.008399211204512813,0.007099902835698169,4.677862144649304,0.22963582248207723,0.8645833333333334
gamma,eig,49,15.0,30.0,1.0229567000642419,0.0001365001080557704,5.878277606112064,0.0,0.0,0.007262781841736787,0.07204030226700253,0.10388829215896878,13.425219481936164,0.44184074348294367,0.15625
gamma,eig,49,30.0,60.0,1.2358382000820711,0.0002318000770173967,5.768049996826189,0.0,0.0,0.007262781841736787,0.040820202236444114,0.06139723084619553,11.37267380476963,0.39298379016905727,0.3125
gamma,eig,49,60.0,120.0,1.5962054003030062,0.00048170011723414063,5.583989584097863,0.0,0.08547739429692247,0.0,0.0,0.0,6.640205474256666,0.28900509512356914,0.625
gamma,eig,49,90.0,180.0,2.2826865005190484,0.0007373998523689806,5.411653972627459,0.0,0.0,0.0,0.0,0.0,4.421422274801511,0.22827209810638505,0.8020833333333334
gamma,eig,49,120.0,240.0,2.9521154004032724,0.0009820000850595534,5.328299783159262,0.0,0.0,0.0,0.0,0.0,3.9214010055388897,0.2126915003801671,0.8125
gamma,eig@gammamix-poisson,0,15.0,30.0,0.5631946999928914,0.010179300210438669,5.912351125133419,0.0,0.10454931088924224,0.16175986909055384,0.14964233906113267,0.1638049175273053,16.3667358472183,0.4761149214603957,0.15625
gamma,eig@gammamix-poisson,0,30.0,60.0,0.969003799953498,0.020515600161161274,5.7395150059611675,0.05890372115342679,0.0,0.0,0.004524531505748719,0.0,8.49295092482379,0.425766798576768,0.3125
gamma,eig@gammamix-poisson,0,60.0,120.0,1.3275889996439219,0.03855060017667711,5.565263623572682,0.05890372115342679,0.0,0.0,0.004524531505748719,0.0,5.641519608084714,0.2984646899366807,0.625
gamma,eig@gammamix-poisson,0,90.0,180.0,2.037795599142555,0.0580303001916036,5.420562244150314,0.05890372115342679,0.0,0.0,0.0,0.0,4.545538483365129,0.23713854434660908,0.8020833333333334
gamma,eig@gammamix-poisson,0,120.0,240.0,2.870817199232988,0.08304470026632771,5.365156234389853,0.05890372115342679,0.0,0.0,0.0,0.0,4.080028918850357,0.21720550055257998,0.9375
gamma,eig@gammamix-poisson,1,15.0,30.0,0.5008917999221012,0.009703499963507056,5.876089202540111,0.0,0.2669328674819066,0.2271591531806001,0.24640826106759128,0.21524105439975838,13.13515863785599,0.4702215580717376,0.15625
gamma,eig@gammamix-poisson,1,30.0,60.0,0.7713404998066835,0.018299999937880784,5.728614774735715,0.0,0.0,0.0,0.04808461760398908,0.004362093376853782,9.106922790333149,0.42538959056035763,0.3125
gamma,eig@gammamix-poisson,1,60.0,120.0,1.2223749998956919,0.03719819994876161,5.516789187897682,0.0,0.0,0.0,0.04808461760398908,0.004362093376853782,7.946953671405029,0.3073415435240831,0.625
gamma,eig@gammamix-poisson,1,90.0,180.0,1.8616925000096671,0.05588350020116195,5.3778333359432295,0.0,0.0,0.0,0.0,0.0,5.40569055107115,0.2377875066858056,0.8020833333333334
gamma,eig@gammamix-poisson,1,120.0,240.0,2.48765869991621,0.08449980022851378,5.3282549872286875,0.0,0.0,0.0,0.0,0.0,4.415474372470885,0.20742023426471692,0.9947916666666666
gamma,eig@gammamix-poisson,2,15.0,30.0,0.5899677000707015,0.0101637999759987,6.066985981950288,0.5616117983173823,0.343457793565908,0.2639764148540321,0.2143683133225045,0.1814110463751697,18.97701817343921,0.4929400804089925,0.15625
gamma,eig@gammamix-poisson,2,30.0,60.0,0.8313805998186581,0.01937019993783906,5.935581051101416,0.5616117983173823,0.343457793565908,0.2639764148540321,0.2143683133225045,0.1814110463751697,17.475719077921273,0.43438960755923917,0.3125
gamma,eig@gammamix-poisson,2,60.0,120.0,1.294086500420235,0.03815710014896467,5.7431906313215295,0.0,0.12034319876955546,0.025358087745408597,0.02059263704324943,0.012133782626939982,10.263114063414683,0.3219158098643503,0.625
gamma,eig@gammamix-poisson,2,90.0,180.0,1.9334289001999423,0.0575391004094854,5.5335891270594,0.0,0.12034319876955546,0.025358087745408597,0.02059263704324943,0.012133782626939982,5.995364087581218,0.23452741785312248,0.8020833333333334
gamma,eig@gammamix-poisson,2,120.0,240.0,2.713311000086833,0.0773222004645504,5.415978181490739,0.0,0.0,0.0,0.0,0.012133782626939982,4.866840423068624,0.21205662011079535,0.9635416666666666
gamma,eig@gammamix-poisson,3,15.0,30.0,0.5755076000932604,0.010457599768415093,5.952061032777903,0.19689468118130493,0.20233440326816465,0.20442161832603534,0.1562676510622275,0.10362607967865023,16.289489563190354,0.45767153032502256,0.15625
gamma,eig@gammamix-poisson,3,30.0,60.0,0.8737961002625525,0.019268999865744263,5.821842077306774,0.0,0.0,0.0644366787190187,0.09851569034751184,0.055662008513103545,8.737347285749587,0.40070040619296815,0.3125
gamma,eig@gammamix-poisson,3,60.0,120.0,1.233784900046885,0.03736010001739487,5.586297655248976,0.0,0.0,0.0644366787190187,0.09851569034751184,0.055662008513103545,6.769575505027858,0.27389762246761756,0.625
gamma,eig@gammamix-poisson,3,90.0,180.0,1.9240907002822496,0.05745049985125661,5.442726261783168,0.0,0.0,0.0644366787190187,0.09851569034751184,0.055662008513103545,5.508859943644649,0.2343947180649423,0.8020833333333334
gamma,eig@gammamix-poisson,3,120.0,240.0,2.7816236003418453,0.07748170010745525,5.370857155059685,0.0,0.0,0.0,0.049257845173755865,0.014752457354375581,4.401079170001058,0.22043987316882757,0.9427083333333334
gamma,eig@gammamix-poisson,4,15.0,30.0,0.5571623000432737,0.01026050018845126,5.962332239332457,0.0,0.02945186057671345,0.0,0.10087212368982745,0.09730639730639745,14.28988394228346,0.46130259303239096,0.15625
gamma,eig@gammamix-poisson,4,30.0,60.0,0.8749699001200497,0.019828500284347683,5.806878133683085,0.0,0.02945186057671345,0.05700380087141932,0.0,0.019285054442475857,8.560640176929246,0.4142096972634213,0.3125
gamma,eig@gammamix-poisson,4,60.0,120.0,1.2890068001579493,0.03787360020214692,5.613753233178976,0.0,0.02945186057671345,0.05700380087141932,0.0,0.019285054442475857,6.757938868302272,0.29295690280702463,0.625
gamma,eig@gammamix-poisson,4,90.0,180.0,1.9271911000832915,0.05691149993799627,5.434725929729013,0.0,0.02945186057671345,0.05700380087141932,0.0,0.019285054442475857,5.2001882420875996,0.23126738276699482,0.8020833333333334
gamma,eig@gammamix-poisson,4,120.0,240.0,2.6730839999509044,0.0772539998870343,5.363707595111244,0.0,0.0,0.0,0.0,0.019285054442475857,4.114765982441198,0.21700331508069853,0.96875
gamma,eig@gammamix-poisson,5,15.0,30.0,0.5502244000672363,0.01073699991684407,6.215078027823533,0.0,0.0,0.0,0.0,0.05614299766632158,18.14714994073522,0.46026482178661693,0.15625
gamma,eig@gammamix-poisson,5,30.0,60.0,0.8465934000560082,0.02027439995435998,6.072890269656869,0.0,0.0,0.0,0.0,0.004802935415663123,15.199859480129264,0.40383082528904923,0.3125
gamma,eig@gammamix-poisson,5,60.0,120.0,1.3685073000378907,0.03939029964385554,5.756575956560256,0.0,0.0,0.0,0.0,0.004802935415663123,6.702747620914761,0.2690022738869067,0.625
gamma,eig@gammamix-poisson,5,90.0,180.0,2.0916638000053354,0.059423299389891326,5.601826248621052,0.0,0.0,0.0,0.0,0.004802935415663123,5.232572448428858,0.22498461845520426,0.8020833333333334
gamma,eig@gammamix-poisson,5,120.0,240.0,3.0261625999119133,0.08146929962094873,5.526311634668609,0.0,0.0,0.0,0.0,0.0,4.8599056182314415,0.20992398096354767,0.8958333333333334
gamma,eig@gammamix-poisson,6,15.0,30.0,0.5710173999541439,0.009645800106227398,5.91615161079753,0.0,0.0,0.0,0.04323361938760262,0.06496455198815776,14.77829000978498,0.45727005643558993,0.15625
gamma,eig@gammamix-poisson,6,30.0,60.0,0.9158420000458136,0.019191199797205627,5.777558692920297,0.0,0.0,0.0,0.04323361938760262,0.03700071117881898,11.610946635925297,0.40813091466794754,0.3125
gamma,eig@gammamix-poisson,6,60.0,120.0,1.3141063999501057,0.03904479992343113,5.522671552691741,0.0,0.0,0.0,0.0,0.0,6.583855004332098,0.2776350627860103,0.625
gamma,eig@gammamix-poisson,6,90.0,180.0,2.0062556001357734,0.0587258001905866,5.423754871181759,0.0,0.0,0.0,0.0,0.0,5.150211852505549,0.23106512075414706,0.8020833333333334
gamma,eig@gammamix-poisson,6,120.0,240.0,2.7480701000313275,0.08038780017523095,5.327561985969119,0.0,0.0,0.0,0.0,0.0,4.374290057129189,0.20209938970640992,0.9427083333333334
gamma,eig@gammamix-poisson,7,15.0,30.0,0.5065465999068692,0.00941109994892031,5.98371727250989,0.0,0.133010766041593,0.13577110391530278,0.11096768880353569,0.14559405616173537,14.151133356644543,0.45249844010132895,0.15625
gamma,eig@gammamix-poisson,7,30.0,60.0,0.8946025998448022,0.018938399851322174,5.8446683232298895,0.0,0.0,0.0601108858807361,0.05693751766465771,0.04825256397653899,10.563730720959498,0.40632492522016983,0.3125
gamma,eig@gammamix-poisson,7,60.0,120.0,1.2975024000625126,0.03657039988320321,5.569422514654369,0.0,0.0,0.0,0.02160994193039778,0.022645892722566452,5.4612850710633385,0.27520670415640247,0.625
gamma,eig@gammamix-poisson,7,90.0,180.0,1.948649099911563,0.056902999815065414,5.484933355138657,0.0,0.0,0.0,0.0026960472537086444,0.01831367344932655,4.9169974051344125,0.2253879136597702,0.8020833333333334
gamma,eig@gammamix-poisson,7,120.0,240.0,2.7040044001769274,0.07947259984211996,5.411882178359036,0.0,0.0,0.03696937155994762,0.051825544516097555,0.01831367344932655,4.458057755175569,0.2134546729956845,0.9322916666666666
gamma,eig@gammamix-poisson,8,15.0,30.0,0.5767732998356223,0.010323200083803385,6.1015473904699284,0.3648302387128344,0.2884787407250098,0.25885348098815153,0.22155394131493333,0.1964529420386627,18.250556411715046,0.44934816049754306,0.15625
gamma,eig@gammamix-poisson,8,30.0,60.0,0.9764543999917805,0.020380100002512336,5.980824541777966,0.0,0.0,0.004905424765740074,0.03369864667275424,0.03931599433252464,10.533389894499273,0.40622482162865214,0.3125
gamma,eig@gammamix-poisson,8,60.0,120.0,1.428861600055825,0.03850690013496205,5.726542353727233,0.0,0.0,0.004905424765740074,0.03369864667275424,0.03931599433252464,7.5901118934711125,0.29164697307249837,0.625
gamma,eig@gammamix-poisson,8,90.0,180.0,2.1284443997428752,0.06075309996958822,5.611609520601334,0.0,0.0,0.004905424765740074,0.03369864667275424,0.03931599433252464,6.113958599930935,0.23865010927182437,0.8020833333333334
gamma,eig@gammamix-poisson,8,120.0,240.0,3.0954723998438567,0.07981450000079349,5.4719387501985395,0.0,0.0,0.004905424765740074,0.003946474359598495,0.014428936696904149,4.380428012530433,0.21681904266311314,0.8854166666666666
gamma,eig@gammamix-poisson,9,15.0,30.0,0.49739090009825304,0.010012400045525283,6.045708389923355,0.0,0.0,0.0,0.07788291113353163,0.10635859647996249,18.325772908116182,0.4835857060184201,0.15625
gamma,eig@gammamix-poisson,9,30.0,60.0,0.8294290001504123,0.01864590006880462,5.90565123806979,0.0,0.0,0.0,0.07788291113353163,0.10635859647996249,16.340139951209032,0.44235782858820744,0.3125
gamma,eig@gammamix-poisson,9,60.0,120.0,1.226626200194005,0.03667330020107329,5.647363648315552,0.0,0.0,0.003440460633779674,0.01814927154293655,0.0,9.269615968449173,0.3182364820008659,0.625
gamma,eig@gammamix-poisson,9,90.0,180.0,1.9964213999919593,0.05781929998192936,5.4462981835811535,0.0,0.0,0.003440460633779674,0.01814927154293655,0.0,5.590003064360626,0.22857134471707266,0.8020833333333334
gamma,eig@gammamix-poisson,9,120.0,240.0,2.649191099626478,0.07616009982302785,5.355700863948484,0.0,0.0,0.0,0.0,0.0,4.618329276664554,0.2106389672726536,0.9322916666666666
gamma,eig@gammamix-poisson,10,15.0,30.0,0.511429300007876,0.009507800044957548,5.964844100284533,0.0,0.0073704802629662725,0.031894955823164706,0.11098647321032806,0.14079017469085597,13.975512882298158,0.48760217519138255,0.15625
gamma,eig@gammamix-poisson,10,30.0,60.0,0.8247077998821624,0.018250100081786513,5.771921461582392,0.0,0.0073704802629662725,0.0,0.0,0.0,9.623421614772925,0.42664549735218715,0.3125
gamma,eig@gammamix-poisson,10,60.0,120.0,1.2352305998792872,0.03422220016364008,5.533891586584641,0.0,0.0073704802629662725,0.0,0.0,0.0,7.100937701980112,0.30547071670724363,0.625
gamma,eig@gammamix-poisson,10,90.0,180.0,1.8289994999649934,0.05122050002682954,5.399851411140741,0.0,0.0073704802629662725,0.0,0.0,0.0,4.559995284187679,0.23639823348343836,0.8020833333333334
gamma,eig@gammamix-poisson,10,120.0,240.0,2.4373538999352604,0.06874030001927167,5.332418716864879,0.0,0.0073704802629662725,0.0,0.0,0.0,3.8143939061538283,0.22154918901117296,0.9635416666666666
gamma,eig@gammamix-poisson,11,15.0,30.0,0.5576751999906264,0.009295700117945671,6.008047611539563,0.1155566629196555,0.20707457390512907,0.08874634827892791,0.0981603727037118,0.13239623697012814,16.929560721485686,0.49890385314691804,0.15625
gamma,eig@gammamix-poisson,11,30.0,60.0,0.7853836999856867,0.017707800259813666,5.873981437622674,0.1155566629196555,0.07817145879263643,0.1425653075913459,0.0,0.017079492834485732,11.426900335095866,0.4426876431756752,0.3125
gamma,eig@gammamix-poisson,11,60.0,120.0,1.186875999730546,0.03494400013005361,5.6586189127230355,0.1155566629196555,0.07817145879263643,0.1425653075913459,0.0,0.017079492834485732,7.78787754957462,0.3197991777816889,0.625
gamma,eig@gammamix-poisson,11,90.0,180.0,1.7637761996593326,0.051844000117853284,5.515285142445596,0.1155566629196555,0.07817145879263643,0.1425653075913459,0.0,0.017079492834485732,6.374887268661394,0.2540079579183051,0.8020833333333334
gamma,eig@gammamix-poisson,11,120.0,240.0,2.373957599629648,0.06947510014288127,5.447412206955636,0.1155566629196555,0.07817145879263643,0.0,0.020191233983764212,0.017079492834485732,5.474471791511591,0.23936381081714636,0.96875
gamma,eig@gammamix-poisson,12,15.0,30.0,0.507021400029771,0.010256700159516186,6.0066714913997465,0.16765366662304237,0.23256443755338174,0.2105880886552146,0.2579035266160745,0.20554517899076974,15.946803742442803,0.4755791383302056,0.15625
gamma,eig@gammamix-poisson,12,30.0,60.0,0.7819346000324003,0.019645900290925056,5.882117188063643,0.0,0.0,0.0,0.02202360151114413,0.01880360214586041,10.281907049849027,0.4170707149971578,0.3125
gamma,eig@gammamix-poisson,12,60.0,120.0,1.3151656999252737,0.0397190002258867,5.704899118352519,0.0,0.0,0.0,0.02202360151114413,0.01880360214586041,8.186565814775454,0.3258625380343978,0.625
gamma,eig@gammamix-poisson,12,90.0,180.0,1.957897599961143,0.05773280037101358,5.538327150094059,0.0,0.0,0.0,0.0,0.0,6.143792881551396,0.2636209556463932,0.8020833333333334
gamma,eig@gammamix-poisson,12,120.0,240.0,2.7269002997200005,0.07751100044697523,5.4036637226742075,0.0,0.0,0.0,0.0,0.0,4.641488574910337,0.23100776637721004,0.9479166666666666
gamma,eig@gammamix-poisson,13,15.0,30.0,0.5065668000024743,0.009710100071970373,6.003124224232838,0.0,0.13987883943566837,0.15121335938887892,0.13346556138558152,0.1364841112764431,16.498887747427375,0.45368290662799815,0.15625
gamma,eig@gammamix-poisson,13,30.0,60.0,0.8904472001595423,0.022412999940570444,5.88277352811022,0.0,0.13987883943566837,0.11074080653757323,0.1221597758820624,0.10247131169250168,13.602999494241597,0.4038432618704465,0.3125
gamma,eig@gammamix-poisson,13,60.0,120.0,1.395199200080242,0.03944569977466017,5.632831617040741,0.1473096846716344,0.0,0.0,0.0,0.02742664798254868,7.023114116977871,0.31146168431655646,0.625
gamma,eig@gammamix-poisson,13,90.0,180.0,1.952920199604705,0.05681429983815178,5.525129286376483,0.1473096846716344,0.0,0.0,0.0,0.02742664798254868,6.080808461248145,0.23942211590223111,0.8020833333333334
gamma,eig@gammamix-poisson,13,120.0,240.0,2.842917300062254,0.08249019971117377,5.421202058676205,0.0,0.0,0.004801326464143885,0.0038788171043011577,0.0,4.141582045261654,0.223468086186442,0.90625
gamma,eig@gammamix-poisson,14,15.0,30.0,0.5503852003021166,0.009404700133018196,5.925471144571546,0.008572176416699384,0.0,0.0,0.06304117029627343,0.11623551492371564,16.71440254286195,0.4702143355367405,0.15625
gamma,eig@gammamix-poisson,14,30.0,60.0,0.9154882002621889,0.02087760012364015,5.776483563524674,0.008572176416699384,0.0,0.0,0.0,0.0,7.998729520508731,0.4078568176531543,0.3125
gamma,eig@gammamix-poisson,14,60.0,120.0,1.3099656999693252,0.03899360029026866,5.613080542118273,0.008572176416699384,0.0,0.0,0.0,0.0,6.527360628205416,0.3059177669480561,0.625
gamma,eig@gammamix-poisson,14,90.0,180.0,1.974976699857507,0.05759879981633276,5.48100249664141,0.008572176416699384,0.09919330989386532,0.010582521459538308,0.0,0.0,5.2419877226354155,0.24387836968406598,0.8020833333333334
gamma,eig@gammamix-poisson,14,120.0,240.0,2.748264199763071,0.07943009992595762,5.39620749608126,0.008572176416699384,0.0,0.0,0.0,0.0,4.039395191573095,0.22165169564099602,0.953125
gamma,eig@gammamix-poisson,15,15.0,30.0,0.5121500001987442,0.009458500251639634,6.016498414159481,0.0,0.0,0.036099642841438295,0.02887415588069786,0.01949512381758689,13.972487694024727,0.4784206210830947,0.15625
gamma,eig@gammamix-poisson,15,30.0,60.0,0.8436689000809565,0.01895930030150339,5.885542004181534,0.0,0.0,0.036099642841438295,0.02887415588069786,0.02405870956187628,10.01725545534156,0.41854710403503115,0.3125
gamma,eig@gammamix-poisson,15,60.0,120.0,1.2339356000884436,0.03682720026699826,5.724878265275065,0.0,0.0,0.036099642841438295,0.02887415588069786,0.02405870956187628,7.366569470583372,0.3184106511925154,0.625
gamma,eig@gammamix-poisson,15,90.0,180.0,1.887038900051266,0.056529100344050676,5.584001806264148,0.0,0.0,0.036099642841438295,0.02887415588069786,0.02405870956187628,6.0646134812237165,0.2563557153097501,0.8020833333333334
gamma,eig@gammamix-poisson,15,120.0,240.0,2.6700366999721155,0.07607419998385012,5.459765075919606,0.0,0.0,0.036099642841438295,0.02887415588069786,0.02405870956187628,5.008298647960078,0.23117210798933133,0.9479166666666666
gamma,eig@gammamix-poisson,16,15.0,30.0,0.47668189997784793,0.010180300159845501,5.988104798722067,0.01577368333485396,0.0371672702978304,0.17103205117566456,0.24675842902759493,0.2998356771248605,21.845534743619442,0.5123410379856833,0.15625
gamma,eig@gammamix-poisson,16,30.0,60.0,0.7640248000971042,0.019551600445993245,5.843071943980674,0.01577368333485396,0.0371672702978304,0.09215565869859055,0.13666923554123922,0.16689323871790784,18.981115452405387,0.4677968044789365,0.3125
gamma,eig@gammamix-poisson,16,60.0,120.0,1.1312783997273073,0.03630880010314286,5.58469694572648,0.01577368333485396,0.0,0.0,0.0,0.037968426088343166,7.692242604057997,0.3240629497130572,0.625
gamma,eig@gammamix-poisson,16,90.0,180.0,1.734521099657286,0.05545019987039268,5.486715650951798,0.01577368333485396,0.0,0.0,0.0,0.037968426088343166,6.17957705280209,0.25444856413089423,0.8020833333333334
gamma,eig@gammamix-poisson,16,120.0,240.0,2.5374103998183273,0.08307939977385104,5.400632390292048,0.01577368333485396,0.0371672702978304,0.0,0.0,0.01872333957901462,5.558871880062288,0.23937317464771568,0.9270833333333334
gamma,eig@gammamix-poisson,17,15.0,30.0,0.6103653997997753,0.010659399966243654,6.0257410896724295,0.0,0.24614960956244825,0.34410897225564185,0.37443121630381504,0.3843209712811362,25.675768461058848,0.47675549634542225,0.15625
gamma,eig@gammamix-poisson,17,30.0,60.0,0.9168498000362888,0.020949199912138283,5.857025520218275,0.008572176416699384,0.004286088208349748,0.0,0.021456321982812554,0.0669200163970004,19.061171399576153,0.4258115727154289,0.3125
gamma,eig@gammamix-poisson,17,60.0,120.0,1.3273356002755463,0.03981520008528605,5.621436553475685,0.008572176416699384,0.004286088208349748,0.0,0.021456321982812554,0.001748209592245198,11.307097699097923,0.2842234323459266,0.625
gamma,eig@gammamix-poisson,17,90.0,180.0,1.9464158001937903,0.059186900209169835,5.446641422041163,0.008572176416699384,0.004286088208349748,0.0,0.021456321982812554,0.001748209592245198,6.549914240266674,0.21599221585228193,0.8020833333333334
gamma,eig@gammamix-poisson,17,120.0,240.0,2.594656300439965,0.08010420022765175,5.396101076907321,0.008572176416699384,0.004286088208349748,0.0,0.01937220710640042,0.0,5.484389410410895,0.20376920484680278,0.9375
gamma,eig@gammamix-poisson,18,15.0,30.0,0.5732936998829246,0.011199999717064202,5.928964847039244,0.0,0.10133644118799001,0.14280184191883405,0.1479370145243296,0.1423567252057697,13.931721594370952,0.472176435701611,0.15625
gamma,eig@gammamix-poisson,18,30.0,60.0,0.9341839999542572,0.021029899711720645,5.781340336426392,0.0,0.0,0.0,0.0,0.004208824413250656,9.64291861383037,0.44704831915860566,0.3125
gamma,eig@gammamix-poisson,18,60.0,120.0,1.316508400021121,0.038962699356488883,5.553203339236606,0.0,0.0,0.0,0.0,0.004208824413250656,8.047372767918482,0.32526817851185963,0.625
gamma,eig@gammamix-poisson,18,90.0,180.0,1.9471215000376105,0.05874029942788184,5.341627922942557,0.0,0.0,0.0,0.0,0.004208824413250656,5.504474179372468,0.2217431381742115,0.8020833333333334
gamma,eig@gammamix-poisson,18,120.0,240.0,2.7507922999793664,0.07921499916119501,5.252884222626042,0.0,0.0,0.0,0.0,0.015572316080596504,4.6781157611887725,0.19416470322877494,0.9427083333333334
gamma,eig@gammamix-poisson,19,15.0,30.0,0.6053298999904655,0.011124500131700188,5.993422559334708,0.4073605041961753,0.21589590458498975,0.19373385955992284,0.16472018297136515,0.1707053282018709,17.363749500341445,0.46128172783607224,0.15625
gamma,eig@gammamix-poisson,19,30.0,60.0,0.8673728996072896,0.02076360007049516,5.833322635079353,0.0,0.15592125136716373,0.047393366121813885,0.03828665242760754,0.03211558889808408,12.778927914441716,0.4263485188819602,0.3125
gamma,eig@gammamix-poisson,19,60.0,120.0,1.3088137001614086,0.03811539977323264,5.6098695143772845,0.0,0.15592125136716373,0.047393366121813885,0.03828665242760754,0.006888892830802962,7.840427849873132,0.2846774569321793,0.625
gamma,eig@gammamix-poisson,19,90.0,180.0,1.8777816003421322,0.05662709951866418,5.461366883386147,0.0,0.15592125136716373,0.11302989725492951,0.008212604983236726,0.006888892830802962,6.370059711940522,0.23778718321056674,0.8020833333333334
gamma,eig@gammamix-poisson,19,120.0,240.0,2.704514800570905,0.07686309958808124,5.355448717074958,0.0,0.0,0.0,0.008212604983236838,0.006888892830802962,4.4999179061911985,0.21036700434074673,0.9270833333333334
gamma,eig@gammamix-poisson,20,15.0,30.0,0.5858967000967823,0.010053099773358554,6.163510935402054,0.0,0.0,0.030805315414543677,0.051592473669877625,0.07507784636343262,16.071417851582908,0.44394776166334976,0.15625
gamma,eig@gammamix-poisson,20,30.0,60.0,0.8496081003686413,0.018907599907834083,6.053326122212604,0.0,0.0,0.07680594405132635,0.06460733337977653,0.03339055464123686,14.139095530275037,0.40490132950949237,0.3125
gamma,eig@gammamix-poisson,20,60.0,120.0,1.3959353003301658,0.037428899959195405,5.727586283027968,0.0,0.0,0.07680594405132635,0.06460733337977653,0.03339055464123686,6.1142782244533525,0.2807676645400263,0.625
gamma,eig@gammamix-poisson,20,90.0,180.0,2.1290097003802657,0.05760639987420291,5.6082314535431275,0.0,0.0,0.030805315414543677,0.0032210463650814702,0.03339055464123686,5.4999584122260945,0.22753657488595488,0.8020833333333334
gamma,eig@gammamix-poisson,20,120.0,240.0,2.9689913005568087,0.0778837995021604,5.486821695096297,0.0,0.0,0.030805315414543677,0.0032210463650814702,0.021766132319074205,4.47174908809871,0.20529031520580857,0.8958333333333334
gamma,eig@gammamix-poisson,21,15.0,30.0,0.5926188997691497,0.010160600009839982,5.969279256595212,0.38903807596187656,0.3375541941911613,0.3098434809931855,0.2561469296313029,0.21669325678664053,13.387138971710447,0.4775307306428214,0.15625
gamma,eig@gammamix-poisson,21,30.0,60.0,0.8446591998217627,0.019713199813850224,5.8266956167893795,0.0,0.0,0.07481039736000106,0.07471702355714294,0.06400576564145843,10.40698132766173,0.4409347655807839,0.3125
gamma,eig@gammamix-poisson,21,60.0,120.0,1.427796499687247,0.03788109967717901,5.5301481353949455,0.0,0.0,0.07481039736000106,0.0067078174721796335,0.0,6.031187589298049,0.3218040207593078,0.625
gamma,eig@gammamix-poisson,21,90.0,180.0,2.0408600996015593,0.05666919954819605,5.3844968544817435,0.0,0.0,0.0,0.0,0.0,4.600202114484269,0.23968544056939003,0.8020833333333334
gamma,eig@gammamix-poisson,21,120.0,240.0,2.773635699413717,0.07429149898234755,5.309672575380657,0.0,0.0,0.0,0.0,0.0,4.3296314770969,0.22239704635815802,0.9479166666666666
gamma,eig@gammamix-poisson,22,15.0,30.0,0.7361229000380263,0.010163500031922013,6.1325647772110345,0.0,0.00988403987666231,0.1003146655352849,0.1581842589029968,0.11701401491810781,19.116670145327028,0.463712241814448,0.15625
gamma,eig@gammamix-poisson,22,30.0,60.0,1.0666720998706296,0.01926799991633743,5.9811951521548545,0.0,0.00988403987666231,0.006927503182010963,0.05152238040271906,0.08872053729949048,15.313697324168805,0.40906418772136693,0.3125
gamma,eig@gammamix-poisson,22,60.0,120.0,1.5448929998092353,0.03743359976215288,5.693080783827006,0.0,0.00988403987666231,0.006927503182010963,0.05152238040271906,0.08872053729949048,8.124147750447671,0.2908208664450126,0.625
gamma,eig@gammamix-poisson,22,90.0,180.0,2.1958187996642664,0.05436219973489642,5.491536418185805,0.0,0.00988403987666231,0.006927503182010963,0.0,0.029265039799441284,5.965927720666426,0.22748614118575317,0.8020833333333334
gamma,eig@gammamix-poisson,22,120.0,240.0,2.950017999857664,0.07197429978987202,5.4002036651515555,0.0,0.00988403987666231,0.006927503182010963,0.0,0.0,4.510449885800533,0.20634184879070533,0.9427083333333334
gamma,eig@gammamix-poisson,23,15.0,30.0,0.6876534001203254,0.011806600086856633,5.946066474328506,0.0,0.0,0.0,0.022168872567189357,0.0369771837346482,12.934092074964898,0.5099915165516442,0.15625
gamma,eig@gammamix-poisson,23,30.0,60.0,0.9154143003397621,0.021127200103364885,5.8156821353544075,0.0,0.0,0.0,0.022168872567189357,2.220446049250313e-16,9.639483609194349,0.461528655543009,0.3125
gamma,eig@gammamix-poisson,23,60.0,120.0,1.3439386004465632,0.038972699956502765,5.601279131878205,0.0,0.0,0.0,0.022168872567189357,2.220446049250313e-16,7.655453215322184,0.35245658721004847,0.625
gamma,eig@gammamix-poisson,23,90.0,180.0,1.9031984002212994,0.05511180008761585,5.442666389590248,0.0,0.0,0.0,0.022168872567189357,2.220446049250313e-16,6.052853856351037,0.27553363534597214,0.8020833333333334
gamma,eig@gammamix-poisson,23,120.0,240.0,2.61248260026332,0.07336890016449615,5.278186581630884,0.0,0.0,0.0,0.0,0.0,4.388962742971749,0.2245631813644715,0.953125
gamma,eig@gammamix-poisson,24,15.0,30.0,0.5443156999535859,0.009722799994051456,6.11941629999902,0.0,0.0,0.0,0.0,0.06121594219787907,16.08997389752963,0.4672272876723947,0.15625
gamma,eig@gammamix-poisson,24,30.0,60.0,0.8968174998299219,0.019809399847872555,5.976480875177253,0.0,0.0,0.0,0.0,0.035111292390164306,12.912069562840363,0.4174997989672798,0.3125
gamma,eig@gammamix-poisson,24,60.0,120.0,1.3522905001300387,0.04137120017549023,5.756036831819844,0.0,0.0,0.0,0.0,0.035111292390164306,8.32074912139538,0.3102950485399946,0.625
gamma,eig@gammamix-poisson,24,90.0,180.0,2.0078873003367335,0.06069920037407428,5.64239578629369,0.0,0.0,0.0,0.0,0.0,6.63496910631222,0.258098689063815,0.8020833333333334
gamma,eig@gammamix-poisson,24,120.0,240.0,2.8384262002655305,0.08229910000227392,5.511917387911406,0.0,0.0,0.0,0.0,0.0,5.458912364024652,0.2276810480705782,0.9322916666666666
gamma,eig@gammamix-poisson,25,15.0,30.0,0.46799110010033473,0.008740100136492401,6.010639905936608,0.0,0.06073393785544445,0.04329333098566157,0.08653126138961598,0.15340372429666815,18.37388068019912,0.5011942438293437,0.15625
gamma,eig@gammamix-poisson,25,30.0,60.0,0.8555186999146827,0.01829439972061664,5.833639908441004,0.0,0.0,0.0066505582438283195,0.0,0.02382523814145676,13.898878094474135,0.4532752656977758,0.3125
gamma,eig@gammamix-poisson,25,60.0,120.0,1.3195251998258755,0.045382199983578175,5.6112256592977205,0.0,0.0,0.0066505582438283195,0.029448991087107745,0.0,10.401903437558158,0.3238658851701666,0.625
gamma,eig@gammamix-poisson,25,90.0,180.0,2.132846499676816,0.06634229992050678,5.375289940441536,0.0,0.0,0.0066505582438283195,0.029448991087107745,0.0,4.621844325578467,0.22904248062027846,0.8020833333333334
gamma,eig@gammamix-poisson,25,120.0,240.0,2.8591079997713678,0.08705780020682141,5.3219846840135485,0.0,0.0,0.0,0.0,0.0,4.3235477291445825,0.21197110060445026,0.9479166666666666
gamma,eig@gammamix-poisson,26,15.0,30.0,0.6038988999207504,0.010191799839958549,5.974878065885496,0.0,0.1134456108845282,0.14290498690629427,0.164011265795882,0.17820404287070934,17.886457201839942,0.47732202397498164,0.15625
gamma,eig@gammamix-poisson,26,30.0,60.0,0.9639863000484183,0.020175699901301414,5.823685334083699,0.0,0.020395371684950314,0.07850977892014244,0.06313323458456566,0.08836819970153309,14.295761503712129,0.4280894878182986,0.3125
gamma,eig@gammamix-poisson,26,60.0,120.0,1.432073199946899,0.04005660000257194,5.62666727253704,0.0,0.020395371684950314,0.07850977892014244,0.06313323458456566,0.08836819970153309,13.13768705010572,0.32450991071261376,0.625
gamma,eig@gammamix-poisson,26,90.0,180.0,2.0398624000372365,0.0577197001548484,5.418812301392396,0.0,0.0,0.0,0.0,0.0,5.261316151180662,0.24165111588164775,0.8020833333333334
gamma,eig@gammamix-poisson,26,120.0,240.0,2.8058486003428698,0.07666709995828569,5.341569953459417,0.0,0.020395371684950314,0.0,0.0,0.0,4.474031250931156,0.21904253608158983,0.9479166666666666
gamma,eig@gammamix-poisson,27,15.0,30.0,0.5559948001755401,0.010802099772263318,5.9769077224200915,0.0,0.0,0.011648201976892869,0.04626947260717784,0.057564602504751594,12.669041147242043,0.46905882388293935,0.15625
gamma,eig@gammamix-poisson,27,30.0,60.0,0.953497200156562,0.024291499750688672,5.8729567714215145,0.0,0.0,0.011648201976892869,0.027582357215005904,0.05299169598037923,10.59690785716927,0.41909238283816125,0.3125
gamma,eig@gammamix-poisson,27,60.0,120.0,1.4223154000355862,0.04334219958400354,5.651281395598836,0.0,0.0,0.011648201976892869,0.0,0.01378824341963325,6.68817708125363,0.299450355123192,0.625
gamma,eig@gammamix-poisson,27,90.0,180.0,2.148183400160633,0.06340619950788096,5.467970983353349,0.0,0.0,0.011648201976892869,0.0,0.01378824341963325,5.027494509085046,0.2409324408750409,0.8020833333333334
gamma,eig@gammamix-poisson,27,120.0,240.0,2.9064501001266763,0.08342379942769185,5.351385812018762,0.0,0.0,0.011648201976892869,0.0,0.01378824341963325,4.518785087021152,0.21094153482655026,0.9427083333333334
gamma,eig@gammamix-poisson,28,15.0,30.0,0.5316230999887921,0.009765799914021045,6.191748640282771,0.05890372115342679,0.08637060842889488,0.0,0.10185400273398448,0.11725100461887683,19.263493430561873,0.4777034455505958,0.15625
gamma,eig@gammamix-poisson,28,30.0,60.0,0.8172991999308579,0.01896540040615946,6.058015188910507,0.05890372115342679,0.08637060842889488,0.0,0.07840821690025934,0.1307517393204931,18.10574926863851,0.43469818648944014,0.3125
gamma,eig@gammamix-poisson,28,60.0,120.0,1.285442499734927,0.04028379998635501,5.739810293011552,0.05890372115342679,0.08637060842889488,0.0,0.0,0.04461600648854758,12.527323356007042,0.30297705814121956,0.625
gamma,eig@gammamix-poisson,28,90.0,180.0,2.040422299585771,0.06329299986828119,5.519629622884939,0.05890372115342679,0.08637060842889488,0.0,0.0,0.04461600648854758,6.060984052409707,0.23420880916073034,0.8020833333333334
gamma,eig@gammamix-poisson,28,120.0,240.0,2.878719799569808,0.08370270003797486,5.373486959528918,0.05890372115342679,0.0,0.0,0.0,0.0,4.374864044228504,0.20693843073404178,0.9166666666666666
gamma,eig@gammamix-poisson,29,15.0,30.0,0.5624825002159923,0.010013600171077996,5.870567203544154,0.0,0.09498754549539767,0.0,0.039859710559609685,0.017764750720433375,13.179566105495496,0.4964121086213008,0.15625
gamma,eig@gammamix-poisson,29,30.0,60.0,0.7997643002308905,0.018336100154556334,5.696732779423318,0.0,0.09498754549539767,0.0,0.039859710559609685,0.017764750720433375,10.572590265919839,0.4450867803599218,0.3125
gamma,eig@gammamix-poisson,29,60.0,120.0,1.3070759000838734,0.03612350014736876,5.477623565576873,0.0,0.09498754549539767,0.0,0.039859710559609685,0.017764750720433375,7.210993856783587,0.29215241201636566,0.625
gamma,eig@gammamix-poisson,29,90.0,180.0,1.8969276002026163,0.054893200227525085,5.334635892525806,0.0,0.09498754549539767,0.0,0.039859710559609685,0.017764750720433375,5.120667049679051,0.22540164805545715,0.8020833333333334
gamma,eig@gammamix-poisson,29,120.0,240.0,2.5130003000958823,0.07377800031099468,5.2444575102117525,0.0,0.0,0.0,0.0,0.0,4.141154634061642,0.21191865103388552,0.9635416666666666
gamma,eig@gammamix-poisson,30,15.0,30.0,0.4467907000798732,0.010066699935123324,5.961415152678256,0.4405805964976658,0.3860221841855783,0.3605632424998345,0.3195018049135131,0.3133393542692975,16.118996447897604,0.4620276421127573,0.15625
gamma,eig@gammamix-poisson,30,30.0,60.0,0.8708944002282806,0.024095899949315935,5.816780371962885,0.4405805964976658,0.3860221841855783,0.3330833358109302,0.2968757649890472,0.20855496859334355,14.507865375124405,0.4159728207537835,0.3125
gamma,eig@gammamix-poisson,30,60.0,120.0,1.3892841000342742,0.04526379989692941,5.569401386653907,0.0,0.004325330452383036,0.0771565243439083,0.06352811237685796,0.07091786300586511,7.4517171335123535,0.2903539888461518,0.625
gamma,eig@gammamix-poisson,30,90.0,180.0,2.1616127002052963,0.06533890002174303,5.383356081554247,0.0,0.09531737095923942,0.07023172084931384,0.07866996010080352,0.021336832974132247,4.649060160947839,0.2247176517369443,0.8020833333333334
gamma,eig@gammamix-poisson,30,120.0,240.0,2.811835499946028,0.08342839975375682,5.316343583695844,0.0,0.09531737095923942,0.07023172084931384,0.07866996010080352,0.021336832974132247,4.105798100581267,0.20384298211838986,0.9739583333333334
gamma,eig@gammamix-poisson,31,15.0,30.0,0.5362139999633655,0.010115799843333662,6.215493709302069,0.0,0.1585859675411565,0.16274017515030215,0.1288453814470336,0.15582284817420045,23.67499897452468,0.5196320057591772,0.15625
gamma,eig@gammamix-poisson,31,30.0,60.0,0.8100389000028372,0.019805099756922573,6.072703746856866,0.0,0.1134456108845282,0.18563863015115756,0.14697464895217227,0.12164001272297786,21.482416735528695,0.4724539400239165,0.3125
gamma,eig@gammamix-poisson,31,60.0,120.0,1.3763473997241817,0.047503499721642584,5.819827291337513,0.0,0.1134456108845282,0.18563863015115756,0.14697464895217227,0.16887028819630912,18.36442067365211,0.33306376869905907,0.625
gamma,eig@gammamix-poisson,31,90.0,180.0,2.154571499559097,0.06674909981666133,5.520403407645442,0.0,0.0,0.07741707019142385,0.018129267505138658,0.050193191121029934,6.654004065685872,0.24686015891677263,0.8020833333333334
gamma,eig@gammamix-poisson,31,120.0,240.0,2.8940842992742546,0.0863640996394679,5.4195572394537095,0.0,0.0,0.05451861519056844,0.0,0.01500424968322911,5.398105002897877,0.2201388186610432,0.9322916666666666
gamma,eig@gammamix-poisson,32,15.0,30.0,0.5879825996235013,0.01228130015078932,6.179803896036858,0.050766726068686485,0.0,0.0,0.1330788466832019,0.17815818027775432,19.91050858883543,0.504158900948519,0.15625
gamma,eig@gammamix-poisson,32,30.0,60.0,0.970615099533461,0.022777100035455078,6.030108406719587,0.050766726068686485,0.0,0.0,0.056675468351075065,0.08182606412231896,17.771074910087602,0.45586631291203367,0.3125
gamma,eig@gammamix-poisson,32,60.0,120.0,1.4659023997955956,0.041649000078905374,5.739947436490038,0.050766726068686485,0.0,0.0,0.056675468351075065,0.08182606412231896,15.148061412535057,0.3327083162705641,0.625
gamma,eig@gammamix-poisson,32,90.0,180.0,2.1727202998590656,0.06126510025933385,5.476090016259227,0.050766726068686485,0.0,0.0,0.0,0.0,5.931663873431528,0.24230878632717057,0.8020833333333334
gamma,eig@gammamix-poisson,32,120.0,240.0,3.035220699617639,0.07932860037544742,5.367954657540729,0.050766726068686485,0.0,0.0,0.0,0.004353846992315447,4.8411704887857985,0.21634824151282475,0.8854166666666666
gamma,eig@gammamix-poisson,33,15.0,30.0,0.6284084001090378,0.015743799740448594,5.889074901212702,0.0,0.037760856656376185,0.06343558916561298,0.07371691369724409,0.014734248781990034,12.50543892934528,0.49656315067073914,0.15625
gamma,eig@gammamix-poisson,33,30.0,60.0,0.9540107999928296,0.02614869986427948,5.757151744558008,0.0,0.037760856656376185,0.06343558916561298,0.07371691369724409,0.014734248781990034,8.99223922848091,0.4338343200458984,0.3125
gamma,eig@gammamix-poisson,33,60.0,120.0,1.4157832001219504,0.045156599779147655,5.506412438906707,0.0,0.037760856656376185,0.06343558916561298,0.07371691369724409,0.014734248781990034,7.337361917972121,0.31117242652774313,0.625
gamma,eig@gammamix-poisson,33,90.0,180.0,2.1019232000689954,0.06867819995386526,5.310921576590349,0.0,0.037760856656376185,0.06343558916561298,0.07371691369724409,0.014734248781990034,5.374661199697253,0.22590550118214378,0.8020833333333334
gamma,eig@gammamix-poisson,33,120.0,240.0,2.805754600034561,0.08708460023626685,5.2085551306356495,0.0,0.037760856656376185,0.06343558916561298,0.0,0.018910305509274083,4.224758875669489,0.19391335993640477,0.953125
gamma,eig@gammamix-poisson,34,15.0,30.0,0.5249313998501748,0.009848699963185936,6.077205782235624,0.23380769721060135,0.12407255374037962,0.24448897166534134,0.3139445106177805,0.3619750286667228,22.285205214936433,0.45672734553859484,0.15625
gamma,eig@gammamix-poisson,34,30.0,60.0,0.7996188998804428,0.01840739988256246,5.928144655090357,0.0,0.0,0.04270706901602983,0.03236801327202743,0.026059264139909,12.655227070393845,0.39189073675228114,0.3125
gamma,eig@gammamix-poisson,34,60.0,120.0,1.2318056000513025,0.03559699998004362,5.671794679574731,0.0,0.0,0.04270706901602983,0.03236801327202743,0.026059264139909,7.785044116153674,0.2912910794164349,0.625
gamma,eig@gammamix-poisson,34,90.0,180.0,1.8897825000458397,0.05399750015931204,5.502978089431967,0.0,0.0,0.04270706901602983,0.03236801327202743,0.026059264139909,5.370882159043684,0.23302692075043935,0.8020833333333334
gamma,eig@gammamix-poisson,34,120.0,240.0,2.5380210002767853,0.07138880022102967,5.435248031923346,0.0,0.0,0.0,0.0,0.026059264139909,4.599885399426884,0.2145072471890536,0.9427083333333334
gamma,eig@gammamix-poisson,35,15.0,30.0,0.565749499714002,0.009468999749515206,6.2352333715293335,0.3042707341327259,0.4155085203819584,0.38777647620955935,0.37618467660353483,0.37639331883263905,26.395963270196088,0.46594889202813977,0.15625
gamma,eig@gammamix-poisson,35,30.0,60.0,0.8801371995941736,0.01792829966871068,6.056427507891203,0.04340185519385875,0.11536734315209773,0.105378859106953,0.0883712969782916,0.13339884494469445,20.785056761462894,0.4215513076642486,0.3125
gamma,eig@gammamix-poisson,35,60.0,120.0,1.391401999630034,0.03529029979836196,5.763632020300065,0.04340185519385875,0.0,0.0,0.0,0.0,11.233551388027953,0.30691445389352484,0.625
gamma,eig@gammamix-poisson,35,90.0,180.0,1.9827998000546359,0.05314979993272573,5.6156196179099025,0.0,0.0,0.02272114243437784,0.0,0.0,6.9022280581148125,0.23776891028613029,0.8020833333333334
gamma,eig@gammamix-poisson,35,120.0,240.0,2.7558207000838593,0.07345969998277724,5.54460843495103,0.0,0.0,0.02272114243437784,0.0,0.0,5.895618426851714,0.22294087747847405,0.90625
gamma,eig@gammamix-poisson,36,15.0,30.0,0.4617060001473874,0.008086200105026364,5.8643835297893245,0.1604569555364882,0.3513704548648382,0.37771791995606796,0.388101163330674,0.40421048553385486,20.79313607291151,0.48945076086593403,0.15625
gamma,eig@gammamix-poisson,36,30.0,60.0,0.7564148001838475,0.017483399948105216,5.730163408134055,0.0,0.0,0.0,0.0914610269765479,0.12536364458181415,15.796094095618747,0.44042285982226553,0.3125
gamma,eig@gammamix-poisson,36,60.0,120.0,1.1463518999516964,0.03535199997713789,5.465323468095225,0.0,0.0,0.0,0.015380663773790992,0.02154101790349594,9.590655980219484,0.32067973133192307,0.625
gamma,eig@gammamix-poisson,36,90.0,180.0,1.8366997999255545,0.05494979984359816,5.25207053621133,0.0,0.0,0.0,0.015380663773790992,0.02154101790349594,4.001872475187661,0.22446709080179789,0.8020833333333334
gamma,eig@gammamix-poisson,36,120.0,240.0,2.5761398995527998,0.08367509988602251,5.176884381815751,0.0,0.0,0.0,0.025535780200414582,0.02154101790349583,3.7670473769122426,0.1955773051756553,0.96875
gamma,eig@gammamix-poisson,37,15.0,30.0,0.5084936001221649,0.009435299842152745,5.969395802502959,0.4261385944248135,0.379664218783231,0.39733524348795435,0.34778830471513134,0.35989111388282435,19.670043079976317,0.4678446265708245,0.15625
gamma,eig@gammamix-poisson,37,30.0,60.0,0.808045299781952,0.0183184000197798,5.803806650071327,0.0,0.09730336656950189,0.07063409716814273,0.07669042863164066,0.07128331689130352,13.537867006284271,0.415576773220994,0.3125
gamma,eig@gammamix-poisson,37,60.0,120.0,1.2373533000354655,0.03684010013239458,5.581845667915253,0.0,0.09730336656950189,0.03515471571314077,0.0,0.004005362471690699,6.495886962602673,0.30869978435836826,0.625
gamma,eig@gammamix-poisson,37,90.0,180.0,1.9146317999693565,0.056399600114673376,5.416158297204841,0.0,0.0,0.0,0.0,0.004005362471690699,4.813514107790921,0.23380886443236176,0.8020833333333334
gamma,eig@gammamix-poisson,37,120.0,240.0,2.5973863997496665,0.07638620043871924,5.350253049501705,0.0,0.0,0.0,0.0,0.004005362471690699,4.414820226424676,0.20914228442804553,0.9635416666666666
gamma,eig@gammamix-poisson,38,15.0,30.0,0.5066746997181326,0.009660000156145543,5.990255681021101,0.008572176416699384,0.08811292151987093,0.05874194767991392,0.15536556442666571,0.223941587356136,20.986121602174503,0.4875220016275726,0.15625
gamma,eig@gammamix-poisson,38,30.0,60.0,0.8003359997528605,0.01852460013469681,5.840258708541292,0.008572176416699384,0.08811292151987093,0.05874194767991392,0.042003431862769225,0.0,13.957451513576693,0.4361243992925619,0.3125
gamma,eig@gammamix-poisson,38,60.0,120.0,1.1928533995524049,0.036198300134856254,5.608610428795434,0.008572176416699384,0.08811292151987093,0.05874194767991392,0.042003431862769225,0.0,6.849424011892873,0.30382060381453135,0.625
gamma,eig@gammamix-poisson,38,90.0,180.0,1.9458125995588489,0.056974500126671046,5.505216862426324,0.008572176416699384,0.08811292151987093,0.05874194767991392,0.042003431862769225,0.0,6.057105650794713,0.2500355104325761,0.8020833333333334
gamma,eig@gammamix-poisson,38,120.0,240.0,2.679942399438005,0.07706700009293854,5.4535057484403575,0.16765366662304237,0.08811292151987093,0.05874194767991392,0.042003431862769225,0.0,5.4702365403574555,0.23334607200422042,0.9270833333333334
gamma,eig@gammamix-poisson,39,15.0,30.0,0.5327505001332611,0.009514599980320781,6.137062150546472,0.0,0.03567765767237552,0.12169565301378593,0.1130144654221319,0.10106787750815038,17.95726964120397,0.4375706703111896,0.15625
gamma,eig@gammamix-poisson,39,30.0,60.0,0.9272505003027618,0.01995300000999123,5.932973422864683,0.0,0.03567765767237552,0.0,0.017564575254804926,0.015084615242299315,13.13460051851105,0.38942478185053264,0.3125
gamma,eig@gammamix-poisson,39,60.0,120.0,1.4250239004031755,0.03901639999821782,5.679171775531896,0.0,0.03567765767237552,0.0,0.017564575254804926,0.015084615242299315,8.258956350859911,0.286241167098895,0.625
gamma,eig@gammamix-poisson,39,90.0,180.0,2.1993099005776457,0.05950669961748645,5.520953986169978,0.0,0.03567765767237552,0.0,0.017564575254804926,0.015084615242299315,5.013041725939126,0.22064210909387807,0.8020833333333334
gamma,eig@gammamix-poisson,39,120.0,240.0,3.1482327004196122,0.07914499950129539,5.4479761730931076,0.0,0.0,0.0,0.017564575254804926,0.019094653151359386,3.9560199208134965,0.2112295134898686,0.859375
gamma,eig@gammamix-poisson,40,15.0,30.0,0.4717829998699017,0.009946799837052822,5.9475291822128655,0.05890372115342679,0.28110409421124494,0.26025866607127857,0.26749107619222245,0.2799100810536981,18.82103090076501,0.4783754455417115,0.15625
gamma,eig@gammamix-poisson,40,30.0,60.0,0.7809137998847291,0.019358899851795286,5.795569817813907,0.05890372115342679,0.0,0.0,0.05597180720941253,0.047683074411797755,12.607699948372904,0.4178833588720823,0.3125
gamma,eig@gammamix-poisson,40,60.0,120.0,1.1399109998019412,0.03547109983628616,5.59091696910875,0.05890372115342679,0.0,0.0,0.05597180720941253,0.07634822132162555,10.160010618234868,0.306098536034357,0.625
gamma,eig@gammamix-poisson,40,90.0,180.0,1.8601932000019588,0.05508869967889041,5.402048752859962,0.05890372115342679,0.0,0.0,0.05597180720941253,0.03084050996285026,4.976205506859213,0.22920603669254483,0.8020833333333334
gamma,eig@gammamix-poisson,40,120.0,240.0,2.3672694999258965,0.07369339989963919,5.361341314642634,0.05890372115342679,0.0,0.0,0.0,0.03084050996285026,4.807555436611533,0.21187701140470813,1.0
gamma,eig@gammamix-poisson,41,15.0,30.0,0.49647220002952963,0.008855600084643811,6.04799998333569,0.0,0.0,0.005938496414233052,0.04366175711400089,0.07682116184770404,14.919984464147598,0.485759991686652,0.15625
gamma,eig@gammamix-poisson,41,30.0,60.0,0.7818219998735003,0.017636300122831017,5.917727457448414,0.0,0.0,0.005938496414233052,0.004855849019995251,0.03295746797003296,12.359377502646222,0.4330846836791278,0.3125
gamma,eig@gammamix-poisson,41,60.0,120.0,1.2216016999445856,0.035121400316711515,5.697416710484412,0.0,0.0,0.005938496414233052,0.004855849019995251,0.03295746797003296,8.75901433343651,0.30468982926961286,0.625
gamma,eig@gammamix-poisson,41,90.0,180.0,1.9984004995785654,0.05564130039419979,5.520187706656799,0.0,0.0,0.005938496414233052,0.004855849019995251,0.03295746797003296,6.249925691835974,0.24719567533895118,0.8020833333333334
gamma,eig@gammamix-poisson,41,120.0,240.0,2.745430099486839,0.0748816006234847,5.389290849929637,0.0,0.0,0.005938496414233052,0.004855849019995251,0.03295746797003296,4.2749515391656985,0.21272268606784533,0.9375
gamma,eig@gammamix-poisson,42,15.0,30.0,0.4737954998854548,0.009511099779047072,6.007166948421841,0.0,0.0,0.0,0.08311887971658705,0.08738599984875606,16.87777872252427,0.4972268762305173,0.15625
gamma,eig@gammamix-poisson,42,30.0,60.0,0.7580371000804007,0.01879699988057837,5.861176649780109,0.0,0.0,0.0,0.07904583519209285,0.07209422500063023,14.958278193777213,0.44416283334853673,0.3125
gamma,eig@gammamix-poisson,42,60.0,120.0,1.1534195001004264,0.03743129980284721,5.653913504429497,0.0,0.0,0.0,0.0,0.0,8.01179328311652,0.30092384280523016,0.625
gamma,eig@gammamix-poisson,42,90.0,180.0,1.9517232004436664,0.05876599985640496,5.452274933195224,0.0,0.0,0.0,0.0,0.0,6.690632667987468,0.2476063052128825,0.8020833333333334
gamma,eig@gammamix-poisson,42,120.0,240.0,2.6146857003914192,0.07818899978883564,5.360551323904848,0.0,0.0,0.0,0.0,0.003532807340374533,5.204090811310571,0.2308046214685996,0.9427083333333334
gamma,eig@gammamix-poisson,43,15.0,30.0,0.5238210001261905,0.00937330024316907,5.974782334657096,0.0,0.037760856656376185,0.0,0.0,0.0,11.494838071952511,0.4700270755657262,0.15625
gamma,eig@gammamix-poisson,43,30.0,60.0,0.8807052000192925,0.019997100287582725,5.842321838715432,0.0,0.037760856656376185,0.0,0.0,0.0,9.367452898110557,0.4149447744278481,0.3125
gamma,eig@gammamix-poisson,43,60.0,120.0,1.3611563998856582,0.05640590010443702,5.637508449698244,0.0,0.037760856656376185,0.0,0.0,0.0,6.213000854197205,0.31886942601887536,0.625
gamma,eig@gammamix-poisson,43,90.0,180.0,2.0350213998463005,0.0763173001469113,5.508279210023808,0.0,0.037760856656376185,0.0,0.0,0.0,5.169394775374552,0.25187830524195126,0.8020833333333334
gamma,eig@gammamix-poisson,43,120.0,240.0,2.768594799854327,0.09453720034798607,5.405924986565677,0.0,0.037760856656376185,0.0,0.0,0.0,4.558531889953608,0.22963586006224457,0.9583333333333334
gamma,eig@gammamix-poisson,44,15.0,30.0,0.584563200129196,0.010822400043252856,6.005623636958151,0.0,0.0,0.0,0.0,0.016150402905941497,11.833617074123246,0.47939064126688957,0.15625
gamma,eig@gammamix-poisson,44,30.0,60.0,0.8375877001089975,0.01984409987926483,5.835666215716322,0.0,0.0,0.0,0.0,0.016150402905941497,8.737656364017147,0.414535164610764,0.3125
gamma,eig@gammamix-poisson,44,60.0,120.0,1.3727277001016773,0.04045369988307357,5.618023010150449,0.0,0.0,0.0,0.0,0.016150402905941497,6.874678637544033,0.30082856148172,0.625
gamma,eig@gammamix-poisson,44,90.0,180.0,1.9409721001866274,0.05822069972055033,5.461715118336262,0.0,0.0,0.0,0.0,0.0,5.084085102451319,0.2630548124817503,0.8020833333333334
gamma,eig@gammamix-poisson,44,120.0,240.0,2.615879700111691,0.07664909970480949,5.345982081619233,0.0,0.0,0.0,0.0,0.0,4.270513933405015,0.21500982356678136,0.9791666666666666
gamma,eig@gammamix-poisson,45,15.0,30.0,0.5544270998798311,0.009835399745497853,5.875513996703255,0.0,0.0,0.03745338193177572,0.03302497339140886,0.05907835035272113,12.488704981394765,0.5009317208891306,0.15625
gamma,eig@gammamix-poisson,45,30.0,60.0,0.8262355998740532,0.019755399611312896,5.753138602386133,0.0,0.0,0.03745338193177572,0.03302497339140886,0.05907835035272113,9.78512130295855,0.43944104760044267,0.3125
gamma,eig@gammamix-poisson,45,60.0,120.0,1.3147804998443462,0.039126899384427816,5.545318293194973,0.0,0.0,0.03745338193177572,0.05150356837414716,0.04448725907513551,7.2318856891980525,0.33470755670284624,0.625
gamma,eig@gammamix-poisson,45,90.0,180.0,1.9817226000595838,0.058528499328531325,5.385781254247618,0.0,0.0,0.019639839281917038,0.03302497339140886,0.01426326855688842,4.813259243897861,0.2552374263969977,0.8020833333333334
gamma,eig@gammamix-poisson,45,120.0,240.0,2.6058631001506,0.07735139928990975,5.321741065919075,0.0,0.0,0.019639839281917038,0.03302497339140886,0.01426326855688842,4.63464849202092,0.23083401083877897,0.96875
gamma,eig@gammamix-poisson,46,15.0,30.0,0.5502778998925351,0.010073099983856082,6.128087537259812,0.0,0.0,0.01800115853433093,0.0027881750668454774,0.032917282798715974,14.483711784148376,0.47329902764853266,0.15625
gamma,eig@gammamix-poisson,46,30.0,60.0,0.8841045996523462,0.01940419984748587,5.98791188948983,0.0,0.0,0.014563516028445744,0.014600232954366077,0.013090855196898343,11.617346345401534,0.4283218825290053,0.3125
gamma,eig@gammamix-poisson,46,60.0,120.0,1.3443275998579338,0.037307099904865026,5.731126873497274,0.0,0.0,0.014563516028445744,0.014600232954366077,0.013090855196898343,8.265924840896103,0.3049527561583448,0.625
gamma,eig@gammamix-poisson,46,90.0,180.0,2.1286546997143887,0.05740549985785037,5.482059834965624,0.0,0.0,0.014563516028445744,0.014600232954366077,0.013090855196898343,4.889646520667993,0.2253205263607251,0.8020833333333334
gamma,eig@gammamix-poisson,46,120.0,240.0,2.893500199483242,0.07546249974984676,5.424989849746914,0.0,0.0,0.0,0.0,0.0007915682820271996,5.036623434599432,0.21391933096189553,0.890625
gamma,eig@gammamix-poisson,47,15.0,30.0,0.47135849978076294,0.00894709990825504,6.0711396700837,0.0,0.0,0.10582671405698896,0.09329633726416575,0.12379288544983857,19.680910956256024,0.4903908679510172,0.15625
gamma,eig@gammamix-poisson,47,30.0,60.0,0.7475413996726274,0.01731619966449216,5.8996520752137664,0.0,0.0,0.10582671405698896,0.09329633726416575,0.12379288544983857,18.372271499361386,0.4445523838171075,0.3125
gamma,eig@gammamix-poisson,47,60.0,120.0,1.1384601994650438,0.03427829936845228,5.673975727619822,0.0,0.0,0.06535818018049566,0.0849878450414644,0.07731985694618249,16.003005102685034,0.33955196676836036,0.625
gamma,eig@gammamix-poisson,47,90.0,180.0,1.8292257996508852,0.05712169938487932,5.433965179092069,0.0,0.0,0.0,0.0,0.026490818797627047,6.426759462176338,0.23335869042286833,0.8020833333333334
gamma,eig@gammamix-poisson,47,120.0,240.0,2.534507499600295,0.07417139958124608,5.360311938328995,0.0,0.0,0.0,0.0,0.0062657885593520035,4.821855620430374,0.2201633034628289,0.9375
gamma,eig@gammamix-poisson,48,15.0,30.0,0.29379940015496686,0.005443700007162988,5.9429201571745915,0.1604569555364882,0.24339888354347872,0.286169721402163,0.23379960838460379,0.2313139524115414,18.000574249442913,0.49538264201255683,0.15625
gamma,eig@gammamix-poisson,48,30.0,60.0,0.5176335001597181,0.012159400037489831,5.7485557100184606,0.0,0.0,0.0,0.008399211204512813,0.04078166549314899,9.362153796199769,0.44489436000390037,0.3125
gamma,eig@gammamix-poisson,48,60.0,120.0,0.7093732004286721,0.021386299980804324,5.5653670915864675,0.0,0.0,0.0,0.008399211204512813,0.04078166549314899,7.180518545543014,0.3140806073524399,0.625
gamma,eig@gammamix-poisson,48,90.0,180.0,1.0642518003005534,0.03156649973243475,5.369713846091912,0.0,0.0,0.0,0.008399211204512813,0.007099902835698169,4.481870551811308,0.24477406581725544,0.8020833333333334
gamma,eig@gammamix-poisson,48,120.0,240.0,1.455515000561718,0.04178739961935207,5.30630026737128,0.0,0.051645831526890396,0.0,0.008399211204512813,0.007099902835698169,4.627294163020866,0.22471379437350322,0.953125
gamma,eig@gammamix-poisson,49,15.0,30.0,0.31783610000275075,0.006138999771792442,5.9013477617592995,0.0,0.0,0.007262781841736787,0.07204030226700253,0.10388829215896878,13.425618552877042,0.44309897773842843,0.15625
gamma,eig@gammamix-poisson,49,30.0,60.0,0.47015110013308004,0.011140199552755803,5.787041104258566,0.0,0.0,0.007262781841736787,0.040820202236444114,0.06139723084619553,11.363808608031205,0.39399815147110734,0.3125
gamma,eig@gammamix-poisson,49,60.0,120.0,0.6860245998832397,0.02086289948783815,5.598110569549083,0.0,0.08547739429692247,0.0,0.0,0.0,6.557910530942609,0.28951944958419007,0.625
gamma,eig@gammamix-poisson,49,90.0,180.0,1.0333778997301124,0.030821899534203112,5.445767256753416,0.0,0.08547739429692247,0.0,0.0,0.0,4.610238694846825,0.2293515118907926,0.8020833333333334
gamma,eig@gammamix-poisson,49,120.0,240.0,1.4425438999314792,0.04139409959316254,5.36515272194594,0.0,0.0,0.0,0.0,0.0,4.087945606351364,0.21461771376007002,0.9270833333333334
gamma,eig@gamma-poisson,0,15.0,30.0,0.5877442999044433,0.00016749987844377756,6.069861340792187,0.0,0.10454931088924224,0.16175986909055384,0.14964233906113267,0.1638049175273053,16.31266105395512,0.47564641609794295,0.15625
gamma,eig@gamma-poisson,0,30.0,60.0,0.6483540000044741,0.00030819984385743737,5.891602082634118,0.05890372115342679,0.0,0.0,0.004524531505748719,0.0,8.494354717845447,0.42698131999293365,0.3125
gamma,eig@gamma-poisson,0,60.0,120.0,0.7517642001621425,0.0005218996666371822,5.6889955527203115,0.05890372115342679,0.0,0.0,0.004524531505748719,0.0,5.7003068934274745,0.30994828246184797,0.625
gamma,eig@gamma-poisson,0,90.0,180.0,0.8707280002417974,0.0007686996832489967,5.558299348324707,0.05890372115342679,0.0,0.0,0.0,0.0,4.595213051778896,0.2525654854213567,0.8020833333333334
gamma,eig@gamma-poisson,0,120.0,240.0,0.9777142000384629,0.000993199530057609,5.523949683066185,0.05890372115342679,0.0,0.0,0.0,0.0,4.122815887992174,0.2418796939226109,0.8020833333333334
gamma,eig@gamma-poisson,1,15.0,30.0,0.5876788998721167,0.0001205999287776649,6.091697553130007,0.0,0.2669328674819066,0.2271591531806001,0.24640826106759128,0.21524105439975838,13.100187110279768,0.4699555362537394,0.15625
gamma,eig@gamma-poisson,1,30.0,60.0,0.6501296999049373,0.0002684002392925322,5.93330705915437,0.0,0.0,0.0,0.04808461760398908,0.004362093376853782,9.067222843783894,0.4273936734875666,0.3125
gamma,eig@gamma-poisson,1,60.0,120.0,0.7640828998410143,0.0004936003242619336,5.711592649432926,0.0,0.0,0.0,0.04808461760398908,0.004362093376853782,7.855039037091022,0.3137152922910787,0.625
gamma,eig@gamma-poisson,1,90.0,180.0,0.865820899954997,0.0006982999038882554,5.536157397043746,0.0,0.0,0.0,0.0,0.0,5.273847511865549,0.24843027429588943,0.8020833333333334
gamma,eig@gamma-poisson,1,120.0,240.0,0.969529599766247,0.000912799674551934,5.5025759558155025,0.0,0.0,0.0,0.0,0.0,5.2058432200037075,0.239266694565451,0.8020833333333334
gamma,eig@gamma-poisson,2,15.0,30.0,0.558361200033687,0.00011459982488304377,6.247836441356784,0.5616117983173823,0.343457793565908,0.2639764148540321,0.2143683133225045,0.1814110463751697,18.907272032572678,0.4939965898428173,0.15625
gamma,eig@gamma-poisson,2,30.0,60.0,0.6189831998781301,0.00023699970915913582,6.098077867730235,0.5616117983173823,0.343457793565908,0.2639764148540321,0.2143683133225045,0.1814110463751697,17.40047418007801,0.4362477552410504,0.3125
gamma,eig@gamma-poisson,2,60.0,120.0,0.732744499866385,0.0004499998758547008,5.861382561361528,0.0,0.12034319876955546,0.025358087745408597,0.02059263704324943,0.012133782626939982,10.046753864985957,0.32730857767893434,0.625
gamma,eig@gamma-poisson,2,90.0,180.0,0.8551674996269867,0.0006888997158966959,5.611612845039585,0.0,0.0,0.0,0.0,0.012133782626939982,5.738085451952084,0.2441477348410084,0.8020833333333334
gamma,eig@gamma-poisson,2,120.0,240.0,0.9798064996139146,0.0009744999115355313,5.465804361498871,0.0,0.0,0.0,0.0,0.012133782626939982,4.929872992841923,0.21002595171114735,0.8020833333333334
gamma,eig@gamma-poisson,3,15.0,30.0,0.5771366000408307,0.00013589992886409163,6.111768374337402,0.19689468118130493,0.20233440326816465,0.20442161832603534,0.1562676510622275,0.10362607967865023,16.34848456474541,0.45791173809493146,0.15625
gamma,eig@gamma-poisson,3,30.0,60.0,0.6379613999160938,0.000260099652223289,5.9549193994387535,0.0,0.0,0.0644366787190187,0.09851569034751184,0.055662008513103545,8.957459216591351,0.40273552626154135,0.3125
gamma,eig@gamma-poisson,3,60.0,120.0,0.7476155997137539,0.0004764000768773258,5.714472472532518,0.0,0.0,0.0644366787190187,0.09851569034751184,0.055662008513103545,7.045659418360165,0.28763835141267935,0.625
gamma,eig@gamma-poisson,3,90.0,180.0,0.8678689999505877,0.0007136998465284705,5.568833530796709,0.0,0.0,0.0,0.049257845173755865,0.014752457354375581,4.747684544216623,0.25548121942304275,0.8020833333333334
gamma,eig@gamma-poisson,3,120.0,240.0,1.0084179999539629,0.0009741000249050558,5.513004424794971,0.0,0.0,0.0,0.049257845173755865,0.014752457354375581,4.651465790961292,0.24513869955141745,0.8020833333333334
gamma,eig@gamma-poisson,4,15.0,30.0,0.5703066000132822,0.0001352998660877347,6.104528782337518,0.0,0.02945186057671345,0.0,0.10087212368982745,0.09730639730639745,14.283262686937503,0.4618068638857552,0.15625
gamma,eig@gamma-poisson,4,30.0,60.0,0.6307760000927374,0.00028009997913613915,5.941536224658727,0.0,0.02945186057671345,0.05700380087141932,0.0,0.019285054442475857,8.495073029978606,0.4165478115668475,0.3125
gamma,eig@gamma-poisson,4,60.0,120.0,0.7813794998801313,0.0005450000171549618,5.7352503646315185,0.0,0.02945186057671345,0.05700380087141932,0.0,0.019285054442475857,6.613083451564614,0.30649187385887117,0.625
gamma,eig@gamma-poisson,4,90.0,180.0,0.9153191994992085,0.0008048996678553522,5.588101660072979,0.0,0.0,0.0,0.0,0.019285054442475857,4.892926975822186,0.25339872564074883,0.8020833333333334
gamma,eig@gamma-poisson,4,120.0,240.0,1.0374410991207696,0.0010708998306654394,5.466533729418155,0.0,0.0,0.0,0.0,0.019285054442475857,4.06604077238771,0.2291824842644057,0.8020833333333334
gamma,eig@gamma-poisson,5,15.0,30.0,0.6243800998781808,0.00013509968994185328,6.343060481708239,0.0,0.0,0.0,0.0,0.05614299766632158,18.178324621493616,0.46014227440509914,0.15625
gamma,eig@gamma-poisson,5,30.0,60.0,0.6900993997696787,0.00027299951761960983,6.205256990331317,0.0,0.0,0.0,0.0,0.004802935415663123,15.232073424248465,0.40463335278970364,0.3125
gamma,eig@gamma-poisson,5,60.0,120.0,0.8288175993948244,0.0005185990012250841,5.854121003215083,0.0,0.0,0.0,0.0,0.004802935415663123,7.0313876727159474,0.27454807345700577,0.625
gamma,eig@gamma-poisson,5,90.0,180.0,0.9458359994459897,0.0007374990382231772,5.701984666014329,0.0,0.0,0.0,0.0,0.004802935415663123,5.634822569740647,0.23337274102027397,0.8020833333333334
gamma,eig@gamma-poisson,5,120.0,240.0,1.0648888993891887,0.0009887989144772291,5.581504724725693,0.0,0.0,0.0,0.0,0.0,4.885060602148417,0.21401674613098137,0.8020833333333334
gamma,eig@gamma-poisson,6,15.0,30.0,0.5845343999681063,0.00017309992108494043,6.1033238708807716,0.0,0.0,0.0,0.04323361938760262,0.06496455198815776,14.797075331994732,0.457902995234234,0.15625
gamma,eig@gamma-poisson,6,30.0,60.0,0.6520744999870658,0.00038770021637901664,5.955876070364531,0.0,0.0,0.0,0.04323361938760262,0.03700071117881898,11.696166716389621,0.4105872647534989,0.3125
gamma,eig@gamma-poisson,6,60.0,120.0,0.7940941003034823,0.00065250025363639,5.682148464787816,0.0,0.0,0.0,0.0,0.0,6.707123073649506,0.28296393366224054,0.625
gamma,eig@gamma-poisson,6,90.0,180.0,0.9123488003388047,0.0008893002523109317,5.553393147392273,0.0,0.0,0.0,0.0,0.0,5.008543922639615,0.24567886224151145,0.8020833333333334
gamma,eig@gamma-poisson,6,120.0,240.0,1.0263844003202394,0.0011257004807703197,5.471745491115695,0.0,0.0,0.0,0.0,0.0,4.81982290949669,0.22829083506839104,0.8020833333333334
gamma,eig@gamma-poisson,7,15.0,30.0,0.6195330999325961,0.00015599984908476472,6.094352013092384,0.0,0.133010766041593,0.13577110391530278,0.11096768880353569,0.14559405616173537,14.10270442447668,0.4521385615436443,0.15625
gamma,eig@gamma-poisson,7,30.0,60.0,0.6805498999310657,0.00028229993768036366,5.95582927714333,0.0,0.0,0.0601108858807361,0.05693751766465771,0.04825256397653899,10.455487582379494,0.40735293923289545,0.3125
gamma,eig@gamma-poisson,7,60.0,120.0,0.79680210002698,0.0005162000306881964,5.686505481740354,0.0,0.0,0.0,0.02160994193039778,0.022645892722566452,5.305366149281151,0.2855668556658428,0.625
gamma,eig@gamma-poisson,7,90.0,180.0,0.9247136000194587,0.0007831001421436667,5.610024250178909,0.0,0.0,0.03696937155994762,0.051825544516097555,0.04825256397653921,4.897594781815883,0.2449211043458036,0.8020833333333334
gamma,eig@gamma-poisson,7,120.0,240.0,1.028193999954965,0.0010063002118840814,5.521902472850781,0.0,0.0,0.03696937155994762,0.051825544516097555,0.04825256397653921,4.441706785239665,0.22625391001431763,0.8020833333333334
gamma,eig@gamma-poisson,8,15.0,30.0,0.6424591998802498,0.0001556998468004167,6.214158453276454,0.3648302387128344,0.2884787407250098,0.25885348098815153,0.22155394131493333,0.1964529420386627,18.176217400321978,0.4493891703661045,0.15625
gamma,eig@gamma-poisson,8,30.0,60.0,0.7075599000090733,0.00028159975772723556,6.072332073421535,0.0,0.0,0.004905424765740074,0.03369864667275424,0.03931599433252464,10.446380921978287,0.41026474204518476,0.3125
gamma,eig@gamma-poisson,8,60.0,120.0,0.8401442999602295,0.0005646997597068548,5.843500780961456,0.0,0.0,0.004905424765740074,0.03369864667275424,0.03931599433252464,7.586176477198601,0.3045605163690331,0.625
gamma,eig@gamma-poisson,8,90.0,180.0,0.9577301003737375,0.0007988999132066965,5.702863609494588,0.0,0.0,0.004905424765740074,0.003946474359598495,0.014428936696904149,5.488120675247995,0.2558959235388909,0.8020833333333334
gamma,eig@gamma-poisson,8,120.0,240.0,1.0617215003003366,0.0010285001480951905,5.614261739185555,0.0,0.0,0.004905424765740074,0.003946474359598495,0.014428936696904149,5.251080274980916,0.23412158423787327,0.8020833333333334
gamma,eig@gamma-poisson,9,15.0,30.0,0.6422860000748187,0.00013150001177564263,6.258178917084325,0.0,0.0,0.0,0.07788291113353163,0.10635859647996249,18.352671384666724,0.48352873655495004,0.15625
gamma,eig@gamma-poisson,9,30.0,60.0,0.7066042000078596,0.0002661998150870204,6.115315033035583,0.0,0.0,0.0,0.07788291113353163,0.10635859647996249,16.404072183656147,0.44355376113954176,0.3125
gamma,eig@gamma-poisson,9,60.0,120.0,0.8213883999851532,0.0005126995965838432,5.810122043682333,0.0,0.0,0.003440460633779674,0.0,0.0,9.412545370403633,0.32302537922756347,0.625
gamma,eig@gamma-poisson,9,90.0,180.0,0.9441284000640735,0.0007387998048216105,5.5743433618378,0.0,0.0,0.0,0.0,0.0,5.394034696443752,0.23768519081652834,0.8020833333333334
gamma,eig@gamma-poisson,9,120.0,240.0,1.0426327002933249,0.0009565998916514218,5.476275920302229,0.0,0.0,0.0,0.0,0.0,4.747026451164499,0.2238473512807796,0.8020833333333334
gamma,eig@gamma-poisson,10,15.0,30.0,0.6066463000606745,0.0001124998671002686,6.094881402683929,0.0,0.0073704802629662725,0.031894955823164706,0.11098647321032806,0.14079017469085597,13.954774831677616,0.4871890569073456,0.15625
gamma,eig@gamma-poisson,10,30.0,60.0,0.6687739002518356,0.0002299999468959868,5.911205974846808,0.0,0.0073704802629662725,0.0,0.0,0.0,9.588403846901997,0.4270225785450916,0.3125
gamma,eig@gamma-poisson,10,60.0,120.0,0.7787649002857506,0.0004521997761912644,5.664752644920076,0.0,0.0073704802629662725,0.0,0.0,0.0,7.060862172551896,0.30683884272043543,0.625
gamma,eig@gamma-poisson,10,90.0,180.0,0.8764616001280956,0.0006471995729953051,5.522303699819176,0.0,0.0073704802629662725,0.0,0.0,0.0,4.432163767634878,0.24466314119017019,0.8020833333333334
gamma,eig@gamma-poisson,10,120.0,240.0,0.989083599881269,0.0008907993324100971,5.417721263423819,0.0,0.0073704802629662725,0.0,0.0,0.0,3.815121709800575,0.22598946271753106,0.8020833333333334
gamma,eig@gamma-poisson,11,15.0,30.0,0.5751881000469439,9.910011431202292e-05,6.133285328090365,0.1155566629196555,0.20707457390512907,0.08874634827892791,0.0981603727037118,0.13239623697012814,16.94559020222184,0.49845951229031493,0.15625
gamma,eig@gamma-poisson,11,30.0,60.0,0.6362798001500778,0.0002781004295684397,5.980186495519452,0.1155566629196555,0.07817145879263643,0.1425653075913459,0.0,0.017079492834485732,11.43988786271566,0.44448256658852364,0.3125
gamma,eig@gamma-poisson,11,60.0,120.0,0.74610930000199,0.000508800323586911,5.742592659546001,0.1155566629196555,0.07817145879263643,0.1425653075913459,0.0,0.017079492834485732,7.83867382911378,0.3261665567350167,0.625
gamma,eig@gamma-poisson,11,90.0,180.0,0.8581856998498552,0.0007321000448428094,5.592194598827312,0.1155566629196555,0.07817145879263643,0.0,0.020191233983764212,0.017079492834485732,5.8796471519054805,0.26479097112049166,0.8020833333333334
gamma,eig@gamma-poisson,11,120.0,240.0,0.9605906995129772,0.0009564998326823115,5.524353227616712,0.1155566629196555,0.07817145879263643,0.0,0.020191233983764212,0.017079492834485732,5.380341869380804,0.2532277993583044,0.8020833333333334
gamma,eig@gamma-poisson,12,15.0,30.0,0.5819372000987642,0.00012720009544864297,6.169172701201706,0.16765366662304237,0.23256443755338174,0.2105880886552146,0.2579035266160745,0.20554517899076974,16.040696498870222,0.4753918944961411,0.15625
gamma,eig@gamma-poisson,12,30.0,60.0,0.6372951000812463,0.0002528004697524011,6.0344379768233125,0.0,0.0,0.0,0.02202360151114413,0.01880360214586041,10.475459849875742,0.4197712371894342,0.3125
gamma,eig@gamma-poisson,12,60.0,120.0,0.7352484998991713,0.00045590061927214265,5.859214666560717,0.0,0.0,0.0,0.02202360151114413,0.01880360214586041,8.448171525202651,0.33583245826819585,0.625
gamma,eig@gamma-poisson,12,90.0,180.0,0.854608399909921,0.0007273007067851722,5.671661617738756,0.0,0.0,0.0,0.0,0.0,5.7469864386852425,0.2796820110981449,0.8020833333333334
gamma,eig@gamma-poisson,12,120.0,240.0,0.9569187996676192,0.0009460009168833494,5.520630236297201,0.0,0.0,0.0,0.0,0.0,5.077464426021808,0.25463439769809626,0.8020833333333334
gamma,eig@gamma-poisson,13,15.0,30.0,0.5351189998909831,0.00010849983664229512,6.142338121341237,0.0,0.13987883943566837,0.15121335938887892,0.13346556138558152,0.1364841112764431,16.57875246257692,0.4531752557105798,0.15625
gamma,eig@gamma-poisson,13,30.0,60.0,0.5952174998237751,0.00022479990730062127,6.01093685967352,0.0,0.13987883943566837,0.11074080653757323,0.1221597758820624,0.10247131169250168,13.642006237812382,0.40723631873547667,0.3125
gamma,eig@gamma-poisson,13,60.0,120.0,0.6998701997799799,0.0004236998502165079,5.778669769743426,0.1473096846716344,0.0,0.0,0.0,0.02742664798254868,7.244817929076581,0.3250697590404019,0.625
gamma,eig@gamma-poisson,13,90.0,180.0,0.8090644997428171,0.0006248998688533902,5.656817843368306,0.0,0.0,0.004801326464143885,0.0038788171043011577,0.0,4.905089682274815,0.26875168693918317,0.8020833333333334
gamma,eig@gamma-poisson,13,120.0,240.0,0.9226546001154929,0.0008537998655810952,5.56332465040654,0.0,0.0,0.004801326464143885,0.0038788171043011577,0.0,4.229807835932542,0.25515900580844997,0.8020833333333334
gamma,eig@gamma-poisson,14,15.0,30.0,0.5503720999113284,0.00011979998089373112,6.078191181703929,0.008572176416699384,0.0,0.0,0.06304117029627343,0.11623551492371564,16.776204133406875,0.46960212226428055,0.15625
gamma,eig@gamma-poisson,14,30.0,60.0,0.6084635001607239,0.00023370026610791683,5.9081289784163955,0.008572176416699384,0.0,0.0,0.0,0.0,8.338101539484258,0.40922151031325105,0.3125
gamma,eig@gamma-poisson,14,60.0,120.0,0.7196379002416506,0.00045219995081424713,5.73412820190218,0.008572176416699384,0.0,0.0,0.0,0.0,6.91964048922999,0.312535424004861,0.625
gamma,eig@gamma-poisson,14,90.0,180.0,0.8309277002699673,0.0006582002970390022,5.5947148233128265,0.008572176416699384,0.0,0.0,0.0,0.0,5.062542378243118,0.25766791154373087,0.8020833333333334
gamma,eig@gamma-poisson,14,120.0,240.0,0.9412043001502752,0.000890100549440831,5.504733105314979,0.008572176416699384,0.0,0.0,0.0,0.0,4.395962744921752,0.24063410832650342,0.8020833333333334
gamma,eig@gamma-poisson,15,15.0,30.0,0.5633722000638954,0.00011110008927062154,6.15980083712071,0.0,0.0,0.036099642841438295,0.02887415588069786,0.01949512381758689,14.005266045594038,0.478905612034763,0.15625
gamma,eig@gamma-poisson,15,30.0,60.0,0.6204692999599501,0.0002234999556094408,6.0277450121318275,0.0,0.0,0.036099642841438295,0.02887415588069786,0.02405870956187628,10.103317054426084,0.4222761217523115,0.3125
gamma,eig@gamma-poisson,15,60.0,120.0,0.7317230004118755,0.00044780009193345904,5.842158139141236,0.0,0.0,0.036099642841438295,0.02887415588069786,0.02405870956187628,7.542814447194478,0.32737906524861754,0.625
gamma,eig@gamma-poisson,15,90.0,180.0,0.8565021005342714,0.0006804001168347895,5.6765181429261,0.0,0.0,0.036099642841438295,0.02887415588069786,0.02405870956187628,5.579042436719947,0.2709146698040967,0.8020833333333334
gamma,eig@gamma-poisson,15,120.0,240.0,0.9604337008786388,0.0009061000309884548,5.5602597083594345,0.0,0.0,0.036099642841438295,0.02887415588069786,0.02405870956187628,4.972718094013217,0.24352039516262647,0.8020833333333334
gamma,eig@gamma-poisson,16,15.0,30.0,0.5545991998515092,0.00010330002987757325,6.198647533967052,0.01577368333485396,0.0371672702978304,0.17103205117566456,0.24675842902759493,0.2998356771248605,21.811412286218083,0.5116003159861284,0.15625
gamma,eig@gamma-poisson,16,30.0,60.0,0.6079751998768188,0.00021459994604811072,6.035904906749599,0.01577368333485396,0.0371672702978304,0.09215565869859055,0.13666923554123922,0.16689323871790784,18.982131743623746,0.4670533181344982,0.3125
gamma,eig@gamma-poisson,16,60.0,120.0,0.7265823998604901,0.0004289001226425171,5.725366206750084,0.01577368333485396,0.0371672702978304,0.0,0.0,0.037968426088343166,8.17727421683964,0.3240033069270166,0.625
gamma,eig@gamma-poisson,16,90.0,180.0,0.8396370998234488,0.0006538004381582141,5.6505501607943005,0.01577368333485396,0.0371672702978304,0.0,0.0,0.037968426088343166,7.489946527339594,0.2562092500538469,0.8020833333333334
gamma,eig@gamma-poisson,16,120.0,240.0,0.9480869999970309,0.0008790004067122936,5.508504774114584,0.01577368333485396,0.0371672702978304,0.0,0.0,0.037968426088343166,5.937438435124972,0.23529891820698803,0.8020833333333334
gamma,eig@gamma-poisson,17,15.0,30.0,0.5717526000807993,0.00010580010712146759,6.252915019280368,0.0,0.24614960956244825,0.34410897225564185,0.37443121630381504,0.3843209712811362,25.587505959249768,0.47664837889402817,0.15625
gamma,eig@gamma-poisson,17,30.0,60.0,0.6394311998155899,0.00022689992329105735,6.069559625195421,0.008572176416699384,0.004286088208349748,0.0,0.021456321982812554,0.0669200163970004,18.97154997144853,0.42604500743721674,0.3125
gamma,eig@gamma-poisson,17,60.0,120.0,0.7451315001235344,0.0004373002448119223,5.7830861184853495,0.008572176416699384,0.004286088208349748,0.0,0.021456321982812554,0.001748209592245198,11.42780830561927,0.28929974578433315,0.625
gamma,eig@gamma-poisson,17,90.0,180.0,0.8613633003551513,0.0006580005283467472,5.610952073259433,0.008572176416699384,0.004286088208349748,0.0,0.021456321982812554,0.001748209592245198,6.390184906769814,0.2282539433276737,0.8020833333333334
gamma,eig@gamma-poisson,17,120.0,240.0,0.9910241002799012,0.0009042005985975266,5.528808422333655,0.008572176416699384,0.004286088208349748,0.0,0.01937220710640042,0.01799811916761107,5.661914372928429,0.21621324554855129,0.8020833333333334
gamma,eig@gamma-poisson,18,15.0,30.0,0.5578519001719542,0.00011820025974884629,6.079698755268441,0.0,0.10133644118799001,0.14280184191883405,0.1479370145243296,0.1423567252057697,13.898766011380838,0.4726514062768078,0.15625
gamma,eig@gamma-poisson,18,30.0,60.0,0.6194195001153275,0.00022930005798116326,5.932013973781893,0.0,0.0,0.0,0.0,0.004208824413250656,9.503504533793523,0.4475827447020395,0.3125
gamma,eig@gamma-poisson,18,60.0,120.0,0.7715711001073942,0.0004741998272947967,5.692404274388977,0.0,0.0,0.0,0.0,0.004208824413250656,7.814921586203858,0.3247447217802245,0.625
gamma,eig@gamma-poisson,18,90.0,180.0,0.8915538999135606,0.0007105995318852365,5.4839248497339925,0.0,0.0,0.0,0.0,0.015572316080596504,5.236334798341993,0.22235129597871284,0.8020833333333334
gamma,eig@gamma-poisson,18,120.0,240.0,1.0125568999210373,0.0009583992068655789,5.399662029195821,0.0,0.0,0.0,0.0,0.015572316080596504,4.816127765267097,0.21400519277485852,0.8020833333333334
gamma,eig@gamma-poisson,19,15.0,30.0,0.520744800043758,9.680003859102726e-05,6.227684003469307,0.4073605041961753,0.21589590458498975,0.19373385955992284,0.16472018297136515,0.1707053282018709,17.364136659488267,0.46111503820373045,0.15625
gamma,eig@gamma-poisson,19,30.0,60.0,0.5839531001402065,0.00022050004918128252,6.058680687225102,0.0,0.15592125136716373,0.047393366121813885,0.03828665242760754,0.03211558889808408,12.84491212881217,0.4277797908112071,0.3125
gamma,eig@gamma-poisson,19,60.0,120.0,0.7226566001190804,0.0005010999739170074,5.808746930831755,0.0,0.15592125136716373,0.047393366121813885,0.03828665242760754,0.006888892830802962,8.064808543602343,0.29556828454809325,0.625
gamma,eig@gamma-poisson,19,90.0,180.0,0.8466925003449433,0.0007588002481497824,5.629318783508118,0.0,0.0,0.047393366121813996,0.008212604983236838,0.006888892830802962,5.699439603255532,0.25173943034928437,0.8020833333333334
gamma,eig@gamma-poisson,19,120.0,240.0,0.9591105003491975,0.005043500103056431,5.524728973019269,0.0,0.0,0.047393366121813996,0.008212604983236838,0.006888892830802962,5.216667093806003,0.23352601161697295,0.8020833333333334
gamma,eig@gamma-poisson,20,15.0,30.0,0.6134724999428727,0.00012779998360201716,6.265321219012724,0.0,0.0,0.030805315414543677,0.051592473669877625,0.07507784636343262,16.07429922624449,0.4440251613112538,0.15625
gamma,eig@gamma-poisson,20,30.0,60.0,0.6732823000638746,0.0002459001843817532,6.1497118801914565,0.0,0.0,0.07680594405132635,0.06460733337977653,0.03339055464123686,14.125191741572596,0.4067681430653542,0.3125
gamma,eig@gamma-poisson,20,60.0,120.0,0.813268500205595,0.000500100024510175,5.808512302381524,0.0,0.0,0.07680594405132635,0.06460733337977653,0.03339055464123686,6.056315514354952,0.2897723185538175,0.625
gamma,eig@gamma-poisson,20,90.0,180.0,0.9213878002483398,0.000727499951608479,5.684432579882073,0.0,0.0,0.030805315414543677,0.0032210463650814702,0.021766132319074205,5.096101519265089,0.24530009330761182,0.8020833333333334
gamma,eig@gamma-poisson,20,120.0,240.0,1.0372306001372635,0.0010042998474091291,5.592690578427718,0.0,0.0,0.030805315414543677,0.0032210463650814702,0.021766132319074205,4.377873269067159,0.23414280083878553,0.8020833333333334
gamma,eig@gamma-poisson,21,15.0,30.0,0.6388119002222084,0.00012360018445178866,6.085023992525337,0.38903807596187656,0.3375541941911613,0.3098434809931855,0.2561469296313029,0.21669325678664053,13.302923506068261,0.47590221765999946,0.15625
gamma,eig@gamma-poisson,21,30.0,60.0,0.7146165002486669,0.00025690015172585845,5.935078348220006,0.0,0.0,0.07481039736000106,0.07471702355714294,0.06400576564145843,10.25411488717547,0.44049383384367985,0.3125
gamma,eig@gamma-poisson,21,60.0,120.0,0.8355069003882818,0.0005019999225623906,5.646787490550423,0.0,0.0,0.07481039736000106,0.0067078174721796335,0.0,5.667897408398383,0.32376931914331064,0.625
gamma,eig@gamma-poisson,21,90.0,180.0,0.9564228003146127,0.0007699996931478381,5.513454608733504,0.0,0.0,0.0,0.0,0.0,4.579491836430242,0.2434467402837133,0.8020833333333334
gamma,eig@gamma-poisson,21,120.0,240.0,1.0775301001849584,0.0010271990322507918,5.428454689936026,0.0,0.0,0.0,0.0,0.0,3.9486094620860985,0.22556448392074974,0.8020833333333334
gamma,eig@gamma-poisson,22,15.0,30.0,0.5992496000835672,0.00012210023123770952,6.3126927746833985,0.0,0.00988403987666231,0.1003146655352849,0.1581842589029968,0.11701401491810781,19.184020577688234,0.4638444259852498,0.15625
gamma,eig@gamma-poisson,22,30.0,60.0,0.6918800003477372,0.0002613001852296293,6.1569671696857275,0.0,0.00988403987666231,0.006927503182010963,0.05152238040271906,0.08872053729949048,15.435828362396277,0.4088068662662494,0.3125
gamma,eig@gamma-poisson,22,60.0,120.0,0.8162785003660247,0.0005019999807700515,5.844691075218595,0.0,0.00988403987666231,0.006927503182010963,0.05152238040271906,0.08872053729949048,8.70640465558563,0.28915493261864256,0.625
gamma,eig@gamma-poisson,22,90.0,180.0,0.9460430005565286,0.0007582998950965703,5.650023004783708,0.0,0.00988403987666231,0.006927503182010963,0.0,0.029265039799441284,6.3941377807734066,0.23091853051440647,0.8020833333333334
gamma,eig@gamma-poisson,22,120.0,240.0,1.0544823007076047,0.001005199970677495,5.539182576622134,0.0,0.00988403987666231,0.006927503182010963,0.0,0.0,5.3509761982588655,0.21471032420337519,0.8020833333333334
gamma,eig@gamma-poisson,23,15.0,30.0,0.6129887001588941,0.00013370002852752805,6.210328530365768,0.0,0.0,0.0,0.022168872567189357,0.0369771837346482,12.853814600072972,0.510235755319464,0.15625
gamma,eig@gamma-poisson,23,30.0,60.0,0.6715218001627363,0.00024650024715811014,6.062040886876157,0.0,0.0,0.0,0.022168872567189357,2.220446049250313e-16,9.549542524162986,0.46070829212892833,0.3125
gamma,eig@gamma-poisson,23,60.0,120.0,0.7854048001463525,0.0005115001113153994,5.848559328579266,0.0,0.0,0.0,0.022168872567189357,2.220446049250313e-16,7.496605222647591,0.3557066057045497,0.625
gamma,eig@gamma-poisson,23,90.0,180.0,0.905202400055714,0.0007401998736895621,5.694349519032225,0.0,0.0,0.0,0.0,0.0,5.982998831960775,0.285562208363064,0.8020833333333334
gamma,eig@gamma-poisson,23,120.0,240.0,1.0126718998653814,0.0009829996270127594,5.571014651283181,0.0,0.0,0.0,0.0,0.0,5.560598650369024,0.2669338230737741,0.8020833333333334
gamma,eig@gamma-poisson,24,15.0,30.0,0.6319173000520095,0.00013720022980123758,6.316736938196819,0.0,0.0,0.0,0.0,0.06121594219787907,16.13448400417055,0.4672605852551896,0.15625
gamma,eig@gamma-poisson,24,30.0,60.0,0.6844481999869458,0.00025220023235306144,6.17517541111188,0.0,0.0,0.0,0.0,0.035111292390164306,12.920818432278661,0.4202200469518519,0.3125
gamma,eig@gamma-poisson,24,60.0,120.0,0.8017482001450844,0.0005027002771385014,5.947087137441739,0.0,0.0,0.0,0.0,0.035111292390164306,8.479399851201636,0.32067092940324265,0.625
gamma,eig@gamma-poisson,24,90.0,180.0,0.9281338002183475,0.0007502000662498176,5.819044373860748,0.0,0.0,0.0,0.0,0.0,6.813774202677564,0.27470035097524503,0.8020833333333334
gamma,eig@gamma-poisson,24,120.0,240.0,1.033223300066311,0.0009773001074790955,5.7262958399169825,0.0,0.0,0.0,0.0,0.0,6.435861473577269,0.2545206649059171,0.8020833333333334
gamma,eig@gamma-poisson,25,15.0,30.0,0.633893700200133,0.00012660009087994695,6.237009740874164,0.0,0.06073393785544445,0.04329333098566157,0.08653126138961598,0.15340372429666815,18.324590695450926,0.5020082814296479,0.15625
gamma,eig@gamma-poisson,25,30.0,60.0,0.697349900205154,0.00025590008590370417,6.0530192560169995,0.0,0.0,0.0066505582438283195,0.0,0.02382523814145676,13.845586932286775,0.4543532574579385,0.3125
gamma,eig@gamma-poisson,25,60.0,120.0,0.8147281998535618,0.000490100122988224,5.795086934586514,0.0,0.0,0.0066505582438283195,0.029448991087107745,0.0,10.267183938028182,0.330895868919186,0.625
gamma,eig@gamma-poisson,25,90.0,180.0,0.9336803997284733,0.0007156003848649561,5.521900765743925,0.0,0.0,0.0,0.0,0.0,4.494215368813067,0.24245216448863322,0.8020833333333334
gamma,eig@gamma-poisson,25,120.0,240.0,1.0372224995517172,0.0009306002175435424,5.415799557806925,0.0,0.0,0.0,0.0,0.0,4.0361550573408405,0.2183717615363332,0.8020833333333334
gamma,eig@gamma-poisson,26,15.0,30.0,0.5713918000110425,9.670003782957792e-05,6.1615197902321865,0.0,0.1134456108845282,0.14290498690629427,0.164011265795882,0.17820404287070934,17.886113973477986,0.47626000691083326,0.15625
gamma,eig@gamma-poisson,26,30.0,60.0,0.6341529002529569,0.00021600001491606236,6.002397494390306,0.0,0.020395371684950314,0.07850977892014244,0.06313323458456566,0.08836819970153309,14.25503316659638,0.42878727796691685,0.3125
gamma,eig@gamma-poisson,26,60.0,120.0,0.7449051002622582,0.0004361998871900141,5.822743622003799,0.0,0.020395371684950314,0.07850977892014244,0.06313323458456566,0.08836819970153309,13.11345577903849,0.33117695236567873,0.625
gamma,eig@gamma-poisson,26,90.0,180.0,0.8594791000359692,0.0006556002190336585,5.565005682214171,0.0,0.020395371684950314,0.0,0.0,0.0,5.300045614651821,0.25420135873592825,0.8020833333333334
gamma,eig@gamma-poisson,26,120.0,240.0,0.963980300410185,0.0008712999988347292,5.454407658855932,0.0,0.020395371684950314,0.0,0.0,0.0,4.802006878862234,0.23207305473939327,0.8020833333333334
gamma,eig@gamma-poisson,27,15.0,30.0,0.5725660000462085,9.200000204145908e-05,6.09344492543914,0.0,0.0,0.011648201976892869,0.04626947260717784,0.057564602504751594,12.662611162569066,0.4690735863147352,0.15625
gamma,eig@gamma-poisson,27,30.0,60.0,0.6301597001147456,0.00020000006770715117,5.9911364753285214,0.0,0.0,0.011648201976892869,0.027582357215005904,0.05299169598037923,10.564126356053883,0.4228780937946092,0.3125
gamma,eig@gamma-poisson,27,60.0,120.0,0.7318247001385316,0.00039499998092651367,5.757800033266146,0.0,0.0,0.011648201976892869,0.027582357215005904,0.01378824341963325,6.6918342400189195,0.3084504812591681,0.625
gamma,eig@gamma-poisson,27,90.0,180.0,0.8495895002270117,0.0006240003276616335,5.570937980722431,0.0,0.0,0.011648201976892869,0.027582357215005904,0.01378824341963325,4.936900802600418,0.24893193429221994,0.8020833333333334
gamma,eig@gamma-poisson,27,120.0,240.0,0.9395935003994964,0.0008376007899641991,5.473926265142617,0.0,0.0,0.011648201976892869,0.027582357215005904,0.01378824341963325,4.470455215589842,0.22695792071667628,0.8020833333333334
gamma,eig@gamma-poisson,28,15.0,30.0,0.5709511000895873,0.00010330020450055599,6.418518138283509,0.05890372115342679,0.08637060842889488,0.0,0.10185400273398448,0.11725100461887683,19.283712514487565,0.47665323000669874,0.15625
gamma,eig@gamma-poisson,28,30.0,60.0,0.6126557998359203,0.00018609996186569333,6.279642593708566,0.05890372115342679,0.08637060842889488,0.0,0.07840821690025934,0.1307517393204931,18.086806663469943,0.43437231498352424,0.3125
gamma,eig@gamma-poisson,28,60.0,120.0,0.7192451997543685,0.0003962996997870505,5.945482024288244,0.05890372115342679,0.08637060842889488,0.0,0.07840821690025934,0.04461600648854758,12.710680871220843,0.30908500243334486,0.625
gamma,eig@gamma-poisson,28,90.0,180.0,0.8408613997744396,0.0006678998470306396,5.674355731111905,0.05890372115342679,0.0,0.0,0.0,0.04461600648854758,6.215292937123186,0.24422521871113298,0.8020833333333334
gamma,eig@gamma-poisson,28,120.0,240.0,1.011132399784401,0.0009620998753234744,5.603950552616728,0.05890372115342679,0.0,0.0,0.0,0.04461600648854758,5.612630664464576,0.23369119762628035,0.8020833333333334
gamma,eig@gamma-poisson,29,15.0,30.0,0.5797335001407191,0.00011279998579993844,6.03800759806479,0.0,0.09498754549539767,0.0,0.039859710559609685,0.017764750720433375,13.15272528344101,0.4960920398816855,0.15625
gamma,eig@gamma-poisson,29,30.0,60.0,0.6362437003408559,0.00022080016788095236,5.859859645931132,0.0,0.09498754549539767,0.0,0.039859710559609685,0.017764750720433375,10.452458814630697,0.4467865410451837,0.3125
gamma,eig@gamma-poisson,29,60.0,120.0,0.7590826003579423,0.0004608003073371947,5.620511455561459,0.0,0.09498754549539767,0.0,0.039859710559609685,0.017764750720433375,7.094447630906901,0.30248037302203323,0.625
gamma,eig@gamma-poisson,29,90.0,180.0,0.9196914004860446,0.0007438003085553646,5.463367186328636,0.0,0.0,0.0,0.0,0.0,4.524948015472889,0.24466353781012584,0.8020833333333334
gamma,eig@gamma-poisson,29,120.0,240.0,1.0369155004736967,0.000961000332608819,5.393288174203949,0.0,0.0,0.0,0.0,0.0,4.24188774626322,0.23009870906929553,0.8072916666666666
gamma,eig@gamma-poisson,30,15.0,30.0,0.5592374001280405,9.390024933964014e-05,6.13348826044903,0.4405805964976658,0.3860221841855783,0.3605632424998345,0.3195018049135131,0.3133393542692975,16.08241047082135,0.461600007003304,0.15625
gamma,eig@gamma-poisson,30,30.0,60.0,0.6198765002191067,0.00020320015028119087,5.987484187292022,0.4405805964976658,0.3860221841855783,0.3330833358109302,0.2968757649890472,0.20855496859334355,14.459264540257369,0.41811673205529865,0.3125
gamma,eig@gamma-poisson,30,60.0,120.0,0.7339723003678955,0.00042870017932727933,5.715219522385162,0.0,0.004325330452383036,0.0771565243439083,0.06352811237685796,0.06438110492079374,7.325495993771478,0.30170752341708573,0.625
gamma,eig@gamma-poisson,30,90.0,180.0,0.9032672003959306,0.0006854000966995955,5.547675997969779,0.0,0.004325330452383036,0.0771565243439083,0.02084350028454296,0.0342949441076017,4.717441238000909,0.24411097595999237,0.8020833333333334
gamma,eig@gamma-poisson,30,120.0,240.0,1.039389100507833,0.000916300225071609,5.42215409549323,0.0,0.004325330452383036,0.07023172084931373,0.0786699601008033,0.021336832974132247,4.095858769636176,0.2220911904021686,0.8020833333333334
gamma,eig@gamma-poisson,31,15.0,30.0,0.547404500131961,9.50999092310667e-05,6.448407535968225,0.0,0.1585859675411565,0.16274017515030215,0.1288453814470336,0.15582284817420045,23.629441865380553,0.5193561093677388,0.15625
gamma,eig@gamma-poisson,31,30.0,60.0,0.6063361000851728,0.00019800016889348626,6.297671544703339,0.0,0.1134456108845282,0.18563863015115756,0.14697464895217227,0.12164001272297786,21.40724198560139,0.47154906298266075,0.3125
gamma,eig@gamma-poisson,31,60.0,120.0,0.7392885003355332,0.0004190002800896764,6.0025864124857335,0.0,0.1134456108845282,0.18563863015115756,0.14697464895217227,0.12164001272297786,18.200068460167852,0.3348619758328255,0.625
gamma,eig@gamma-poisson,31,90.0,180.0,0.8942853000480682,0.0007184003479778767,5.597469322598795,0.0,0.0,0.05451861519056844,0.06129299006906763,0.050727660484203185,6.299634143140199,0.2460089938907263,0.8020833333333334
gamma,eig@gamma-poisson,31,120.0,240.0,1.0175666000577621,0.0009695004555396736,5.48896978266703,0.0,0.0,0.05451861519056844,0.06129299006906763,0.050727660484203185,5.6877584440085736,0.22227709248416627,0.8020833333333334
gamma,eig@gamma-poisson,32,15.0,30.0,0.5402388001093641,0.00012160016922280192,6.399842865043841,0.050766726068686485,0.0,0.0,0.1330788466832019,0.17815818027775432,19.84400358171246,0.504045005909596,0.15625
gamma,eig@gamma-poisson,32,30.0,60.0,0.6166403002571315,0.000273600104264915,6.26011021055682,0.050766726068686485,0.0,0.0,0.056675468351075065,0.08182606412231896,17.716264467174135,0.45729162084924385,0.3125
gamma,eig@gamma-poisson,32,60.0,120.0,0.8145219000289217,0.0005525004235096276,5.962210266977672,0.050766726068686485,0.0,0.0,0.056675468351075065,0.08182606412231896,15.097984079671427,0.3371697805363502,0.625
gamma,eig@gamma-poisson,32,90.0,180.0,0.9860117995995097,0.000800400273874402,5.678652135906301,0.050766726068686485,0.0,0.0,0.0,0.03362532390639783,6.514811311393972,0.2512727541472838,0.8020833333333334
gamma,eig@gamma-poisson,32,120.0,240.0,1.1171744995517656,0.00108630012255162,5.541097631846196,0.050766726068686485,0.0,0.0,0.0,0.03362532390639783,5.982003385242298,0.22709121786708475,0.8020833333333334
gamma,eig@gamma-poisson,33,15.0,30.0,0.6489776998641901,0.00012189993867650628,6.068184565405581,0.0,0.037760856656376185,0.06343558916561298,0.07371691369724409,0.014734248781990034,12.460778287009084,0.49630557630315725,0.15625
gamma,eig@gamma-poisson,33,30.0,60.0,0.7075872998684645,0.00022609991719946265,5.926150411482564,0.0,0.037760856656376185,0.06343558916561298,0.07371691369724409,0.014734248781990034,8.940681106752915,0.43574692843158735,0.3125
gamma,eig@gamma-poisson,33,60.0,120.0,0.8838462999556214,0.0004694999661296606,5.680209563645053,0.0,0.037760856656376185,0.06343558916561298,0.07371691369724409,0.014734248781990034,7.258347942293493,0.31630647808671064,0.625
gamma,eig@gamma-poisson,33,90.0,180.0,1.0582060001324862,0.0007471002754755318,5.486908188440283,0.0,0.037760856656376185,0.06343558916561298,0.0,0.018910305509274083,4.552102763892293,0.2340352473897498,0.8020833333333334
gamma,eig@gamma-poisson,33,120.0,240.0,1.1707099001505412,0.0009911003289744258,5.43151156074848,0.0,0.037760856656376185,0.06343558916561298,0.0,0.018910305509274083,4.368398242895309,0.22260662647045923,0.8020833333333334
gamma,eig@gamma-poisson,34,15.0,30.0,0.6550404000445269,0.0001799999736249447,6.2711297272555555,0.23380769721060135,0.12407255374037962,0.24448897166534134,0.3139445106177805,0.3619750286667228,22.298335480582992,0.45739468365244873,0.15625
gamma,eig@gamma-poisson,34,30.0,60.0,0.7555711001623422,0.00040469953091815114,6.104438898995156,0.0,0.0,0.04270706901602983,0.03236801327202743,0.026059264139909,12.782745892658278,0.39384298356369657,0.3125
gamma,eig@gamma-poisson,34,60.0,120.0,0.9193137004622258,0.0006577998283319175,5.841093856009806,0.0,0.0,0.04270706901602983,0.03236801327202743,0.026059264139909,8.132082123408873,0.29509887207356195,0.625
gamma,eig@gamma-poisson,34,90.0,180.0,1.0336456004879437,0.0008806998375803232,5.639843352047112,0.0,0.0,0.0,0.0,0.026059264139909,5.524204165314301,0.23775857454797075,0.8020833333333334
gamma,eig@gamma-poisson,34,120.0,240.0,1.1404875004081987,0.001113299687858671,5.580107155775633,0.0,0.0,0.0,0.0,0.026059264139909,4.824856517242175,0.22548307761559472,0.8020833333333334
gamma,eig@gamma-poisson,35,15.0,30.0,0.6596645000390708,0.00012290000449866056,6.447353046749753,0.3042707341327259,0.4155085203819584,0.38777647620955935,0.37618467660353483,0.37639331883263905,26.303661252349045,0.4662135206322774,0.15625
gamma,eig@gamma-poisson,35,30.0,60.0,0.7705583002534695,0.0002478002570569515,6.251865942361097,0.04340185519385875,0.14707978261395704,0.105378859106953,0.0883712969782916,0.13339884494469445,20.659428276323275,0.42352437100663415,0.3125
gamma,eig@gamma-poisson,35,60.0,120.0,0.9170033999835141,0.0004978002398274839,5.915342208766982,0.04340185519385875,0.14707978261395704,0.02272114243437784,0.0,0.0,11.30308015049246,0.31360893822738073,0.625
gamma,eig@gamma-poisson,35,90.0,180.0,1.0205757999210618,0.0006941001047380269,5.779301639886824,0.04340185519385875,0.14707978261395704,0.02272114243437784,0.0,0.0,7.557495795382069,0.25331858967671556,0.8020833333333334
gamma,eig@gamma-poisson,35,120.0,240.0,1.1210885999607854,0.0008917002123780549,5.6871807390112465,0.0,0.0,0.02272114243437784,0.0,0.0,6.410097788411281,0.23874254410729223,0.8020833333333334
gamma,eig@gamma-poisson,36,15.0,30.0,0.6768968997639604,0.00014659995213150978,6.106449067440619,0.1604569555364882,0.3513704548648382,0.37771791995606796,0.388101163330674,0.40421048553385486,20.822623683154855,0.48929898761050417,0.15625
gamma,eig@gamma-poisson,36,30.0,60.0,0.7563897998770699,0.0002826001145876944,5.953821781946186,0.0,0.0,0.0,0.0914610269765479,0.12536364458181415,15.843248584984407,0.4417791291864605,0.3125
gamma,eig@gamma-poisson,36,60.0,120.0,0.8746401997632347,0.0005376998451538384,5.651707248170784,0.0,0.0,0.0,0.015380663773790992,0.02154101790349594,9.847469814588845,0.32978274821716563,0.625
gamma,eig@gamma-poisson,36,90.0,180.0,0.9649145997245796,0.0007174001657404006,5.430047207341835,0.0,0.0,0.0,0.015380663773790992,0.02154101790349594,4.809043232178691,0.2358817894769783,0.8020833333333334
gamma,eig@gamma-poisson,36,120.0,240.0,1.0686584996292368,0.0009481998858973384,5.369969074501408,0.0,0.0,0.0,0.025535780200414582,0.02154101790349583,4.335835113611291,0.2262040335812448,0.8020833333333334
gamma,eig@gamma-poisson,37,15.0,30.0,0.7261366997845471,0.00016799988225102425,6.142921959101739,0.4261385944248135,0.379664218783231,0.39733524348795435,0.34778830471513134,0.35989111388282435,19.645572544677883,0.46815478056743154,0.15625
gamma,eig@gamma-poisson,37,30.0,60.0,0.7873662996571511,0.0002906997688114643,5.969856157555231,0.0,0.09730336656950189,0.07063409716814273,0.07669042863164066,0.07128331689130352,13.542472157151407,0.41798122311414393,0.3125
gamma,eig@gamma-poisson,37,60.0,120.0,0.8966401998186484,0.0005530993803404272,5.730958968244045,0.0,0.09730336656950189,0.03515471571314077,0.0,0.004005362471690699,6.844455766303719,0.3150148505941551,0.625
gamma,eig@gamma-poisson,37,90.0,180.0,1.0036287003313191,0.0007671997300349176,5.555802374293702,0.0,0.048875308070509105,0.0,0.0,0.004005362471690699,5.563797852036558,0.24497200963273766,0.8020833333333334
gamma,eig@gamma-poisson,37,120.0,240.0,1.1169725001673214,0.001005499972961843,5.50781671640706,0.0,0.0,0.0,0.0,0.004005362471690699,4.650526950194269,0.24091307980316343,0.8020833333333334
gamma,eig@gamma-poisson,38,15.0,30.0,0.6129392999573611,0.0001241998397745192,6.194644808305129,0.008572176416699384,0.08811292151987093,0.05874194767991392,0.15536556442666571,0.223941587356136,20.93850092640401,0.48701887812879735,0.15625
gamma,eig@gamma-poisson,38,30.0,60.0,0.6708725998178124,0.0002415996277704835,6.034571646902074,0.008572176416699384,0.08811292151987093,0.05874194767991392,0.042003431862769225,0.0,13.904045894744895,0.4375910877372739,0.3125
gamma,eig@gamma-poisson,38,60.0,120.0,0.8052536000031978,0.0004665993619710207,5.73706231544464,0.008572176416699384,0.08811292151987093,0.05874194767991392,0.042003431862769225,0.0,6.977309693028278,0.31181741113598893,0.625
gamma,eig@gamma-poisson,38,90.0,180.0,0.9318966999417171,0.0007125993142835796,5.616358113015555,0.16765366662304237,0.08811292151987093,0.05874194767991392,0.042003431862769225,0.0,6.061633121730834,0.2601957684893144,0.8020833333333334
gamma,eig@gamma-poisson,38,120.0,240.0,1.0482885000528768,0.0010069989948533475,5.560937214103727,0.16765366662304237,0.08811292151987093,0.05874194767991392,0.042003431862769225,0.0,5.80348313548647,0.24247818731686166,0.8020833333333334
gamma,eig@gamma-poisson,39,15.0,30.0,0.6596815000521019,0.00011359993368387222,6.321173588713781,0.0,0.03567765767237552,0.12169565301378593,0.1130144654221319,0.10106787750815038,17.951585783490856,0.43802149678742247,0.15625
gamma,eig@gamma-poisson,39,30.0,60.0,0.7229993001674302,0.00022890005493536592,6.104149652434967,0.0,0.03567765767237552,0.0,0.017564575254804926,0.015084615242299315,13.20933237400446,0.39011146024351423,0.3125
gamma,eig@gamma-poisson,39,60.0,120.0,0.8503439001506194,0.0004495002795010805,5.859023420459761,0.0,0.03567765767237552,0.0,0.017564575254804926,0.015084615242299315,8.510784664454254,0.2925231488880149,0.625
gamma,eig@gamma-poisson,39,90.0,180.0,0.9696651002159342,0.0006846003816463053,5.646558373148381,0.0,0.03567765767237552,0.0,0.017564575254804926,0.019094653151359386,5.005136842345909,0.23485870909409717,0.8020833333333334
gamma,eig@gamma-poisson,39,120.0,240.0,1.0719508001348004,0.0008808004786260426,5.592420622870153,0.0,0.0,0.0,0.017564575254804926,0.019094653151359386,4.350900109286108,0.22346613118933278,0.8020833333333334
gamma,eig@gamma-poisson,40,15.0,30.0,0.606018700171262,0.0001002004137262702,6.139994941504874,0.05890372115342679,0.28110409421124494,0.26025866607127857,0.26749107619222245,0.2799100810536981,18.814925702664873,0.4783603755313579,0.15625
gamma,eig@gamma-poisson,40,30.0,60.0,0.6675675002043135,0.00021540041780099273,5.9738584468109055,0.05890372115342679,0.0,0.0,0.05597180720941253,0.047683074411797755,12.570595343175102,0.4189427089322846,0.3125
gamma,eig@gamma-poisson,40,60.0,120.0,0.7960914004943334,0.0004318006685934961,5.757436158864856,0.05890372115342679,0.0,0.0,0.05597180720941253,0.07634822132162555,10.102179484655046,0.3128610925774014,0.625
gamma,eig@gamma-poisson,40,90.0,180.0,0.9148827005410567,0.0006609008414670825,5.552618400115194,0.05890372115342679,0.0,0.0,0.05597180720941253,0.047683074411797755,5.596516760230489,0.23710288137289184,0.8020833333333334
gamma,eig@gamma-poisson,40,120.0,240.0,1.0146243002964184,0.0008665007771924138,5.450105816095092,0.05890372115342679,0.0,0.0,0.05597180720941253,0.047683074411797755,5.264281982833937,0.21148137070676215,0.8020833333333334
gamma,eig@gamma-poisson,41,15.0,30.0,0.6402686002547853,0.00013400038005784154,6.275561999985612,0.0,0.0,0.005938496414233052,0.04366175711400089,0.07682116184770404,14.883279934546206,0.4855510210104006,0.15625
gamma,eig@gamma-poisson,41,30.0,60.0,0.7020513003808446,0.00025020050816237926,6.137979746066485,0.0,0.0,0.005938496414233052,0.004855849019995251,0.03295746797003296,12.324481495594332,0.43501586649720203,0.3125
gamma,eig@gamma-poisson,41,60.0,120.0,0.8345301002846099,0.0004682005965150893,5.906228979539024,0.0,0.0,0.005938496414233052,0.004855849019995251,0.03295746797003296,8.805446018302117,0.31241810673776726,0.625
gamma,eig@gamma-poisson,41,90.0,180.0,0.9568109001847915,0.0007023004582151771,5.688531576597918,0.0,0.0,0.005938496414233052,0.004855849019995251,0.03295746797003296,5.60889776952491,0.2580409443173519,0.8020833333333334
gamma,eig@gamma-poisson,41,120.0,240.0,1.0659375002142042,0.00094920041738078,5.643021077935683,0.0,0.0,0.005938496414233052,0.004855849019995251,0.03295746797003296,5.176749393960713,0.2550183734090975,0.8020833333333334
gamma,eig@gamma-poisson,42,15.0,30.0,0.5544068001327105,0.0001251999055966735,6.232169162747532,0.0,0.0,0.0,0.08311887971658705,0.08738599984875606,16.968721290656386,0.49800902683745785,0.15625
gamma,eig@gamma-poisson,42,30.0,60.0,0.617194700113032,0.00024880009004846215,6.089686412709379,0.0,0.0,0.0,0.07904583519209285,0.07209422500063023,15.103582842089077,0.4480982946054668,0.3125
gamma,eig@gamma-poisson,42,60.0,120.0,0.7315747003885917,0.00047000020276755095,5.832556082889283,0.0,0.0,0.0,0.0,0.0,8.793719409909366,0.3175115186507864,0.625
gamma,eig@gamma-poisson,42,90.0,180.0,0.8411955000483431,0.000673299771733582,5.639589419455813,0.0,0.0,0.0,0.0,0.003532807340374533,6.616427407235561,0.27043889189697184,0.8020833333333334
gamma,eig@gamma-poisson,42,120.0,240.0,0.932027900009416,0.000857799663208425,5.503844445721552,0.0,0.0,0.0,0.0,0.003532807340374533,5.480839913425378,0.23889585818900305,0.8020833333333334
gamma,eig@gamma-poisson,43,15.0,30.0,0.5712095000781119,0.00010129989823326468,6.083637234013444,0.0,0.037760856656376185,0.0,0.0,0.0,11.428131246328324,0.47025607946969805,0.15625
gamma,eig@gamma-poisson,43,30.0,60.0,0.6289779999642633,0.00020659976871684194,5.954421254005673,0.0,0.037760856656376185,0.0,0.0,0.0,9.284644302865072,0.4168868158330061,0.3125
gamma,eig@gamma-poisson,43,60.0,120.0,0.7421080000931397,0.00043279939563944936,5.763327714504302,0.0,0.037760856656376185,0.0,0.0,0.0,6.266444483152199,0.32935125256417014,0.625
gamma,eig@gamma-poisson,43,90.0,180.0,0.8571634999243543,0.000685099046677351,5.6234656133033,0.0,0.037760856656376185,0.0,0.0,0.0,5.181571263278907,0.2655177792760115,0.8020833333333334
gamma,eig@gamma-poisson,43,120.0,240.0,0.944076799962204,0.0008570988429710269,5.5655188861227805,0.0,0.037760856656376185,0.0,0.0,0.0,4.935125958460788,0.25089800861635003,0.8020833333333334
gamma,eig@gamma-poisson,44,15.0,30.0,0.5569708999246359,0.00011419982183724642,6.156624990852495,0.0,0.0,0.0,0.0,0.016150402905941497,11.82841127379069,0.47855290311854776,0.15625
gamma,eig@gamma-poisson,44,30.0,60.0,0.6117092999629676,0.00021440000273287296,5.992487802010946,0.0,0.0,0.0,0.0,0.016150402905941497,8.737356619077282,0.4127698905788487,0.3125
gamma,eig@gamma-poisson,44,60.0,120.0,0.6941849996219389,0.0003747998853214085,5.778622342834463,0.0,0.0,0.0,0.0,0.016150402905941497,6.878543391467266,0.3035467156633695,0.625
gamma,eig@gamma-poisson,44,90.0,180.0,0.7734946996788494,0.0005198000581003726,5.599610042300218,0.0,0.0,0.0,0.0,0.0,4.751227696244498,0.26340900511836246,0.8020833333333334
gamma,eig@gamma-poisson,44,120.0,240.0,0.8340721993590705,0.0006359998951666057,5.50112986801287,0.0,0.0,0.0,0.0,0.0,4.437880968469687,0.24691892468378993,0.8020833333333334
gamma,eig@gamma-poisson,45,15.0,30.0,0.5396283999434672,9.989994578063488e-05,6.077592180545647,0.0,0.0,0.03745338193177572,0.03302497339140886,0.05907835035272113,12.461613880540838,0.5005933766833243,0.15625
gamma,eig@gamma-poisson,45,30.0,60.0,0.5930593998054974,0.00022029975662007928,5.94843056724707,0.0,0.0,0.03745338193177572,0.03302497339140886,0.05907835035272113,9.695534128691675,0.44183200749925344,0.3125
gamma,eig@gamma-poisson,45,60.0,120.0,0.6875726997968741,0.0004033996956422925,5.7228168659615335,0.0,0.0,0.03745338193177572,0.03302497339140886,0.04448725907513551,7.028828527393569,0.3451187127976254,0.625
gamma,eig@gamma-poisson,45,90.0,180.0,0.7747881000395864,0.0005621997988782823,5.568813106557831,0.0,0.0,0.019639839281917038,0.03302497339140886,0.01426326855688842,5.021473099216005,0.27321465315245524,0.8020833333333334
gamma,eig@gamma-poisson,45,120.0,240.0,0.8619525000103749,0.0007304997998289764,5.508472944700716,0.0,0.0,0.019639839281917038,0.03302497339140886,0.01426326855688842,4.67065983427409,0.2585990365981532,0.8020833333333334
gamma,eig@gamma-poisson,46,15.0,30.0,0.56875869986834,0.00011629977962002158,6.250982772601641,0.0,0.0,0.01800115853433093,0.0027881750668454774,0.032917282798715974,14.46337183537858,0.47413837744092907,0.15625
gamma,eig@gamma-poisson,46,30.0,60.0,0.6192910998943262,0.00020899984519928694,6.127447975046027,0.0,0.0,0.014563516028445744,0.014600232954366077,0.013090855196898343,11.572297851992388,0.43007194233401963,0.3125
gamma,eig@gamma-poisson,46,60.0,120.0,0.729689099767711,0.00040949980029836297,5.861035208103945,0.0,0.0,0.014563516028445744,0.014600232954366077,0.013090855196898343,8.214739007405404,0.3116744151017874,0.625
gamma,eig@gamma-poisson,46,90.0,180.0,0.8272048998624086,0.0005794997559860349,5.640598893363223,0.0,0.0,0.0,0.0,0.0007915682820271996,5.56013473739107,0.24088085480677848,0.8020833333333334
gamma,eig@gamma-poisson,46,120.0,240.0,0.8920191997312941,0.0007058998453430831,5.526158655081072,0.0,0.0,0.0,0.0,0.0007915682820271996,5.159363083923269,0.2143146392979026,0.8020833333333334
gamma,eig@gamma-poisson,47,15.0,30.0,0.546419000136666,0.00011880003148689866,6.281293643313482,0.0,0.0,0.10582671405698896,0.09329633726416575,0.12379288544983857,19.66290098655438,0.489406480926124,0.15625
gamma,eig@gamma-poisson,47,30.0,60.0,0.5960736000561155,0.00022440002067014575,6.122058124093911,0.0,0.0,0.10582671405698896,0.09329633726416575,0.12379288544983857,18.377049091417742,0.4451939433493704,0.3125
gamma,eig@gamma-poisson,47,60.0,120.0,0.6876157000660896,0.00039370014565065503,5.8757363181265845,0.0,0.0,0.06535818018049566,0.0849878450414644,0.07731985694618249,15.880386195776751,0.34257661248188914,0.625
gamma,eig@gamma-poisson,47,90.0,180.0,0.7605689995689318,0.0005233003757894039,5.521812333080164,0.0,0.0,0.0,0.0,0.0062657885593520035,5.099119902836515,0.23964852025483266,0.8020833333333334
gamma,eig@gamma-poisson,47,120.0,240.0,0.8458882992272265,0.0006826004828326404,5.462000355817172,0.0,0.0,0.0,0.0,0.0062657885593520035,4.630630938307794,0.23277644435495812,0.8020833333333334
gamma,eig@gamma-poisson,48,15.0,30.0,0.46793939993949607,6.520003080368042e-05,6.145302857108814,0.1604569555364882,0.24339888354347872,0.286169721402163,0.23379960838460379,0.2313139524115414,18.016667375597407,0.4951254244852345,0.15625
gamma,eig@gamma-poisson,48,30.0,60.0,0.5087362997583114,0.0001308999489992857,5.93908670485348,0.0,0.0,0.0,0.008399211204512813,0.04078166549314899,9.433982914268885,0.445373390926312,0.3125
gamma,eig@gamma-poisson,48,60.0,120.0,0.6007079996634275,0.00030359969241544604,5.722192217239827,0.0,0.0,0.0,0.008399211204512813,0.04078166549314899,7.3467321015832106,0.32090348548945447,0.625
gamma,eig@gamma-poisson,48,90.0,180.0,0.6672000996768475,0.0004293000674806535,5.534877843878249,0.0,0.051645831526890396,0.0,0.008399211204512813,0.007099902835698169,5.247873338509265,0.2519066636725356,0.8020833333333334
gamma,eig@gamma-poisson,48,120.0,240.0,0.7282519994769245,0.0005527001922018826,5.454375997965326,0.0,0.051645831526890396,0.0,0.008399211204512813,0.007099902835698169,4.788678839119335,0.23304199191925978,0.8020833333333334
gamma,eig@gamma-poisson,49,15.0,30.0,0.431750999763608,6.649980787187815e-05,6.045252429482446,0.0,0.0,0.007262781841736787,0.07204030226700253,0.10388829215896878,13.427889469248653,0.442959592935428,0.15625
gamma,eig@gamma-poisson,49,30.0,60.0,0.4746972997672856,0.0001451997086405754,5.922445487813218,0.0,0.0,0.007262781841736787,0.040820202236444114,0.06139723084619553,11.413465733774574,0.39702484481857486,0.3125
gamma,eig@gamma-poisson,49,60.0,120.0,0.5433663999428973,0.0002776996698230505,5.708537346934442,0.0,0.0,0.0,0.0,0.0,6.6603541317910615,0.2999802897727096,0.625
gamma,eig@gamma-poisson,49,90.0,180.0,0.6199185998411849,0.00041189987678080797,5.5529383793321,0.0,0.0,0.0,0.0,0.0,4.7565188849886075,0.24406187128631932,0.8020833333333334
gamma,eig@gamma-poisson,49,120.0,240.0,0.68097859993577,0.0005360000068321824,5.429101720930201,0.0,0.0,0.0,0.0,0.0,4.249926208591577,0.2214318201289422,0.8020833333333334
